Lights1 r64planet_Planet1Mtl_f3d_lights = gdSPDefLights1(
	0x7F, 0x7F, 0x7F,
	0xFF, 0xFF, 0xFF, 0x28, 0x28, 0x28);

Lights1 r64planet_Ring1Mtl_f3d_lights = gdSPDefLights1(
	0x7F, 0x7F, 0x7F,
	0xFF, 0xFF, 0xFF, 0x28, 0x28, 0x28);

Texture r64planet_Planet1_diff_rgba32[] = {
	0xff, 0xfd, 0xff, 0xff, 0xff, 0xfd, 0xff, 0xff, 
	0xff, 0xfd, 0xff, 0xff, 0xff, 0xff, 0xff, 0xff, 
	0xff, 0xfd, 0xff, 0xff, 0xff, 0xfd, 0xff, 0xff, 
	0xff, 0xfd, 0xff, 0xff, 0xff, 0xff, 0xff, 0xff, 
	0xff, 0xff, 0xff, 0xff, 0xff, 0xff, 0xff, 0xff, 
	0xf9, 0xff, 0xff, 0xff, 0xf4, 0xff, 0xff, 0xff, 
	0xf1, 0xff, 0xff, 0xff, 0xf1, 0xff, 0xff, 0xff, 
	0xf1, 0xff, 0xff, 0xff, 0xec, 0xff, 0xff, 0xff, 
	0xe7, 0xff, 0xff, 0xff, 0xe7, 0xff, 0xff, 0xff, 
	0xd6, 0xff, 0xff, 0xff, 0xce, 0xff, 0xff, 0xff, 
	0xce, 0xff, 0xff, 0xff, 0xc8, 0xff, 0xff, 0xff, 
	0xc2, 0xff, 0xff, 0xff, 0xbd, 0xff, 0xff, 0xff, 
	0xb7, 0xff, 0xff, 0xff, 0xb5, 0xff, 0xff, 0xff, 
	0xb5, 0xff, 0xff, 0xff, 0xb5, 0xff, 0xff, 0xff, 
	0xb5, 0xff, 0xff, 0xff, 0xb5, 0xff, 0xff, 0xff, 
	0xad, 0xff, 0xff, 0xff, 0xad, 0xff, 0xff, 0xff, 
	0xad, 0xff, 0xff, 0xff, 0xad, 0xff, 0xff, 0xff, 
	0xad, 0xff, 0xff, 0xff, 0xaf, 0xff, 0xff, 0xff, 
	0xaf, 0xff, 0xff, 0xff, 0xaf, 0xff, 0xff, 0xff, 
	0xb5, 0xff, 0xff, 0xff, 0xaf, 0xff, 0xff, 0xff, 
	0xa5, 0xfb, 0xff, 0xff, 0xa5, 0xfb, 0xff, 0xff, 
	0xaf, 0xf5, 0xff, 0xff, 0xaf, 0xf5, 0xff, 0xff, 
	0xb5, 0xf7, 0xff, 0xff, 0xaf, 0xf1, 0xef, 0xff, 
	0xaf, 0xf1, 0xef, 0xff, 0xad, 0xef, 0xe7, 0xff, 
	0xaa, 0xed, 0xe9, 0xff, 0xaa, 0xed, 0xe9, 0xff, 
	0xaf, 0xec, 0xe3, 0xff, 0xb5, 0xeb, 0xde, 0xff, 
	0xb2, 0xe1, 0xd1, 0xff, 0xb2, 0xe1, 0xd1, 0xff, 
	0xb2, 0xe1, 0xd1, 0xff, 0xb2, 0xe1, 0xd1, 0xff, 
	0xb2, 0xd9, 0xc8, 0xff, 0xb2, 0xd9, 0xc8, 0xff, 
	0xaf, 0xdc, 0xc2, 0xff, 0xaf, 0xdc, 0xc2, 0xff, 
	0xb5, 0xd7, 0xb5, 0xff, 0xb7, 0xd1, 0xba, 0xff, 
	0xba, 0xcc, 0xc0, 0xff, 0xba, 0xcc, 0xc0, 0xff, 
	0xba, 0xbe, 0xbd, 0xff, 0xba, 0xbe, 0xbd, 0xff, 
	0xba, 0xbe, 0xbd, 0xff, 0xba, 0xbe, 0xbd, 0xff, 
	0xb7, 0xbc, 0xb7, 0xff, 0xb7, 0xbc, 0xb7, 0xff, 
	0xb2, 0xbb, 0xb2, 0xff, 0xad, 0xba, 0xad, 0xff, 
	0xb2, 0xba, 0xaf, 0xff, 0xb2, 0xba, 0xaf, 0xff, 
	0xb7, 0xb6, 0xb2, 0xff, 0xb7, 0xb6, 0xb2, 0xff, 
	0xba, 0xa7, 0xb2, 0xff, 0xba, 0xa7, 0xb2, 0xff, 
	0xba, 0xa7, 0xb2, 0xff, 0xb5, 0xa6, 0xad, 0xff, 
	0xbd, 0xa6, 0xad, 0xff, 0xbd, 0xa6, 0xad, 0xff, 
	0xbd, 0xa6, 0xad, 0xff, 0xc0, 0xa7, 0xaf, 0xff, 
	0xbd, 0xa6, 0xad, 0xff, 0xc2, 0xa4, 0xaf, 0xff, 
	0xc8, 0xa3, 0xb2, 0xff, 0xce, 0xa2, 0xb5, 0xff, 
	0xd1, 0x9b, 0xaf, 0xff, 0xd1, 0x9b, 0xaf, 0xff, 
	0xd1, 0x9b, 0xaf, 0xff, 0xdc, 0x98, 0xb2, 0xff, 
	0xdb, 0x9a, 0xaf, 0xff, 0xd8, 0x9a, 0xb2, 0xff, 
	0xd6, 0x9a, 0xb5, 0xff, 0xd6, 0x9a, 0xb5, 0xff, 
	0xd3, 0xa0, 0xb5, 0xff, 0xd3, 0xa0, 0xb5, 0xff, 
	0xd8, 0x9f, 0xbd, 0xff, 0xd8, 0x9f, 0xbd, 0xff, 
	0xd6, 0x9e, 0xbd, 0xff, 0xdb, 0x9c, 0xc0, 0xff, 
	0xe1, 0x9b, 0xc3, 0xff, 0xe7, 0x9a, 0xc6, 0xff, 
	0xe1, 0xa6, 0xc8, 0xff, 0xe4, 0xb6, 0xcb, 0xff, 
	0xe4, 0xb6, 0xcb, 0xff, 0xe7, 0xc7, 0xce, 0xff, 
	0xe6, 0xc5, 0xdb, 0xff, 0xee, 0xd0, 0xe1, 0xff, 
	0xf7, 0xdb, 0xe7, 0xff, 0xf7, 0xdb, 0xe7, 0xff, 
	0xf4, 0xe5, 0xef, 0xff, 0xf9, 0xec, 0xf7, 0xff, 
	0xff, 0xf3, 0xff, 0xff, 0xff, 0xf3, 0xff, 0xff, 
	0xff, 0xfb, 0xff, 0xff, 0xff, 0xff, 0xff, 0xff, 
	0xff, 0xff, 0xff, 0xff, 0xff, 0xff, 0xff, 0xff, 
	0xff, 0xfd, 0xff, 0xff, 0xff, 0xfd, 0xff, 0xff, 
	0xff, 0xfd, 0xff, 0xff, 0xff, 0xff, 0xff, 0xff, 
	0xff, 0xff, 0xff, 0xff, 0xfc, 0xff, 0xff, 0xff, 
	0xf9, 0xff, 0xff, 0xff, 0xfc, 0xff, 0xff, 0xff, 
	0xff, 0xff, 0xff, 0xff, 0xff, 0xff, 0xff, 0xff, 
	0xff, 0xff, 0xff, 0xff, 0xff, 0xff, 0xff, 0xff, 
	0xff, 0xff, 0xff, 0xff, 0xff, 0xff, 0xff, 0xff, 
	0xff, 0xff, 0xff, 0xff, 0xff, 0xff, 0xff, 0xff, 
	0xff, 0xff, 0xff, 0xff, 0xff, 0xff, 0xff, 0xff, 
	0xf9, 0xff, 0xff, 0xff, 0xf4, 0xff, 0xff, 0xff, 
	0xf1, 0xff, 0xff, 0xff, 0xec, 0xff, 0xff, 0xff, 
	0xec, 0xff, 0xff, 0xff, 0xec, 0xff, 0xff, 0xff, 
	0xe7, 0xff, 0xff, 0xff, 0xde, 0xff, 0xff, 0xff, 
	0xd6, 0xff, 0xff, 0xff, 0xd6, 0xff, 0xff, 0xff, 
	0xce, 0xff, 0xff, 0xff, 0xc8, 0xff, 0xff, 0xff, 
	0xc2, 0xff, 0xff, 0xff, 0xbd, 0xff, 0xff, 0xff, 
	0xb7, 0xff, 0xff, 0xff, 0xb5, 0xff, 0xff, 0xff, 
	0xb5, 0xff, 0xff, 0xff, 0xb5, 0xff, 0xff, 0xff, 
	0xb5, 0xff, 0xff, 0xff, 0xb5, 0xff, 0xff, 0xff, 
	0xb5, 0xff, 0xff, 0xff, 0xb5, 0xff, 0xff, 0xff, 
	0xaf, 0xff, 0xff, 0xff, 0xaf, 0xff, 0xff, 0xff, 
	0xaf, 0xff, 0xff, 0xff, 0xaf, 0xff, 0xff, 0xff, 
	0xaf, 0xff, 0xff, 0xff, 0xaf, 0xff, 0xff, 0xff, 
	0xaf, 0xff, 0xff, 0xff, 0xa5, 0xff, 0xff, 0xff, 
	0xa5, 0xfb, 0xff, 0xff, 0xa5, 0xfb, 0xff, 0xff, 
	0xaa, 0xf8, 0xff, 0xff, 0xaa, 0xf8, 0xff, 0xff, 
	0xb5, 0xf7, 0xff, 0xff, 0xb2, 0xf4, 0xf7, 0xff, 
	0xaf, 0xf1, 0xef, 0xff, 0xaf, 0xf1, 0xef, 0xff, 
	0xaa, 0xed, 0xe9, 0xff, 0xaa, 0xed, 0xe9, 0xff, 
	0xaf, 0xec, 0xe3, 0xff, 0xb5, 0xeb, 0xde, 0xff, 
	0xb7, 0xe4, 0xdc, 0xff, 0xb2, 0xe1, 0xd1, 0xff, 
	0xb2, 0xe1, 0xd1, 0xff, 0xb2, 0xe1, 0xd1, 0xff, 
	0xb2, 0xd9, 0xc8, 0xff, 0xb5, 0xd7, 0xce, 0xff, 
	0xb2, 0xd9, 0xc8, 0xff, 0xaf, 0xdc, 0xc2, 0xff, 
	0xb7, 0xd1, 0xba, 0xff, 0xba, 0xcc, 0xc0, 0xff, 
	0xb7, 0xd1, 0xba, 0xff, 0xba, 0xcc, 0xc0, 0xff, 
	0xc0, 0xc6, 0xc5, 0xff, 0xc0, 0xc6, 0xc5, 0xff, 
	0xba, 0xbe, 0xbd, 0xff, 0xba, 0xbe, 0xbd, 0xff, 
	0xb7, 0xbc, 0xb7, 0xff, 0xb7, 0xbc, 0xb7, 0xff, 
	0xb7, 0xbc, 0xb7, 0xff, 0xb2, 0xbb, 0xb2, 0xff, 
	0xb2, 0xba, 0xaf, 0xff, 0xb7, 0xb6, 0xb2, 0xff, 
	0xb7, 0xb6, 0xb2, 0xff, 0xbd, 0xb2, 0xb5, 0xff, 
	0xba, 0xa7, 0xb2, 0xff, 0xc0, 0xa8, 0xb7, 0xff, 
	0xba, 0xa7, 0xb2, 0xff, 0xb5, 0xa6, 0xad, 0xff, 
	0xbd, 0xa6, 0xad, 0xff, 0xbd, 0xa6, 0xad, 0xff, 
	0xbd, 0xa6, 0xad, 0xff, 0xc0, 0xa7, 0xaf, 0xff, 
	0xc2, 0xa4, 0xaf, 0xff, 0xc8, 0xa3, 0xb2, 0xff, 
	0xce, 0xa2, 0xb5, 0xff, 0xce, 0xa2, 0xb5, 0xff, 
	0xd1, 0x9b, 0xaf, 0xff, 0xd1, 0x9b, 0xaf, 0xff, 
	0xd1, 0x9b, 0xaf, 0xff, 0xd1, 0x9b, 0xaf, 0xff, 
	0xdb, 0x9a, 0xaf, 0xff, 0xdb, 0x9a, 0xaf, 0xff, 
	0xd8, 0x9a, 0xb2, 0xff, 0xd6, 0x9a, 0xb5, 0xff, 
	0xd3, 0xa0, 0xb5, 0xff, 0xd3, 0xa0, 0xb5, 0xff, 
	0xd8, 0x9f, 0xbd, 0xff, 0xde, 0x9e, 0xc6, 0xff, 
	0xdb, 0x9c, 0xc0, 0xff, 0xe1, 0x9b, 0xc3, 0xff, 
	0xe1, 0x9b, 0xc3, 0xff, 0xe1, 0x9b, 0xc3, 0xff, 
	0xe1, 0xa6, 0xc8, 0xff, 0xe1, 0xa6, 0xc8, 0xff, 
	0xe4, 0xb6, 0xcb, 0xff, 0xe7, 0xc7, 0xce, 0xff, 
	0xe6, 0xc5, 0xdb, 0xff, 0xee, 0xd0, 0xe1, 0xff, 
	0xf7, 0xdb, 0xe7, 0xff, 0xf7, 0xdb, 0xe7, 0xff, 
	0xf4, 0xe5, 0xef, 0xff, 0xf9, 0xec, 0xf7, 0xff, 
	0xf9, 0xec, 0xf7, 0xff, 0xff, 0xf3, 0xff, 0xff, 
	0xff, 0xf7, 0xff, 0xff, 0xff, 0xfb, 0xff, 0xff, 
	0xff, 0xff, 0xff, 0xff, 0xff, 0xff, 0xff, 0xff, 
	0xff, 0xff, 0xff, 0xff, 0xff, 0xff, 0xff, 0xff, 
	0xff, 0xff, 0xff, 0xff, 0xff, 0xff, 0xff, 0xff, 
	0xff, 0xff, 0xff, 0xff, 0xff, 0xff, 0xff, 0xff, 
	0xff, 0xff, 0xff, 0xff, 0xff, 0xff, 0xff, 0xff, 
	0xff, 0xff, 0xff, 0xff, 0xff, 0xff, 0xff, 0xff, 
	0xff, 0xff, 0xff, 0xff, 0xff, 0xff, 0xff, 0xff, 
	0xff, 0xff, 0xff, 0xff, 0xff, 0xff, 0xff, 0xff, 
	0xff, 0xff, 0xff, 0xff, 0xff, 0xff, 0xff, 0xff, 
	0xff, 0xff, 0xff, 0xff, 0xff, 0xff, 0xff, 0xff, 
	0xf9, 0xff, 0xff, 0xff, 0xf9, 0xff, 0xff, 0xff, 
	0xf1, 0xff, 0xff, 0xff, 0xf1, 0xff, 0xff, 0xff, 
	0xec, 0xff, 0xff, 0xff, 0xec, 0xff, 0xff, 0xff, 
	0xe7, 0xff, 0xff, 0xff, 0xde, 0xff, 0xff, 0xff, 
	0xd6, 0xff, 0xff, 0xff, 0xd6, 0xff, 0xff, 0xff, 
	0xce, 0xff, 0xff, 0xff, 0xc8, 0xff, 0xff, 0xff, 
	0xbd, 0xff, 0xff, 0xff, 0xbd, 0xff, 0xff, 0xff, 
	0xba, 0xff, 0xff, 0xff, 0xb5, 0xff, 0xff, 0xff, 
	0xb5, 0xff, 0xff, 0xff, 0xb5, 0xff, 0xff, 0xff, 
	0xbd, 0xff, 0xff, 0xff, 0xbd, 0xff, 0xff, 0xff, 
	0xb5, 0xff, 0xff, 0xff, 0xb5, 0xff, 0xff, 0xff, 
	0xb2, 0xff, 0xff, 0xff, 0xb2, 0xff, 0xff, 0xff, 
	0xb2, 0xff, 0xff, 0xff, 0xaf, 0xff, 0xff, 0xff, 
	0xb5, 0xff, 0xff, 0xff, 0xaf, 0xff, 0xff, 0xff, 
	0xb5, 0xff, 0xff, 0xff, 0xa5, 0xff, 0xff, 0xff, 
	0xa5, 0xfb, 0xff, 0xff, 0xaa, 0xf8, 0xff, 0xff, 
	0xaa, 0xf8, 0xff, 0xff, 0xaf, 0xf5, 0xff, 0xff, 
	0xb5, 0xf7, 0xff, 0xff, 0xaf, 0xf1, 0xef, 0xff, 
	0xaf, 0xf1, 0xef, 0xff, 0xaf, 0xf1, 0xef, 0xff, 
	0xaf, 0xec, 0xe3, 0xff, 0xb5, 0xeb, 0xde, 0xff, 
	0xb5, 0xeb, 0xde, 0xff, 0xb5, 0xeb, 0xde, 0xff, 
	0xb7, 0xe4, 0xdc, 0xff, 0xb7, 0xe4, 0xdc, 0xff, 
	0xb2, 0xe1, 0xd1, 0xff, 0xb2, 0xe1, 0xd1, 0xff, 
	0xb5, 0xd7, 0xce, 0xff, 0xb5, 0xd7, 0xce, 0xff, 
	0xb5, 0xd7, 0xce, 0xff, 0xb2, 0xd9, 0xc8, 0xff, 
	0xb7, 0xd1, 0xba, 0xff, 0xb7, 0xd1, 0xba, 0xff, 
	0xba, 0xcc, 0xc0, 0xff, 0xba, 0xcc, 0xc0, 0xff, 
	0xc0, 0xc6, 0xc5, 0xff, 0xba, 0xbe, 0xbd, 0xff, 
	0xba, 0xbe, 0xbd, 0xff, 0xba, 0xbe, 0xbd, 0xff, 
	0xbd, 0xbe, 0xbd, 0xff, 0xb7, 0xbc, 0xb7, 0xff, 
	0xb7, 0xbc, 0xb7, 0xff, 0xb7, 0xbc, 0xb7, 0xff, 
	0xb7, 0xb6, 0xb2, 0xff, 0xb7, 0xb6, 0xb2, 0xff, 
	0xb7, 0xb6, 0xb2, 0xff, 0xbd, 0xb2, 0xb5, 0xff, 
	0xba, 0xa7, 0xb2, 0xff, 0xc0, 0xa8, 0xb7, 0xff, 
	0xc0, 0xa8, 0xb7, 0xff, 0xc0, 0xa8, 0xb7, 0xff, 
	0xc3, 0xa8, 0xb2, 0xff, 0xc3, 0xa8, 0xb2, 0xff, 
	0xc6, 0xaa, 0xb5, 0xff, 0xc3, 0xa8, 0xb2, 0xff, 
	0xc8, 0xa3, 0xb2, 0xff, 0xce, 0xa2, 0xb5, 0xff, 
	0xce, 0xa2, 0xb5, 0xff, 0xce, 0xa2, 0xb5, 0xff, 
	0xd1, 0x9b, 0xaf, 0xff, 0xd1, 0x9b, 0xaf, 0xff, 
	0xd1, 0x9b, 0xaf, 0xff, 0xdc, 0x98, 0xb2, 0xff, 
	0xde, 0x9a, 0xad, 0xff, 0xdb, 0x9a, 0xaf, 0xff, 
	0xd6, 0x9a, 0xb5, 0xff, 0xd6, 0x9a, 0xb5, 0xff, 
	0xd8, 0x9f, 0xbd, 0xff, 0xd8, 0x9f, 0xbd, 0xff, 
	0xd8, 0x9f, 0xbd, 0xff, 0xde, 0x9e, 0xc6, 0xff, 
	0xe7, 0x9a, 0xc6, 0xff, 0xe7, 0x9a, 0xc6, 0xff, 
	0xe1, 0x9b, 0xc3, 0xff, 0xe1, 0x9b, 0xc3, 0xff, 
	0xe1, 0xa6, 0xc8, 0xff, 0xe1, 0xa6, 0xc8, 0xff, 
	0xe4, 0xb6, 0xcb, 0xff, 0xe4, 0xb6, 0xcb, 0xff, 
	0xe6, 0xc5, 0xdb, 0xff, 0xee, 0xd0, 0xe1, 0xff, 
	0xee, 0xd0, 0xe1, 0xff, 0xf7, 0xdb, 0xe7, 0xff, 
	0xf4, 0xe5, 0xef, 0xff, 0xf9, 0xec, 0xf7, 0xff, 
	0xf9, 0xec, 0xf7, 0xff, 0xff, 0xf3, 0xff, 0xff, 
	0xff, 0xf3, 0xff, 0xff, 0xff, 0xfb, 0xff, 0xff, 
	0xff, 0xff, 0xff, 0xff, 0xff, 0xff, 0xff, 0xff, 
	0xff, 0xff, 0xff, 0xff, 0xff, 0xff, 0xff, 0xff, 
	0xff, 0xff, 0xff, 0xff, 0xff, 0xff, 0xff, 0xff, 
	0xff, 0xff, 0xff, 0xff, 0xff, 0xff, 0xff, 0xff, 
	0xff, 0xff, 0xff, 0xff, 0xff, 0xff, 0xff, 0xff, 
	0xff, 0xff, 0xff, 0xff, 0xff, 0xff, 0xff, 0xff, 
	0xff, 0xff, 0xff, 0xff, 0xff, 0xff, 0xff, 0xff, 
	0xff, 0xff, 0xff, 0xff, 0xff, 0xff, 0xff, 0xff, 
	0xff, 0xff, 0xff, 0xff, 0xff, 0xff, 0xff, 0xff, 
	0xff, 0xff, 0xff, 0xff, 0xf9, 0xff, 0xff, 0xff, 
	0xf4, 0xff, 0xff, 0xff, 0xf4, 0xff, 0xff, 0xff, 
	0xf1, 0xff, 0xff, 0xff, 0xec, 0xff, 0xff, 0xff, 
	0xec, 0xff, 0xff, 0xff, 0xe7, 0xff, 0xff, 0xff, 
	0xe7, 0xff, 0xff, 0xff, 0xd6, 0xff, 0xff, 0xff, 
	0xd6, 0xff, 0xff, 0xff, 0xce, 0xff, 0xff, 0xff, 
	0xc8, 0xff, 0xff, 0xff, 0xc2, 0xff, 0xff, 0xff, 
	0xbd, 0xff, 0xff, 0xff, 0xbd, 0xff, 0xff, 0xff, 
	0xba, 0xff, 0xff, 0xff, 0xb7, 0xff, 0xff, 0xff, 
	0xb5, 0xff, 0xff, 0xff, 0xb5, 0xff, 0xff, 0xff, 
	0xb5, 0xff, 0xff, 0xff, 0xb5, 0xff, 0xff, 0xff, 
	0xb5, 0xff, 0xff, 0xff, 0xb5, 0xff, 0xff, 0xff, 
	0xb2, 0xff, 0xff, 0xff, 0xb2, 0xff, 0xff, 0xff, 
	0xb2, 0xff, 0xff, 0xff, 0xb2, 0xff, 0xff, 0xff, 
	0xaf, 0xff, 0xff, 0xff, 0xaf, 0xff, 0xff, 0xff, 
	0xaa, 0xff, 0xff, 0xff, 0xaa, 0xff, 0xff, 0xff, 
	0xaa, 0xf8, 0xff, 0xff, 0xaf, 0xf5, 0xff, 0xff, 
	0xaf, 0xf5, 0xff, 0xff, 0xaf, 0xf5, 0xff, 0xff, 
	0xb2, 0xf4, 0xf7, 0xff, 0xaf, 0xf1, 0xef, 0xff, 
	0xad, 0xef, 0xe7, 0xff, 0xad, 0xef, 0xe7, 0xff, 
	0xb5, 0xeb, 0xde, 0xff, 0xb5, 0xeb, 0xde, 0xff, 
	0xb5, 0xeb, 0xde, 0xff, 0xb5, 0xeb, 0xde, 0xff, 
	0xb7, 0xe4, 0xdc, 0xff, 0xb7, 0xe4, 0xdc, 0xff, 
	0xb2, 0xe1, 0xd1, 0xff, 0xb2, 0xe1, 0xd1, 0xff, 
	0xb5, 0xd7, 0xce, 0xff, 0xb5, 0xd7, 0xce, 0xff, 
	0xb5, 0xd7, 0xce, 0xff, 0xb5, 0xd7, 0xce, 0xff, 
	0xbd, 0xc7, 0xc6, 0xff, 0xba, 0xcc, 0xc0, 0xff, 
	0xba, 0xcc, 0xc0, 0xff, 0xbd, 0xc7, 0xc6, 0xff, 
	0xc0, 0xc6, 0xc5, 0xff, 0xba, 0xbe, 0xbd, 0xff, 
	0xba, 0xbe, 0xbd, 0xff, 0xba, 0xbe, 0xbd, 0xff, 
	0xb7, 0xbc, 0xb7, 0xff, 0xb7, 0xbc, 0xb7, 0xff, 
	0xb7, 0xbc, 0xb7, 0xff, 0xb7, 0xbc, 0xb7, 0xff, 
	0xb2, 0xba, 0xaf, 0xff, 0xbd, 0xb2, 0xb5, 0xff, 
	0xbd, 0xb2, 0xb5, 0xff, 0xbd, 0xb2, 0xb5, 0xff, 
	0xc0, 0xa8, 0xb7, 0xff, 0xc0, 0xa8, 0xb7, 0xff, 
	0xc0, 0xa8, 0xb7, 0xff, 0xc0, 0xa8, 0xb7, 0xff, 
	0xc6, 0xaa, 0xb5, 0xff, 0xc6, 0xaa, 0xb5, 0xff, 
	0xc6, 0xaa, 0xb5, 0xff, 0xc6, 0xaa, 0xb5, 0xff, 
	0xc8, 0xa3, 0xb2, 0xff, 0xce, 0xa2, 0xb5, 0xff, 
	0xce, 0xa2, 0xb5, 0xff, 0xce, 0xa2, 0xb5, 0xff, 
	0xd1, 0x9b, 0xaf, 0xff, 0xd1, 0x9b, 0xaf, 0xff, 
	0xd1, 0x9b, 0xaf, 0xff, 0xdc, 0x98, 0xb2, 0xff, 
	0xd6, 0x9a, 0xb5, 0xff, 0xdb, 0x9a, 0xaf, 0xff, 
	0xdb, 0x9a, 0xaf, 0xff, 0xd6, 0x9a, 0xb5, 0xff, 
	0xd8, 0x9f, 0xbd, 0xff, 0xd8, 0x9f, 0xbd, 0xff, 
	0xd8, 0x9f, 0xbd, 0xff, 0xde, 0x9e, 0xc6, 0xff, 
	0xe7, 0x9a, 0xc6, 0xff, 0xe7, 0x9a, 0xc6, 0xff, 
	0xe1, 0x9b, 0xc3, 0xff, 0xe1, 0x9b, 0xc3, 0xff, 
	0xe1, 0xa6, 0xc8, 0xff, 0xe1, 0xa6, 0xc8, 0xff, 
	0xe1, 0xa6, 0xc8, 0xff, 0xe1, 0xa6, 0xc8, 0xff, 
	0xde, 0xba, 0xd6, 0xff, 0xe6, 0xc5, 0xdb, 0xff, 
	0xee, 0xd0, 0xe1, 0xff, 0xee, 0xd0, 0xe1, 0xff, 
	0xef, 0xdf, 0xe7, 0xff, 0xf4, 0xe5, 0xef, 0xff, 
	0xf9, 0xec, 0xf7, 0xff, 0xf9, 0xec, 0xf7, 0xff, 
	0xff, 0xf3, 0xff, 0xff, 0xff, 0xf7, 0xff, 0xff, 
	0xff, 0xfb, 0xff, 0xff, 0xff, 0xfb, 0xff, 0xff, 
	0xff, 0xff, 0xff, 0xff, 0xff, 0xff, 0xff, 0xff, 
	0xff, 0xff, 0xff, 0xff, 0xff, 0xff, 0xff, 0xff, 
	0xff, 0xff, 0xff, 0xff, 0xff, 0xff, 0xff, 0xff, 
	0xff, 0xff, 0xff, 0xff, 0xff, 0xff, 0xff, 0xff, 
	0xff, 0xfd, 0xff, 0xff, 0xff, 0xfd, 0xff, 0xff, 
	0xff, 0xfd, 0xff, 0xff, 0xff, 0xff, 0xff, 0xff, 
	0xff, 0xff, 0xff, 0xff, 0xff, 0xff, 0xff, 0xff, 
	0xff, 0xff, 0xff, 0xff, 0xff, 0xff, 0xff, 0xff, 
	0xff, 0xff, 0xff, 0xff, 0xf9, 0xff, 0xff, 0xff, 
	0xf4, 0xff, 0xff, 0xff, 0xf4, 0xff, 0xff, 0xff, 
	0xec, 0xff, 0xff, 0xff, 0xec, 0xff, 0xff, 0xff, 
	0xec, 0xff, 0xff, 0xff, 0xe1, 0xff, 0xff, 0xff, 
	0xd6, 0xff, 0xff, 0xff, 0xd6, 0xff, 0xff, 0xff, 
	0xcd, 0xff, 0xff, 0xff, 0xcd, 0xff, 0xff, 0xff, 
	0xc0, 0xff, 0xff, 0xff, 0xc0, 0xff, 0xff, 0xff, 
	0xc0, 0xff, 0xff, 0xff, 0xba, 0xff, 0xff, 0xff, 
	0xb7, 0xff, 0xff, 0xff, 0xb7, 0xff, 0xff, 0xff, 
	0xb7, 0xff, 0xff, 0xff, 0xb2, 0xff, 0xff, 0xff, 
	0xba, 0xff, 0xff, 0xff, 0xb5, 0xff, 0xff, 0xff, 
	0xb7, 0xff, 0xff, 0xff, 0xb5, 0xff, 0xff, 0xff, 
	0xb5, 0xff, 0xff, 0xff, 0xb7, 0xff, 0xff, 0xff, 
	0xb5, 0xff, 0xff, 0xff, 0xb5, 0xff, 0xff, 0xff, 
	0xaf, 0xfc, 0xff, 0xff, 0xaa, 0xfd, 0xff, 0xff, 
	0xaa, 0xfd, 0xff, 0xff, 0xaa, 0xfd, 0xff, 0xff, 
	0xad, 0xf7, 0xff, 0xff, 0xad, 0xf7, 0xff, 0xff, 
	0xb2, 0xf5, 0xfc, 0xff, 0xb2, 0xf5, 0xfc, 0xff, 
	0xb5, 0xf3, 0xf1, 0xff, 0xb5, 0xf3, 0xf1, 0xff, 
	0xb5, 0xf3, 0xf1, 0xff, 0xb5, 0xeb, 0xe7, 0xff, 
	0xb7, 0xe4, 0xde, 0xff, 0xb7, 0xe4, 0xde, 0xff, 
	0xb7, 0xe4, 0xde, 0xff, 0xb7, 0xe4, 0xde, 0xff, 
	0xbd, 0xe3, 0xd6, 0xff, 0xbd, 0xe3, 0xd6, 0xff, 
	0xbd, 0xdb, 0xd0, 0xff, 0xbd, 0xdb, 0xd0, 0xff, 
	0xbd, 0xd3, 0xce, 0xff, 0xbd, 0xd3, 0xce, 0xff, 
	0xbd, 0xd3, 0xce, 0xff, 0xc0, 0xd0, 0xc8, 0xff, 
	0xc3, 0xcb, 0xba, 0xff, 0xc0, 0xd3, 0xb7, 0xff, 
	0xc3, 0xcb, 0xba, 0xff, 0xc3, 0xcb, 0xba, 0xff, 
	0xc3, 0xc1, 0xbd, 0xff, 0xc0, 0xb7, 0xbd, 0xff, 
	0xc0, 0xb7, 0xbd, 0xff, 0xc0, 0xb7, 0xbd, 0xff, 
	0xba, 0xb4, 0xba, 0xff, 0xba, 0xb4, 0xba, 0xff, 
	0xba, 0xb4, 0xba, 0xff, 0xba, 0xb4, 0xba, 0xff, 
	0xbd, 0xb2, 0xbd, 0xff, 0xbd, 0xb2, 0xbd, 0xff, 
	0xbd, 0xb2, 0xbd, 0xff, 0xc2, 0xb2, 0xbd, 0xff, 
	0xc6, 0xaa, 0xbd, 0xff, 0xc6, 0xaa, 0xbd, 0xff, 
	0xc6, 0xaa, 0xbd, 0xff, 0xc6, 0xaa, 0xbd, 0xff, 
	0xcb, 0xab, 0xba, 0xff, 0xcb, 0xab, 0xba, 0xff, 
	0xcb, 0xab, 0xba, 0xff, 0xcb, 0xab, 0xba, 0xff, 
	0xd0, 0xa4, 0xb7, 0xff, 0xd0, 0xa4, 0xb7, 0xff, 
	0xce, 0x9e, 0xb5, 0xff, 0xce, 0x9e, 0xb5, 0xff, 
	0xd6, 0x97, 0xb7, 0xff, 0xd6, 0x97, 0xb7, 0xff, 
	0xd6, 0x97, 0xb7, 0xff, 0xd6, 0x97, 0xb7, 0xff, 
	0xdb, 0x9b, 0xb7, 0xff, 0xdb, 0x9b, 0xb7, 0xff, 
	0xe1, 0x9c, 0xba, 0xff, 0xe1, 0x9c, 0xba, 0xff, 
	0xdb, 0x9f, 0xbd, 0xff, 0xe1, 0x9c, 0xbd, 0xff, 
	0xe7, 0x9a, 0xbd, 0xff, 0xe7, 0x9a, 0xbd, 0xff, 
	0xe7, 0x96, 0xbd, 0xff, 0xe9, 0x98, 0xc0, 0xff, 
	0xe9, 0x98, 0xc0, 0xff, 0xe9, 0x98, 0xc0, 0xff, 
	0xe7, 0x9a, 0xc6, 0xff, 0xe7, 0xa2, 0xcb, 0xff, 
	0xe7, 0xa6, 0xce, 0xff, 0xe7, 0xa6, 0xce, 0xff, 
	0xe9, 0xac, 0xd8, 0xff, 0xec, 0xb3, 0xdb, 0xff, 
	0xef, 0xba, 0xde, 0xff, 0xef, 0xba, 0xde, 0xff, 
	0xf4, 0xd4, 0xe9, 0xff, 0xf4, 0xd4, 0xe9, 0xff, 
	0xf7, 0xe3, 0xef, 0xff, 0xf7, 0xe3, 0xef, 0xff, 
	0xff, 0xec, 0xf9, 0xff, 0xff, 0xec, 0xf9, 0xff, 
	0xff, 0xf7, 0xff, 0xff, 0xff, 0xf7, 0xff, 0xff, 
	0xff, 0xf9, 0xfc, 0xff, 0xff, 0xff, 0xff, 0xff, 
	0xff, 0xff, 0xff, 0xff, 0xff, 0xff, 0xff, 0xff, 
	0xff, 0xfd, 0xff, 0xff, 0xff, 0xfd, 0xff, 0xff, 
	0xff, 0xfd, 0xff, 0xff, 0xff, 0xff, 0xff, 0xff, 
	0xff, 0xff, 0xff, 0xff, 0xff, 0xff, 0xff, 0xff, 
	0xff, 0xff, 0xff, 0xff, 0xff, 0xff, 0xff, 0xff, 
	0xff, 0xff, 0xff, 0xff, 0xff, 0xff, 0xff, 0xff, 
	0xff, 0xff, 0xff, 0xff, 0xff, 0xff, 0xff, 0xff, 
	0xf9, 0xff, 0xff, 0xff, 0xf9, 0xff, 0xff, 0xff, 
	0xf4, 0xff, 0xff, 0xff, 0xef, 0xff, 0xff, 0xff, 
	0xec, 0xff, 0xff, 0xff, 0xec, 0xff, 0xff, 0xff, 
	0xe1, 0xff, 0xff, 0xff, 0xd6, 0xff, 0xff, 0xff, 
	0xd6, 0xff, 0xff, 0xff, 0xcd, 0xff, 0xff, 0xff, 
	0xcd, 0xff, 0xff, 0xff, 0xc5, 0xff, 0xff, 0xff, 
	0xc0, 0xff, 0xff, 0xff, 0xba, 0xff, 0xff, 0xff, 
	0xba, 0xff, 0xff, 0xff, 0xba, 0xff, 0xff, 0xff, 
	0xb7, 0xff, 0xff, 0xff, 0xb7, 0xff, 0xff, 0xff, 
	0xbd, 0xff, 0xff, 0xff, 0xad, 0xff, 0xff, 0xff, 
	0xb5, 0xff, 0xff, 0xff, 0xb5, 0xff, 0xff, 0xff, 
	0xb5, 0xff, 0xff, 0xff, 0xb5, 0xff, 0xff, 0xff, 
	0xb5, 0xff, 0xff, 0xff, 0xb7, 0xff, 0xff, 0xff, 
	0xb7, 0xff, 0xff, 0xff, 0xb5, 0xff, 0xff, 0xff, 
	0xaf, 0xfc, 0xff, 0xff, 0xaf, 0xfc, 0xff, 0xff, 
	0xaa, 0xfd, 0xff, 0xff, 0xaf, 0xfc, 0xff, 0xff, 
	0xad, 0xf7, 0xff, 0xff, 0xb2, 0xf5, 0xfc, 0xff, 
	0xb2, 0xf5, 0xfc, 0xff, 0xb7, 0xf4, 0xf9, 0xff, 
	0xb5, 0xf3, 0xf1, 0xff, 0xb5, 0xf3, 0xf1, 0xff, 
	0xb5, 0xf3, 0xf1, 0xff, 0xb5, 0xeb, 0xe7, 0xff, 
	0xba, 0xe5, 0xe6, 0xff, 0xba, 0xe5, 0xe6, 0xff, 
	0xb7, 0xe4, 0xde, 0xff, 0xb7, 0xe4, 0xde, 0xff, 
	0xbd, 0xe3, 0xd6, 0xff, 0xbd, 0xdf, 0xd3, 0xff, 
	0xbd, 0xdb, 0xd0, 0xff, 0xbd, 0xd7, 0xce, 0xff, 
	0xbd, 0xd3, 0xce, 0xff, 0xbd, 0xd3, 0xce, 0xff, 
	0xbd, 0xd3, 0xce, 0xff, 0xc0, 0xd0, 0xc8, 0xff, 
	0xc3, 0xcb, 0xba, 0xff, 0xc3, 0xcb, 0xba, 0xff, 
	0xc3, 0xcb, 0xba, 0xff, 0xc6, 0xc3, 0xbd, 0xff, 
	0xc3, 0xc1, 0xbd, 0xff, 0xc0, 0xb7, 0xbd, 0xff, 
	0xc0, 0xb7, 0xbd, 0xff, 0xc0, 0xb7, 0xbd, 0xff, 
	0xc0, 0xb3, 0xc0, 0xff, 0xc0, 0xb3, 0xc0, 0xff, 
	0xc0, 0xb3, 0xc0, 0xff, 0xba, 0xb4, 0xba, 0xff, 
	0xc2, 0xb2, 0xbd, 0xff, 0xbd, 0xb2, 0xbd, 0xff, 
	0xbd, 0xb2, 0xbd, 0xff, 0xc8, 0xb2, 0xbd, 0xff, 
	0xc8, 0xae, 0xc0, 0xff, 0xc6, 0xaa, 0xbd, 0xff, 
	0xc8, 0xae, 0xc0, 0xff, 0xc8, 0xae, 0xc0, 0xff, 
	0xd0, 0xac, 0xc0, 0xff, 0xd0, 0xac, 0xc0, 0xff, 
	0xd0, 0xac, 0xc0, 0xff, 0xcb, 0xab, 0xba, 0xff, 
	0xd0, 0xa4, 0xb7, 0xff, 0xd0, 0xa4, 0xb7, 0xff, 
	0xd0, 0xa4, 0xb7, 0xff, 0xd0, 0xa4, 0xb7, 0xff, 
	0xd6, 0xa0, 0xba, 0xff, 0xd6, 0xa0, 0xba, 0xff, 
	0xd6, 0x97, 0xb7, 0xff, 0xd6, 0x97, 0xb7, 0xff, 
	0xe1, 0x9c, 0xba, 0xff, 0xe1, 0x9c, 0xba, 0xff, 
	0xe1, 0x9c, 0xba, 0xff, 0xe1, 0x9c, 0xba, 0xff, 
	0xe1, 0x9c, 0xbd, 0xff, 0xe1, 0x9c, 0xbd, 0xff, 
	0xe7, 0x9a, 0xbd, 0xff, 0xe7, 0x9a, 0xbd, 0xff, 
	0xe7, 0x96, 0xbd, 0xff, 0xe7, 0x96, 0xbd, 0xff, 
	0xe9, 0x98, 0xc0, 0xff, 0xec, 0x9b, 0xc3, 0xff, 
	0xe7, 0x9a, 0xc6, 0xff, 0xe7, 0x9e, 0xc8, 0xff, 
	0xe7, 0xa2, 0xcb, 0xff, 0xe7, 0xa6, 0xce, 0xff, 
	0xe7, 0xa6, 0xd6, 0xff, 0xe9, 0xac, 0xd8, 0xff, 
	0xec, 0xb3, 0xdb, 0xff, 0xef, 0xba, 0xde, 0xff, 
	0xf1, 0xc5, 0xe3, 0xff, 0xf1, 0xc5, 0xe3, 0xff, 
	0xf4, 0xd4, 0xe9, 0xff, 0xf7, 0xe3, 0xef, 0xff, 
	0xff, 0xe1, 0xf4, 0xff, 0xff, 0xe1, 0xf4, 0xff, 
	0xff, 0xec, 0xf9, 0xff, 0xff, 0xf7, 0xff, 0xff, 
	0xff, 0xf4, 0xf9, 0xff, 0xff, 0xf9, 0xfc, 0xff, 
	0xff, 0xff, 0xff, 0xff, 0xff, 0xff, 0xff, 0xff, 
	0xff, 0xff, 0xff, 0xff, 0xff, 0xff, 0xff, 0xff, 
	0xff, 0xff, 0xff, 0xff, 0xff, 0xff, 0xff, 0xff, 
	0xff, 0xff, 0xff, 0xff, 0xff, 0xff, 0xff, 0xff, 
	0xff, 0xff, 0xff, 0xff, 0xff, 0xff, 0xff, 0xff, 
	0xff, 0xff, 0xff, 0xff, 0xff, 0xff, 0xff, 0xff, 
	0xfc, 0xff, 0xff, 0xff, 0xf9, 0xff, 0xff, 0xff, 
	0xf9, 0xff, 0xff, 0xff, 0xf4, 0xff, 0xff, 0xff, 
	0xef, 0xff, 0xff, 0xff, 0xef, 0xff, 0xff, 0xff, 
	0xe1, 0xff, 0xff, 0xff, 0xe1, 0xff, 0xff, 0xff, 
	0xd6, 0xff, 0xff, 0xff, 0xd6, 0xff, 0xff, 0xff, 
	0xcd, 0xff, 0xff, 0xff, 0xcd, 0xff, 0xff, 0xff, 
	0xcd, 0xff, 0xff, 0xff, 0xc5, 0xff, 0xff, 0xff, 
	0xc0, 0xff, 0xff, 0xff, 0xba, 0xff, 0xff, 0xff, 
	0xba, 0xff, 0xff, 0xff, 0xba, 0xff, 0xff, 0xff, 
	0xb7, 0xff, 0xff, 0xff, 0xb7, 0xff, 0xff, 0xff, 
	0xad, 0xff, 0xff, 0xff, 0xad, 0xff, 0xff, 0xff, 
	0xb5, 0xff, 0xff, 0xff, 0xb5, 0xff, 0xff, 0xff, 
	0xb5, 0xff, 0xff, 0xff, 0xb5, 0xff, 0xff, 0xff, 
	0xb5, 0xff, 0xff, 0xff, 0xb5, 0xff, 0xff, 0xff, 
	0xb7, 0xff, 0xff, 0xff, 0xb5, 0xff, 0xff, 0xff, 
	0xb5, 0xfb, 0xff, 0xff, 0xaf, 0xfc, 0xff, 0xff, 
	0xaf, 0xfc, 0xff, 0xff, 0xaf, 0xfc, 0xff, 0xff, 
	0xb2, 0xf5, 0xfc, 0xff, 0xb2, 0xf5, 0xfc, 0xff, 
	0xb2, 0xf5, 0xfc, 0xff, 0xb7, 0xf4, 0xf9, 0xff, 
	0xb5, 0xf3, 0xf1, 0xff, 0xb5, 0xef, 0xec, 0xff, 
	0xb5, 0xef, 0xec, 0xff, 0xb5, 0xef, 0xec, 0xff, 
	0xba, 0xe5, 0xe6, 0xff, 0xba, 0xe5, 0xe6, 0xff, 
	0xb7, 0xe4, 0xde, 0xff, 0xb7, 0xe4, 0xde, 0xff, 
	0xbd, 0xdf, 0xd3, 0xff, 0xbd, 0xdb, 0xd0, 0xff, 
	0xbd, 0xdb, 0xd0, 0xff, 0xbd, 0xd7, 0xce, 0xff, 
	0xc0, 0xd0, 0xc8, 0xff, 0xc0, 0xd0, 0xc8, 0xff, 
	0xc0, 0xd0, 0xc8, 0xff, 0xc3, 0xcd, 0xc2, 0xff, 
	0xc3, 0xcb, 0xba, 0xff, 0xc3, 0xcb, 0xba, 0xff, 
	0xc3, 0xcb, 0xba, 0xff, 0xc6, 0xc3, 0xbd, 0xff, 
	0xc3, 0xc1, 0xbd, 0xff, 0xc0, 0xb7, 0xbd, 0xff, 
	0xc0, 0xb7, 0xbd, 0xff, 0xc0, 0xb7, 0xbd, 0xff, 
	0xc0, 0xb3, 0xc0, 0xff, 0xc0, 0xb3, 0xc0, 0xff, 
	0xc0, 0xb3, 0xc0, 0xff, 0xc0, 0xb3, 0xc0, 0xff, 
	0xc2, 0xb2, 0xbd, 0xff, 0xc8, 0xb2, 0xbd, 0xff, 
	0xc2, 0xb2, 0xbd, 0xff, 0xc8, 0xb2, 0xbd, 0xff, 
	0xc8, 0xae, 0xc0, 0xff, 0xcb, 0xb2, 0xc3, 0xff, 
	0xc8, 0xae, 0xc0, 0xff, 0xcb, 0xb2, 0xc3, 0xff, 
	0xd0, 0xac, 0xc0, 0xff, 0xd0, 0xac, 0xc0, 0xff, 
	0xd0, 0xac, 0xc0, 0xff, 0xd0, 0xac, 0xc0, 0xff, 
	0xd3, 0xab, 0xba, 0xff, 0xd0, 0xa4, 0xb7, 0xff, 
	0xd3, 0xab, 0xba, 0xff, 0xd0, 0xa4, 0xb7, 0xff, 
	0xd6, 0xa0, 0xba, 0xff, 0xd6, 0xa0, 0xba, 0xff, 
	0xd6, 0xa0, 0xba, 0xff, 0xd6, 0xa0, 0xba, 0xff, 
	0xdb, 0x9b, 0xb7, 0xff, 0xe1, 0x9c, 0xba, 0xff, 
	0xe1, 0x9c, 0xba, 0xff, 0xe1, 0x9c, 0xba, 0xff, 
	0xe1, 0x9c, 0xbd, 0xff, 0xe1, 0x9c, 0xbd, 0xff, 
	0xe7, 0x9a, 0xbd, 0xff, 0xe7, 0x9a, 0xbd, 0xff, 
	0xe7, 0x96, 0xbd, 0xff, 0xe7, 0x96, 0xbd, 0xff, 
	0xec, 0x9b, 0xc3, 0xff, 0xec, 0x9b, 0xc3, 0xff, 
	0xe7, 0x9a, 0xc6, 0xff, 0xe7, 0x9e, 0xc8, 0xff, 
	0xe7, 0xa2, 0xcb, 0xff, 0xe7, 0xa6, 0xce, 0xff, 
	0xe7, 0xa6, 0xd6, 0xff, 0xe7, 0xa6, 0xd6, 0xff, 
	0xe9, 0xac, 0xd8, 0xff, 0xec, 0xb3, 0xdb, 0xff, 
	0xef, 0xb6, 0xde, 0xff, 0xf1, 0xc5, 0xe3, 0xff, 
	0xf1, 0xc5, 0xe3, 0xff, 0xf4, 0xd4, 0xe9, 0xff, 
	0xff, 0xe1, 0xf4, 0xff, 0xff, 0xe1, 0xf4, 0xff, 
	0xff, 0xe1, 0xf4, 0xff, 0xff, 0xec, 0xf9, 0xff, 
	0xff, 0xef, 0xf7, 0xff, 0xff, 0xf9, 0xfc, 0xff, 
	0xff, 0xff, 0xff, 0xff, 0xff, 0xff, 0xff, 0xff, 
	0xff, 0xff, 0xff, 0xff, 0xff, 0xff, 0xff, 0xff, 
	0xff, 0xff, 0xff, 0xff, 0xff, 0xff, 0xff, 0xff, 
	0xff, 0xff, 0xff, 0xff, 0xff, 0xff, 0xff, 0xff, 
	0xff, 0xff, 0xff, 0xff, 0xff, 0xff, 0xff, 0xff, 
	0xff, 0xff, 0xff, 0xff, 0xff, 0xff, 0xff, 0xff, 
	0xfc, 0xff, 0xff, 0xff, 0xf9, 0xff, 0xff, 0xff, 
	0xf4, 0xff, 0xff, 0xff, 0xf4, 0xff, 0xff, 0xff, 
	0xef, 0xff, 0xff, 0xff, 0xef, 0xff, 0xff, 0xff, 
	0xe1, 0xff, 0xff, 0xff, 0xe1, 0xff, 0xff, 0xff, 
	0xd6, 0xff, 0xff, 0xff, 0xd6, 0xff, 0xff, 0xff, 
	0xcd, 0xff, 0xff, 0xff, 0xcd, 0xff, 0xff, 0xff, 
	0xbd, 0xff, 0xff, 0xff, 0xbd, 0xff, 0xff, 0xff, 
	0xc0, 0xff, 0xff, 0xff, 0xc0, 0xff, 0xff, 0xff, 
	0xba, 0xff, 0xff, 0xff, 0xba, 0xff, 0xff, 0xff, 
	0xbd, 0xff, 0xff, 0xff, 0xbd, 0xff, 0xff, 0xff, 
	0xb2, 0xff, 0xff, 0xff, 0xb2, 0xff, 0xff, 0xff, 
	0xb5, 0xff, 0xff, 0xff, 0xb5, 0xff, 0xff, 0xff, 
	0xb5, 0xff, 0xff, 0xff, 0xb7, 0xff, 0xff, 0xff, 
	0xb5, 0xff, 0xff, 0xff, 0xb7, 0xff, 0xff, 0xff, 
	0xb7, 0xff, 0xff, 0xff, 0xb7, 0xff, 0xff, 0xff, 
	0xb5, 0xfb, 0xff, 0xff, 0xaf, 0xfc, 0xff, 0xff, 
	0xaf, 0xfc, 0xff, 0xff, 0xaf, 0xfc, 0xff, 0xff, 
	0xb2, 0xf5, 0xfc, 0xff, 0xb2, 0xf5, 0xfc, 0xff, 
	0xb2, 0xf5, 0xfc, 0xff, 0xb2, 0xf5, 0xfc, 0xff, 
	0xb5, 0xf3, 0xf1, 0xff, 0xb5, 0xef, 0xec, 0xff, 
	0xb5, 0xef, 0xec, 0xff, 0xb5, 0xef, 0xec, 0xff, 
	0xbd, 0xe7, 0xef, 0xff, 0xba, 0xe5, 0xe6, 0xff, 
	0xb7, 0xe4, 0xde, 0xff, 0xb7, 0xe4, 0xde, 0xff, 
	0xbd, 0xdf, 0xd3, 0xff, 0xbd, 0xdb, 0xd0, 0xff, 
	0xbd, 0xdb, 0xd0, 0xff, 0xbd, 0xd7, 0xce, 0xff, 
	0xc0, 0xd0, 0xc8, 0xff, 0xc0, 0xd0, 0xc8, 0xff, 
	0xc0, 0xd0, 0xc8, 0xff, 0xc6, 0xcb, 0xbd, 0xff, 
	0xc3, 0xcb, 0xba, 0xff, 0xc6, 0xc3, 0xbd, 0xff, 
	0xc6, 0xc3, 0xbd, 0xff, 0xc6, 0xc3, 0xbd, 0xff, 
	0xc3, 0xc1, 0xbd, 0xff, 0xc0, 0xb7, 0xbd, 0xff, 
	0xc0, 0xb7, 0xbd, 0xff, 0xc0, 0xb7, 0xbd, 0xff, 
	0xc0, 0xb3, 0xc0, 0xff, 0xc0, 0xb3, 0xc0, 0xff, 
	0xc0, 0xb3, 0xc0, 0xff, 0xc0, 0xb3, 0xc0, 0xff, 
	0xc2, 0xb2, 0xbd, 0xff, 0xc8, 0xb2, 0xbd, 0xff, 
	0xc8, 0xb2, 0xbd, 0xff, 0xc8, 0xb2, 0xbd, 0xff, 
	0xc8, 0xae, 0xc0, 0xff, 0xcb, 0xb2, 0xc3, 0xff, 
	0xcb, 0xb2, 0xc3, 0xff, 0xcb, 0xb2, 0xc3, 0xff, 
	0xd0, 0xac, 0xc0, 0xff, 0xd0, 0xac, 0xc0, 0xff, 
	0xd0, 0xac, 0xc0, 0xff, 0xd0, 0xac, 0xc0, 0xff, 
	0xd3, 0xab, 0xba, 0xff, 0xd3, 0xab, 0xba, 0xff, 
	0xd3, 0xab, 0xba, 0xff, 0xd3, 0xab, 0xba, 0xff, 
	0xd6, 0xaa, 0xbd, 0xff, 0xd6, 0xaa, 0xbd, 0xff, 
	0xd6, 0xa0, 0xba, 0xff, 0xd6, 0xa0, 0xba, 0xff, 
	0xdb, 0x9b, 0xb7, 0xff, 0xe1, 0x9c, 0xba, 0xff, 
	0xe1, 0x9c, 0xba, 0xff, 0xe1, 0x9c, 0xba, 0xff, 
	0xe1, 0x9c, 0xbd, 0xff, 0xe1, 0x9c, 0xbd, 0xff, 
	0xe1, 0x9c, 0xbd, 0xff, 0xe7, 0x9a, 0xbd, 0xff, 
	0xe7, 0x96, 0xbd, 0xff, 0xe7, 0x96, 0xbd, 0xff, 
	0xe9, 0x98, 0xc0, 0xff, 0xe9, 0x98, 0xc0, 0xff, 
	0xe7, 0x9a, 0xc6, 0xff, 0xe7, 0x9e, 0xc8, 0xff, 
	0xe7, 0x9e, 0xc8, 0xff, 0xe7, 0x9e, 0xc8, 0xff, 
	0xe7, 0xa6, 0xd6, 0xff, 0xe7, 0xa6, 0xd6, 0xff, 
	0xe9, 0xac, 0xd8, 0xff, 0xe9, 0xac, 0xd8, 0xff, 
	0xef, 0xb6, 0xde, 0xff, 0xef, 0xb6, 0xde, 0xff, 
	0xf1, 0xc5, 0xe3, 0xff, 0xf1, 0xc5, 0xe3, 0xff, 
	0xff, 0xd7, 0xef, 0xff, 0xff, 0xe1, 0xf4, 0xff, 
	0xff, 0xe1, 0xf4, 0xff, 0xff, 0xec, 0xf9, 0xff, 
	0xff, 0xef, 0xf7, 0xff, 0xff, 0xf4, 0xf9, 0xff, 
	0xff, 0xf9, 0xfc, 0xff, 0xff, 0xf9, 0xfc, 0xff, 
	0xff, 0xff, 0xff, 0xff, 0xff, 0xff, 0xff, 0xff, 
	0xff, 0xff, 0xff, 0xff, 0xff, 0xff, 0xff, 0xff, 
	0xff, 0xfd, 0xff, 0xff, 0xff, 0xfd, 0xff, 0xff, 
	0xff, 0xfd, 0xff, 0xff, 0xff, 0xff, 0xff, 0xff, 
	0xff, 0xff, 0xff, 0xff, 0xfc, 0xff, 0xff, 0xff, 
	0xfc, 0xff, 0xff, 0xff, 0xf9, 0xff, 0xff, 0xff, 
	0xf7, 0xff, 0xff, 0xff, 0xf7, 0xff, 0xff, 0xff, 
	0xec, 0xff, 0xff, 0xff, 0xec, 0xff, 0xff, 0xff, 
	0xde, 0xff, 0xff, 0xff, 0xd6, 0xff, 0xff, 0xff, 
	0xd6, 0xff, 0xff, 0xff, 0xd6, 0xff, 0xff, 0xff, 
	0xce, 0xff, 0xff, 0xff, 0xce, 0xff, 0xff, 0xff, 
	0xc2, 0xff, 0xff, 0xff, 0xbd, 0xff, 0xff, 0xff, 
	0xbd, 0xff, 0xff, 0xff, 0xbd, 0xff, 0xff, 0xff, 
	0xc2, 0xff, 0xff, 0xff, 0xbd, 0xff, 0xff, 0xff, 
	0xba, 0xff, 0xff, 0xff, 0xba, 0xff, 0xff, 0xff, 
	0xba, 0xff, 0xff, 0xff, 0xba, 0xff, 0xff, 0xff, 
	0xba, 0xff, 0xff, 0xff, 0xb5, 0xff, 0xff, 0xff, 
	0xb5, 0xff, 0xff, 0xff, 0xb5, 0xff, 0xff, 0xff, 
	0xb5, 0xff, 0xff, 0xff, 0xba, 0xfd, 0xff, 0xff, 
	0xba, 0xfd, 0xff, 0xff, 0xba, 0xfd, 0xff, 0xff, 
	0xba, 0xf9, 0xfc, 0xff, 0xba, 0xf9, 0xfc, 0xff, 
	0xb5, 0xfb, 0xff, 0xff, 0xb5, 0xfb, 0xff, 0xff, 
	0xb2, 0xf5, 0xfc, 0xff, 0xb2, 0xf5, 0xfc, 0xff, 
	0xb2, 0xf5, 0xfc, 0xff, 0xb2, 0xf5, 0xfc, 0xff, 
	0xb5, 0xef, 0xf7, 0xff, 0xba, 0xeb, 0xee, 0xff, 
	0xba, 0xeb, 0xee, 0xff, 0xba, 0xeb, 0xee, 0xff, 
	0xc0, 0xe3, 0xec, 0xff, 0xc0, 0xe3, 0xec, 0xff, 
	0xc3, 0xe3, 0xe1, 0xff, 0xc3, 0xe3, 0xe1, 0xff, 
	0xbd, 0xdf, 0xd6, 0xff, 0xc0, 0xd9, 0xd0, 0xff, 
	0xc0, 0xd9, 0xd0, 0xff, 0xc3, 0xd4, 0xcb, 0xff, 
	0xc3, 0xcf, 0xc8, 0xff, 0xc3, 0xcf, 0xc8, 0xff, 
	0xc3, 0xcf, 0xc8, 0xff, 0xc0, 0xcb, 0xc2, 0xff, 
	0xbd, 0xcb, 0xbd, 0xff, 0xc0, 0xc8, 0xbd, 0xff, 
	0xc6, 0xc3, 0xbd, 0xff, 0xc3, 0xc5, 0xbd, 0xff, 
	0xc3, 0xc6, 0xc0, 0xff, 0xc3, 0xc6, 0xc0, 0xff, 
	0xc6, 0xba, 0xbd, 0xff, 0xc6, 0xba, 0xbd, 0xff, 
	0xc6, 0xba, 0xbd, 0xff, 0xc6, 0xba, 0xbd, 0xff, 
	0xc6, 0xba, 0xbd, 0xff, 0xc6, 0xba, 0xbd, 0xff, 
	0xc6, 0xba, 0xbd, 0xff, 0xc6, 0xba, 0xbd, 0xff, 
	0xc6, 0xba, 0xbd, 0xff, 0xc6, 0xba, 0xbd, 0xff, 
	0xce, 0xb6, 0xbd, 0xff, 0xd0, 0xb8, 0xc0, 0xff, 
	0xce, 0xb6, 0xbd, 0xff, 0xce, 0xb6, 0xbd, 0xff, 
	0xce, 0xb6, 0xc6, 0xff, 0xd0, 0xb0, 0xc3, 0xff, 
	0xd0, 0xb0, 0xc3, 0xff, 0xd3, 0xab, 0xc0, 0xff, 
	0xd6, 0xb2, 0xbd, 0xff, 0xd6, 0xb2, 0xbd, 0xff, 
	0xd6, 0xb2, 0xbd, 0xff, 0xd6, 0xb2, 0xbd, 0xff, 
	0xd3, 0xae, 0xc0, 0xff, 0xd0, 0xaa, 0xba, 0xff, 
	0xd0, 0xaa, 0xba, 0xff, 0xce, 0xa6, 0xb5, 0xff, 
	0xd6, 0xa0, 0xba, 0xff, 0xd6, 0xa0, 0xba, 0xff, 
	0xd6, 0xa0, 0xba, 0xff, 0xd6, 0xa0, 0xba, 0xff, 
	0xde, 0x9c, 0xba, 0xff, 0xde, 0x9e, 0xb5, 0xff, 
	0xde, 0x9c, 0xba, 0xff, 0xde, 0x9c, 0xba, 0xff, 
	0xde, 0x9a, 0xbd, 0xff, 0xde, 0x9a, 0xc2, 0xff, 
	0xde, 0x9a, 0xc2, 0xff, 0xde, 0x9a, 0xc2, 0xff, 
	0xde, 0x9e, 0xce, 0xff, 0xe6, 0x9c, 0xcb, 0xff, 
	0xe6, 0x9c, 0xcb, 0xff, 0xe6, 0x9c, 0xcb, 0xff, 
	0xe4, 0xa3, 0xd3, 0xff, 0xe7, 0xa6, 0xd6, 0xff, 
	0xe7, 0xa6, 0xd6, 0xff, 0xe7, 0xa6, 0xd6, 0xff, 
	0xef, 0xaa, 0xde, 0xff, 0xf1, 0xb0, 0xe3, 0xff, 
	0xf4, 0xb7, 0xe9, 0xff, 0xf7, 0xbe, 0xef, 0xff, 
	0xff, 0xc6, 0xef, 0xff, 0xff, 0xd2, 0xef, 0xff, 
	0xff, 0xdf, 0xef, 0xff, 0xff, 0xdf, 0xef, 0xff, 
	0xff, 0xe4, 0xf4, 0xff, 0xff, 0xed, 0xf9, 0xff, 
	0xff, 0xf7, 0xff, 0xff, 0xff, 0xf7, 0xff, 0xff, 
	0xff, 0xfb, 0xff, 0xff, 0xff, 0xff, 0xff, 0xff, 
	0xff, 0xff, 0xff, 0xff, 0xff, 0xff, 0xff, 0xff, 
	0xff, 0xff, 0xff, 0xff, 0xff, 0xff, 0xff, 0xff, 
	0xff, 0xff, 0xff, 0xff, 0xff, 0xff, 0xff, 0xff, 
	0xff, 0xff, 0xff, 0xff, 0xfc, 0xff, 0xff, 0xff, 
	0xfc, 0xff, 0xff, 0xff, 0xf7, 0xff, 0xff, 0xff, 
	0xf7, 0xff, 0xff, 0xff, 0xec, 0xff, 0xff, 0xff, 
	0xec, 0xff, 0xff, 0xff, 0xe1, 0xff, 0xff, 0xff, 
	0xde, 0xff, 0xff, 0xff, 0xd6, 0xff, 0xff, 0xff, 
	0xd6, 0xff, 0xff, 0xff, 0xd6, 0xff, 0xff, 0xff, 
	0xce, 0xff, 0xff, 0xff, 0xce, 0xff, 0xff, 0xff, 
	0xc8, 0xff, 0xff, 0xff, 0xc2, 0xff, 0xff, 0xff, 
	0xc2, 0xff, 0xff, 0xff, 0xbd, 0xff, 0xff, 0xff, 
	0xbd, 0xff, 0xff, 0xff, 0xc2, 0xff, 0xff, 0xff, 
	0xc0, 0xff, 0xff, 0xff, 0xc0, 0xff, 0xff, 0xff, 
	0xba, 0xff, 0xff, 0xff, 0xba, 0xff, 0xff, 0xff, 
	0xb5, 0xff, 0xff, 0xff, 0xba, 0xff, 0xff, 0xff, 
	0xba, 0xff, 0xff, 0xff, 0xba, 0xff, 0xff, 0xff, 
	0xba, 0xfd, 0xff, 0xff, 0xba, 0xfd, 0xff, 0xff, 
	0xba, 0xfd, 0xff, 0xff, 0xba, 0xfd, 0xff, 0xff, 
	0xba, 0xf9, 0xfc, 0xff, 0xba, 0xf9, 0xfc, 0xff, 
	0xb5, 0xfb, 0xff, 0xff, 0xba, 0xf9, 0xfc, 0xff, 
	0xb2, 0xf5, 0xfc, 0xff, 0xb2, 0xf5, 0xfc, 0xff, 
	0xb2, 0xf5, 0xfc, 0xff, 0xb7, 0xf4, 0xf9, 0xff, 
	0xb5, 0xef, 0xf7, 0xff, 0xba, 0xeb, 0xee, 0xff, 
	0xba, 0xeb, 0xee, 0xff, 0xc0, 0xe7, 0xe6, 0xff, 
	0xc0, 0xe3, 0xec, 0xff, 0xc0, 0xe3, 0xec, 0xff, 
	0xc0, 0xe3, 0xec, 0xff, 0xc6, 0xe3, 0xd6, 0xff, 
	0xbd, 0xdf, 0xd6, 0xff, 0xbd, 0xdf, 0xd6, 0xff, 
	0xc0, 0xd9, 0xd0, 0xff, 0xc3, 0xd4, 0xcb, 0xff, 
	0xc3, 0xcf, 0xc8, 0xff, 0xc3, 0xcf, 0xc8, 0xff, 
	0xc0, 0xcb, 0xc2, 0xff, 0xc0, 0xcb, 0xc2, 0xff, 
	0xc0, 0xc8, 0xbd, 0xff, 0xc0, 0xc8, 0xbd, 0xff, 
	0xc6, 0xc3, 0xbd, 0xff, 0xc0, 0xc8, 0xbd, 0xff, 
	0xc3, 0xc6, 0xc0, 0xff, 0xc3, 0xc6, 0xc0, 0xff, 
	0xc6, 0xba, 0xbd, 0xff, 0xc6, 0xba, 0xbd, 0xff, 
	0xc6, 0xba, 0xbd, 0xff, 0xc6, 0xba, 0xbd, 0xff, 
	0xc6, 0xba, 0xbd, 0xff, 0xcb, 0xbb, 0xbd, 0xff, 
	0xc6, 0xba, 0xbd, 0xff, 0xc6, 0xba, 0xbd, 0xff, 
	0xc6, 0xba, 0xbd, 0xff, 0xcb, 0xbb, 0xbd, 0xff, 
	0xce, 0xb6, 0xbd, 0xff, 0xce, 0xb6, 0xbd, 0xff, 
	0xd0, 0xb8, 0xc0, 0xff, 0xd3, 0xbb, 0xc3, 0xff, 
	0xd0, 0xb0, 0xc3, 0xff, 0xd0, 0xb0, 0xc3, 0xff, 
	0xce, 0xb6, 0xc6, 0xff, 0xce, 0xb6, 0xc6, 0xff, 
	0xd0, 0xb4, 0xc3, 0xff, 0xd0, 0xb4, 0xc3, 0xff, 
	0xd3, 0xb3, 0xc0, 0xff, 0xd3, 0xb3, 0xc0, 0xff, 
	0xd6, 0xb2, 0xc6, 0xff, 0xd3, 0xae, 0xc0, 0xff, 
	0xd0, 0xaa, 0xba, 0xff, 0xce, 0xa6, 0xb5, 0xff, 
	0xd6, 0xa0, 0xba, 0xff, 0xd6, 0xa0, 0xba, 0xff, 
	0xd6, 0xa0, 0xba, 0xff, 0xd6, 0x9e, 0xb5, 0xff, 
	0xde, 0x9e, 0xb5, 0xff, 0xde, 0x9e, 0xb5, 0xff, 
	0xde, 0x9c, 0xba, 0xff, 0xde, 0x9c, 0xba, 0xff, 
	0xde, 0x9a, 0xbd, 0xff, 0xde, 0x9a, 0xc2, 0xff, 
	0xde, 0x9a, 0xc2, 0xff, 0xde, 0x9a, 0xc8, 0xff, 
	0xde, 0x9e, 0xce, 0xff, 0xee, 0x9b, 0xc8, 0xff, 
	0xe6, 0x9c, 0xcb, 0xff, 0xe6, 0x9c, 0xcb, 0xff, 
	0xe4, 0xa3, 0xd3, 0xff, 0xe4, 0xa3, 0xd3, 0xff, 
	0xe7, 0xa6, 0xd6, 0xff, 0xe7, 0xa6, 0xd6, 0xff, 
	0xef, 0xaa, 0xde, 0xff, 0xf1, 0xb0, 0xe3, 0xff, 
	0xf4, 0xb7, 0xe9, 0xff, 0xf4, 0xb7, 0xe9, 0xff, 
	0xff, 0xba, 0xef, 0xff, 0xff, 0xc6, 0xef, 0xff, 
	0xff, 0xd2, 0xef, 0xff, 0xff, 0xdf, 0xef, 0xff, 
	0xff, 0xdb, 0xef, 0xff, 0xff, 0xe4, 0xf4, 0xff, 
	0xff, 0xed, 0xf9, 0xff, 0xff, 0xf7, 0xff, 0xff, 
	0xff, 0xf7, 0xff, 0xff, 0xff, 0xfb, 0xff, 0xff, 
	0xff, 0xff, 0xff, 0xff, 0xff, 0xff, 0xff, 0xff, 
	0xff, 0xff, 0xff, 0xff, 0xff, 0xff, 0xff, 0xff, 
	0xff, 0xff, 0xff, 0xff, 0xff, 0xff, 0xff, 0xff, 
	0xfc, 0xff, 0xff, 0xff, 0xfc, 0xff, 0xff, 0xff, 
	0xf7, 0xff, 0xff, 0xff, 0xf7, 0xff, 0xff, 0xff, 
	0xf7, 0xff, 0xff, 0xff, 0xec, 0xff, 0xff, 0xff, 
	0xec, 0xff, 0xff, 0xff, 0xd6, 0xff, 0xff, 0xff, 
	0xd6, 0xff, 0xff, 0xff, 0xd6, 0xff, 0xff, 0xff, 
	0xd6, 0xff, 0xff, 0xff, 0xd6, 0xff, 0xff, 0xff, 
	0xce, 0xff, 0xff, 0xff, 0xce, 0xff, 0xff, 0xff, 
	0xce, 0xff, 0xff, 0xff, 0xc2, 0xff, 0xff, 0xff, 
	0xc2, 0xff, 0xff, 0xff, 0xc8, 0xff, 0xff, 0xff, 
	0xc8, 0xff, 0xff, 0xff, 0xc8, 0xff, 0xff, 0xff, 
	0xc0, 0xff, 0xff, 0xff, 0xc0, 0xff, 0xff, 0xff, 
	0xc0, 0xff, 0xff, 0xff, 0xc0, 0xff, 0xff, 0xff, 
	0xc0, 0xff, 0xff, 0xff, 0xc0, 0xff, 0xff, 0xff, 
	0xba, 0xff, 0xff, 0xff, 0xc0, 0xff, 0xff, 0xff, 
	0xba, 0xfd, 0xff, 0xff, 0xba, 0xfd, 0xff, 0xff, 
	0xba, 0xfd, 0xff, 0xff, 0xba, 0xfd, 0xff, 0xff, 
	0xba, 0xf9, 0xfc, 0xff, 0xba, 0xf9, 0xfc, 0xff, 
	0xba, 0xf9, 0xfc, 0xff, 0xba, 0xf9, 0xfc, 0xff, 
	0xb7, 0xf4, 0xf9, 0xff, 0xb7, 0xf4, 0xf9, 0xff, 
	0xb7, 0xf4, 0xf9, 0xff, 0xb7, 0xf4, 0xf9, 0xff, 
	0xb5, 0xef, 0xf7, 0xff, 0xb5, 0xef, 0xf7, 0xff, 
	0xba, 0xeb, 0xee, 0xff, 0xc0, 0xe7, 0xe6, 0xff, 
	0xc0, 0xe3, 0xec, 0xff, 0xc0, 0xe3, 0xec, 0xff, 
	0xc3, 0xe3, 0xe1, 0xff, 0xc6, 0xe3, 0xd6, 0xff, 
	0xbd, 0xdf, 0xd6, 0xff, 0xc0, 0xd9, 0xd0, 0xff, 
	0xc3, 0xd4, 0xcb, 0xff, 0xc3, 0xd4, 0xcb, 0xff, 
	0xc3, 0xcf, 0xc8, 0xff, 0xc0, 0xcb, 0xc2, 0xff, 
	0xc0, 0xcb, 0xc2, 0xff, 0xc0, 0xcb, 0xc2, 0xff, 
	0xc0, 0xc8, 0xbd, 0xff, 0xc0, 0xc8, 0xbd, 0xff, 
	0xc3, 0xc5, 0xbd, 0xff, 0xc6, 0xc3, 0xbd, 0xff, 
	0xc3, 0xc6, 0xc0, 0xff, 0xc3, 0xc6, 0xc0, 0xff, 
	0xc3, 0xc6, 0xc0, 0xff, 0xc6, 0xba, 0xbd, 0xff, 
	0xd0, 0xbc, 0xbd, 0xff, 0xc6, 0xba, 0xbd, 0xff, 
	0xd0, 0xbc, 0xbd, 0xff, 0xd0, 0xbc, 0xbd, 0xff, 
	0xd0, 0xbc, 0xbd, 0xff, 0xc6, 0xba, 0xbd, 0xff, 
	0xd0, 0xbc, 0xbd, 0xff, 0xd0, 0xbc, 0xbd, 0xff, 
	0xce, 0xb6, 0xbd, 0xff, 0xd0, 0xb8, 0xc0, 0xff, 
	0xd3, 0xbb, 0xc3, 0xff, 0xd3, 0xbb, 0xc3, 0xff, 
	0xce, 0xb6, 0xc6, 0xff, 0xce, 0xb6, 0xc6, 0xff, 
	0xce, 0xb6, 0xc6, 0xff, 0xce, 0xb6, 0xc6, 0xff, 
	0xce, 0xb6, 0xc6, 0xff, 0xce, 0xb6, 0xc6, 0xff, 
	0xce, 0xb6, 0xc6, 0xff, 0xce, 0xb6, 0xc6, 0xff, 
	0xd6, 0xb2, 0xc6, 0xff, 0xd3, 0xae, 0xc0, 0xff, 
	0xd3, 0xae, 0xc0, 0xff, 0xd0, 0xaa, 0xba, 0xff, 
	0xd6, 0xa3, 0xc0, 0xff, 0xd6, 0xa0, 0xba, 0xff, 
	0xd6, 0xa0, 0xba, 0xff, 0xd6, 0x9e, 0xb5, 0xff, 
	0xde, 0x9c, 0xba, 0xff, 0xde, 0x9e, 0xb5, 0xff, 
	0xde, 0x9c, 0xba, 0xff, 0xde, 0x9b, 0xc0, 0xff, 
	0xde, 0x9a, 0xbd, 0xff, 0xde, 0x9a, 0xbd, 0xff, 
	0xde, 0x9a, 0xc2, 0xff, 0xde, 0x9a, 0xc8, 0xff, 
	0xde, 0x9e, 0xce, 0xff, 0xde, 0x9e, 0xce, 0xff, 
	0xde, 0x9e, 0xce, 0xff, 0xde, 0x9e, 0xce, 0xff, 
	0xe1, 0xa0, 0xd0, 0xff, 0xe4, 0xa3, 0xd3, 0xff, 
	0xe4, 0xa3, 0xd3, 0xff, 0xe7, 0xa6, 0xd6, 0xff, 
	0xef, 0xaa, 0xde, 0xff, 0xef, 0xaa, 0xde, 0xff, 
	0xf1, 0xb0, 0xe3, 0xff, 0xf4, 0xb7, 0xe9, 0xff, 
	0xff, 0xba, 0xef, 0xff, 0xff, 0xc6, 0xef, 0xff, 
	0xff, 0xc6, 0xef, 0xff, 0xff, 0xd2, 0xef, 0xff, 
	0xff, 0xdb, 0xef, 0xff, 0xff, 0xdb, 0xef, 0xff, 
	0xff, 0xe4, 0xf4, 0xff, 0xff, 0xed, 0xf9, 0xff, 
	0xff, 0xf3, 0xff, 0xff, 0xff, 0xfb, 0xff, 0xff, 
	0xff, 0xff, 0xff, 0xff, 0xff, 0xff, 0xff, 0xff, 
	0xff, 0xff, 0xff, 0xff, 0xff, 0xff, 0xff, 0xff, 
	0xff, 0xff, 0xff, 0xff, 0xff, 0xff, 0xff, 0xff, 
	0xf7, 0xff, 0xff, 0xff, 0xf7, 0xff, 0xff, 0xff, 
	0xf7, 0xff, 0xff, 0xff, 0xf7, 0xff, 0xff, 0xff, 
	0xec, 0xff, 0xff, 0xff, 0xec, 0xff, 0xff, 0xff, 
	0xe1, 0xff, 0xff, 0xff, 0xd6, 0xff, 0xff, 0xff, 
	0xd6, 0xff, 0xff, 0xff, 0xd6, 0xff, 0xff, 0xff, 
	0xd6, 0xff, 0xff, 0xff, 0xce, 0xff, 0xff, 0xff, 
	0xce, 0xff, 0xff, 0xff, 0xc8, 0xff, 0xff, 0xff, 
	0xc8, 0xff, 0xff, 0xff, 0xc2, 0xff, 0xff, 0xff, 
	0xc8, 0xff, 0xff, 0xff, 0xc2, 0xff, 0xff, 0xff, 
	0xc8, 0xff, 0xff, 0xff, 0xc8, 0xff, 0xff, 0xff, 
	0xc6, 0xff, 0xff, 0xff, 0xc6, 0xff, 0xff, 0xff, 
	0xc0, 0xff, 0xff, 0xff, 0xc0, 0xff, 0xff, 0xff, 
	0xc0, 0xff, 0xff, 0xff, 0xc0, 0xff, 0xff, 0xff, 
	0xc0, 0xff, 0xff, 0xff, 0xc0, 0xff, 0xff, 0xff, 
	0xb5, 0xff, 0xff, 0xff, 0xba, 0xfd, 0xff, 0xff, 
	0xba, 0xfd, 0xff, 0xff, 0xba, 0xfd, 0xff, 0xff, 
	0xba, 0xf9, 0xfc, 0xff, 0xba, 0xf9, 0xfc, 0xff, 
	0xba, 0xf9, 0xfc, 0xff, 0xba, 0xf9, 0xfc, 0xff, 
	0xbd, 0xf3, 0xf7, 0xff, 0xb7, 0xf4, 0xf9, 0xff, 
	0xbd, 0xf3, 0xf7, 0xff, 0xb7, 0xf4, 0xf9, 0xff, 
	0xb5, 0xef, 0xf7, 0xff, 0xb5, 0xef, 0xf7, 0xff, 
	0xba, 0xeb, 0xee, 0xff, 0xc0, 0xe7, 0xe6, 0xff, 
	0xc3, 0xe3, 0xe1, 0xff, 0xc3, 0xe3, 0xe1, 0xff, 
	0xc3, 0xe3, 0xe1, 0xff, 0xc6, 0xe3, 0xd6, 0xff, 
	0xbd, 0xdf, 0xd6, 0xff, 0xc0, 0xd9, 0xd0, 0xff, 
	0xc3, 0xd4, 0xcb, 0xff, 0xc6, 0xcf, 0xc6, 0xff, 
	0xc3, 0xcf, 0xc8, 0xff, 0xc3, 0xcf, 0xc8, 0xff, 
	0xc0, 0xcb, 0xc2, 0xff, 0xc0, 0xcb, 0xc2, 0xff, 
	0xc0, 0xc8, 0xbd, 0xff, 0xc3, 0xc5, 0xbd, 0xff, 
	0xc6, 0xc3, 0xbd, 0xff, 0xc6, 0xc3, 0xbd, 0xff, 
	0xc3, 0xc6, 0xc0, 0xff, 0xc3, 0xc6, 0xc0, 0xff, 
	0xc3, 0xc6, 0xc0, 0xff, 0xc3, 0xc6, 0xc0, 0xff, 
	0xd0, 0xbc, 0xbd, 0xff, 0xd0, 0xbc, 0xbd, 0xff, 
	0xd0, 0xbc, 0xbd, 0xff, 0xd6, 0xbe, 0xbd, 0xff, 
	0xd0, 0xbc, 0xbd, 0xff, 0xd0, 0xbc, 0xbd, 0xff, 
	0xd0, 0xbc, 0xbd, 0xff, 0xd6, 0xbe, 0xbd, 0xff, 
	0xd3, 0xbb, 0xc3, 0xff, 0xd6, 0xbe, 0xc6, 0xff, 
	0xd3, 0xbb, 0xc3, 0xff, 0xd6, 0xbe, 0xc6, 0xff, 
	0xce, 0xb6, 0xc6, 0xff, 0xce, 0xb6, 0xc6, 0xff, 
	0xce, 0xb6, 0xc6, 0xff, 0xce, 0xb6, 0xc6, 0xff, 
	0xce, 0xb6, 0xc6, 0xff, 0xce, 0xb6, 0xc6, 0xff, 
	0xce, 0xb6, 0xc6, 0xff, 0xd0, 0xb4, 0xc3, 0xff, 
	0xd6, 0xb2, 0xc6, 0xff, 0xd6, 0xb2, 0xc6, 0xff, 
	0xd3, 0xae, 0xc0, 0xff, 0xd3, 0xae, 0xc0, 0xff, 
	0xd6, 0xa6, 0xc6, 0xff, 0xd6, 0xa3, 0xc0, 0xff, 
	0xd6, 0xa3, 0xc0, 0xff, 0xd6, 0x9e, 0xb5, 0xff, 
	0xde, 0x9e, 0xb5, 0xff, 0xde, 0x9c, 0xba, 0xff, 
	0xde, 0x9c, 0xba, 0xff, 0xde, 0x9a, 0xc6, 0xff, 
	0xde, 0x9a, 0xbd, 0xff, 0xde, 0x9a, 0xbd, 0xff, 
	0xde, 0x9a, 0xc2, 0xff, 0xde, 0x9a, 0xc8, 0xff, 
	0xde, 0x9e, 0xce, 0xff, 0xde, 0x9e, 0xce, 0xff, 
	0xde, 0x9e, 0xce, 0xff, 0xde, 0x9e, 0xce, 0xff, 
	0xe1, 0xa0, 0xd0, 0xff, 0xe1, 0xa0, 0xd0, 0xff, 
	0xe4, 0xa3, 0xd3, 0xff, 0xe7, 0xa6, 0xd6, 0xff, 
	0xef, 0xaa, 0xde, 0xff, 0xef, 0xaa, 0xde, 0xff, 
	0xef, 0xaa, 0xde, 0xff, 0xf1, 0xb0, 0xe3, 0xff, 
	0xff, 0xba, 0xef, 0xff, 0xff, 0xba, 0xef, 0xff, 
	0xff, 0xba, 0xef, 0xff, 0xff, 0xc6, 0xef, 0xff, 
	0xff, 0xdb, 0xef, 0xff, 0xff, 0xdb, 0xef, 0xff, 
	0xff, 0xe4, 0xf4, 0xff, 0xff, 0xed, 0xf9, 0xff, 
	0xff, 0xf3, 0xff, 0xff, 0xff, 0xf7, 0xff, 0xff, 
	0xff, 0xfb, 0xff, 0xff, 0xff, 0xfb, 0xff, 0xff, 
	0xff, 0xff, 0xff, 0xff, 0xff, 0xff, 0xff, 0xff, 
	0xf9, 0xff, 0xff, 0xff, 0xf4, 0xff, 0xff, 0xff, 
	0xf1, 0xff, 0xff, 0xff, 0xf1, 0xff, 0xff, 0xff, 
	0xf1, 0xff, 0xff, 0xff, 0xec, 0xff, 0xff, 0xff, 
	0xe7, 0xff, 0xff, 0xff, 0xe7, 0xff, 0xff, 0xff, 
	0xd6, 0xff, 0xff, 0xff, 0xd6, 0xff, 0xff, 0xff, 
	0xd6, 0xff, 0xff, 0xff, 0xce, 0xff, 0xff, 0xff, 
	0xd6, 0xff, 0xff, 0xff, 0xd6, 0xff, 0xff, 0xff, 
	0xce, 0xff, 0xff, 0xff, 0xce, 0xff, 0xff, 0xff, 
	0xc8, 0xff, 0xff, 0xff, 0xc2, 0xff, 0xff, 0xff, 
	0xc6, 0xff, 0xff, 0xff, 0xc8, 0xff, 0xff, 0xff, 
	0xc8, 0xff, 0xff, 0xff, 0xcb, 0xff, 0xff, 0xff, 
	0xc6, 0xff, 0xff, 0xff, 0xc3, 0xff, 0xff, 0xff, 
	0xc0, 0xff, 0xff, 0xff, 0xc3, 0xff, 0xff, 0xff, 
	0xc0, 0xff, 0xff, 0xff, 0xc0, 0xff, 0xff, 0xff, 
	0xc0, 0xff, 0xff, 0xff, 0xc0, 0xff, 0xff, 0xff, 
	0xbd, 0xfb, 0xff, 0xff, 0xba, 0xfc, 0xff, 0xff, 
	0xba, 0xfc, 0xff, 0xff, 0xba, 0xfc, 0xff, 0xff, 
	0xb7, 0xf7, 0xfc, 0xff, 0xba, 0xf7, 0xf9, 0xff, 
	0xba, 0xf7, 0xf9, 0xff, 0xbd, 0xf7, 0xf7, 0xff, 
	0xbd, 0xf3, 0xf7, 0xff, 0xbd, 0xf3, 0xf7, 0xff, 
	0xbd, 0xf3, 0xf7, 0xff, 0xbd, 0xf3, 0xf7, 0xff, 
	0xc0, 0xef, 0xf1, 0xff, 0xc0, 0xef, 0xf1, 0xff, 
	0xc3, 0xeb, 0xec, 0xff, 0xc3, 0xeb, 0xec, 0xff, 
	0xc6, 0xe3, 0xe1, 0xff, 0xc6, 0xe3, 0xe1, 0xff, 
	0xc6, 0xe3, 0xdb, 0xff, 0xc6, 0xe3, 0xdb, 0xff, 
	0xc6, 0xdf, 0xd6, 0xff, 0xc8, 0xd8, 0xd0, 0xff, 
	0xcb, 0xd1, 0xcb, 0xff, 0xcb, 0xd1, 0xcb, 0xff, 
	0xcb, 0xd1, 0xc8, 0xff, 0xc8, 0xd0, 0xc2, 0xff, 
	0xc8, 0xd0, 0xc2, 0xff, 0xc6, 0xcf, 0xbd, 0xff, 
	0xc8, 0xc8, 0xbd, 0xff, 0xc8, 0xc8, 0xbd, 0xff, 
	0xc8, 0xc8, 0xbd, 0xff, 0xc8, 0xc8, 0xbd, 0xff, 
	0xc8, 0xc5, 0xc2, 0xff, 0xc8, 0xc5, 0xc2, 0xff, 
	0xc8, 0xc5, 0xc2, 0xff, 0xc6, 0xc7, 0xbd, 0xff, 
	0xc6, 0xc7, 0xbd, 0xff, 0xd0, 0xc1, 0xc3, 0xff, 
	0xd0, 0xc1, 0xc3, 0xff, 0xd6, 0xbe, 0xc6, 0xff, 
	0xd6, 0xbe, 0xbd, 0xff, 0xd8, 0xbf, 0xbd, 0xff, 
	0xd8, 0xbf, 0xbd, 0xff, 0xd6, 0xbe, 0xbd, 0xff, 
	0xd3, 0xc1, 0xc2, 0xff, 0xd0, 0xbf, 0xc8, 0xff, 
	0xd0, 0xbf, 0xc8, 0xff, 0xd0, 0xbf, 0xc8, 0xff, 
	0xc8, 0xbb, 0xcb, 0xff, 0xcb, 0xbc, 0xc8, 0xff, 
	0xce, 0xbe, 0xc6, 0xff, 0xcb, 0xbc, 0xc8, 0xff, 
	0xcb, 0xbe, 0xc0, 0xff, 0xd0, 0xba, 0xc3, 0xff, 
	0xd0, 0xba, 0xc3, 0xff, 0xd6, 0xb6, 0xc6, 0xff, 
	0xd6, 0xb0, 0xc8, 0xff, 0xd6, 0xb0, 0xc8, 0xff, 
	0xd6, 0xaf, 0xc2, 0xff, 0xd6, 0xaf, 0xc2, 0xff, 
	0xd6, 0xaa, 0xc3, 0xff, 0xd6, 0xa6, 0xc0, 0xff, 
	0xd6, 0xa2, 0xbd, 0xff, 0xd6, 0xa2, 0xbd, 0xff, 
	0xd6, 0x9e, 0xb5, 0xff, 0xd6, 0xa0, 0xcb, 0xff, 
	0xd6, 0x9f, 0xc0, 0xff, 0xd6, 0x9f, 0xc0, 0xff, 
	0xdb, 0x9a, 0xc8, 0xff, 0xdb, 0x9a, 0xc8, 0xff, 
	0xdb, 0x9a, 0xc8, 0xff, 0xdb, 0x9a, 0xc8, 0xff, 
	0xd9, 0x9c, 0xd3, 0xff, 0xd9, 0x9c, 0xd3, 0xff, 
	0xe4, 0x9b, 0xd0, 0xff, 0xe4, 0x9b, 0xd0, 0xff, 
	0xe7, 0x9e, 0xce, 0xff, 0xe7, 0x9e, 0xce, 0xff, 
	0xe7, 0x9e, 0xce, 0xff, 0xec, 0x96, 0xd8, 0xff, 
	0xef, 0xa2, 0xde, 0xff, 0xef, 0xa7, 0xe1, 0xff, 
	0xef, 0xac, 0xe4, 0xff, 0xef, 0xb2, 0xe7, 0xff, 
	0xf4, 0xb7, 0xe9, 0xff, 0xf4, 0xb7, 0xe9, 0xff, 
	0xf7, 0xbe, 0xef, 0xff, 0xf7, 0xbe, 0xef, 0xff, 
	0xf9, 0xc7, 0xef, 0xff, 0xfc, 0xd1, 0xf7, 0xff, 
	0xff, 0xdb, 0xff, 0xff, 0xff, 0xdb, 0xff, 0xff, 
	0xff, 0xe9, 0xff, 0xff, 0xff, 0xe9, 0xff, 0xff, 
	0xff, 0xf3, 0xff, 0xff, 0xff, 0xf3, 0xff, 0xff, 
	0xf9, 0xff, 0xff, 0xff, 0xf4, 0xff, 0xff, 0xff, 
	0xf4, 0xff, 0xff, 0xff, 0xf4, 0xff, 0xff, 0xff, 
	0xf1, 0xff, 0xff, 0xff, 0xf1, 0xff, 0xff, 0xff, 
	0xec, 0xff, 0xff, 0xff, 0xe7, 0xff, 0xff, 0xff, 
	0xe7, 0xff, 0xff, 0xff, 0xde, 0xff, 0xff, 0xff, 
	0xd6, 0xff, 0xff, 0xff, 0xd6, 0xff, 0xff, 0xff, 
	0xce, 0xff, 0xff, 0xff, 0xce, 0xff, 0xff, 0xff, 
	0xce, 0xff, 0xff, 0xff, 0xce, 0xff, 0xff, 0xff, 
	0xce, 0xff, 0xff, 0xff, 0xce, 0xff, 0xff, 0xff, 
	0xc2, 0xff, 0xff, 0xff, 0xc2, 0xff, 0xff, 0xff, 
	0xc6, 0xff, 0xff, 0xff, 0xc8, 0xff, 0xff, 0xff, 
	0xc6, 0xff, 0xff, 0xff, 0xc6, 0xff, 0xff, 0xff, 
	0xc6, 0xff, 0xff, 0xff, 0xc3, 0xff, 0xff, 0xff, 
	0xc0, 0xff, 0xff, 0xff, 0xc0, 0xff, 0xff, 0xff, 
	0xc0, 0xff, 0xff, 0xff, 0xc0, 0xff, 0xff, 0xff, 
	0xc0, 0xff, 0xff, 0xff, 0xc0, 0xff, 0xff, 0xff, 
	0xbd, 0xfb, 0xff, 0xff, 0xb7, 0xfd, 0xff, 0xff, 
	0xba, 0xfc, 0xff, 0xff, 0xbd, 0xfb, 0xff, 0xff, 
	0xb7, 0xf7, 0xfc, 0xff, 0xba, 0xf7, 0xf9, 0xff, 
	0xba, 0xf7, 0xf9, 0xff, 0xbd, 0xf7, 0xf7, 0xff, 
	0xbd, 0xf3, 0xf7, 0xff, 0xbd, 0xf0, 0xfc, 0xff, 
	0xbd, 0xef, 0xff, 0xff, 0xbd, 0xf1, 0xf9, 0xff, 
	0xbd, 0xf3, 0xf7, 0xff, 0xc0, 0xef, 0xf1, 0xff, 
	0xc0, 0xef, 0xf1, 0xff, 0xc6, 0xe7, 0xe7, 0xff, 
	0xc6, 0xe3, 0xe1, 0xff, 0xc6, 0xe3, 0xdb, 0xff, 
	0xc6, 0xe3, 0xdb, 0xff, 0xc6, 0xe3, 0xdb, 0xff, 
	0xc6, 0xdf, 0xd6, 0xff, 0xc8, 0xd8, 0xd0, 0xff, 
	0xc8, 0xd8, 0xd0, 0xff, 0xcb, 0xd1, 0xcb, 0xff, 
	0xcb, 0xd1, 0xc8, 0xff, 0xcb, 0xd1, 0xc8, 0xff, 
	0xc8, 0xd0, 0xc2, 0xff, 0xc6, 0xcf, 0xbd, 0xff, 
	0xc6, 0xd3, 0xbd, 0xff, 0xc8, 0xc8, 0xbd, 0xff, 
	0xc8, 0xc8, 0xbd, 0xff, 0xc8, 0xc8, 0xbd, 0xff, 
	0xc8, 0xc5, 0xc2, 0xff, 0xc8, 0xc5, 0xc2, 0xff, 
	0xc8, 0xc5, 0xc2, 0xff, 0xc8, 0xc5, 0xc2, 0xff, 
	0xcb, 0xc4, 0xc0, 0xff, 0xd0, 0xc1, 0xc3, 0xff, 
	0xd0, 0xc1, 0xc3, 0xff, 0xd6, 0xbe, 0xc6, 0xff, 
	0xd8, 0xbf, 0xbd, 0xff, 0xd8, 0xbf, 0xbd, 0xff, 
	0xd8, 0xbf, 0xbd, 0xff, 0xdb, 0xc1, 0xbd, 0xff, 
	0xd3, 0xc1, 0xc2, 0xff, 0xd0, 0xbf, 0xc8, 0xff, 
	0xd0, 0xbf, 0xc8, 0xff, 0xd0, 0xbf, 0xc8, 0xff, 
	0xcb, 0xbc, 0xc8, 0xff, 0xcb, 0xbc, 0xc8, 0xff, 
	0xce, 0xbe, 0xc6, 0xff, 0xcb, 0xbc, 0xc8, 0xff, 
	0xcb, 0xbe, 0xc0, 0xff, 0xd0, 0xba, 0xc3, 0xff, 
	0xd0, 0xba, 0xc3, 0xff, 0xd6, 0xb6, 0xc6, 0xff, 
	0xd6, 0xb0, 0xc8, 0xff, 0xd6, 0xb0, 0xc8, 0xff, 
	0xd6, 0xb0, 0xc8, 0xff, 0xd6, 0xb0, 0xc8, 0xff, 
	0xd6, 0xaa, 0xc3, 0xff, 0xd6, 0xaa, 0xc3, 0xff, 
	0xd6, 0xa6, 0xc0, 0xff, 0xd6, 0xa6, 0xc0, 0xff, 
	0xd6, 0x9f, 0xc0, 0xff, 0xd6, 0xa0, 0xcb, 0xff, 
	0xd6, 0xa0, 0xcb, 0xff, 0xd6, 0xa0, 0xcb, 0xff, 
	0xdb, 0x9a, 0xc8, 0xff, 0xd8, 0x9e, 0xc2, 0xff, 
	0xdb, 0x9a, 0xc8, 0xff, 0xdb, 0x9a, 0xc8, 0xff, 
	0xd9, 0x9c, 0xd3, 0xff, 0xe4, 0x9b, 0xd0, 0xff, 
	0xef, 0x9a, 0xce, 0xff, 0xef, 0x9a, 0xce, 0xff, 
	0xe9, 0x9a, 0xd3, 0xff, 0xe9, 0x9a, 0xd3, 0xff, 
	0xe9, 0x9a, 0xd3, 0xff, 0xec, 0x96, 0xd8, 0xff, 
	0xef, 0xa2, 0xde, 0xff, 0xef, 0xa7, 0xe1, 0xff, 
	0xef, 0xac, 0xe4, 0xff, 0xef, 0xac, 0xe4, 0xff, 
	0xf1, 0xb0, 0xe3, 0xff, 0xf1, 0xb0, 0xe3, 0xff, 
	0xf4, 0xb7, 0xe9, 0xff, 0xf7, 0xbe, 0xef, 0xff, 
	0xf9, 0xc7, 0xef, 0xff, 0xf9, 0xc7, 0xef, 0xff, 
	0xfc, 0xd1, 0xf7, 0xff, 0xff, 0xdb, 0xff, 0xff, 
	0xff, 0xe0, 0xff, 0xff, 0xff, 0xe0, 0xff, 0xff, 
	0xff, 0xe9, 0xff, 0xff, 0xff, 0xe9, 0xff, 0xff, 
	0xf9, 0xff, 0xff, 0xff, 0xf4, 0xff, 0xff, 0xff, 
	0xf4, 0xff, 0xff, 0xff, 0xf4, 0xff, 0xff, 0xff, 
	0xec, 0xff, 0xff, 0xff, 0xec, 0xff, 0xff, 0xff, 
	0xe7, 0xff, 0xff, 0xff, 0xe7, 0xff, 0xff, 0xff, 
	0xe7, 0xff, 0xff, 0xff, 0xde, 0xff, 0xff, 0xff, 
	0xd6, 0xff, 0xff, 0xff, 0xce, 0xff, 0xff, 0xff, 
	0xce, 0xff, 0xff, 0xff, 0xce, 0xff, 0xff, 0xff, 
	0xce, 0xff, 0xff, 0xff, 0xce, 0xff, 0xff, 0xff, 
	0xce, 0xff, 0xff, 0xff, 0xc8, 0xff, 0xff, 0xff, 
	0xc8, 0xff, 0xff, 0xff, 0xc8, 0xff, 0xff, 0xff, 
	0xc6, 0xff, 0xff, 0xff, 0xc8, 0xff, 0xff, 0xff, 
	0xc6, 0xff, 0xff, 0xff, 0xc6, 0xff, 0xff, 0xff, 
	0xc3, 0xff, 0xff, 0xff, 0xc0, 0xff, 0xff, 0xff, 
	0xc0, 0xff, 0xff, 0xff, 0xc0, 0xff, 0xff, 0xff, 
	0xc0, 0xff, 0xff, 0xff, 0xc0, 0xff, 0xff, 0xff, 
	0xba, 0xff, 0xff, 0xff, 0xba, 0xff, 0xff, 0xff, 
	0xb7, 0xfd, 0xff, 0xff, 0xba, 0xfc, 0xff, 0xff, 
	0xba, 0xfc, 0xff, 0xff, 0xbd, 0xfb, 0xff, 0xff, 
	0xb7, 0xf7, 0xfc, 0xff, 0xba, 0xf7, 0xf9, 0xff, 
	0xba, 0xf7, 0xf9, 0xff, 0xba, 0xf7, 0xf9, 0xff, 
	0xbd, 0xf1, 0xf9, 0xff, 0xbd, 0xef, 0xff, 0xff, 
	0xbd, 0xef, 0xff, 0xff, 0xbd, 0xef, 0xff, 0xff, 
	0xbd, 0xf3, 0xf7, 0xff, 0xc0, 0xef, 0xf1, 0xff, 
	0xc6, 0xe7, 0xe7, 0xff, 0xc6, 0xe7, 0xe7, 0xff, 
	0xc6, 0xe3, 0xe1, 0xff, 0xc6, 0xe3, 0xe1, 0xff, 
	0xc6, 0xe3, 0xdb, 0xff, 0xc6, 0xe3, 0xd6, 0xff, 
	0xc6, 0xdf, 0xd6, 0xff, 0xc8, 0xd8, 0xd0, 0xff, 
	0xc8, 0xd8, 0xd0, 0xff, 0xc8, 0xd8, 0xd0, 0xff, 
	0xcb, 0xd1, 0xc8, 0xff, 0xcb, 0xd1, 0xc8, 0xff, 
	0xcb, 0xd1, 0xc8, 0xff, 0xc6, 0xcf, 0xbd, 0xff, 
	0xc6, 0xd3, 0xbd, 0xff, 0xc6, 0xd3, 0xbd, 0xff, 
	0xc8, 0xc8, 0xbd, 0xff, 0xc8, 0xc8, 0xbd, 0xff, 
	0xc8, 0xc5, 0xc2, 0xff, 0xc8, 0xc5, 0xc2, 0xff, 
	0xc8, 0xc5, 0xc2, 0xff, 0xc8, 0xc5, 0xc2, 0xff, 
	0xd0, 0xc1, 0xc3, 0xff, 0xd6, 0xbe, 0xc6, 0xff, 
	0xd6, 0xbe, 0xc6, 0xff, 0xd6, 0xbe, 0xc6, 0xff, 
	0xdb, 0xc1, 0xbd, 0xff, 0xd8, 0xbf, 0xbd, 0xff, 
	0xde, 0xc3, 0xbd, 0xff, 0xde, 0xc3, 0xbd, 0xff, 
	0xd3, 0xc1, 0xc2, 0xff, 0xd0, 0xbf, 0xc8, 0xff, 
	0xd0, 0xbf, 0xc8, 0xff, 0xd0, 0xbf, 0xc8, 0xff, 
	0xcb, 0xbc, 0xc8, 0xff, 0xcb, 0xbc, 0xc8, 0xff, 
	0xce, 0xbe, 0xc6, 0xff, 0xce, 0xbe, 0xc6, 0xff, 
	0xd0, 0xba, 0xc3, 0xff, 0xd0, 0xba, 0xc3, 0xff, 
	0xd6, 0xb6, 0xc6, 0xff, 0xd6, 0xb6, 0xc6, 0xff, 
	0xd6, 0xb0, 0xc8, 0xff, 0xd6, 0xaf, 0xc2, 0xff, 
	0xd6, 0xb0, 0xc8, 0xff, 0xd6, 0xb0, 0xc8, 0xff, 
	0xd6, 0xaa, 0xc3, 0xff, 0xd6, 0xaa, 0xc3, 0xff, 
	0xd6, 0xa6, 0xc0, 0xff, 0xd6, 0xa6, 0xc0, 0xff, 
	0xd6, 0x9f, 0xc0, 0xff, 0xd6, 0xa0, 0xcb, 0xff, 
	0xd6, 0xa0, 0xcb, 0xff, 0xd6, 0xa0, 0xcb, 0xff, 
	0xd6, 0xa2, 0xbd, 0xff, 0xd8, 0x9e, 0xc2, 0xff, 
	0xd8, 0x9e, 0xc2, 0xff, 0xdb, 0x9a, 0xc8, 0xff, 
	0xd9, 0x9c, 0xd3, 0xff, 0xe4, 0x9b, 0xd0, 0xff, 
	0xe4, 0x9b, 0xd0, 0xff, 0xe4, 0x9b, 0xd0, 0xff, 
	0xe9, 0x9a, 0xd3, 0xff, 0xec, 0x96, 0xd8, 0xff, 
	0xec, 0x96, 0xd8, 0xff, 0xec, 0x96, 0xd8, 0xff, 
	0xef, 0xa2, 0xde, 0xff, 0xef, 0xa2, 0xde, 0xff, 
	0xef, 0xa7, 0xe1, 0xff, 0xef, 0xac, 0xe4, 0xff, 
	0xf1, 0xb0, 0xe3, 0xff, 0xf1, 0xb0, 0xe3, 0xff, 
	0xf1, 0xb0, 0xe3, 0xff, 0xf4, 0xb7, 0xe9, 0xff, 
	0xf7, 0xbe, 0xe7, 0xff, 0xf9, 0xc7, 0xef, 0xff, 
	0xfc, 0xd1, 0xf7, 0xff, 0xfc, 0xd1, 0xf7, 0xff, 
	0xff, 0xd7, 0xff, 0xff, 0xff, 0xe0, 0xff, 0xff, 
	0xff, 0xe0, 0xff, 0xff, 0xff, 0xe0, 0xff, 0xff, 
	0xf4, 0xff, 0xff, 0xff, 0xf4, 0xff, 0xff, 0xff, 
	0xf4, 0xff, 0xff, 0xff, 0xef, 0xff, 0xff, 0xff, 
	0xec, 0xff, 0xff, 0xff, 0xec, 0xff, 0xff, 0xff, 
	0xe7, 0xff, 0xff, 0xff, 0xe7, 0xff, 0xff, 0xff, 
	0xe7, 0xff, 0xff, 0xff, 0xde, 0xff, 0xff, 0xff, 
	0xd6, 0xff, 0xff, 0xff, 0xce, 0xff, 0xff, 0xff, 
	0xc6, 0xff, 0xff, 0xff, 0xce, 0xff, 0xff, 0xff, 
	0xce, 0xff, 0xff, 0xff, 0xce, 0xff, 0xff, 0xff, 
	0xce, 0xff, 0xff, 0xff, 0xc8, 0xff, 0xff, 0xff, 
	0xc8, 0xff, 0xff, 0xff, 0xc8, 0xff, 0xff, 0xff, 
	0xcb, 0xff, 0xff, 0xff, 0xc6, 0xff, 0xff, 0xff, 
	0xc6, 0xff, 0xff, 0xff, 0xc6, 0xff, 0xff, 0xff, 
	0xc3, 0xff, 0xff, 0xff, 0xc0, 0xff, 0xff, 0xff, 
	0xc0, 0xff, 0xff, 0xff, 0xc0, 0xff, 0xff, 0xff, 
	0xc0, 0xff, 0xff, 0xff, 0xc0, 0xff, 0xff, 0xff, 
	0xba, 0xff, 0xff, 0xff, 0xba, 0xff, 0xff, 0xff, 
	0xbd, 0xfb, 0xff, 0xff, 0xbd, 0xfb, 0xff, 0xff, 
	0xbd, 0xfb, 0xff, 0xff, 0xbd, 0xfb, 0xff, 0xff, 
	0xb7, 0xf7, 0xfc, 0xff, 0xb7, 0xf7, 0xfc, 0xff, 
	0xbd, 0xf7, 0xf7, 0xff, 0xba, 0xf7, 0xf9, 0xff, 
	0xbd, 0xf1, 0xf9, 0xff, 0xbd, 0xef, 0xff, 0xff, 
	0xbd, 0xef, 0xff, 0xff, 0xbd, 0xf0, 0xfc, 0xff, 
	0xbd, 0xf3, 0xf7, 0xff, 0xc0, 0xef, 0xf1, 0xff, 
	0xc3, 0xeb, 0xec, 0xff, 0xc3, 0xeb, 0xec, 0xff, 
	0xc6, 0xe3, 0xe7, 0xff, 0xc6, 0xe3, 0xe1, 0xff, 
	0xc6, 0xe3, 0xdb, 0xff, 0xc6, 0xe3, 0xdb, 0xff, 
	0xc6, 0xdf, 0xd6, 0xff, 0xc6, 0xdf, 0xd6, 0xff, 
	0xc8, 0xd8, 0xd0, 0xff, 0xc8, 0xd8, 0xd0, 0xff, 
	0xcb, 0xd1, 0xc8, 0xff, 0xcb, 0xd1, 0xc8, 0xff, 
	0xcb, 0xd1, 0xc8, 0xff, 0xc8, 0xd0, 0xc2, 0xff, 
	0xc6, 0xd3, 0xbd, 0xff, 0xc6, 0xd3, 0xbd, 0xff, 
	0xc8, 0xc8, 0xbd, 0xff, 0xc8, 0xc8, 0xbd, 0xff, 
	0xc8, 0xc5, 0xc2, 0xff, 0xcb, 0xc4, 0xc8, 0xff, 
	0xcb, 0xc4, 0xc8, 0xff, 0xc8, 0xc5, 0xc2, 0xff, 
	0xd0, 0xc1, 0xc3, 0xff, 0xd6, 0xbe, 0xc6, 0xff, 
	0xd6, 0xbe, 0xc6, 0xff, 0xd6, 0xbe, 0xc6, 0xff, 
	0xdb, 0xc1, 0xbd, 0xff, 0xde, 0xc3, 0xbd, 0xff, 
	0xde, 0xc3, 0xbd, 0xff, 0xd8, 0xbf, 0xbd, 0xff, 
	0xd3, 0xc1, 0xc2, 0xff, 0xd0, 0xbf, 0xc8, 0xff, 
	0xd0, 0xbf, 0xc8, 0xff, 0xd0, 0xbf, 0xc8, 0xff, 
	0xcb, 0xbc, 0xc8, 0xff, 0xcb, 0xbc, 0xc8, 0xff, 
	0xce, 0xbe, 0xc6, 0xff, 0xce, 0xbe, 0xc6, 0xff, 
	0xcb, 0xbe, 0xc0, 0xff, 0xd0, 0xba, 0xc3, 0xff, 
	0xd6, 0xb6, 0xc6, 0xff, 0xd6, 0xb6, 0xc6, 0xff, 
	0xd6, 0xb0, 0xc8, 0xff, 0xd6, 0xb0, 0xc8, 0xff, 
	0xd6, 0xb0, 0xc8, 0xff, 0xd6, 0xaf, 0xc2, 0xff, 
	0xd6, 0xaa, 0xc3, 0xff, 0xd6, 0xaa, 0xc3, 0xff, 
	0xd6, 0xa6, 0xc0, 0xff, 0xd6, 0xa6, 0xc0, 0xff, 
	0xd6, 0x9f, 0xc0, 0xff, 0xd6, 0xa0, 0xcb, 0xff, 
	0xd6, 0xa0, 0xcb, 0xff, 0xd6, 0xa0, 0xcb, 0xff, 
	0xd8, 0x9e, 0xc2, 0xff, 0xd8, 0x9e, 0xc2, 0xff, 
	0xd8, 0x9e, 0xc2, 0xff, 0xde, 0x96, 0xce, 0xff, 
	0xe4, 0x9b, 0xd0, 0xff, 0xe4, 0x9b, 0xd0, 0xff, 
	0xef, 0x9a, 0xce, 0xff, 0xef, 0x9a, 0xce, 0xff, 
	0xe9, 0x9a, 0xd3, 0xff, 0xec, 0x96, 0xd8, 0xff, 
	0xef, 0x92, 0xde, 0xff, 0xec, 0x96, 0xd8, 0xff, 
	0xef, 0xa2, 0xde, 0xff, 0xef, 0xa2, 0xde, 0xff, 
	0xef, 0xa2, 0xde, 0xff, 0xef, 0xa7, 0xe1, 0xff, 
	0xef, 0xaa, 0xde, 0xff, 0xf1, 0xb0, 0xe3, 0xff, 
	0xf1, 0xb0, 0xe3, 0xff, 0xf4, 0xb7, 0xe9, 0xff, 
	0xf7, 0xbe, 0xe7, 0xff, 0xf9, 0xc7, 0xef, 0xff, 
	0xf9, 0xc7, 0xef, 0xff, 0xfc, 0xd1, 0xf7, 0xff, 
	0xff, 0xd7, 0xff, 0xff, 0xff, 0xe0, 0xff, 0xff, 
	0xff, 0xe0, 0xff, 0xff, 0xff, 0xe0, 0xff, 0xff, 
	0xf1, 0xff, 0xff, 0xff, 0xf1, 0xff, 0xff, 0xff, 
	0xec, 0xff, 0xff, 0xff, 0xec, 0xff, 0xff, 0xff, 
	0xe9, 0xff, 0xff, 0xff, 0xe3, 0xff, 0xff, 0xff, 
	0xe3, 0xff, 0xff, 0xff, 0xe3, 0xff, 0xff, 0xff, 
	0xe1, 0xff, 0xff, 0xff, 0xe1, 0xff, 0xff, 0xff, 
	0xd6, 0xff, 0xff, 0xff, 0xd6, 0xff, 0xff, 0xff, 
	0xd3, 0xff, 0xff, 0xff, 0xd6, 0xff, 0xff, 0xff, 
	0xd3, 0xff, 0xff, 0xff, 0xce, 0xff, 0xff, 0xff, 
	0xcb, 0xff, 0xff, 0xff, 0xcb, 0xff, 0xff, 0xff, 
	0xcb, 0xff, 0xff, 0xff, 0xc6, 0xff, 0xff, 0xff, 
	0xcb, 0xff, 0xff, 0xff, 0xcb, 0xff, 0xff, 0xff, 
	0xcb, 0xff, 0xff, 0xff, 0xc6, 0xff, 0xff, 0xff, 
	0xc8, 0xfc, 0xff, 0xff, 0xc8, 0xfc, 0xff, 0xff, 
	0xc8, 0xfc, 0xff, 0xff, 0xc2, 0xfd, 0xff, 0xff, 
	0xc0, 0xff, 0xff, 0xff, 0xbd, 0xff, 0xff, 0xff, 
	0xbd, 0xff, 0xff, 0xff, 0xbd, 0xff, 0xff, 0xff, 
	0xc0, 0xf7, 0xfc, 0xff, 0xbd, 0xfb, 0xff, 0xff, 
	0xbd, 0xfb, 0xff, 0xff, 0xc0, 0xf7, 0xfc, 0xff, 
	0xbd, 0xf3, 0xff, 0xff, 0xba, 0xf4, 0xfc, 0xff, 
	0xb7, 0xf5, 0xf9, 0xff, 0xba, 0xf4, 0xfc, 0xff, 
	0xbd, 0xef, 0xff, 0xff, 0xbd, 0xef, 0xff, 0xff, 
	0xbd, 0xef, 0xff, 0xff, 0xbd, 0xef, 0xff, 0xff, 
	0xc6, 0xf0, 0xf9, 0xff, 0xc6, 0xed, 0xf4, 0xff, 
	0xc6, 0xeb, 0xef, 0xff, 0xc6, 0xeb, 0xef, 0xff, 
	0xc8, 0xe4, 0xe3, 0xff, 0xc8, 0xe4, 0xe3, 0xff, 
	0xc8, 0xe4, 0xe3, 0xff, 0xc8, 0xe4, 0xe3, 0xff, 
	0xc6, 0xdf, 0xd8, 0xff, 0xc6, 0xdf, 0xd8, 0xff, 
	0xc6, 0xdb, 0xd3, 0xff, 0xc6, 0xd7, 0xce, 0xff, 
	0xc6, 0xd7, 0xce, 0xff, 0xc6, 0xd7, 0xce, 0xff, 
	0xc6, 0xd7, 0xce, 0xff, 0xc6, 0xd7, 0xce, 0xff, 
	0xc6, 0xcf, 0xc6, 0xff, 0xc6, 0xcf, 0xc6, 0xff, 
	0xc6, 0xcf, 0xc6, 0xff, 0xc6, 0xcf, 0xc6, 0xff, 
	0xd0, 0xc6, 0xc3, 0xff, 0xd0, 0xc6, 0xc3, 0xff, 
	0xd0, 0xc6, 0xc3, 0xff, 0xd3, 0xc2, 0xc0, 0xff, 
	0xd6, 0xc1, 0xc0, 0xff, 0xd6, 0xc1, 0xc0, 0xff, 
	0xd6, 0xc1, 0xc0, 0xff, 0xd6, 0xc4, 0xc3, 0xff, 
	0xd6, 0xc2, 0xc0, 0xff, 0xd6, 0xc6, 0xc3, 0xff, 
	0xd6, 0xc2, 0xc0, 0xff, 0xd6, 0xc2, 0xc0, 0xff, 
	0xd6, 0xc7, 0xc6, 0xff, 0xd3, 0xc2, 0xcb, 0xff, 
	0xd3, 0xc2, 0xcb, 0xff, 0xd3, 0xc2, 0xcb, 0xff, 
	0xce, 0xbe, 0xce, 0xff, 0xce, 0xbf, 0xcb, 0xff, 
	0xce, 0xc1, 0xc8, 0xff, 0xce, 0xc1, 0xc8, 0xff, 
	0xd0, 0xbc, 0xc2, 0xff, 0xd3, 0xbb, 0xc8, 0xff, 
	0xd3, 0xbb, 0xc8, 0xff, 0xd3, 0xbb, 0xc8, 0xff, 
	0xd6, 0xb6, 0xc8, 0xff, 0xd6, 0xb6, 0xc8, 0xff, 
	0xd6, 0xb2, 0xc2, 0xff, 0xd6, 0xb2, 0xc2, 0xff, 
	0xd3, 0xaf, 0xc6, 0xff, 0xd6, 0xaa, 0xc6, 0xff, 
	0xd6, 0xaa, 0xc6, 0xff, 0xd6, 0xaa, 0xc6, 0xff, 
	0xd6, 0xa3, 0xcb, 0xff, 0xd6, 0xa4, 0xc8, 0xff, 
	0xd6, 0xa3, 0xcb, 0xff, 0xd6, 0xa6, 0xc6, 0xff, 
	0xd3, 0xa4, 0xc6, 0xff, 0xd8, 0xa3, 0xc6, 0xff, 
	0xde, 0xa2, 0xc6, 0xff, 0xde, 0xa2, 0xc6, 0xff, 
	0xe1, 0x9a, 0xd0, 0xff, 0xe1, 0x9a, 0xd0, 0xff, 
	0xe1, 0x9a, 0xd0, 0xff, 0xe7, 0x96, 0xd6, 0xff, 
	0xee, 0x94, 0xd0, 0xff, 0xee, 0x94, 0xd0, 0xff, 
	0xee, 0x94, 0xd0, 0xff, 0xe6, 0x97, 0xd3, 0xff, 
	0xe3, 0x9c, 0xdb, 0xff, 0xe9, 0x9f, 0xe1, 0xff, 
	0xef, 0xa2, 0xe7, 0xff, 0xef, 0xa2, 0xe7, 0xff, 
	0xf1, 0xac, 0xe7, 0xff, 0xf7, 0xb2, 0xe7, 0xff, 
	0xf7, 0xb2, 0xe7, 0xff, 0xf7, 0xb2, 0xe7, 0xff, 
	0xf9, 0xbb, 0xef, 0xff, 0xfc, 0xc1, 0xf7, 0xff, 
	0xfc, 0xc1, 0xf7, 0xff, 0xff, 0xc7, 0xff, 0xff, 
	0xff, 0xd4, 0xfc, 0xff, 0xff, 0xdf, 0xff, 0xff, 
	0xff, 0xdf, 0xff, 0xff, 0xff, 0xdf, 0xff, 0xff, 
	0xf7, 0xff, 0xff, 0xff, 0xf7, 0xff, 0xff, 0xff, 
	0xf7, 0xff, 0xff, 0xff, 0xec, 0xff, 0xff, 0xff, 
	0xe9, 0xff, 0xff, 0xff, 0xe3, 0xff, 0xff, 0xff, 
	0xe3, 0xff, 0xff, 0xff, 0xe3, 0xff, 0xff, 0xff, 
	0xe1, 0xff, 0xff, 0xff, 0xdb, 0xff, 0xff, 0xff, 
	0xd6, 0xff, 0xff, 0xff, 0xd6, 0xff, 0xff, 0xff, 
	0xd6, 0xff, 0xff, 0xff, 0xd3, 0xff, 0xff, 0xff, 
	0xd3, 0xff, 0xff, 0xff, 0xd3, 0xff, 0xff, 0xff, 
	0xc6, 0xff, 0xff, 0xff, 0xd0, 0xff, 0xff, 0xff, 
	0xd0, 0xff, 0xff, 0xff, 0xcb, 0xff, 0xff, 0xff, 
	0xcb, 0xff, 0xff, 0xff, 0xcb, 0xff, 0xff, 0xff, 
	0xcb, 0xff, 0xff, 0xff, 0xc6, 0xff, 0xff, 0xff, 
	0xc8, 0xfc, 0xff, 0xff, 0xc8, 0xfc, 0xff, 0xff, 
	0xc8, 0xfc, 0xff, 0xff, 0xc8, 0xfc, 0xff, 0xff, 
	0xc3, 0xff, 0xff, 0xff, 0xc3, 0xff, 0xff, 0xff, 
	0xbd, 0xff, 0xff, 0xff, 0xbd, 0xff, 0xff, 0xff, 
	0xc0, 0xf7, 0xfc, 0xff, 0xc0, 0xf7, 0xfc, 0xff, 
	0xc0, 0xf7, 0xfc, 0xff, 0xc3, 0xf3, 0xf9, 0xff, 
	0xbd, 0xf3, 0xff, 0xff, 0xbd, 0xf3, 0xff, 0xff, 
	0xba, 0xf4, 0xfc, 0xff, 0xba, 0xf4, 0xfc, 0xff, 
	0xc0, 0xf4, 0xfc, 0xff, 0xc0, 0xf4, 0xfc, 0xff, 
	0xbd, 0xef, 0xff, 0xff, 0xbd, 0xef, 0xff, 0xff, 
	0xc6, 0xf0, 0xf9, 0xff, 0xc6, 0xf0, 0xf9, 0xff, 
	0xc6, 0xed, 0xf4, 0xff, 0xc6, 0xeb, 0xef, 0xff, 
	0xc8, 0xe4, 0xe3, 0xff, 0xc2, 0xe5, 0xe9, 0xff, 
	0xc8, 0xe4, 0xe3, 0xff, 0xc8, 0xe4, 0xe3, 0xff, 
	0xc6, 0xe3, 0xde, 0xff, 0xc6, 0xdf, 0xd8, 0xff, 
	0xc6, 0xdf, 0xd8, 0xff, 0xc6, 0xdb, 0xd3, 0xff, 
	0xc6, 0xd7, 0xce, 0xff, 0xc3, 0xd3, 0xd6, 0xff, 
	0xc3, 0xd3, 0xd6, 0xff, 0xc3, 0xd3, 0xd6, 0xff, 
	0xc6, 0xd0, 0xcb, 0xff, 0xc6, 0xcf, 0xc6, 0xff, 
	0xc6, 0xcf, 0xc6, 0xff, 0xc6, 0xcf, 0xc6, 0xff, 
	0xce, 0xcb, 0xc6, 0xff, 0xd0, 0xc6, 0xc3, 0xff, 
	0xd0, 0xc6, 0xc3, 0xff, 0xd3, 0xc2, 0xc0, 0xff, 
	0xd6, 0xc4, 0xc3, 0xff, 0xd6, 0xc4, 0xc3, 0xff, 
	0xd6, 0xc4, 0xc3, 0xff, 0xd6, 0xc4, 0xc3, 0xff, 
	0xd6, 0xc2, 0xc0, 0xff, 0xd6, 0xc6, 0xc3, 0xff, 
	0xd6, 0xc6, 0xc3, 0xff, 0xd6, 0xc2, 0xc0, 0xff, 
	0xd6, 0xc7, 0xc6, 0xff, 0xd3, 0xc2, 0xcb, 0xff, 
	0xd0, 0xbe, 0xd0, 0xff, 0xd0, 0xbe, 0xd0, 0xff, 
	0xce, 0xbe, 0xce, 0xff, 0xce, 0xbe, 0xce, 0xff, 
	0xce, 0xbe, 0xce, 0xff, 0xce, 0xc1, 0xc8, 0xff, 
	0xce, 0xbe, 0xbd, 0xff, 0xd3, 0xbb, 0xc8, 0xff, 
	0xd3, 0xbb, 0xc8, 0xff, 0xd3, 0xbb, 0xc8, 0xff, 
	0xd6, 0xb6, 0xc8, 0xff, 0xd6, 0xb6, 0xc8, 0xff, 
	0xd6, 0xb6, 0xc8, 0xff, 0xd6, 0xb6, 0xc8, 0xff, 
	0xd3, 0xaf, 0xc6, 0xff, 0xd3, 0xaf, 0xc6, 0xff, 
	0xd6, 0xaa, 0xc6, 0xff, 0xd6, 0xaa, 0xc6, 0xff, 
	0xd6, 0xa6, 0xc6, 0xff, 0xd6, 0xa4, 0xc8, 0xff, 
	0xd6, 0xa4, 0xc8, 0xff, 0xd6, 0xa4, 0xc8, 0xff, 
	0xd8, 0xa3, 0xc6, 0xff, 0xde, 0xa2, 0xc6, 0xff, 
	0xde, 0xa2, 0xc6, 0xff, 0xde, 0xa2, 0xc6, 0xff, 
	0xe1, 0x9a, 0xd0, 0xff, 0xe1, 0x9a, 0xd0, 0xff, 
	0xe1, 0x9a, 0xd0, 0xff, 0xe1, 0x9a, 0xd0, 0xff, 
	0xe6, 0x97, 0xd3, 0xff, 0xe6, 0x97, 0xd3, 0xff, 
	0xe6, 0x97, 0xd3, 0xff, 0xe6, 0x97, 0xd3, 0xff, 
	0xe3, 0x9c, 0xdb, 0xff, 0xe3, 0x9c, 0xdb, 0xff, 
	0xe9, 0x9f, 0xe1, 0xff, 0xe9, 0x9f, 0xe1, 0xff, 
	0xf1, 0xac, 0xe7, 0xff, 0xf1, 0xac, 0xe7, 0xff, 
	0xf7, 0xb2, 0xe7, 0xff, 0xf7, 0xb2, 0xe7, 0xff, 
	0xf7, 0xb6, 0xe7, 0xff, 0xf9, 0xbb, 0xef, 0xff, 
	0xfc, 0xc1, 0xf7, 0xff, 0xff, 0xc7, 0xff, 0xff, 
	0xff, 0xc9, 0xf9, 0xff, 0xff, 0xc9, 0xf9, 0xff, 
	0xff, 0xd4, 0xfc, 0xff, 0xff, 0xdf, 0xff, 0xff, 
	0xec, 0xff, 0xff, 0xff, 0xec, 0xff, 0xff, 0xff, 
	0xec, 0xff, 0xff, 0xff, 0xec, 0xff, 0xff, 0xff, 
	0xe9, 0xff, 0xff, 0xff, 0xe3, 0xff, 0xff, 0xff, 
	0xe3, 0xff, 0xff, 0xff, 0xe3, 0xff, 0xff, 0xff, 
	0xe1, 0xff, 0xff, 0xff, 0xdb, 0xff, 0xff, 0xff, 
	0xd6, 0xff, 0xff, 0xff, 0xd6, 0xff, 0xff, 0xff, 
	0xd6, 0xff, 0xff, 0xff, 0xd3, 0xff, 0xff, 0xff, 
	0xd3, 0xff, 0xff, 0xff, 0xd3, 0xff, 0xff, 0xff, 
	0xd6, 0xff, 0xff, 0xff, 0xd0, 0xff, 0xff, 0xff, 
	0xd0, 0xff, 0xff, 0xff, 0xd0, 0xff, 0xff, 0xff, 
	0xcb, 0xff, 0xff, 0xff, 0xc6, 0xff, 0xff, 0xff, 
	0xc6, 0xff, 0xff, 0xff, 0xc6, 0xff, 0xff, 0xff, 
	0xc8, 0xfc, 0xff, 0xff, 0xc8, 0xfc, 0xff, 0xff, 
	0xc8, 0xfc, 0xff, 0xff, 0xc8, 0xfc, 0xff, 0xff, 
	0xc6, 0xff, 0xff, 0xff, 0xc3, 0xff, 0xff, 0xff, 
	0xbd, 0xff, 0xff, 0xff, 0xc0, 0xff, 0xff, 0xff, 
	0xbd, 0xfb, 0xff, 0xff, 0xc0, 0xf7, 0xfc, 0xff, 
	0xc0, 0xf7, 0xfc, 0xff, 0xc0, 0xf7, 0xfc, 0xff, 
	0xbd, 0xf3, 0xff, 0xff, 0xba, 0xf4, 0xfc, 0xff, 
	0xbd, 0xf3, 0xff, 0xff, 0xbd, 0xf3, 0xff, 0xff, 
	0xc0, 0xf4, 0xfc, 0xff, 0xc0, 0xf4, 0xfc, 0xff, 
	0xc0, 0xf4, 0xfc, 0xff, 0xc0, 0xf4, 0xfc, 0xff, 
	0xc6, 0xf0, 0xf9, 0xff, 0xc6, 0xf0, 0xf9, 0xff, 
	0xc6, 0xeb, 0xef, 0xff, 0xc6, 0xeb, 0xef, 0xff, 
	0xbd, 0xe7, 0xef, 0xff, 0xc2, 0xe5, 0xe9, 0xff, 
	0xc2, 0xe5, 0xe9, 0xff, 0xc8, 0xe4, 0xe3, 0xff, 
	0xc6, 0xdf, 0xd8, 0xff, 0xc6, 0xdf, 0xd8, 0xff, 
	0xc6, 0xdf, 0xd8, 0xff, 0xc6, 0xdb, 0xd3, 0xff, 
	0xc6, 0xd7, 0xce, 0xff, 0xc3, 0xd3, 0xd6, 0xff, 
	0xc3, 0xd3, 0xd6, 0xff, 0xc3, 0xd3, 0xd6, 0xff, 
	0xc6, 0xd3, 0xd6, 0xff, 0xc6, 0xd0, 0xcb, 0xff, 
	0xc6, 0xd0, 0xcb, 0xff, 0xc6, 0xcf, 0xc6, 0xff, 
	0xce, 0xcb, 0xc6, 0xff, 0xce, 0xcb, 0xc6, 0xff, 
	0xd0, 0xc6, 0xc3, 0xff, 0xd3, 0xc2, 0xc0, 0xff, 
	0xd6, 0xbe, 0xbd, 0xff, 0xd6, 0xc1, 0xc0, 0xff, 
	0xd6, 0xc4, 0xc3, 0xff, 0xd6, 0xc4, 0xc3, 0xff, 
	0xd6, 0xc6, 0xc3, 0xff, 0xd6, 0xcb, 0xc6, 0xff, 
	0xd6, 0xcb, 0xc6, 0xff, 0xd6, 0xc6, 0xc3, 0xff, 
	0xd3, 0xc2, 0xcb, 0xff, 0xd6, 0xc7, 0xc6, 0xff, 
	0xd3, 0xc2, 0xcb, 0xff, 0xd0, 0xbe, 0xd0, 0xff, 
	0xce, 0xbe, 0xce, 0xff, 0xce, 0xc1, 0xc8, 0xff, 
	0xce, 0xc1, 0xc8, 0xff, 0xce, 0xc1, 0xc8, 0xff, 
	0xce, 0xbe, 0xbd, 0xff, 0xd0, 0xbc, 0xc2, 0xff, 
	0xd3, 0xbb, 0xc8, 0xff, 0xd3, 0xbb, 0xc8, 0xff, 
	0xd6, 0xb6, 0xc8, 0xff, 0xd6, 0xb6, 0xc8, 0xff, 
	0xd6, 0xb6, 0xc8, 0xff, 0xd6, 0xb6, 0xc8, 0xff, 
	0xd0, 0xb4, 0xc6, 0xff, 0xd3, 0xaf, 0xc6, 0xff, 
	0xd3, 0xaf, 0xc6, 0xff, 0xd6, 0xaa, 0xc6, 0xff, 
	0xd6, 0xa6, 0xc6, 0xff, 0xd6, 0xa6, 0xc6, 0xff, 
	0xd6, 0xa4, 0xc8, 0xff, 0xd6, 0xa3, 0xcb, 0xff, 
	0xd8, 0xa3, 0xc6, 0xff, 0xde, 0xa2, 0xc6, 0xff, 
	0xde, 0xa2, 0xc6, 0xff, 0xde, 0xa2, 0xc6, 0xff, 
	0xe1, 0x9a, 0xd0, 0xff, 0xe1, 0x9a, 0xd0, 0xff, 
	0xe1, 0x9a, 0xd0, 0xff, 0xe1, 0x9a, 0xd0, 0xff, 
	0xde, 0x9a, 0xd6, 0xff, 0xde, 0x9a, 0xd6, 0xff, 
	0xde, 0x9a, 0xd6, 0xff, 0xe6, 0x97, 0xd3, 0xff, 
	0xde, 0x9a, 0xd6, 0xff, 0xe3, 0x9c, 0xdb, 0xff, 
	0xe3, 0x9c, 0xdb, 0xff, 0xe9, 0x9f, 0xe1, 0xff, 
	0xec, 0xa7, 0xe7, 0xff, 0xf1, 0xac, 0xe7, 0xff, 
	0xf1, 0xac, 0xe7, 0xff, 0xf7, 0xb2, 0xe7, 0xff, 
	0xf7, 0xb6, 0xe7, 0xff, 0xf9, 0xbb, 0xef, 0xff, 
	0xfc, 0xc1, 0xf7, 0xff, 0xff, 0xc7, 0xff, 0xff, 
	0xff, 0xc9, 0xf9, 0xff, 0xff, 0xc9, 0xf9, 0xff, 
	0xff, 0xc9, 0xf9, 0xff, 0xff, 0xc9, 0xf9, 0xff, 
	0xf1, 0xff, 0xff, 0xff, 0xf1, 0xff, 0xff, 0xff, 
	0xf1, 0xff, 0xff, 0xff, 0xec, 0xff, 0xff, 0xff, 
	0xe9, 0xff, 0xff, 0xff, 0xe3, 0xff, 0xff, 0xff, 
	0xe3, 0xff, 0xff, 0xff, 0xe3, 0xff, 0xff, 0xff, 
	0xe1, 0xff, 0xff, 0xff, 0xdb, 0xff, 0xff, 0xff, 
	0xdb, 0xff, 0xff, 0xff, 0xd6, 0xff, 0xff, 0xff, 
	0xd6, 0xff, 0xff, 0xff, 0xce, 0xff, 0xff, 0xff, 
	0xce, 0xff, 0xff, 0xff, 0xd3, 0xff, 0xff, 0xff, 
	0xd6, 0xff, 0xff, 0xff, 0xd0, 0xff, 0xff, 0xff, 
	0xd0, 0xff, 0xff, 0xff, 0xcb, 0xff, 0xff, 0xff, 
	0xc6, 0xff, 0xff, 0xff, 0xc6, 0xff, 0xff, 0xff, 
	0xc6, 0xff, 0xff, 0xff, 0xc6, 0xff, 0xff, 0xff, 
	0xc8, 0xfc, 0xff, 0xff, 0xc8, 0xfc, 0xff, 0xff, 
	0xc8, 0xfc, 0xff, 0xff, 0xc8, 0xfc, 0xff, 0xff, 
	0xc6, 0xff, 0xff, 0xff, 0xc6, 0xff, 0xff, 0xff, 
	0xc0, 0xff, 0xff, 0xff, 0xc3, 0xff, 0xff, 0xff, 
	0xbd, 0xfb, 0xff, 0xff, 0xbd, 0xfb, 0xff, 0xff, 
	0xc0, 0xf7, 0xfc, 0xff, 0xc0, 0xf7, 0xfc, 0xff, 
	0xbd, 0xf3, 0xff, 0xff, 0xbd, 0xf3, 0xff, 0xff, 
	0xbd, 0xf3, 0xff, 0xff, 0xba, 0xf4, 0xfc, 0xff, 
	0xc0, 0xf4, 0xfc, 0xff, 0xc0, 0xf4, 0xfc, 0xff, 
	0xc0, 0xf4, 0xfc, 0xff, 0xc0, 0xf4, 0xfc, 0xff, 
	0xc6, 0xf0, 0xf9, 0xff, 0xc6, 0xed, 0xf4, 0xff, 
	0xc6, 0xed, 0xf4, 0xff, 0xc6, 0xed, 0xf4, 0xff, 
	0xbd, 0xe7, 0xef, 0xff, 0xc2, 0xe5, 0xe9, 0xff, 
	0xc2, 0xe5, 0xe9, 0xff, 0xc8, 0xe4, 0xe3, 0xff, 
	0xc6, 0xe3, 0xde, 0xff, 0xc6, 0xdf, 0xd8, 0xff, 
	0xc6, 0xdf, 0xd8, 0xff, 0xc6, 0xdb, 0xd3, 0xff, 
	0xc6, 0xd7, 0xce, 0xff, 0xc6, 0xd7, 0xce, 0xff, 
	0xc3, 0xd3, 0xd6, 0xff, 0xc3, 0xd3, 0xd6, 0xff, 
	0xc6, 0xd3, 0xd6, 0xff, 0xc6, 0xd0, 0xcb, 0xff, 
	0xc6, 0xd0, 0xcb, 0xff, 0xc6, 0xcf, 0xc6, 0xff, 
	0xce, 0xcb, 0xc6, 0xff, 0xce, 0xcb, 0xc6, 0xff, 
	0xce, 0xcb, 0xc6, 0xff, 0xce, 0xcb, 0xc6, 0xff, 
	0xd6, 0xc4, 0xc3, 0xff, 0xd6, 0xc4, 0xc3, 0xff, 
	0xd6, 0xc4, 0xc3, 0xff, 0xd6, 0xc4, 0xc3, 0xff, 
	0xd6, 0xc6, 0xc3, 0xff, 0xd6, 0xc6, 0xc3, 0xff, 
	0xd6, 0xcb, 0xc6, 0xff, 0xd6, 0xc6, 0xc3, 0xff, 
	0xd6, 0xc7, 0xc6, 0xff, 0xd6, 0xc7, 0xc6, 0xff, 
	0xd3, 0xc2, 0xcb, 0xff, 0xd3, 0xc2, 0xcb, 0xff, 
	0xce, 0xc3, 0xc6, 0xff, 0xce, 0xc1, 0xc8, 0xff, 
	0xce, 0xc1, 0xc8, 0xff, 0xce, 0xc1, 0xc8, 0xff, 
	0xd0, 0xbc, 0xc2, 0xff, 0xd0, 0xbc, 0xc2, 0xff, 
	0xd3, 0xbb, 0xc8, 0xff, 0xd0, 0xbc, 0xc2, 0xff, 
	0xd6, 0xb6, 0xc8, 0xff, 0xd6, 0xb6, 0xc8, 0xff, 
	0xd6, 0xb6, 0xc8, 0xff, 0xd6, 0xb6, 0xc8, 0xff, 
	0xd0, 0xb4, 0xc6, 0xff, 0xd0, 0xb4, 0xc6, 0xff, 
	0xd3, 0xaf, 0xc6, 0xff, 0xd6, 0xaa, 0xc6, 0xff, 
	0xd6, 0xa6, 0xc6, 0xff, 0xd6, 0xa6, 0xc6, 0xff, 
	0xd6, 0xa6, 0xc6, 0xff, 0xd6, 0xa3, 0xcb, 0xff, 
	0xd8, 0xa3, 0xc6, 0xff, 0xde, 0xa2, 0xc6, 0xff, 
	0xde, 0xa2, 0xc6, 0xff, 0xde, 0xa2, 0xc6, 0xff, 
	0xdb, 0x9e, 0xcb, 0xff, 0xdb, 0x9e, 0xcb, 0xff, 
	0xdb, 0x9e, 0xcb, 0xff, 0xdb, 0x9e, 0xcb, 0xff, 
	0xde, 0x9a, 0xd6, 0xff, 0xde, 0x9a, 0xd6, 0xff, 
	0xde, 0x9a, 0xd6, 0xff, 0xde, 0x9a, 0xd6, 0xff, 
	0xde, 0x9a, 0xd6, 0xff, 0xe3, 0x9c, 0xdb, 0xff, 
	0xe9, 0x9f, 0xe1, 0xff, 0xe9, 0x9f, 0xe1, 0xff, 
	0xec, 0xa7, 0xe7, 0xff, 0xec, 0xa7, 0xe7, 0xff, 
	0xf1, 0xac, 0xe7, 0xff, 0xf7, 0xb2, 0xe7, 0xff, 
	0xf7, 0xb6, 0xe7, 0xff, 0xf9, 0xbb, 0xef, 0xff, 
	0xfc, 0xc1, 0xf7, 0xff, 0xfc, 0xc1, 0xf7, 0xff, 
	0xff, 0xc9, 0xf9, 0xff, 0xff, 0xc9, 0xf9, 0xff, 
	0xff, 0xc9, 0xf9, 0xff, 0xff, 0xbe, 0xf7, 0xff, 
	0xef, 0xff, 0xff, 0xff, 0xef, 0xff, 0xff, 0xff, 
	0xef, 0xff, 0xff, 0xff, 0xec, 0xff, 0xff, 0xff, 
	0xe9, 0xff, 0xff, 0xff, 0xe9, 0xff, 0xff, 0xff, 
	0xe3, 0xff, 0xff, 0xff, 0xe3, 0xff, 0xff, 0xff, 
	0xde, 0xff, 0xff, 0xff, 0xde, 0xff, 0xff, 0xff, 
	0xde, 0xff, 0xff, 0xff, 0xde, 0xff, 0xff, 0xff, 
	0xd8, 0xff, 0xff, 0xff, 0xd3, 0xff, 0xff, 0xff, 
	0xd3, 0xff, 0xff, 0xff, 0xd8, 0xff, 0xff, 0xff, 
	0xd6, 0xff, 0xff, 0xff, 0xd0, 0xff, 0xff, 0xff, 
	0xd0, 0xff, 0xff, 0xff, 0xd0, 0xff, 0xff, 0xff, 
	0xc0, 0xff, 0xff, 0xff, 0xc0, 0xff, 0xff, 0xff, 
	0xc0, 0xff, 0xff, 0xff, 0xc0, 0xff, 0xff, 0xff, 
	0xc0, 0xfc, 0xff, 0xff, 0xc0, 0xfc, 0xff, 0xff, 
	0xc0, 0xfc, 0xff, 0xff, 0xc0, 0xfc, 0xff, 0xff, 
	0xc6, 0xf7, 0xff, 0xff, 0xba, 0xfc, 0xff, 0xff, 
	0xba, 0xfc, 0xff, 0xff, 0xc0, 0xf9, 0xff, 0xff, 
	0xbd, 0xfc, 0xff, 0xff, 0xbd, 0xfc, 0xff, 0xff, 
	0xbd, 0xf9, 0xff, 0xff, 0xbd, 0xf7, 0xff, 0xff, 
	0xc0, 0xf5, 0xff, 0xff, 0xc0, 0xf5, 0xff, 0xff, 
	0xc0, 0xf5, 0xff, 0xff, 0xba, 0xf8, 0xff, 0xff, 
	0xbd, 0xf7, 0xff, 0xff, 0xc0, 0xf3, 0xfc, 0xff, 
	0xc0, 0xf3, 0xfc, 0xff, 0xc0, 0xf3, 0xfc, 0xff, 
	0xc3, 0xef, 0xf9, 0xff, 0xc3, 0xef, 0xf9, 0xff, 
	0xc6, 0xef, 0xff, 0xff, 0xc3, 0xef, 0xf9, 0xff, 
	0xc0, 0xe9, 0xef, 0xff, 0xc3, 0xe4, 0xef, 0xff, 
	0xc3, 0xe4, 0xef, 0xff, 0xc6, 0xdf, 0xef, 0xff, 
	0xc6, 0xe0, 0xe4, 0xff, 0xc6, 0xdd, 0xd9, 0xff, 
	0xc6, 0xdd, 0xd9, 0xff, 0xc6, 0xdd, 0xd9, 0xff, 
	0xc6, 0xdb, 0xd6, 0xff, 0xc8, 0xd9, 0xd0, 0xff, 
	0xc8, 0xd9, 0xd0, 0xff, 0xc8, 0xd9, 0xd0, 0xff, 
	0xc8, 0xd4, 0xcb, 0xff, 0xc8, 0xd4, 0xcb, 0xff, 
	0xc8, 0xd4, 0xcb, 0xff, 0xc6, 0xcf, 0xc6, 0xff, 
	0xce, 0xd3, 0xc6, 0xff, 0xd3, 0xcd, 0xcb, 0xff, 
	0xd3, 0xcd, 0xcb, 0xff, 0xd3, 0xcd, 0xcb, 0xff, 
	0xd6, 0xcf, 0xce, 0xff, 0xd0, 0xcf, 0xcb, 0xff, 
	0xcb, 0xcf, 0xc8, 0xff, 0xcb, 0xcf, 0xc8, 0xff, 
	0xd3, 0xc8, 0xc6, 0xff, 0xd8, 0xc5, 0xc6, 0xff, 
	0xd8, 0xc5, 0xc6, 0xff, 0xd8, 0xc5, 0xc6, 0xff, 
	0xd6, 0xc7, 0xc6, 0xff, 0xd6, 0xc7, 0xc6, 0xff, 
	0xd3, 0xc5, 0xcb, 0xff, 0xd0, 0xc4, 0xd0, 0xff, 
	0xce, 0xc3, 0xd0, 0xff, 0xce, 0xc3, 0xc6, 0xff, 
	0xce, 0xc3, 0xc6, 0xff, 0xce, 0xc3, 0xc6, 0xff, 
	0xd3, 0xbd, 0xc8, 0xff, 0xd3, 0xbd, 0xc8, 0xff, 
	0xd6, 0xba, 0xc6, 0xff, 0xd6, 0xba, 0xc6, 0xff, 
	0xd3, 0xb6, 0xcb, 0xff, 0xd3, 0xb6, 0xcb, 0xff, 
	0xd3, 0xb6, 0xcb, 0xff, 0xd3, 0xb6, 0xcb, 0xff, 
	0xd0, 0xb4, 0xc8, 0xff, 0xd3, 0xaf, 0xc2, 0xff, 
	0xd0, 0xb4, 0xc8, 0xff, 0xd3, 0xaf, 0xc2, 0xff, 
	0xd6, 0xaa, 0xc6, 0xff, 0xd8, 0xa8, 0xc8, 0xff, 
	0xd8, 0xa8, 0xc8, 0xff, 0xde, 0xa6, 0xce, 0xff, 
	0xdb, 0xa4, 0xcb, 0xff, 0xd6, 0xa2, 0xc6, 0xff, 
	0xdb, 0xa4, 0xcb, 0xff, 0xdb, 0xa4, 0xcb, 0xff, 
	0xdb, 0xa0, 0xcb, 0xff, 0xdb, 0xa0, 0xcb, 0xff, 
	0xdb, 0xa0, 0xcb, 0xff, 0xde, 0x9e, 0xce, 0xff, 
	0xdb, 0xa0, 0xd6, 0xff, 0xdb, 0xa0, 0xd6, 0xff, 
	0xdb, 0xa0, 0xd6, 0xff, 0xe1, 0x9b, 0xd6, 0xff, 
	0xe1, 0x98, 0xd6, 0xff, 0xe7, 0x9e, 0xe7, 0xff, 
	0xe4, 0x9b, 0xde, 0xff, 0xe7, 0x9e, 0xe7, 0xff, 
	0xe7, 0xa2, 0xe7, 0xff, 0xe7, 0xa2, 0xe7, 0xff, 
	0xf7, 0xa7, 0xe7, 0xff, 0xff, 0xaa, 0xe7, 0xff, 
	0xff, 0xae, 0xe7, 0xff, 0xff, 0xae, 0xe7, 0xff, 
	0xfc, 0xb7, 0xef, 0xff, 0xf9, 0xc1, 0xf7, 0xff, 
	0xff, 0xc7, 0xf7, 0xff, 0xff, 0xc7, 0xf7, 0xff, 
	0xff, 0xc7, 0xf7, 0xff, 0xff, 0xc9, 0xec, 0xff, 
	0xef, 0xff, 0xff, 0xff, 0xef, 0xff, 0xff, 0xff, 
	0xef, 0xff, 0xff, 0xff, 0xec, 0xff, 0xff, 0xff, 
	0xe9, 0xff, 0xff, 0xff, 0xe9, 0xff, 0xff, 0xff, 
	0xe9, 0xff, 0xff, 0xff, 0xe3, 0xff, 0xff, 0xff, 
	0xe1, 0xff, 0xff, 0xff, 0xde, 0xff, 0xff, 0xff, 
	0xde, 0xff, 0xff, 0xff, 0xde, 0xff, 0xff, 0xff, 
	0xde, 0xff, 0xff, 0xff, 0xd8, 0xff, 0xff, 0xff, 
	0xd8, 0xff, 0xff, 0xff, 0xd3, 0xff, 0xff, 0xff, 
	0xd0, 0xff, 0xff, 0xff, 0xd6, 0xff, 0xff, 0xff, 
	0xd6, 0xff, 0xff, 0xff, 0xcb, 0xff, 0xff, 0xff, 
	0xc0, 0xff, 0xff, 0xff, 0xc0, 0xff, 0xff, 0xff, 
	0xc0, 0xff, 0xff, 0xff, 0xbd, 0xff, 0xff, 0xff, 
	0xba, 0xfd, 0xff, 0xff, 0xc0, 0xfc, 0xff, 0xff, 
	0xba, 0xfd, 0xff, 0xff, 0xba, 0xfd, 0xff, 0xff, 
	0xba, 0xfc, 0xff, 0xff, 0xba, 0xfc, 0xff, 0xff, 
	0xba, 0xfc, 0xff, 0xff, 0xba, 0xfc, 0xff, 0xff, 
	0xbd, 0xfc, 0xff, 0xff, 0xbd, 0xf7, 0xff, 0xff, 
	0xbd, 0xf7, 0xff, 0xff, 0xbd, 0xf7, 0xff, 0xff, 
	0xba, 0xf8, 0xff, 0xff, 0xc0, 0xf5, 0xff, 0xff, 
	0xba, 0xf8, 0xff, 0xff, 0xba, 0xf8, 0xff, 0xff, 
	0xbd, 0xf7, 0xff, 0xff, 0xc0, 0xf3, 0xfc, 0xff, 
	0xbd, 0xf7, 0xff, 0xff, 0xc0, 0xf3, 0xfc, 0xff, 
	0xc3, 0xef, 0xf9, 0xff, 0xc6, 0xef, 0xff, 0xff, 
	0xc3, 0xef, 0xf9, 0xff, 0xc0, 0xef, 0xf4, 0xff, 
	0xc0, 0xe9, 0xef, 0xff, 0xc3, 0xe4, 0xef, 0xff, 
	0xc3, 0xe4, 0xef, 0xff, 0xc3, 0xe4, 0xef, 0xff, 
	0xc6, 0xe0, 0xe4, 0xff, 0xc6, 0xdd, 0xd9, 0xff, 
	0xc6, 0xdd, 0xd9, 0xff, 0xc6, 0xdd, 0xd9, 0xff, 
	0xc6, 0xdb, 0xd6, 0xff, 0xc8, 0xd9, 0xd0, 0xff, 
	0xc8, 0xd9, 0xd0, 0xff, 0xc8, 0xd9, 0xd0, 0xff, 
	0xcb, 0xd9, 0xd0, 0xff, 0xc8, 0xd4, 0xcb, 0xff, 
	0xc8, 0xd4, 0xcb, 0xff, 0xc8, 0xd4, 0xcb, 0xff, 
	0xd0, 0xd0, 0xc8, 0xff, 0xd0, 0xd0, 0xc8, 0xff, 
	0xd3, 0xcd, 0xcb, 0xff, 0xd6, 0xcb, 0xce, 0xff, 
	0xd6, 0xcf, 0xce, 0xff, 0xd0, 0xcf, 0xcb, 0xff, 
	0xd0, 0xcf, 0xcb, 0xff, 0xcb, 0xcf, 0xc8, 0xff, 
	0xd8, 0xc5, 0xc6, 0xff, 0xd8, 0xc5, 0xc6, 0xff, 
	0xd8, 0xc5, 0xc6, 0xff, 0xd8, 0xc5, 0xc6, 0xff, 
	0xd6, 0xc7, 0xc6, 0xff, 0xd6, 0xc7, 0xc6, 0xff, 
	0xd6, 0xc7, 0xc6, 0xff, 0xd6, 0xc7, 0xc6, 0xff, 
	0xce, 0xc3, 0xd0, 0xff, 0xce, 0xc3, 0xd0, 0xff, 
	0xce, 0xc3, 0xc6, 0xff, 0xce, 0xc3, 0xc6, 0xff, 
	0xd3, 0xbd, 0xc8, 0xff, 0xd3, 0xbd, 0xc8, 0xff, 
	0xd6, 0xba, 0xc6, 0xff, 0xd3, 0xbd, 0xc8, 0xff, 
	0xd3, 0xb6, 0xcb, 0xff, 0xd3, 0xb6, 0xcb, 0xff, 
	0xd3, 0xb6, 0xcb, 0xff, 0xd3, 0xb6, 0xcb, 0xff, 
	0xd0, 0xb4, 0xc8, 0xff, 0xd3, 0xaf, 0xc2, 0xff, 
	0xd3, 0xaf, 0xc2, 0xff, 0xd6, 0xaa, 0xbd, 0xff, 
	0xd6, 0xaa, 0xc6, 0xff, 0xd6, 0xaa, 0xc6, 0xff, 
	0xd8, 0xa8, 0xc8, 0xff, 0xdb, 0xa7, 0xcb, 0xff, 
	0xde, 0xa6, 0xce, 0xff, 0xdb, 0xa4, 0xcb, 0xff, 
	0xdb, 0xa4, 0xcb, 0xff, 0xd8, 0xa3, 0xc8, 0xff, 
	0xd8, 0xa3, 0xc8, 0xff, 0xdb, 0xa0, 0xcb, 0xff, 
	0xdb, 0xa0, 0xcb, 0xff, 0xdb, 0xa0, 0xcb, 0xff, 
	0xdb, 0xa0, 0xd6, 0xff, 0xdb, 0xa0, 0xd6, 0xff, 
	0xdb, 0xa0, 0xd6, 0xff, 0xe1, 0x9b, 0xd6, 0xff, 
	0xe1, 0x98, 0xd6, 0xff, 0xe4, 0x9b, 0xde, 0xff, 
	0xe7, 0x9e, 0xe7, 0xff, 0xe7, 0x9e, 0xe7, 0xff, 
	0xe7, 0xa2, 0xe7, 0xff, 0xe7, 0xa2, 0xe7, 0xff, 
	0xf7, 0xa7, 0xe7, 0xff, 0xff, 0xaa, 0xe7, 0xff, 
	0xff, 0xae, 0xe7, 0xff, 0xfc, 0xb7, 0xef, 0xff, 
	0xfc, 0xb7, 0xef, 0xff, 0xfc, 0xb7, 0xef, 0xff, 
	0xff, 0xc7, 0xf7, 0xff, 0xff, 0xc7, 0xf7, 0xff, 
	0xff, 0xc7, 0xf7, 0xff, 0xff, 0xc9, 0xec, 0xff, 
	0xef, 0xff, 0xff, 0xff, 0xef, 0xff, 0xff, 0xff, 
	0xef, 0xff, 0xff, 0xff, 0xec, 0xff, 0xff, 0xff, 
	0xe9, 0xff, 0xff, 0xff, 0xe9, 0xff, 0xff, 0xff, 
	0xe9, 0xff, 0xff, 0xff, 0xe3, 0xff, 0xff, 0xff, 
	0xe1, 0xff, 0xff, 0xff, 0xe1, 0xff, 0xff, 0xff, 
	0xde, 0xff, 0xff, 0xff, 0xde, 0xff, 0xff, 0xff, 
	0xde, 0xff, 0xff, 0xff, 0xde, 0xff, 0xff, 0xff, 
	0xd8, 0xff, 0xff, 0xff, 0xd3, 0xff, 0xff, 0xff, 
	0xd0, 0xff, 0xff, 0xff, 0xd0, 0xff, 0xff, 0xff, 
	0xcb, 0xff, 0xff, 0xff, 0xc6, 0xff, 0xff, 0xff, 
	0xc3, 0xff, 0xff, 0xff, 0xc0, 0xff, 0xff, 0xff, 
	0xc0, 0xff, 0xff, 0xff, 0xbd, 0xff, 0xff, 0xff, 
	0xba, 0xfd, 0xff, 0xff, 0xba, 0xfd, 0xff, 0xff, 
	0xba, 0xfd, 0xff, 0xff, 0xba, 0xfd, 0xff, 0xff, 
	0xba, 0xfc, 0xff, 0xff, 0xba, 0xfc, 0xff, 0xff, 
	0xba, 0xfc, 0xff, 0xff, 0xba, 0xfc, 0xff, 0xff, 
	0xbd, 0xfc, 0xff, 0xff, 0xbd, 0xf7, 0xff, 0xff, 
	0xbd, 0xf7, 0xff, 0xff, 0xbd, 0xf7, 0xff, 0xff, 
	0xba, 0xf8, 0xff, 0xff, 0xba, 0xf8, 0xff, 0xff, 
	0xba, 0xf8, 0xff, 0xff, 0xba, 0xf8, 0xff, 0xff, 
	0xbd, 0xf7, 0xff, 0xff, 0xbd, 0xf7, 0xff, 0xff, 
	0xc0, 0xf3, 0xfc, 0xff, 0xc0, 0xf3, 0xfc, 0xff, 
	0xc3, 0xef, 0xf9, 0xff, 0xc0, 0xef, 0xf4, 0xff, 
	0xc0, 0xef, 0xf4, 0xff, 0xc0, 0xef, 0xf4, 0xff, 
	0xc3, 0xe4, 0xef, 0xff, 0xc3, 0xe4, 0xef, 0xff, 
	0xc3, 0xe4, 0xef, 0xff, 0xc3, 0xe4, 0xef, 0xff, 
	0xc6, 0xe0, 0xe4, 0xff, 0xc6, 0xdd, 0xd9, 0xff, 
	0xc6, 0xdd, 0xd9, 0xff, 0xc6, 0xdd, 0xd9, 0xff, 
	0xc6, 0xdb, 0xd6, 0xff, 0xc8, 0xd9, 0xd0, 0xff, 
	0xcb, 0xd8, 0xcb, 0xff, 0xcb, 0xd8, 0xcb, 0xff, 
	0xcb, 0xd9, 0xd0, 0xff, 0xcb, 0xd9, 0xd0, 0xff, 
	0xc8, 0xd4, 0xcb, 0xff, 0xc8, 0xd4, 0xcb, 0xff, 
	0xce, 0xd3, 0xc6, 0xff, 0xd0, 0xd0, 0xc8, 0xff, 
	0xd6, 0xcb, 0xce, 0xff, 0xd6, 0xcb, 0xce, 0xff, 
	0xd6, 0xcf, 0xce, 0xff, 0xd0, 0xcf, 0xcb, 0xff, 
	0xcb, 0xcf, 0xc8, 0xff, 0xcb, 0xcf, 0xc8, 0xff, 
	0xce, 0xcb, 0xc6, 0xff, 0xd8, 0xc5, 0xc6, 0xff, 
	0xd8, 0xc5, 0xc6, 0xff, 0xd8, 0xc5, 0xc6, 0xff, 
	0xd6, 0xc7, 0xc6, 0xff, 0xd6, 0xc7, 0xc6, 0xff, 
	0xd0, 0xc4, 0xd0, 0xff, 0xd0, 0xc4, 0xd0, 0xff, 
	0xce, 0xc3, 0xd0, 0xff, 0xce, 0xc3, 0xcb, 0xff, 
	0xce, 0xc3, 0xc6, 0xff, 0xce, 0xc3, 0xcb, 0xff, 
	0xd3, 0xbd, 0xc8, 0xff, 0xd0, 0xc0, 0xcb, 0xff, 
	0xd3, 0xbd, 0xc8, 0xff, 0xd0, 0xc0, 0xcb, 0xff, 
	0xd3, 0xb6, 0xcb, 0xff, 0xd0, 0xbe, 0xd0, 0xff, 
	0xd3, 0xb6, 0xcb, 0xff, 0xd3, 0xb6, 0xcb, 0xff, 
	0xd0, 0xb4, 0xc8, 0xff, 0xd0, 0xb4, 0xc8, 0xff, 
	0xd3, 0xaf, 0xc2, 0xff, 0xd0, 0xb4, 0xc8, 0xff, 
	0xd6, 0xaa, 0xc6, 0xff, 0xd8, 0xa8, 0xc8, 0xff, 
	0xd8, 0xa8, 0xc8, 0xff, 0xdb, 0xa7, 0xcb, 0xff, 
	0xde, 0xa6, 0xce, 0xff, 0xdb, 0xa4, 0xcb, 0xff, 
	0xde, 0xa6, 0xce, 0xff, 0xd8, 0xa3, 0xc8, 0xff, 
	0xd8, 0xa3, 0xc8, 0xff, 0xd8, 0xa3, 0xc8, 0xff, 
	0xdb, 0xa0, 0xcb, 0xff, 0xdb, 0xa0, 0xcb, 0xff, 
	0xe1, 0x9b, 0xd6, 0xff, 0xe1, 0x9b, 0xd6, 0xff, 
	0xe1, 0x9b, 0xd6, 0xff, 0xe7, 0x96, 0xd6, 0xff, 
	0xe4, 0x9b, 0xde, 0xff, 0xe7, 0x9e, 0xe7, 0xff, 
	0xe7, 0x9e, 0xe7, 0xff, 0xe7, 0x9e, 0xe7, 0xff, 
	0xef, 0xa4, 0xe7, 0xff, 0xef, 0xa4, 0xe7, 0xff, 
	0xf7, 0xa7, 0xe7, 0xff, 0xff, 0xaa, 0xe7, 0xff, 
	0xff, 0xae, 0xe7, 0xff, 0xff, 0xae, 0xe7, 0xff, 
	0xfc, 0xb7, 0xef, 0xff, 0xf9, 0xc1, 0xf7, 0xff, 
	0xff, 0xc8, 0xf1, 0xff, 0xff, 0xc7, 0xf7, 0xff, 
	0xff, 0xc9, 0xec, 0xff, 0xff, 0xcb, 0xe7, 0xff, 
	0xef, 0xff, 0xff, 0xff, 0xef, 0xff, 0xff, 0xff, 
	0xef, 0xff, 0xff, 0xff, 0xe9, 0xff, 0xff, 0xff, 
	0xe9, 0xff, 0xff, 0xff, 0xe9, 0xff, 0xff, 0xff, 
	0xe3, 0xff, 0xff, 0xff, 0xe3, 0xff, 0xff, 0xff, 
	0xe1, 0xff, 0xff, 0xff, 0xe1, 0xff, 0xff, 0xff, 
	0xde, 0xff, 0xff, 0xff, 0xde, 0xff, 0xff, 0xff, 
	0xde, 0xff, 0xff, 0xff, 0xd8, 0xff, 0xff, 0xff, 
	0xd3, 0xff, 0xff, 0xff, 0xd8, 0xff, 0xff, 0xff, 
	0xd0, 0xff, 0xff, 0xff, 0xcb, 0xff, 0xff, 0xff, 
	0xc6, 0xff, 0xff, 0xff, 0xc6, 0xff, 0xff, 0xff, 
	0xc6, 0xff, 0xff, 0xff, 0xc3, 0xff, 0xff, 0xff, 
	0xc3, 0xff, 0xff, 0xff, 0xbd, 0xff, 0xff, 0xff, 
	0xc0, 0xfc, 0xff, 0xff, 0xc0, 0xfc, 0xff, 0xff, 
	0xc0, 0xfc, 0xff, 0xff, 0xba, 0xfd, 0xff, 0xff, 
	0xba, 0xfc, 0xff, 0xff, 0xba, 0xfc, 0xff, 0xff, 
	0xba, 0xfc, 0xff, 0xff, 0xba, 0xfc, 0xff, 0xff, 
	0xbd, 0xfc, 0xff, 0xff, 0xbd, 0xf7, 0xff, 0xff, 
	0xbd, 0xf7, 0xff, 0xff, 0xbd, 0xf7, 0xff, 0xff, 
	0xba, 0xf8, 0xff, 0xff, 0xba, 0xf8, 0xff, 0xff, 
	0xba, 0xf8, 0xff, 0xff, 0xba, 0xf8, 0xff, 0xff, 
	0xbd, 0xf7, 0xff, 0xff, 0xbd, 0xf7, 0xff, 0xff, 
	0xc0, 0xf3, 0xfc, 0xff, 0xc0, 0xf3, 0xfc, 0xff, 
	0xc3, 0xef, 0xf9, 0xff, 0xc3, 0xef, 0xf9, 0xff, 
	0xc0, 0xef, 0xf4, 0xff, 0xc0, 0xef, 0xf4, 0xff, 
	0xbd, 0xef, 0xef, 0xff, 0xc0, 0xe9, 0xef, 0xff, 
	0xc0, 0xe9, 0xef, 0xff, 0xc0, 0xe9, 0xef, 0xff, 
	0xc6, 0xe3, 0xef, 0xff, 0xc6, 0xe0, 0xe4, 0xff, 
	0xc6, 0xe0, 0xe4, 0xff, 0xc6, 0xdd, 0xd9, 0xff, 
	0xc6, 0xdb, 0xd6, 0xff, 0xc8, 0xd9, 0xd0, 0xff, 
	0xc8, 0xd9, 0xd0, 0xff, 0xc8, 0xd9, 0xd0, 0xff, 
	0xcb, 0xd9, 0xd0, 0xff, 0xcb, 0xd9, 0xd0, 0xff, 
	0xcb, 0xd9, 0xd0, 0xff, 0xc8, 0xd4, 0xcb, 0xff, 
	0xce, 0xd3, 0xc6, 0xff, 0xd0, 0xd0, 0xc8, 0xff, 
	0xd3, 0xcd, 0xcb, 0xff, 0xd3, 0xcd, 0xcb, 0xff, 
	0xd6, 0xcf, 0xce, 0xff, 0xd0, 0xcf, 0xcb, 0xff, 
	0xd0, 0xcf, 0xcb, 0xff, 0xcb, 0xcf, 0xc8, 0xff, 
	0xce, 0xcb, 0xc6, 0xff, 0xd3, 0xc8, 0xc6, 0xff, 
	0xd3, 0xc8, 0xc6, 0xff, 0xd8, 0xc5, 0xc6, 0xff, 
	0xd3, 0xc5, 0xcb, 0xff, 0xd3, 0xc5, 0xcb, 0xff, 
	0xd3, 0xc5, 0xcb, 0xff, 0xce, 0xc3, 0xd6, 0xff, 
	0xce, 0xc3, 0xd0, 0xff, 0xce, 0xc3, 0xd0, 0xff, 
	0xce, 0xc3, 0xcb, 0xff, 0xce, 0xc3, 0xc6, 0xff, 
	0xd0, 0xc0, 0xcb, 0xff, 0xd0, 0xc0, 0xcb, 0xff, 
	0xce, 0xc3, 0xce, 0xff, 0xd0, 0xc0, 0xcb, 0xff, 
	0xd0, 0xbe, 0xd0, 0xff, 0xd0, 0xbe, 0xd0, 0xff, 
	0xd3, 0xb6, 0xcb, 0xff, 0xd3, 0xb6, 0xcb, 0xff, 
	0xd0, 0xb4, 0xc8, 0xff, 0xd0, 0xb4, 0xc8, 0xff, 
	0xd3, 0xaf, 0xc2, 0xff, 0xd3, 0xaf, 0xc2, 0xff, 
	0xd6, 0xaa, 0xc6, 0xff, 0xd8, 0xa8, 0xc8, 0xff, 
	0xd8, 0xa8, 0xc8, 0xff, 0xde, 0xa6, 0xce, 0xff, 
	0xde, 0xa6, 0xce, 0xff, 0xde, 0xa6, 0xce, 0xff, 
	0xd8, 0xa3, 0xc8, 0xff, 0xdb, 0xa4, 0xcb, 0xff, 
	0xd8, 0xa3, 0xc8, 0xff, 0xd8, 0xa3, 0xc8, 0xff, 
	0xdb, 0xa0, 0xcb, 0xff, 0xde, 0x9e, 0xce, 0xff, 
	0xe1, 0x9b, 0xd6, 0xff, 0xe1, 0x9b, 0xd6, 0xff, 
	0xe7, 0x96, 0xd6, 0xff, 0xe7, 0x96, 0xd6, 0xff, 
	0xe1, 0x98, 0xd6, 0xff, 0xe4, 0x9b, 0xde, 0xff, 
	0xe7, 0x9e, 0xe7, 0xff, 0xe7, 0x9e, 0xe7, 0xff, 
	0xef, 0xa4, 0xe7, 0xff, 0xef, 0xa4, 0xe7, 0xff, 
	0xf7, 0xa7, 0xe7, 0xff, 0xf7, 0xa7, 0xe7, 0xff, 
	0xff, 0xae, 0xe7, 0xff, 0xff, 0xae, 0xe7, 0xff, 
	0xfc, 0xb7, 0xef, 0xff, 0xfc, 0xb7, 0xef, 0xff, 
	0xff, 0xc7, 0xf7, 0xff, 0xff, 0xc7, 0xf7, 0xff, 
	0xff, 0xc8, 0xf1, 0xff, 0xff, 0xc8, 0xf1, 0xff, 
	0xec, 0xff, 0xff, 0xff, 0xec, 0xff, 0xff, 0xff, 
	0xec, 0xff, 0xff, 0xff, 0xec, 0xff, 0xff, 0xff, 
	0xec, 0xff, 0xff, 0xff, 0xec, 0xff, 0xff, 0xff, 
	0xe1, 0xff, 0xff, 0xff, 0xe1, 0xff, 0xff, 0xff, 
	0xd8, 0xff, 0xff, 0xff, 0xde, 0xff, 0xff, 0xff, 
	0xde, 0xff, 0xff, 0xff, 0xd8, 0xff, 0xff, 0xff, 
	0xd6, 0xff, 0xff, 0xff, 0xd6, 0xff, 0xff, 0xff, 
	0xd6, 0xff, 0xff, 0xff, 0xd6, 0xff, 0xff, 0xff, 
	0xce, 0xff, 0xff, 0xff, 0xc8, 0xff, 0xff, 0xff, 
	0xc8, 0xff, 0xff, 0xff, 0xc6, 0xff, 0xff, 0xff, 
	0xc6, 0xff, 0xff, 0xff, 0xcb, 0xfc, 0xff, 0xff, 
	0xcb, 0xfc, 0xff, 0xff, 0xcb, 0xfc, 0xff, 0xff, 
	0xcb, 0xfc, 0xff, 0xff, 0xcb, 0xfc, 0xff, 0xff, 
	0xc6, 0xff, 0xff, 0xff, 0xc6, 0xff, 0xff, 0xff, 
	0xc2, 0xff, 0xff, 0xff, 0xbd, 0xff, 0xff, 0xff, 
	0xbd, 0xff, 0xff, 0xff, 0xbd, 0xff, 0xff, 0xff, 
	0xbd, 0xfb, 0xff, 0xff, 0xbd, 0xfb, 0xff, 0xff, 
	0xbd, 0xfb, 0xff, 0xff, 0xbd, 0xfb, 0xff, 0xff, 
	0xbd, 0xfb, 0xff, 0xff, 0xbd, 0xfb, 0xff, 0xff, 
	0xc0, 0xf8, 0xff, 0xff, 0xbd, 0xfb, 0xff, 0xff, 
	0xc2, 0xf4, 0xff, 0xff, 0xc2, 0xf4, 0xff, 0xff, 
	0xc2, 0xf4, 0xff, 0xff, 0xc2, 0xf4, 0xff, 0xff, 
	0xc6, 0xf1, 0xf9, 0xff, 0xc6, 0xf1, 0xf9, 0xff, 
	0xc6, 0xf0, 0xf4, 0xff, 0xc6, 0xef, 0xef, 0xff, 
	0xc3, 0xef, 0xec, 0xff, 0xc0, 0xef, 0xe9, 0xff, 
	0xc0, 0xef, 0xe9, 0xff, 0xc0, 0xef, 0xe9, 0xff, 
	0xbd, 0xeb, 0xe7, 0xff, 0xc0, 0xe7, 0xe1, 0xff, 
	0xc3, 0xe3, 0xdb, 0xff, 0xc3, 0xe3, 0xdb, 0xff, 
	0xc8, 0xe7, 0xdb, 0xff, 0xcb, 0xe3, 0xd8, 0xff, 
	0xce, 0xdf, 0xd6, 0xff, 0xce, 0xdf, 0xd6, 0xff, 
	0xcb, 0xdb, 0xd0, 0xff, 0xcb, 0xdb, 0xd0, 0xff, 
	0xcb, 0xdb, 0xd0, 0xff, 0xce, 0xd7, 0xce, 0xff, 
	0xd0, 0xd3, 0xc8, 0xff, 0xd3, 0xd3, 0xc2, 0xff, 
	0xd3, 0xd3, 0xc2, 0xff, 0xd3, 0xd3, 0xc2, 0xff, 
	0xd3, 0xd3, 0xc8, 0xff, 0xd3, 0xd3, 0xc8, 0xff, 
	0xce, 0xd3, 0xc6, 0xff, 0xce, 0xd3, 0xc6, 0xff, 
	0xd0, 0xcb, 0xce, 0xff, 0xd0, 0xcb, 0xce, 0xff, 
	0xd0, 0xcb, 0xce, 0xff, 0xd0, 0xcb, 0xce, 0xff, 
	0xd3, 0xc7, 0xcd, 0xff, 0xd3, 0xc7, 0xcd, 0xff, 
	0xd6, 0xc7, 0xd6, 0xff, 0xd3, 0xc7, 0xcd, 0xff, 
	0xce, 0xc3, 0xce, 0xff, 0xce, 0xc7, 0xcb, 0xff, 
	0xce, 0xcf, 0xc6, 0xff, 0xce, 0xcf, 0xc6, 0xff, 
	0xce, 0xc7, 0xce, 0xff, 0xce, 0xc7, 0xce, 0xff, 
	0xce, 0xc7, 0xce, 0xff, 0xce, 0xc7, 0xce, 0xff, 
	0xd0, 0xbe, 0xd0, 0xff, 0xd0, 0xbe, 0xd0, 0xff, 
	0xd3, 0xba, 0xcb, 0xff, 0xd6, 0xb6, 0xc6, 0xff, 
	0xce, 0xb6, 0xc2, 0xff, 0xce, 0xb6, 0xc2, 0xff, 
	0xce, 0xb6, 0xc2, 0xff, 0xce, 0xb6, 0xd0, 0xff, 
	0xd8, 0xb2, 0xd0, 0xff, 0xd8, 0xb2, 0xd0, 0xff, 
	0xdb, 0xae, 0xd3, 0xff, 0xde, 0xaa, 0xd6, 0xff, 
	0xde, 0xa4, 0xd3, 0xff, 0xde, 0xa4, 0xd3, 0xff, 
	0xde, 0xa2, 0xce, 0xff, 0xde, 0xa2, 0xce, 0xff, 
	0xde, 0xa2, 0xce, 0xff, 0xde, 0xa2, 0xce, 0xff, 
	0xde, 0xa2, 0xce, 0xff, 0xde, 0xa4, 0xd3, 0xff, 
	0xe1, 0x9a, 0xd6, 0xff, 0xe7, 0x9a, 0xd6, 0xff, 
	0xe7, 0x9a, 0xd6, 0xff, 0xe7, 0x9a, 0xd6, 0xff, 
	0xe7, 0x9e, 0xd6, 0xff, 0xe9, 0x9f, 0xe1, 0xff, 
	0xec, 0xa0, 0xec, 0xff, 0xec, 0xa0, 0xec, 0xff, 
	0xec, 0xa6, 0xec, 0xff, 0xf1, 0xaa, 0xe9, 0xff, 
	0xf1, 0xaa, 0xe9, 0xff, 0xf7, 0xae, 0xe7, 0xff, 
	0xf7, 0xae, 0xe7, 0xff, 0xf7, 0xae, 0xe7, 0xff, 
	0xf9, 0xaf, 0xef, 0xff, 0xf9, 0xaf, 0xef, 0xff, 
	0xff, 0xbc, 0xf9, 0xff, 0xff, 0xbc, 0xf9, 0xff, 
	0xff, 0xc3, 0xf7, 0xff, 0xff, 0xc3, 0xf7, 0xff, 
	0xec, 0xff, 0xff, 0xff, 0xf1, 0xff, 0xff, 0xff, 
	0xf1, 0xff, 0xff, 0xff, 0xec, 0xff, 0xff, 0xff, 
	0xec, 0xff, 0xff, 0xff, 0xe1, 0xff, 0xff, 0xff, 
	0xe1, 0xff, 0xff, 0xff, 0xe1, 0xff, 0xff, 0xff, 
	0xd8, 0xff, 0xff, 0xff, 0xd3, 0xff, 0xff, 0xff, 
	0xd3, 0xff, 0xff, 0xff, 0xce, 0xff, 0xff, 0xff, 
	0xd6, 0xff, 0xff, 0xff, 0xd6, 0xff, 0xff, 0xff, 
	0xd6, 0xff, 0xff, 0xff, 0xd6, 0xff, 0xff, 0xff, 
	0xce, 0xff, 0xff, 0xff, 0xcb, 0xff, 0xff, 0xff, 
	0xc8, 0xff, 0xff, 0xff, 0xc8, 0xff, 0xff, 0xff, 
	0xc6, 0xff, 0xff, 0xff, 0xcb, 0xfc, 0xff, 0xff, 
	0xcb, 0xfc, 0xff, 0xff, 0xcb, 0xfc, 0xff, 0xff, 
	0xcb, 0xfc, 0xff, 0xff, 0xcb, 0xfc, 0xff, 0xff, 
	0xc6, 0xff, 0xff, 0xff, 0xcb, 0xfc, 0xff, 0xff, 
	0xc8, 0xff, 0xff, 0xff, 0xc2, 0xff, 0xff, 0xff, 
	0xc2, 0xff, 0xff, 0xff, 0xc8, 0xff, 0xff, 0xff, 
	0xc2, 0xf8, 0xff, 0xff, 0xbd, 0xfb, 0xff, 0xff, 
	0xbd, 0xfb, 0xff, 0xff, 0xc2, 0xf8, 0xff, 0xff, 
	0xc0, 0xf8, 0xff, 0xff, 0xbd, 0xfb, 0xff, 0xff, 
	0xc3, 0xf5, 0xff, 0xff, 0xc3, 0xf5, 0xff, 0xff, 
	0xc2, 0xf4, 0xff, 0xff, 0xc8, 0xf1, 0xff, 0xff, 
	0xc8, 0xf1, 0xff, 0xff, 0xc8, 0xf1, 0xff, 0xff, 
	0xc6, 0xf3, 0xff, 0xff, 0xc6, 0xf1, 0xf9, 0xff, 
	0xc6, 0xf1, 0xf9, 0xff, 0xc6, 0xf0, 0xf4, 0xff, 
	0xc3, 0xef, 0xec, 0xff, 0xc0, 0xef, 0xe9, 0xff, 
	0xc0, 0xef, 0xe9, 0xff, 0xbd, 0xef, 0xe7, 0xff, 
	0xbd, 0xeb, 0xe7, 0xff, 0xc0, 0xe7, 0xe1, 0xff, 
	0xc0, 0xe7, 0xe1, 0xff, 0xc3, 0xe3, 0xdb, 0xff, 
	0xcb, 0xe3, 0xd8, 0xff, 0xcb, 0xe3, 0xd8, 0xff, 
	0xcb, 0xe3, 0xd8, 0xff, 0xce, 0xdf, 0xd6, 0xff, 
	0xcb, 0xdb, 0xd0, 0xff, 0xcb, 0xdb, 0xd0, 0xff, 
	0xce, 0xd7, 0xce, 0xff, 0xce, 0xd7, 0xce, 0xff, 
	0xd0, 0xd3, 0xc8, 0xff, 0xd3, 0xd3, 0xc2, 0xff, 
	0xd3, 0xd3, 0xc2, 0xff, 0xd3, 0xd3, 0xc2, 0xff, 
	0xd8, 0xd3, 0xcb, 0xff, 0xd8, 0xd3, 0xcb, 0xff, 
	0xd3, 0xd3, 0xc8, 0xff, 0xce, 0xd3, 0xc6, 0xff, 
	0xd0, 0xcb, 0xce, 0xff, 0xd0, 0xcb, 0xce, 0xff, 
	0xd0, 0xcb, 0xce, 0xff, 0xd3, 0xcb, 0xd6, 0xff, 
	0xd6, 0xc7, 0xd6, 0xff, 0xd3, 0xc7, 0xcd, 0xff, 
	0xd0, 0xc7, 0xc5, 0xff, 0xd3, 0xc7, 0xcd, 0xff, 
	0xce, 0xc3, 0xce, 0xff, 0xce, 0xc7, 0xcb, 0xff, 
	0xce, 0xc7, 0xcb, 0xff, 0xce, 0xcb, 0xc8, 0xff, 
	0xce, 0xc7, 0xce, 0xff, 0xce, 0xc7, 0xce, 0xff, 
	0xd0, 0xc2, 0xd6, 0xff, 0xd0, 0xc2, 0xd6, 0xff, 
	0xd0, 0xbe, 0xd0, 0xff, 0xd3, 0xba, 0xcb, 0xff, 
	0xd3, 0xba, 0xcb, 0xff, 0xd6, 0xb6, 0xc6, 0xff, 
	0xce, 0xb6, 0xc2, 0xff, 0xce, 0xb6, 0xd0, 0xff, 
	0xce, 0xb6, 0xd0, 0xff, 0xce, 0xb6, 0xd0, 0xff, 
	0xd6, 0xb6, 0xce, 0xff, 0xd8, 0xb2, 0xd0, 0xff, 
	0xdb, 0xae, 0xd3, 0xff, 0xde, 0xaa, 0xd6, 0xff, 
	0xde, 0xa4, 0xd3, 0xff, 0xde, 0xa4, 0xd3, 0xff, 
	0xde, 0xa4, 0xd3, 0xff, 0xde, 0xa4, 0xd3, 0xff, 
	0xde, 0xa2, 0xce, 0xff, 0xde, 0xa3, 0xd0, 0xff, 
	0xde, 0xa3, 0xd0, 0xff, 0xde, 0xa3, 0xd0, 0xff, 
	0xde, 0x9a, 0xd6, 0xff, 0xe7, 0x9a, 0xd6, 0xff, 
	0xe7, 0x9a, 0xd6, 0xff, 0xe7, 0x9a, 0xd6, 0xff, 
	0xe7, 0x9e, 0xd6, 0xff, 0xe9, 0x9f, 0xe1, 0xff, 
	0xec, 0xa0, 0xec, 0xff, 0xec, 0xa0, 0xec, 0xff, 
	0xec, 0xa6, 0xec, 0xff, 0xf1, 0xaa, 0xe9, 0xff, 
	0xf1, 0xaa, 0xe9, 0xff, 0xf7, 0xae, 0xe7, 0xff, 
	0xf7, 0xae, 0xe7, 0xff, 0xf9, 0xaf, 0xef, 0xff, 
	0xf9, 0xaf, 0xef, 0xff, 0xfc, 0xb0, 0xf7, 0xff, 
	0xff, 0xb5, 0xfc, 0xff, 0xff, 0xbc, 0xf9, 0xff, 
	0xff, 0xbc, 0xf9, 0xff, 0xff, 0xbc, 0xf9, 0xff, 
	0xec, 0xff, 0xff, 0xff, 0xec, 0xff, 0xff, 0xff, 
	0xec, 0xff, 0xff, 0xff, 0xec, 0xff, 0xff, 0xff, 
	0xec, 0xff, 0xff, 0xff, 0xe1, 0xff, 0xff, 0xff, 
	0xe1, 0xff, 0xff, 0xff, 0xd6, 0xff, 0xff, 0xff, 
	0xd3, 0xff, 0xff, 0xff, 0xd3, 0xff, 0xff, 0xff, 
	0xce, 0xff, 0xff, 0xff, 0xce, 0xff, 0xff, 0xff, 
	0xd0, 0xff, 0xff, 0xff, 0xd6, 0xff, 0xff, 0xff, 
	0xd6, 0xff, 0xff, 0xff, 0xd6, 0xff, 0xff, 0xff, 
	0xce, 0xff, 0xff, 0xff, 0xc8, 0xff, 0xff, 0xff, 
	0xc8, 0xff, 0xff, 0xff, 0xc8, 0xff, 0xff, 0xff, 
	0xc6, 0xff, 0xff, 0xff, 0xcb, 0xfc, 0xff, 0xff, 
	0xcb, 0xfc, 0xff, 0xff, 0xce, 0xfb, 0xff, 0xff, 
	0xcb, 0xfc, 0xff, 0xff, 0xcb, 0xfc, 0xff, 0xff, 
	0xcb, 0xfc, 0xff, 0xff, 0xcb, 0xfc, 0xff, 0xff, 
	0xc2, 0xff, 0xff, 0xff, 0xc2, 0xff, 0xff, 0xff, 
	0xc2, 0xff, 0xff, 0xff, 0xc8, 0xff, 0xff, 0xff, 
	0xc2, 0xf8, 0xff, 0xff, 0xc2, 0xf8, 0xff, 0xff, 
	0xc8, 0xf5, 0xff, 0xff, 0xc8, 0xf5, 0xff, 0xff, 
	0xc3, 0xf5, 0xff, 0xff, 0xc3, 0xf5, 0xff, 0xff, 
	0xc6, 0xf3, 0xff, 0xff, 0xc6, 0xf3, 0xff, 0xff, 
	0xc2, 0xf4, 0xff, 0xff, 0xc8, 0xf1, 0xff, 0xff, 
	0xc8, 0xf1, 0xff, 0xff, 0xc8, 0xf1, 0xff, 0xff, 
	0xc6, 0xf1, 0xf9, 0xff, 0xc6, 0xf1, 0xf9, 0xff, 
	0xc6, 0xf1, 0xf9, 0xff, 0xc6, 0xf0, 0xf4, 0xff, 
	0xc3, 0xef, 0xec, 0xff, 0xc0, 0xef, 0xe9, 0xff, 
	0xbd, 0xef, 0xe7, 0xff, 0xbd, 0xef, 0xe7, 0xff, 
	0xbd, 0xeb, 0xe7, 0xff, 0xc0, 0xe7, 0xe1, 0xff, 
	0xc0, 0xe7, 0xe1, 0xff, 0xc0, 0xe7, 0xe1, 0xff, 
	0xc8, 0xe7, 0xdb, 0xff, 0xcb, 0xe3, 0xd8, 0xff, 
	0xcb, 0xe3, 0xd8, 0xff, 0xce, 0xdf, 0xd6, 0xff, 
	0xcb, 0xdb, 0xd0, 0xff, 0xcb, 0xdb, 0xd0, 0xff, 
	0xce, 0xd7, 0xce, 0xff, 0xce, 0xd7, 0xce, 0xff, 
	0xd0, 0xd3, 0xc8, 0xff, 0xd3, 0xd3, 0xc2, 0xff, 
	0xd3, 0xd3, 0xc2, 0xff, 0xd3, 0xd3, 0xc2, 0xff, 
	0xd3, 0xd3, 0xc8, 0xff, 0xd3, 0xd3, 0xc8, 0xff, 
	0xd8, 0xd3, 0xcb, 0xff, 0xd3, 0xd3, 0xc8, 0xff, 
	0xd0, 0xcb, 0xce, 0xff, 0xd0, 0xcb, 0xce, 0xff, 
	0xd0, 0xcb, 0xce, 0xff, 0xd3, 0xcb, 0xd6, 0xff, 
	0xd6, 0xc7, 0xd6, 0xff, 0xd3, 0xc7, 0xcd, 0xff, 
	0xd0, 0xc7, 0xc5, 0xff, 0xd3, 0xc7, 0xcd, 0xff, 
	0xce, 0xc7, 0xcb, 0xff, 0xce, 0xc7, 0xcb, 0xff, 
	0xce, 0xcf, 0xc6, 0xff, 0xce, 0xc3, 0xce, 0xff, 
	0xce, 0xc7, 0xce, 0xff, 0xce, 0xc7, 0xce, 0xff, 
	0xd0, 0xc2, 0xd6, 0xff, 0xd3, 0xbe, 0xde, 0xff, 
	0xce, 0xc3, 0xd6, 0xff, 0xd3, 0xba, 0xcb, 0xff, 
	0xd3, 0xba, 0xcb, 0xff, 0xd6, 0xb6, 0xc6, 0xff, 
	0xce, 0xb6, 0xc2, 0xff, 0xce, 0xb6, 0xc2, 0xff, 
	0xce, 0xb6, 0xd0, 0xff, 0xce, 0xb6, 0xd0, 0xff, 
	0xd6, 0xb6, 0xce, 0xff, 0xd8, 0xb2, 0xd0, 0xff, 
	0xdb, 0xae, 0xd3, 0xff, 0xdb, 0xae, 0xd3, 0xff, 
	0xde, 0xa7, 0xd8, 0xff, 0xde, 0xa4, 0xd3, 0xff, 
	0xde, 0xa7, 0xd8, 0xff, 0xde, 0xa4, 0xd3, 0xff, 
	0xde, 0xa3, 0xd0, 0xff, 0xde, 0xa3, 0xd0, 0xff, 
	0xde, 0xa3, 0xd0, 0xff, 0xde, 0xa3, 0xd0, 0xff, 
	0xe1, 0x9a, 0xd6, 0xff, 0xe4, 0x9a, 0xd6, 0xff, 
	0xe1, 0x9a, 0xd6, 0xff, 0xe7, 0x9a, 0xd6, 0xff, 
	0xe9, 0x9f, 0xe1, 0xff, 0xe9, 0x9f, 0xe1, 0xff, 
	0xe9, 0x9f, 0xe1, 0xff, 0xe9, 0x9f, 0xe1, 0xff, 
	0xec, 0xa6, 0xec, 0xff, 0xf1, 0xaa, 0xe9, 0xff, 
	0xf1, 0xaa, 0xe9, 0xff, 0xf1, 0xaa, 0xe9, 0xff, 
	0xf7, 0xae, 0xe7, 0xff, 0xf9, 0xaf, 0xef, 0xff, 
	0xfc, 0xb0, 0xf7, 0xff, 0xfc, 0xb0, 0xf7, 0xff, 
	0xff, 0xb5, 0xfc, 0xff, 0xff, 0xb5, 0xfc, 0xff, 
	0xff, 0xb5, 0xfc, 0xff, 0xff, 0xb5, 0xfc, 0xff, 
	0xec, 0xff, 0xff, 0xff, 0xec, 0xff, 0xff, 0xff, 
	0xec, 0xff, 0xff, 0xff, 0xec, 0xff, 0xff, 0xff, 
	0xec, 0xff, 0xff, 0xff, 0xe1, 0xff, 0xff, 0xff, 
	0xe1, 0xff, 0xff, 0xff, 0xd6, 0xff, 0xff, 0xff, 
	0xd3, 0xff, 0xff, 0xff, 0xd3, 0xff, 0xff, 0xff, 
	0xd3, 0xff, 0xff, 0xff, 0xd3, 0xff, 0xff, 0xff, 
	0xd6, 0xff, 0xff, 0xff, 0xd0, 0xff, 0xff, 0xff, 
	0xd0, 0xff, 0xff, 0xff, 0xd6, 0xff, 0xff, 0xff, 
	0xcb, 0xff, 0xff, 0xff, 0xc8, 0xff, 0xff, 0xff, 
	0xc6, 0xff, 0xff, 0xff, 0xc6, 0xff, 0xff, 0xff, 
	0xc8, 0xfd, 0xff, 0xff, 0xcb, 0xfc, 0xff, 0xff, 
	0xcb, 0xfc, 0xff, 0xff, 0xcb, 0xfc, 0xff, 0xff, 
	0xce, 0xfb, 0xff, 0xff, 0xcb, 0xfc, 0xff, 0xff, 
	0xcb, 0xfc, 0xff, 0xff, 0xc8, 0xfd, 0xff, 0xff, 
	0xc2, 0xff, 0xff, 0xff, 0xc2, 0xff, 0xff, 0xff, 
	0xc2, 0xff, 0xff, 0xff, 0xc8, 0xff, 0xff, 0xff, 
	0xc8, 0xf5, 0xff, 0xff, 0xce, 0xf3, 0xff, 0xff, 
	0xc8, 0xf5, 0xff, 0xff, 0xc8, 0xf5, 0xff, 0xff, 
	0xc6, 0xf3, 0xff, 0xff, 0xc3, 0xf5, 0xff, 0xff, 
	0xc6, 0xf3, 0xff, 0xff, 0xc6, 0xf3, 0xff, 0xff, 
	0xce, 0xef, 0xff, 0xff, 0xc8, 0xf1, 0xff, 0xff, 
	0xc8, 0xf1, 0xff, 0xff, 0xc8, 0xf1, 0xff, 0xff, 
	0xc6, 0xf3, 0xff, 0xff, 0xc6, 0xf1, 0xf9, 0xff, 
	0xc6, 0xf1, 0xf9, 0xff, 0xc6, 0xf0, 0xf4, 0xff, 
	0xc3, 0xef, 0xec, 0xff, 0xbd, 0xef, 0xe7, 0xff, 
	0xbd, 0xef, 0xe7, 0xff, 0xbd, 0xef, 0xe7, 0xff, 
	0xbd, 0xeb, 0xe7, 0xff, 0xbd, 0xeb, 0xe7, 0xff, 
	0xc0, 0xe7, 0xe1, 0xff, 0xc0, 0xe7, 0xe1, 0xff, 
	0xc8, 0xe7, 0xdb, 0xff, 0xcb, 0xe3, 0xd8, 0xff, 
	0xcb, 0xe3, 0xd8, 0xff, 0xce, 0xdf, 0xd6, 0xff, 
	0xcb, 0xdb, 0xd0, 0xff, 0xcb, 0xdb, 0xd0, 0xff, 
	0xcb, 0xdb, 0xd0, 0xff, 0xce, 0xd7, 0xce, 0xff, 
	0xce, 0xd3, 0xce, 0xff, 0xd0, 0xd3, 0xc8, 0xff, 
	0xd3, 0xd3, 0xc2, 0xff, 0xd0, 0xd3, 0xc8, 0xff, 
	0xd3, 0xd3, 0xc8, 0xff, 0xd3, 0xd3, 0xc8, 0xff, 
	0xd3, 0xd3, 0xc8, 0xff, 0xde, 0xd3, 0xce, 0xff, 
	0xd0, 0xcb, 0xce, 0xff, 0xd0, 0xcb, 0xce, 0xff, 
	0xd0, 0xcb, 0xce, 0xff, 0xd3, 0xcb, 0xd6, 0xff, 
	0xd6, 0xc7, 0xd6, 0xff, 0xd0, 0xc7, 0xc5, 0xff, 
	0xd3, 0xc7, 0xcd, 0xff, 0xd3, 0xc7, 0xcd, 0xff, 
	0xce, 0xc3, 0xce, 0xff, 0xce, 0xc7, 0xcb, 0xff, 
	0xce, 0xc7, 0xcb, 0xff, 0xce, 0xc3, 0xce, 0xff, 
	0xce, 0xc7, 0xce, 0xff, 0xce, 0xc7, 0xce, 0xff, 
	0xd0, 0xc2, 0xd6, 0xff, 0xd0, 0xc2, 0xd6, 0xff, 
	0xd0, 0xbe, 0xd0, 0xff, 0xd0, 0xbe, 0xd0, 0xff, 
	0xd3, 0xba, 0xcb, 0xff, 0xd3, 0xba, 0xcb, 0xff, 
	0xce, 0xb6, 0xc2, 0xff, 0xce, 0xb6, 0xc2, 0xff, 
	0xce, 0xb6, 0xd0, 0xff, 0xce, 0xb6, 0xc2, 0xff, 
	0xd6, 0xb6, 0xce, 0xff, 0xd8, 0xb2, 0xd0, 0xff, 
	0xdb, 0xae, 0xd3, 0xff, 0xde, 0xaa, 0xd6, 0xff, 
	0xde, 0xa7, 0xd8, 0xff, 0xde, 0xa7, 0xd8, 0xff, 
	0xde, 0xa7, 0xd8, 0xff, 0xde, 0xa7, 0xd8, 0xff, 
	0xde, 0xa6, 0xd6, 0xff, 0xde, 0xa4, 0xd3, 0xff, 
	0xde, 0xa3, 0xd0, 0xff, 0xde, 0xa3, 0xd0, 0xff, 
	0xe1, 0x9a, 0xd6, 0xff, 0xe1, 0x9a, 0xd6, 0xff, 
	0xe4, 0x9a, 0xd6, 0xff, 0xe1, 0x9a, 0xd6, 0xff, 
	0xe9, 0x9f, 0xe1, 0xff, 0xec, 0xa0, 0xec, 0xff, 
	0xe9, 0x9f, 0xe1, 0xff, 0xe9, 0x9f, 0xe1, 0xff, 
	0xec, 0xa6, 0xec, 0xff, 0xec, 0xa6, 0xec, 0xff, 
	0xf1, 0xaa, 0xe9, 0xff, 0xf1, 0xaa, 0xe9, 0xff, 
	0xf9, 0xaf, 0xef, 0xff, 0xf9, 0xaf, 0xef, 0xff, 
	0xfc, 0xb0, 0xf7, 0xff, 0xfc, 0xb0, 0xf7, 0xff, 
	0xff, 0xb5, 0xfc, 0xff, 0xff, 0xb5, 0xfc, 0xff, 
	0xff, 0xbc, 0xf9, 0xff, 0xff, 0xbc, 0xf9, 0xff, 
	0xf1, 0xff, 0xff, 0xff, 0xec, 0xff, 0xff, 0xff, 
	0xec, 0xff, 0xff, 0xff, 0xec, 0xff, 0xff, 0xff, 
	0xe1, 0xff, 0xff, 0xff, 0xdb, 0xff, 0xff, 0xff, 
	0xd6, 0xff, 0xff, 0xff, 0xd6, 0xff, 0xff, 0xff, 
	0xd8, 0xff, 0xff, 0xff, 0xd8, 0xff, 0xff, 0xff, 
	0xd8, 0xff, 0xff, 0xff, 0xd3, 0xff, 0xff, 0xff, 
	0xd0, 0xff, 0xff, 0xff, 0xcb, 0xff, 0xff, 0xff, 
	0xd0, 0xff, 0xff, 0xff, 0xd0, 0xff, 0xff, 0xff, 
	0xcb, 0xff, 0xff, 0xff, 0xcb, 0xff, 0xff, 0xff, 
	0xcb, 0xff, 0xff, 0xff, 0xcb, 0xff, 0xff, 0xff, 
	0xc8, 0xfb, 0xff, 0xff, 0xcb, 0xfb, 0xff, 0xff, 
	0xcb, 0xfb, 0xff, 0xff, 0xcb, 0xfb, 0xff, 0xff, 
	0xcb, 0xf9, 0xff, 0xff, 0xcb, 0xf9, 0xff, 0xff, 
	0xc8, 0xfc, 0xff, 0xff, 0xc8, 0xfc, 0xff, 0xff, 
	0xc2, 0xfc, 0xff, 0xff, 0xc2, 0xfc, 0xff, 0xff, 
	0xc2, 0xfc, 0xff, 0xff, 0xce, 0xf7, 0xff, 0xff, 
	0xce, 0xf7, 0xff, 0xff, 0xce, 0xf7, 0xff, 0xff, 
	0xc8, 0xf4, 0xff, 0xff, 0xc8, 0xf4, 0xff, 0xff, 
	0xcb, 0xf4, 0xff, 0xff, 0xcb, 0xf4, 0xff, 0xff, 
	0xc6, 0xef, 0xff, 0xff, 0xc6, 0xef, 0xff, 0xff, 
	0xc6, 0xef, 0xff, 0xff, 0xc8, 0xef, 0xff, 0xff, 
	0xc8, 0xef, 0xff, 0xff, 0xc8, 0xef, 0xff, 0xff, 
	0xc8, 0xf0, 0xfc, 0xff, 0xc8, 0xf0, 0xfc, 0xff, 
	0xc8, 0xf0, 0xfc, 0xff, 0xc2, 0xed, 0xf9, 0xff, 
	0xba, 0xef, 0xec, 0xff, 0xc0, 0xef, 0xf1, 0xff, 
	0xb5, 0xef, 0xe7, 0xff, 0xba, 0xef, 0xec, 0xff, 
	0xc6, 0xeb, 0xef, 0xff, 0xc8, 0xe9, 0xe9, 0xff, 
	0xcb, 0xe8, 0xe3, 0xff, 0xce, 0xe7, 0xde, 0xff, 
	0xce, 0xdf, 0xd6, 0xff, 0xce, 0xdf, 0xd6, 0xff, 
	0xce, 0xdf, 0xd6, 0xff, 0xce, 0xdf, 0xd6, 0xff, 
	0xd0, 0xdd, 0xd3, 0xff, 0xcb, 0xdc, 0xd0, 0xff, 
	0xcb, 0xdc, 0xd0, 0xff, 0xcb, 0xdc, 0xd0, 0xff, 
	0xce, 0xd7, 0xce, 0xff, 0xce, 0xd7, 0xce, 0xff, 
	0xcb, 0xdf, 0xcb, 0xff, 0xcb, 0xdf, 0xcb, 0xff, 
	0xd0, 0xd4, 0xcb, 0xff, 0xd0, 0xd4, 0xcb, 0xff, 
	0xd3, 0xd1, 0xd0, 0xff, 0xd3, 0xd1, 0xd0, 0xff, 
	0xd0, 0xcf, 0xd0, 0xff, 0xd0, 0xcf, 0xd0, 0xff, 
	0xd3, 0xcb, 0xcb, 0xff, 0xd3, 0xcb, 0xcb, 0xff, 
	0xd3, 0xc8, 0xcb, 0xff, 0xd3, 0xc8, 0xcb, 0xff, 
	0xd0, 0xc9, 0xd0, 0xff, 0xd3, 0xc8, 0xcb, 0xff, 
	0xce, 0xc7, 0xce, 0xff, 0xce, 0xc8, 0xd0, 0xff, 
	0xce, 0xc7, 0xce, 0xff, 0xce, 0xc7, 0xce, 0xff, 
	0xce, 0xc5, 0xd0, 0xff, 0xce, 0xc7, 0xd6, 0xff, 
	0xce, 0xc5, 0xd0, 0xff, 0xce, 0xc4, 0xcb, 0xff, 
	0xd3, 0xc0, 0xce, 0xff, 0xd8, 0xbd, 0xce, 0xff, 
	0xd8, 0xbd, 0xce, 0xff, 0xd8, 0xbd, 0xce, 0xff, 
	0xd6, 0xb6, 0xce, 0xff, 0xd8, 0xb4, 0xd0, 0xff, 
	0xd6, 0xb6, 0xce, 0xff, 0xd6, 0xb6, 0xce, 0xff, 
	0xde, 0xae, 0xd0, 0xff, 0xde, 0xae, 0xd0, 0xff, 
	0xde, 0xae, 0xcb, 0xff, 0xde, 0xae, 0xd0, 0xff, 
	0xd8, 0xac, 0xd6, 0xff, 0xd8, 0xac, 0xd6, 0xff, 
	0xdb, 0xab, 0xde, 0xff, 0xdb, 0xab, 0xde, 0xff, 
	0xe1, 0xab, 0xd8, 0xff, 0xe1, 0xab, 0xd8, 0xff, 
	0xe4, 0xa8, 0xd3, 0xff, 0xe4, 0xa8, 0xd3, 0xff, 
	0xde, 0xa6, 0xd3, 0xff, 0xde, 0xa6, 0xd3, 0xff, 
	0xde, 0xa6, 0xd8, 0xff, 0xde, 0xa6, 0xde, 0xff, 
	0xe1, 0xa6, 0xe3, 0xff, 0xe1, 0xa6, 0xe3, 0xff, 
	0xe1, 0xa6, 0xe3, 0xff, 0xe7, 0xa6, 0xef, 0xff, 
	0xec, 0xaa, 0xe9, 0xff, 0xef, 0xaa, 0xef, 0xff, 
	0xef, 0xaa, 0xef, 0xff, 0xef, 0xaa, 0xef, 0xff, 
	0xf1, 0xb0, 0xf1, 0xff, 0xf1, 0xb0, 0xf1, 0xff, 
	0xf7, 0xb6, 0xf7, 0xff, 0xf7, 0xb6, 0xf7, 0xff, 
	0xf7, 0xb8, 0xf9, 0xff, 0xf7, 0xbb, 0xfc, 0xff, 
	0xf7, 0xbb, 0xfc, 0xff, 0xf7, 0xb8, 0xf9, 0xff, 
	0xec, 0xff, 0xff, 0xff, 0xec, 0xff, 0xff, 0xff, 
	0xec, 0xff, 0xff, 0xff, 0xec, 0xff, 0xff, 0xff, 
	0xe1, 0xff, 0xff, 0xff, 0xe1, 0xff, 0xff, 0xff, 
	0xdb, 0xff, 0xff, 0xff, 0xdb, 0xff, 0xff, 0xff, 
	0xd8, 0xff, 0xff, 0xff, 0xd8, 0xff, 0xff, 0xff, 
	0xd8, 0xff, 0xff, 0xff, 0xd8, 0xff, 0xff, 0xff, 
	0xd0, 0xff, 0xff, 0xff, 0xd0, 0xff, 0xff, 0xff, 
	0xd0, 0xff, 0xff, 0xff, 0xcb, 0xff, 0xff, 0xff, 
	0xcb, 0xff, 0xff, 0xff, 0xcb, 0xff, 0xff, 0xff, 
	0xcb, 0xff, 0xff, 0xff, 0xcb, 0xff, 0xff, 0xff, 
	0xc8, 0xfb, 0xff, 0xff, 0xc8, 0xfb, 0xff, 0xff, 
	0xcb, 0xfb, 0xff, 0xff, 0xc6, 0xfb, 0xff, 0xff, 
	0xcb, 0xf9, 0xff, 0xff, 0xce, 0xf7, 0xff, 0xff, 
	0xcb, 0xf9, 0xff, 0xff, 0xc8, 0xfc, 0xff, 0xff, 
	0xc8, 0xf9, 0xff, 0xff, 0xc2, 0xfc, 0xff, 0xff, 
	0xce, 0xf7, 0xff, 0xff, 0xc2, 0xfc, 0xff, 0xff, 
	0xce, 0xf7, 0xff, 0xff, 0xce, 0xf7, 0xff, 0xff, 
	0xce, 0xf7, 0xff, 0xff, 0xcb, 0xf5, 0xff, 0xff, 
	0xcb, 0xf4, 0xff, 0xff, 0xc8, 0xf1, 0xff, 0xff, 
	0xc8, 0xf1, 0xff, 0xff, 0xc6, 0xef, 0xff, 0xff, 
	0xc6, 0xef, 0xff, 0xff, 0xc8, 0xef, 0xff, 0xff, 
	0xc8, 0xef, 0xff, 0xff, 0xc8, 0xef, 0xff, 0xff, 
	0xc8, 0xf0, 0xfc, 0xff, 0xc2, 0xed, 0xf9, 0xff, 
	0xc2, 0xed, 0xf9, 0xff, 0xc2, 0xed, 0xf9, 0xff, 
	0xc0, 0xef, 0xf1, 0xff, 0xc0, 0xef, 0xf1, 0xff, 
	0xb5, 0xef, 0xe7, 0xff, 0xc0, 0xef, 0xf1, 0xff, 
	0xc6, 0xeb, 0xef, 0xff, 0xc6, 0xeb, 0xef, 0xff, 
	0xcb, 0xe8, 0xe3, 0xff, 0xcb, 0xe8, 0xe3, 0xff, 
	0xd3, 0xe0, 0xdb, 0xff, 0xce, 0xdf, 0xd6, 0xff, 
	0xd3, 0xe0, 0xdb, 0xff, 0xce, 0xdf, 0xd6, 0xff, 
	0xd0, 0xdd, 0xd3, 0xff, 0xcb, 0xdc, 0xd0, 0xff, 
	0xcb, 0xdc, 0xd0, 0xff, 0xcb, 0xdc, 0xd0, 0xff, 
	0xcb, 0xdf, 0xcb, 0xff, 0xcb, 0xdf, 0xcb, 0xff, 
	0xcb, 0xdf, 0xcb, 0xff, 0xce, 0xd7, 0xce, 0xff, 
	0xd0, 0xd4, 0xcb, 0xff, 0xd0, 0xd4, 0xcb, 0xff, 
	0xd0, 0xd4, 0xcb, 0xff, 0xd3, 0xd1, 0xd0, 0xff, 
	0xd0, 0xcf, 0xd0, 0xff, 0xd0, 0xcf, 0xd0, 0xff, 
	0xd3, 0xcb, 0xcb, 0xff, 0xd3, 0xcb, 0xcb, 0xff, 
	0xd3, 0xc8, 0xcb, 0xff, 0xd3, 0xc8, 0xcb, 0xff, 
	0xd0, 0xc9, 0xd0, 0xff, 0xd0, 0xc9, 0xd0, 0xff, 
	0xce, 0xc8, 0xd0, 0xff, 0xce, 0xc9, 0xd3, 0xff, 
	0xce, 0xc8, 0xd0, 0xff, 0xce, 0xc7, 0xce, 0xff, 
	0xce, 0xc4, 0xcb, 0xff, 0xce, 0xc5, 0xd0, 0xff, 
	0xce, 0xc5, 0xd0, 0xff, 0xce, 0xc4, 0xcb, 0xff, 
	0xd3, 0xc0, 0xce, 0xff, 0xd8, 0xbd, 0xce, 0xff, 
	0xd8, 0xbd, 0xce, 0xff, 0xd8, 0xbd, 0xce, 0xff, 
	0xd6, 0xb6, 0xce, 0xff, 0xd8, 0xb4, 0xd0, 0xff, 
	0xd6, 0xb6, 0xce, 0xff, 0xd8, 0xb4, 0xd0, 0xff, 
	0xde, 0xae, 0xc6, 0xff, 0xde, 0xae, 0xd0, 0xff, 
	0xde, 0xae, 0xcb, 0xff, 0xde, 0xae, 0xd0, 0xff, 
	0xd6, 0xae, 0xce, 0xff, 0xd8, 0xac, 0xd6, 0xff, 
	0xdb, 0xab, 0xde, 0xff, 0xdb, 0xab, 0xde, 0xff, 
	0xe1, 0xab, 0xd8, 0xff, 0xe1, 0xab, 0xd8, 0xff, 
	0xe4, 0xa8, 0xd3, 0xff, 0xe4, 0xa8, 0xd3, 0xff, 
	0xde, 0xa6, 0xce, 0xff, 0xde, 0xa6, 0xd3, 0xff, 
	0xde, 0xa6, 0xd8, 0xff, 0xde, 0xa6, 0xde, 0xff, 
	0xe1, 0xa6, 0xe3, 0xff, 0xe1, 0xa6, 0xe3, 0xff, 
	0xe1, 0xa6, 0xe3, 0xff, 0xe4, 0xa6, 0xe9, 0xff, 
	0xe9, 0xaa, 0xe3, 0xff, 0xef, 0xaa, 0xef, 0xff, 
	0xef, 0xaa, 0xef, 0xff, 0xef, 0xaa, 0xef, 0xff, 
	0xf1, 0xb0, 0xf1, 0xff, 0xf1, 0xb0, 0xf1, 0xff, 
	0xf4, 0xb3, 0xf4, 0xff, 0xf7, 0xb6, 0xf7, 0xff, 
	0xf7, 0xb8, 0xf9, 0xff, 0xf7, 0xbb, 0xfc, 0xff, 
	0xf7, 0xbb, 0xfc, 0xff, 0xf7, 0xbb, 0xfc, 0xff, 
	0xec, 0xff, 0xff, 0xff, 0xec, 0xff, 0xff, 0xff, 
	0xec, 0xff, 0xff, 0xff, 0xec, 0xff, 0xff, 0xff, 
	0xe1, 0xff, 0xff, 0xff, 0xe1, 0xff, 0xff, 0xff, 
	0xdb, 0xff, 0xff, 0xff, 0xdb, 0xff, 0xff, 0xff, 
	0xde, 0xff, 0xff, 0xff, 0xd8, 0xff, 0xff, 0xff, 
	0xd8, 0xff, 0xff, 0xff, 0xd3, 0xff, 0xff, 0xff, 
	0xd0, 0xff, 0xff, 0xff, 0xcb, 0xff, 0xff, 0xff, 
	0xcb, 0xff, 0xff, 0xff, 0xcb, 0xff, 0xff, 0xff, 
	0xcb, 0xff, 0xff, 0xff, 0xd0, 0xff, 0xff, 0xff, 
	0xd0, 0xff, 0xff, 0xff, 0xd0, 0xff, 0xff, 0xff, 
	0xcb, 0xfb, 0xff, 0xff, 0xce, 0xfb, 0xff, 0xff, 
	0xc6, 0xfb, 0xff, 0xff, 0xce, 0xfb, 0xff, 0xff, 
	0xce, 0xf7, 0xff, 0xff, 0xce, 0xf7, 0xff, 0xff, 
	0xce, 0xf7, 0xff, 0xff, 0xcb, 0xf9, 0xff, 0xff, 
	0xc8, 0xf9, 0xff, 0xff, 0xce, 0xf7, 0xff, 0xff, 
	0xce, 0xf7, 0xff, 0xff, 0xc8, 0xf9, 0xff, 0xff, 
	0xc8, 0xf4, 0xff, 0xff, 0xcb, 0xf5, 0xff, 0xff, 
	0xce, 0xf7, 0xff, 0xff, 0xcb, 0xf5, 0xff, 0xff, 
	0xcb, 0xf4, 0xff, 0xff, 0xc8, 0xf1, 0xff, 0xff, 
	0xc8, 0xf1, 0xff, 0xff, 0xc6, 0xef, 0xff, 0xff, 
	0xcb, 0xef, 0xff, 0xff, 0xc8, 0xef, 0xff, 0xff, 
	0xc6, 0xef, 0xff, 0xff, 0xc6, 0xef, 0xff, 0xff, 
	0xc8, 0xf0, 0xfc, 0xff, 0xc8, 0xf0, 0xfc, 0xff, 
	0xc2, 0xed, 0xf9, 0xff, 0xc2, 0xed, 0xf9, 0xff, 
	0xc6, 0xef, 0xf7, 0xff, 0xc0, 0xef, 0xf1, 0xff, 
	0xc0, 0xef, 0xf1, 0xff, 0xc0, 0xef, 0xf1, 0xff, 
	0xc6, 0xeb, 0xef, 0xff, 0xc6, 0xeb, 0xef, 0xff, 
	0xc6, 0xeb, 0xef, 0xff, 0xcb, 0xe8, 0xe3, 0xff, 
	0xd3, 0xe0, 0xdb, 0xff, 0xd8, 0xe1, 0xe1, 0xff, 
	0xd3, 0xe0, 0xdb, 0xff, 0xd3, 0xe0, 0xdb, 0xff, 
	0xd6, 0xdf, 0xd6, 0xff, 0xd0, 0xdd, 0xd3, 0xff, 
	0xd0, 0xdd, 0xd3, 0xff, 0xcb, 0xdc, 0xd0, 0xff, 
	0xcb, 0xdf, 0xcb, 0xff, 0xcb, 0xdf, 0xcb, 0xff, 
	0xcb, 0xdf, 0xcb, 0xff, 0xce, 0xd7, 0xce, 0xff, 
	0xd0, 0xd4, 0xcb, 0xff, 0xd0, 0xd4, 0xcb, 0xff, 
	0xd3, 0xd1, 0xd0, 0xff, 0xd3, 0xd1, 0xd0, 0xff, 
	0xce, 0xd3, 0xd6, 0xff, 0xd3, 0xcb, 0xcb, 0xff, 
	0xd3, 0xcb, 0xcb, 0xff, 0xd3, 0xcb, 0xcb, 0xff, 
	0xd0, 0xc9, 0xd0, 0xff, 0xd0, 0xc9, 0xd0, 0xff, 
	0xd0, 0xc9, 0xd0, 0xff, 0xd0, 0xc9, 0xd0, 0xff, 
	0xce, 0xc8, 0xd0, 0xff, 0xce, 0xc9, 0xd3, 0xff, 
	0xce, 0xc8, 0xd0, 0xff, 0xce, 0xc7, 0xce, 0xff, 
	0xce, 0xc5, 0xd0, 0xff, 0xce, 0xc4, 0xcb, 0xff, 
	0xce, 0xc4, 0xcb, 0xff, 0xce, 0xc4, 0xcb, 0xff, 
	0xd3, 0xc0, 0xce, 0xff, 0xd3, 0xc0, 0xce, 0xff, 
	0xd8, 0xbd, 0xce, 0xff, 0xde, 0xba, 0xce, 0xff, 
	0xdb, 0xb3, 0xd3, 0xff, 0xd6, 0xb6, 0xce, 0xff, 
	0xd8, 0xb4, 0xd0, 0xff, 0xdb, 0xb3, 0xd3, 0xff, 
	0xde, 0xae, 0xcb, 0xff, 0xde, 0xae, 0xcb, 0xff, 
	0xde, 0xae, 0xcb, 0xff, 0xde, 0xae, 0xcb, 0xff, 
	0xd6, 0xae, 0xce, 0xff, 0xd8, 0xac, 0xd6, 0xff, 
	0xd8, 0xac, 0xd6, 0xff, 0xdb, 0xab, 0xde, 0xff, 
	0xde, 0xae, 0xde, 0xff, 0xe1, 0xab, 0xd8, 0xff, 
	0xe4, 0xa8, 0xd3, 0xff, 0xe4, 0xa8, 0xd3, 0xff, 
	0xde, 0xa6, 0xd3, 0xff, 0xde, 0xa6, 0xd3, 0xff, 
	0xde, 0xa6, 0xd8, 0xff, 0xde, 0xa6, 0xde, 0xff, 
	0xe1, 0xa6, 0xe3, 0xff, 0xe1, 0xa6, 0xe3, 0xff, 
	0xe1, 0xa6, 0xe3, 0xff, 0xe4, 0xa6, 0xe9, 0xff, 
	0xe9, 0xaa, 0xe3, 0xff, 0xef, 0xaa, 0xef, 0xff, 
	0xef, 0xaa, 0xef, 0xff, 0xef, 0xaa, 0xef, 0xff, 
	0xf1, 0xb0, 0xf1, 0xff, 0xf1, 0xb0, 0xf1, 0xff, 
	0xf4, 0xb3, 0xf4, 0xff, 0xf7, 0xb6, 0xf7, 0xff, 
	0xf7, 0xb6, 0xf7, 0xff, 0xf7, 0xb8, 0xf9, 0xff, 
	0xf7, 0xbb, 0xfc, 0xff, 0xf7, 0xb8, 0xf9, 0xff, 
	0xf7, 0xff, 0xff, 0xff, 0xf1, 0xff, 0xff, 0xff, 
	0xec, 0xff, 0xff, 0xff, 0xec, 0xff, 0xff, 0xff, 
	0xe1, 0xff, 0xff, 0xff, 0xe1, 0xff, 0xff, 0xff, 
	0xdb, 0xff, 0xff, 0xff, 0xdb, 0xff, 0xff, 0xff, 
	0xd8, 0xff, 0xff, 0xff, 0xd8, 0xff, 0xff, 0xff, 
	0xd8, 0xff, 0xff, 0xff, 0xce, 0xff, 0xff, 0xff, 
	0xc6, 0xff, 0xff, 0xff, 0xcb, 0xff, 0xff, 0xff, 
	0xcb, 0xff, 0xff, 0xff, 0xcb, 0xff, 0xff, 0xff, 
	0xcb, 0xff, 0xff, 0xff, 0xd0, 0xff, 0xff, 0xff, 
	0xd0, 0xff, 0xff, 0xff, 0xd0, 0xff, 0xff, 0xff, 
	0xce, 0xfb, 0xff, 0xff, 0xce, 0xfb, 0xff, 0xff, 
	0xce, 0xfb, 0xff, 0xff, 0xce, 0xfb, 0xff, 0xff, 
	0xce, 0xf7, 0xff, 0xff, 0xce, 0xf7, 0xff, 0xff, 
	0xce, 0xf7, 0xff, 0xff, 0xce, 0xf7, 0xff, 0xff, 
	0xce, 0xf7, 0xff, 0xff, 0xce, 0xf7, 0xff, 0xff, 
	0xce, 0xf7, 0xff, 0xff, 0xce, 0xf7, 0xff, 0xff, 
	0xcb, 0xf5, 0xff, 0xff, 0xc8, 0xf4, 0xff, 0xff, 
	0xc8, 0xf4, 0xff, 0xff, 0xc8, 0xf4, 0xff, 0xff, 
	0xcb, 0xf4, 0xff, 0xff, 0xc8, 0xf1, 0xff, 0xff, 
	0xc8, 0xf1, 0xff, 0xff, 0xc6, 0xef, 0xff, 0xff, 
	0xcb, 0xef, 0xff, 0xff, 0xce, 0xef, 0xff, 0xff, 
	0xc8, 0xef, 0xff, 0xff, 0xc8, 0xef, 0xff, 0xff, 
	0xc8, 0xf0, 0xfc, 0xff, 0xc8, 0xf0, 0xfc, 0xff, 
	0xc8, 0xf0, 0xfc, 0xff, 0xc8, 0xf0, 0xfc, 0xff, 
	0xc6, 0xef, 0xf7, 0xff, 0xc6, 0xef, 0xf7, 0xff, 
	0xc6, 0xef, 0xf7, 0xff, 0xc6, 0xef, 0xf7, 0xff, 
	0xc6, 0xeb, 0xef, 0xff, 0xc6, 0xeb, 0xef, 0xff, 
	0xc6, 0xeb, 0xef, 0xff, 0xcb, 0xe8, 0xe3, 0xff, 
	0xd3, 0xe0, 0xdb, 0xff, 0xd8, 0xe1, 0xe1, 0xff, 
	0xd3, 0xe0, 0xdb, 0xff, 0xd3, 0xe0, 0xdb, 0xff, 
	0xd6, 0xdf, 0xd6, 0xff, 0xd0, 0xdd, 0xd3, 0xff, 
	0xcb, 0xdc, 0xd0, 0xff, 0xcb, 0xdc, 0xd0, 0xff, 
	0xcb, 0xdf, 0xcb, 0xff, 0xcb, 0xdf, 0xcb, 0xff, 
	0xce, 0xd7, 0xce, 0xff, 0xce, 0xd7, 0xce, 0xff, 
	0xd0, 0xd4, 0xcb, 0xff, 0xd3, 0xd1, 0xd0, 0xff, 
	0xd3, 0xd1, 0xd0, 0xff, 0xd3, 0xd1, 0xd0, 0xff, 
	0xce, 0xd3, 0xd6, 0xff, 0xd0, 0xcf, 0xd0, 0xff, 
	0xd3, 0xcb, 0xcb, 0xff, 0xd0, 0xcf, 0xd0, 0xff, 
	0xd0, 0xc9, 0xd0, 0xff, 0xd3, 0xc8, 0xcb, 0xff, 
	0xd0, 0xc9, 0xd0, 0xff, 0xce, 0xcb, 0xd6, 0xff, 
	0xce, 0xc9, 0xd3, 0xff, 0xce, 0xc8, 0xd0, 0xff, 
	0xce, 0xc7, 0xce, 0xff, 0xce, 0xc8, 0xd0, 0xff, 
	0xce, 0xc5, 0xd0, 0xff, 0xce, 0xc4, 0xcb, 0xff, 
	0xce, 0xc4, 0xcb, 0xff, 0xce, 0xc4, 0xcb, 0xff, 
	0xce, 0xc3, 0xce, 0xff, 0xd3, 0xc0, 0xce, 0xff, 
	0xd8, 0xbd, 0xce, 0xff, 0xd8, 0xbd, 0xce, 0xff, 
	0xdb, 0xb3, 0xd3, 0xff, 0xd8, 0xb4, 0xd0, 0xff, 
	0xde, 0xb2, 0xd6, 0xff, 0xd8, 0xb4, 0xd0, 0xff, 
	0xde, 0xae, 0xd0, 0xff, 0xde, 0xae, 0xd0, 0xff, 
	0xde, 0xae, 0xd0, 0xff, 0xde, 0xae, 0xd0, 0xff, 
	0xd8, 0xac, 0xd6, 0xff, 0xd8, 0xac, 0xd6, 0xff, 
	0xdb, 0xab, 0xde, 0xff, 0xdb, 0xab, 0xde, 0xff, 
	0xde, 0xae, 0xde, 0xff, 0xe1, 0xab, 0xd8, 0xff, 
	0xe4, 0xa8, 0xd3, 0xff, 0xe4, 0xa8, 0xd3, 0xff, 
	0xde, 0xa6, 0xd3, 0xff, 0xde, 0xa6, 0xd3, 0xff, 
	0xde, 0xa6, 0xd3, 0xff, 0xde, 0xa6, 0xde, 0xff, 
	0xe1, 0xa6, 0xe3, 0xff, 0xe1, 0xa6, 0xe3, 0xff, 
	0xe1, 0xa6, 0xe3, 0xff, 0xe1, 0xa6, 0xe3, 0xff, 
	0xe9, 0xaa, 0xe3, 0xff, 0xec, 0xaa, 0xe9, 0xff, 
	0xef, 0xaa, 0xef, 0xff, 0xef, 0xaa, 0xef, 0xff, 
	0xf1, 0xb0, 0xf1, 0xff, 0xf4, 0xb3, 0xf4, 0xff, 
	0xf4, 0xb3, 0xf4, 0xff, 0xf7, 0xb6, 0xf7, 0xff, 
	0xf7, 0xb6, 0xf7, 0xff, 0xf7, 0xbb, 0xfc, 0xff, 
	0xf7, 0xb8, 0xf9, 0xff, 0xf7, 0xb6, 0xf7, 0xff, 
	0xef, 0xff, 0xff, 0xff, 0xec, 0xff, 0xff, 0xff, 
	0xef, 0xff, 0xff, 0xff, 0xec, 0xff, 0xff, 0xff, 
	0xe9, 0xff, 0xff, 0xff, 0xe3, 0xff, 0xff, 0xff, 
	0xe3, 0xff, 0xff, 0xff, 0xde, 0xff, 0xff, 0xff, 
	0xd8, 0xff, 0xff, 0xff, 0xd8, 0xff, 0xff, 0xff, 
	0xd3, 0xff, 0xff, 0xff, 0xd3, 0xff, 0xff, 0xff, 
	0xc6, 0xff, 0xff, 0xff, 0xc6, 0xff, 0xff, 0xff, 
	0xcb, 0xff, 0xff, 0xff, 0xcb, 0xff, 0xff, 0xff, 
	0xd0, 0xfd, 0xff, 0xff, 0xd0, 0xfd, 0xff, 0xff, 
	0xd3, 0xfc, 0xff, 0xff, 0xd3, 0xfc, 0xff, 0xff, 
	0xd0, 0xfc, 0xff, 0xff, 0xd6, 0xfb, 0xff, 0xff, 
	0xd6, 0xfb, 0xff, 0xff, 0xd0, 0xfc, 0xff, 0xff, 
	0xce, 0xfb, 0xff, 0xff, 0xd0, 0xf8, 0xff, 0xff, 
	0xd3, 0xf5, 0xff, 0xff, 0xd0, 0xf8, 0xff, 0xff, 
	0xd0, 0xf4, 0xff, 0xff, 0xce, 0xf3, 0xff, 0xff, 
	0xce, 0xf3, 0xff, 0xff, 0xce, 0xf3, 0xff, 0xff, 
	0xcb, 0xf3, 0xff, 0xff, 0xcb, 0xf3, 0xff, 0xff, 
	0xc8, 0xf3, 0xff, 0xff, 0xc8, 0xf3, 0xff, 0xff, 
	0xc8, 0xf0, 0xff, 0xff, 0xcb, 0xed, 0xff, 0xff, 
	0xcb, 0xed, 0xff, 0xff, 0xcb, 0xed, 0xff, 0xff, 
	0xce, 0xef, 0xff, 0xff, 0xcb, 0xf0, 0xfc, 0xff, 
	0xc8, 0xf1, 0xf9, 0xff, 0xce, 0xef, 0xff, 0xff, 
	0xcb, 0xef, 0xf7, 0xff, 0xc6, 0xef, 0xf7, 0xff, 
	0xcb, 0xef, 0xf7, 0xff, 0xcb, 0xef, 0xf7, 0xff, 
	0xce, 0xef, 0xf7, 0xff, 0xcb, 0xec, 0xf4, 0xff, 
	0xce, 0xef, 0xf7, 0xff, 0xc8, 0xe9, 0xf1, 0xff, 
	0xc6, 0xe3, 0xef, 0xff, 0xc6, 0xe3, 0xef, 0xff, 
	0xc6, 0xe5, 0xe9, 0xff, 0xc6, 0xe8, 0xe3, 0xff, 
	0xce, 0xe7, 0xde, 0xff, 0xce, 0xe7, 0xde, 0xff, 
	0xd0, 0xe3, 0xdb, 0xff, 0xd3, 0xdf, 0xd8, 0xff, 
	0xd6, 0xdf, 0xd6, 0xff, 0xd0, 0xdf, 0xd6, 0xff, 
	0xd0, 0xdf, 0xd6, 0xff, 0xd0, 0xdf, 0xd6, 0xff, 
	0xcb, 0xdd, 0xd3, 0xff, 0xcb, 0xdd, 0xd3, 0xff, 
	0xd0, 0xdc, 0xd0, 0xff, 0xd6, 0xdb, 0xce, 0xff, 
	0xd8, 0xd4, 0xce, 0xff, 0xd8, 0xd4, 0xce, 0xff, 
	0xd3, 0xd5, 0xce, 0xff, 0xd3, 0xd5, 0xce, 0xff, 
	0xd0, 0xd5, 0xd0, 0xff, 0xd3, 0xd0, 0xd3, 0xff, 
	0xd3, 0xd0, 0xd3, 0xff, 0xd3, 0xd0, 0xd3, 0xff, 
	0xd0, 0xcb, 0xd3, 0xff, 0xd0, 0xcb, 0xd3, 0xff, 
	0xd0, 0xcb, 0xd3, 0xff, 0xd0, 0xcb, 0xd3, 0xff, 
	0xd3, 0xc9, 0xd1, 0xff, 0xd3, 0xc9, 0xd1, 0xff, 
	0xd3, 0xc9, 0xd1, 0xff, 0xd3, 0xc9, 0xd1, 0xff, 
	0xd0, 0xc5, 0xd6, 0xff, 0xd0, 0xc5, 0xd6, 0xff, 
	0xce, 0xc7, 0xce, 0xff, 0xce, 0xc7, 0xce, 0xff, 
	0xd3, 0xc2, 0xd0, 0xff, 0xd3, 0xc2, 0xd0, 0xff, 
	0xd8, 0xbe, 0xd3, 0xff, 0xd8, 0xbe, 0xd3, 0xff, 
	0xd8, 0xb7, 0xd6, 0xff, 0xd8, 0xb7, 0xd6, 0xff, 
	0xd8, 0xb7, 0xd6, 0xff, 0xd6, 0xb2, 0xd6, 0xff, 
	0xe1, 0xb0, 0xd8, 0xff, 0xe1, 0xb0, 0xd8, 0xff, 
	0xe1, 0xb0, 0xd8, 0xff, 0xe1, 0xb0, 0xd8, 0xff, 
	0xd9, 0xb3, 0xd6, 0xff, 0xd9, 0xb3, 0xd6, 0xff, 
	0xd9, 0xb3, 0xd6, 0xff, 0xe4, 0xb0, 0xd6, 0xff, 
	0xe1, 0xb2, 0xd6, 0xff, 0xe1, 0xb2, 0xd6, 0xff, 
	0xe4, 0xae, 0xce, 0xff, 0xe4, 0xae, 0xce, 0xff, 
	0xe4, 0xac, 0xd6, 0xff, 0xe4, 0xac, 0xd6, 0xff, 
	0xe7, 0xae, 0xde, 0xff, 0xe7, 0xae, 0xde, 0xff, 
	0xe9, 0xab, 0xe1, 0xff, 0xe9, 0xab, 0xe1, 0xff, 
	0xe9, 0xab, 0xe1, 0xff, 0xe9, 0xab, 0xe1, 0xff, 
	0xe7, 0xb2, 0xe7, 0xff, 0xe7, 0xb2, 0xe7, 0xff, 
	0xec, 0xaf, 0xec, 0xff, 0xef, 0xae, 0xef, 0xff, 
	0xf4, 0xb3, 0xf1, 0xff, 0xf4, 0xb3, 0xf1, 0xff, 
	0xf4, 0xb3, 0xf1, 0xff, 0xf7, 0xb6, 0xf7, 0xff, 
	0xff, 0xba, 0xf9, 0xff, 0xff, 0xb6, 0xfc, 0xff, 
	0xff, 0xb6, 0xfc, 0xff, 0xff, 0xb6, 0xfc, 0xff, 
	0xec, 0xff, 0xff, 0xff, 0xec, 0xff, 0xff, 0xff, 
	0xec, 0xff, 0xff, 0xff, 0xec, 0xff, 0xff, 0xff, 
	0xe9, 0xff, 0xff, 0xff, 0xe3, 0xff, 0xff, 0xff, 
	0xde, 0xff, 0xff, 0xff, 0xde, 0xff, 0xff, 0xff, 
	0xd8, 0xff, 0xff, 0xff, 0xd3, 0xff, 0xff, 0xff, 
	0xd3, 0xff, 0xff, 0xff, 0xd3, 0xff, 0xff, 0xff, 
	0xc6, 0xff, 0xff, 0xff, 0xcb, 0xff, 0xff, 0xff, 
	0xcb, 0xff, 0xff, 0xff, 0xcb, 0xff, 0xff, 0xff, 
	0xce, 0xff, 0xff, 0xff, 0xd0, 0xfd, 0xff, 0xff, 
	0xd3, 0xfc, 0xff, 0xff, 0xd6, 0xfb, 0xff, 0xff, 
	0xd0, 0xfc, 0xff, 0xff, 0xd0, 0xfc, 0xff, 0xff, 
	0xd6, 0xfb, 0xff, 0xff, 0xd6, 0xfb, 0xff, 0xff, 
	0xd0, 0xf8, 0xff, 0xff, 0xd3, 0xf5, 0xff, 0xff, 
	0xd3, 0xf5, 0xff, 0xff, 0xd3, 0xf5, 0xff, 0xff, 
	0xd0, 0xf4, 0xff, 0xff, 0xce, 0xf3, 0xff, 0xff, 
	0xce, 0xf3, 0xff, 0xff, 0xce, 0xf3, 0xff, 0xff, 
	0xcb, 0xf3, 0xff, 0xff, 0xc6, 0xf3, 0xff, 0xff, 
	0xc8, 0xf3, 0xff, 0xff, 0xcb, 0xf3, 0xff, 0xff, 
	0xcb, 0xed, 0xff, 0xff, 0xcb, 0xed, 0xff, 0xff, 
	0xcb, 0xed, 0xff, 0xff, 0xcb, 0xed, 0xff, 0xff, 
	0xce, 0xef, 0xff, 0xff, 0xce, 0xef, 0xff, 0xff, 
	0xce, 0xef, 0xff, 0xff, 0xce, 0xef, 0xff, 0xff, 
	0xcb, 0xef, 0xf7, 0xff, 0xc6, 0xef, 0xf7, 0xff, 
	0xcb, 0xef, 0xf7, 0xff, 0xcb, 0xef, 0xf7, 0xff, 
	0xce, 0xef, 0xf7, 0xff, 0xcb, 0xec, 0xf4, 0xff, 
	0xce, 0xef, 0xf7, 0xff, 0xc6, 0xe7, 0xef, 0xff, 
	0xc6, 0xe3, 0xef, 0xff, 0xc6, 0xe3, 0xef, 0xff, 
	0xc6, 0xe5, 0xe9, 0xff, 0xc6, 0xe8, 0xe3, 0xff, 
	0xce, 0xe7, 0xde, 0xff, 0xce, 0xe7, 0xde, 0xff, 
	0xd3, 0xdf, 0xd8, 0xff, 0xd3, 0xdf, 0xd8, 0xff, 
	0xd6, 0xdf, 0xd6, 0xff, 0xd0, 0xdf, 0xd6, 0xff, 
	0xd0, 0xdf, 0xd6, 0xff, 0xcb, 0xdf, 0xd6, 0xff, 
	0xcb, 0xdd, 0xd3, 0xff, 0xd0, 0xdc, 0xd0, 0xff, 
	0xd0, 0xdc, 0xd0, 0xff, 0xd6, 0xdb, 0xce, 0xff, 
	0xd3, 0xd5, 0xce, 0xff, 0xd8, 0xd4, 0xce, 0xff, 
	0xce, 0xd7, 0xce, 0xff, 0xd3, 0xd5, 0xce, 0xff, 
	0xd0, 0xd5, 0xd0, 0xff, 0xd3, 0xd0, 0xd3, 0xff, 
	0xd3, 0xd0, 0xd3, 0xff, 0xd3, 0xd0, 0xd3, 0xff, 
	0xd3, 0xcf, 0xd0, 0xff, 0xd3, 0xcf, 0xd0, 0xff, 
	0xd0, 0xcb, 0xd3, 0xff, 0xd0, 0xcb, 0xd3, 0xff, 
	0xd3, 0xc9, 0xd1, 0xff, 0xd3, 0xc9, 0xd1, 0xff, 
	0xd3, 0xc9, 0xd1, 0xff, 0xd3, 0xc9, 0xd1, 0xff, 
	0xd0, 0xc5, 0xd6, 0xff, 0xd0, 0xc5, 0xd6, 0xff, 
	0xd0, 0xc5, 0xd6, 0xff, 0xd0, 0xc5, 0xd6, 0xff, 
	0xd3, 0xc2, 0xd0, 0xff, 0xd8, 0xbe, 0xd3, 0xff, 
	0xd8, 0xbe, 0xd3, 0xff, 0xd8, 0xbe, 0xd3, 0xff, 
	0xd8, 0xb7, 0xd6, 0xff, 0xd8, 0xb7, 0xd6, 0xff, 
	0xd8, 0xb7, 0xd6, 0xff, 0xd8, 0xb7, 0xd6, 0xff, 
	0xe1, 0xb0, 0xd8, 0xff, 0xe1, 0xb0, 0xd8, 0xff, 
	0xe1, 0xb0, 0xd8, 0xff, 0xe1, 0xb0, 0xd8, 0xff, 
	0xe4, 0xb0, 0xd6, 0xff, 0xe4, 0xb0, 0xd6, 0xff, 
	0xd9, 0xb3, 0xd6, 0xff, 0xe4, 0xb0, 0xd6, 0xff, 
	0xe1, 0xb2, 0xd6, 0xff, 0xe1, 0xb2, 0xd6, 0xff, 
	0xe4, 0xae, 0xce, 0xff, 0xe4, 0xae, 0xce, 0xff, 
	0xe4, 0xac, 0xd6, 0xff, 0xe4, 0xac, 0xd6, 0xff, 
	0xe4, 0xac, 0xd6, 0xff, 0xe7, 0xae, 0xde, 0xff, 
	0xe9, 0xab, 0xe1, 0xff, 0xe9, 0xab, 0xe1, 0xff, 
	0xe9, 0xab, 0xe1, 0xff, 0xe3, 0xb0, 0xe4, 0xff, 
	0xe9, 0xb0, 0xe9, 0xff, 0xe9, 0xb0, 0xe9, 0xff, 
	0xe9, 0xb0, 0xe9, 0xff, 0xec, 0xaf, 0xec, 0xff, 
	0xf1, 0xb0, 0xec, 0xff, 0xf1, 0xb0, 0xec, 0xff, 
	0xf4, 0xb3, 0xf1, 0xff, 0xf7, 0xb6, 0xf7, 0xff, 
	0xff, 0xba, 0xf9, 0xff, 0xff, 0xba, 0xf9, 0xff, 
	0xff, 0xba, 0xf9, 0xff, 0xff, 0xb6, 0xfc, 0xff, 
	0xe9, 0xff, 0xff, 0xff, 0xec, 0xff, 0xff, 0xff, 
	0xef, 0xff, 0xff, 0xff, 0xe7, 0xff, 0xff, 0xff, 
	0xe3, 0xff, 0xff, 0xff, 0xe9, 0xff, 0xff, 0xff, 
	0xe3, 0xff, 0xff, 0xff, 0xde, 0xff, 0xff, 0xff, 
	0xd8, 0xff, 0xff, 0xff, 0xd8, 0xff, 0xff, 0xff, 
	0xd3, 0xff, 0xff, 0xff, 0xce, 0xff, 0xff, 0xff, 
	0xcb, 0xff, 0xff, 0xff, 0xcb, 0xff, 0xff, 0xff, 
	0xcb, 0xff, 0xff, 0xff, 0xd0, 0xff, 0xff, 0xff, 
	0xce, 0xff, 0xff, 0xff, 0xd0, 0xfd, 0xff, 0xff, 
	0xd0, 0xfd, 0xff, 0xff, 0xd3, 0xfc, 0xff, 0xff, 
	0xd0, 0xfc, 0xff, 0xff, 0xd0, 0xfc, 0xff, 0xff, 
	0xd0, 0xfc, 0xff, 0xff, 0xd0, 0xfc, 0xff, 0xff, 
	0xce, 0xfb, 0xff, 0xff, 0xd3, 0xf5, 0xff, 0xff, 
	0xd3, 0xf5, 0xff, 0xff, 0xd3, 0xf5, 0xff, 0xff, 
	0xd3, 0xf5, 0xff, 0xff, 0xce, 0xf3, 0xff, 0xff, 
	0xce, 0xf3, 0xff, 0xff, 0xce, 0xf3, 0xff, 0xff, 
	0xc8, 0xf3, 0xff, 0xff, 0xc8, 0xf3, 0xff, 0xff, 
	0xc6, 0xf3, 0xff, 0xff, 0xc8, 0xf3, 0xff, 0xff, 
	0xc8, 0xf0, 0xff, 0xff, 0xcb, 0xed, 0xff, 0xff, 
	0xce, 0xeb, 0xff, 0xff, 0xce, 0xeb, 0xff, 0xff, 
	0xce, 0xef, 0xff, 0xff, 0xce, 0xef, 0xff, 0xff, 
	0xcb, 0xf0, 0xfc, 0xff, 0xcb, 0xf0, 0xfc, 0xff, 
	0xce, 0xef, 0xf7, 0xff, 0xc6, 0xef, 0xf7, 0xff, 
	0xcb, 0xef, 0xf7, 0xff, 0xcb, 0xef, 0xf7, 0xff, 
	0xcb, 0xec, 0xf4, 0xff, 0xce, 0xef, 0xf7, 0xff, 
	0xce, 0xef, 0xf7, 0xff, 0xc6, 0xe7, 0xef, 0xff, 
	0xc6, 0xe5, 0xe9, 0xff, 0xc6, 0xe5, 0xe9, 0xff, 
	0xc6, 0xe5, 0xe9, 0xff, 0xc6, 0xe8, 0xe3, 0xff, 
	0xce, 0xe7, 0xde, 0xff, 0xd0, 0xe3, 0xdb, 0xff, 
	0xd0, 0xe3, 0xdb, 0xff, 0xd3, 0xdf, 0xd8, 0xff, 
	0xd0, 0xdf, 0xd6, 0xff, 0xd0, 0xdf, 0xd6, 0xff, 
	0xd0, 0xdf, 0xd6, 0xff, 0xcb, 0xdf, 0xd6, 0xff, 
	0xc6, 0xdf, 0xd6, 0xff, 0xd0, 0xdc, 0xd0, 0xff, 
	0xd0, 0xdc, 0xd0, 0xff, 0xd6, 0xdb, 0xce, 0xff, 
	0xd8, 0xd4, 0xce, 0xff, 0xce, 0xd7, 0xce, 0xff, 
	0xce, 0xd7, 0xce, 0xff, 0xd3, 0xd5, 0xce, 0xff, 
	0xd0, 0xd5, 0xd0, 0xff, 0xd0, 0xd5, 0xd0, 0xff, 
	0xd3, 0xd0, 0xd3, 0xff, 0xd3, 0xd0, 0xd3, 0xff, 
	0xd3, 0xcf, 0xd0, 0xff, 0xd3, 0xcf, 0xd0, 0xff, 
	0xd3, 0xcf, 0xd0, 0xff, 0xd0, 0xcb, 0xd3, 0xff, 
	0xd0, 0xc8, 0xdc, 0xff, 0xd0, 0xc8, 0xdc, 0xff, 
	0xd3, 0xc9, 0xd1, 0xff, 0xd0, 0xc8, 0xdc, 0xff, 
	0xd0, 0xc5, 0xd6, 0xff, 0xd0, 0xc5, 0xd6, 0xff, 
	0xd0, 0xc5, 0xd6, 0xff, 0xd0, 0xc5, 0xd6, 0xff, 
	0xd3, 0xc2, 0xd0, 0xff, 0xd3, 0xc2, 0xd0, 0xff, 
	0xd8, 0xbe, 0xd3, 0xff, 0xd8, 0xbe, 0xd3, 0xff, 
	0xde, 0xc3, 0xd6, 0xff, 0xd8, 0xb7, 0xd6, 0xff, 
	0xd8, 0xb7, 0xd6, 0xff, 0xd8, 0xb7, 0xd6, 0xff, 
	0xdb, 0xb7, 0xdb, 0xff, 0xe1, 0xb0, 0xd8, 0xff, 
	0xe1, 0xb0, 0xd8, 0xff, 0xe1, 0xb0, 0xd8, 0xff, 
	0xe4, 0xb0, 0xd6, 0xff, 0xe4, 0xb0, 0xd6, 0xff, 
	0xe4, 0xb0, 0xd6, 0xff, 0xe4, 0xb0, 0xd6, 0xff, 
	0xe1, 0xb2, 0xd6, 0xff, 0xe1, 0xb2, 0xd6, 0xff, 
	0xe1, 0xb2, 0xd6, 0xff, 0xde, 0xb6, 0xde, 0xff, 
	0xe4, 0xac, 0xd6, 0xff, 0xe7, 0xae, 0xde, 0xff, 
	0xe7, 0xae, 0xde, 0xff, 0xe7, 0xae, 0xde, 0xff, 
	0xe9, 0xab, 0xe1, 0xff, 0xef, 0xa6, 0xde, 0xff, 
	0xe3, 0xb0, 0xe4, 0xff, 0xe3, 0xb0, 0xe4, 0xff, 
	0xe7, 0xb2, 0xe7, 0xff, 0xe7, 0xb2, 0xe7, 0xff, 
	0xe7, 0xb2, 0xe7, 0xff, 0xec, 0xaf, 0xec, 0xff, 
	0xef, 0xae, 0xe7, 0xff, 0xf4, 0xb3, 0xf1, 0xff, 
	0xf4, 0xb3, 0xf1, 0xff, 0xf7, 0xb6, 0xf7, 0xff, 
	0xff, 0xba, 0xf9, 0xff, 0xff, 0xba, 0xf9, 0xff, 
	0xff, 0xba, 0xf9, 0xff, 0xff, 0xba, 0xf9, 0xff, 
	0xe9, 0xff, 0xff, 0xff, 0xe9, 0xff, 0xff, 0xff, 
	0xe7, 0xff, 0xff, 0xff, 0xe9, 0xff, 0xff, 0xff, 
	0xe9, 0xff, 0xff, 0xff, 0xef, 0xff, 0xff, 0xff, 
	0xe3, 0xff, 0xff, 0xff, 0xe3, 0xff, 0xff, 0xff, 
	0xde, 0xff, 0xff, 0xff, 0xd8, 0xff, 0xff, 0xff, 
	0xd3, 0xff, 0xff, 0xff, 0xd3, 0xff, 0xff, 0xff, 
	0xd0, 0xff, 0xff, 0xff, 0xcb, 0xff, 0xff, 0xff, 
	0xcb, 0xff, 0xff, 0xff, 0xd0, 0xff, 0xff, 0xff, 
	0xce, 0xff, 0xff, 0xff, 0xce, 0xff, 0xff, 0xff, 
	0xce, 0xff, 0xff, 0xff, 0xce, 0xff, 0xff, 0xff, 
	0xd0, 0xfc, 0xff, 0xff, 0xd0, 0xfc, 0xff, 0xff, 
	0xd0, 0xfc, 0xff, 0xff, 0xd0, 0xfc, 0xff, 0xff, 
	0xce, 0xfb, 0xff, 0xff, 0xd0, 0xf8, 0xff, 0xff, 
	0xd6, 0xf3, 0xff, 0xff, 0xd6, 0xf3, 0xff, 0xff, 
	0xd3, 0xf5, 0xff, 0xff, 0xd0, 0xf4, 0xff, 0xff, 
	0xce, 0xf3, 0xff, 0xff, 0xce, 0xf3, 0xff, 0xff, 
	0xcb, 0xf3, 0xff, 0xff, 0xc6, 0xf3, 0xff, 0xff, 
	0xc8, 0xf3, 0xff, 0xff, 0xcb, 0xf3, 0xff, 0xff, 
	0xcb, 0xed, 0xff, 0xff, 0xce, 0xeb, 0xff, 0xff, 
	0xce, 0xeb, 0xff, 0xff, 0xcb, 0xed, 0xff, 0xff, 
	0xce, 0xef, 0xff, 0xff, 0xce, 0xef, 0xff, 0xff, 
	0xce, 0xef, 0xff, 0xff, 0xce, 0xef, 0xff, 0xff, 
	0xc6, 0xef, 0xf7, 0xff, 0xc6, 0xef, 0xf7, 0xff, 
	0xc6, 0xef, 0xf7, 0xff, 0xc8, 0xef, 0xf7, 0xff, 
	0xcb, 0xec, 0xf4, 0xff, 0xcb, 0xec, 0xf4, 0xff, 
	0xcb, 0xec, 0xf4, 0xff, 0xc6, 0xe7, 0xef, 0xff, 
	0xc6, 0xe3, 0xef, 0xff, 0xc6, 0xe5, 0xe9, 0xff, 
	0xc6, 0xe5, 0xe9, 0xff, 0xc6, 0xe8, 0xe3, 0xff, 
	0xce, 0xe7, 0xde, 0xff, 0xd0, 0xe3, 0xdb, 0xff, 
	0xd0, 0xe3, 0xdb, 0xff, 0xd3, 0xdf, 0xd8, 0xff, 
	0xd0, 0xdf, 0xd6, 0xff, 0xd0, 0xdf, 0xd6, 0xff, 
	0xc6, 0xdf, 0xd6, 0xff, 0xc6, 0xdf, 0xd6, 0xff, 
	0xcb, 0xdd, 0xd3, 0xff, 0xcb, 0xdd, 0xd3, 0xff, 
	0xd0, 0xdc, 0xd0, 0xff, 0xd0, 0xdc, 0xd0, 0xff, 
	0xd8, 0xd4, 0xce, 0xff, 0xd3, 0xd5, 0xce, 0xff, 
	0xce, 0xd7, 0xce, 0xff, 0xce, 0xd7, 0xce, 0xff, 
	0xd0, 0xd5, 0xd0, 0xff, 0xd0, 0xd5, 0xd0, 0xff, 
	0xd0, 0xd5, 0xd0, 0xff, 0xd3, 0xd0, 0xd3, 0xff, 
	0xd6, 0xd3, 0xce, 0xff, 0xd3, 0xcf, 0xd0, 0xff, 
	0xd3, 0xcf, 0xd0, 0xff, 0xd0, 0xcb, 0xd3, 0xff, 
	0xd0, 0xc8, 0xdc, 0xff, 0xd0, 0xc8, 0xdc, 0xff, 
	0xd0, 0xc8, 0xdc, 0xff, 0xd0, 0xc8, 0xdc, 0xff, 
	0xd3, 0xc4, 0xde, 0xff, 0xd3, 0xc4, 0xde, 0xff, 
	0xd3, 0xc4, 0xde, 0xff, 0xd0, 0xc5, 0xd6, 0xff, 
	0xd3, 0xc2, 0xd0, 0xff, 0xd3, 0xc2, 0xd0, 0xff, 
	0xd3, 0xc2, 0xd0, 0xff, 0xd8, 0xbe, 0xd3, 0xff, 
	0xde, 0xc3, 0xd6, 0xff, 0xdb, 0xbd, 0xd6, 0xff, 
	0xdb, 0xbd, 0xd6, 0xff, 0xdb, 0xbd, 0xd6, 0xff, 
	0xdb, 0xb7, 0xdb, 0xff, 0xdb, 0xb7, 0xdb, 0xff, 
	0xdb, 0xb7, 0xdb, 0xff, 0xdb, 0xb7, 0xdb, 0xff, 
	0xe4, 0xb0, 0xd6, 0xff, 0xd9, 0xb3, 0xd6, 0xff, 
	0xe4, 0xb0, 0xd6, 0xff, 0xd9, 0xb3, 0xd6, 0xff, 
	0xde, 0xb6, 0xde, 0xff, 0xe1, 0xb2, 0xd6, 0xff, 
	0xde, 0xb6, 0xde, 0xff, 0xde, 0xb6, 0xde, 0xff, 
	0xe7, 0xae, 0xde, 0xff, 0xe7, 0xae, 0xde, 0xff, 
	0xe7, 0xae, 0xde, 0xff, 0xe7, 0xae, 0xde, 0xff, 
	0xe9, 0xab, 0xe1, 0xff, 0xef, 0xa6, 0xde, 0xff, 
	0xe3, 0xb0, 0xe4, 0xff, 0xe3, 0xb0, 0xe4, 0xff, 
	0xe7, 0xb2, 0xe7, 0xff, 0xe7, 0xb2, 0xe7, 0xff, 
	0xe9, 0xb0, 0xe9, 0xff, 0xef, 0xae, 0xef, 0xff, 
	0xf1, 0xb0, 0xec, 0xff, 0xf4, 0xb3, 0xf1, 0xff, 
	0xf7, 0xb6, 0xf7, 0xff, 0xf7, 0xb6, 0xf7, 0xff, 
	0xff, 0xba, 0xf9, 0xff, 0xff, 0xbe, 0xf7, 0xff, 
	0xff, 0xbe, 0xf7, 0xff, 0xff, 0xbe, 0xf7, 0xff, 
	0xe9, 0xff, 0xff, 0xff, 0xe7, 0xff, 0xff, 0xff, 
	0xe7, 0xff, 0xff, 0xff, 0xe7, 0xff, 0xff, 0xff, 
	0xe7, 0xff, 0xff, 0xff, 0xe7, 0xff, 0xff, 0xff, 
	0xe7, 0xff, 0xff, 0xff, 0xe7, 0xff, 0xff, 0xff, 
	0xe1, 0xff, 0xff, 0xff, 0xe1, 0xff, 0xff, 0xff, 
	0xe1, 0xff, 0xff, 0xff, 0xd6, 0xff, 0xff, 0xff, 
	0xd0, 0xff, 0xff, 0xff, 0xcb, 0xff, 0xff, 0xff, 
	0xcb, 0xff, 0xff, 0xff, 0xd0, 0xff, 0xff, 0xff, 
	0xd3, 0xfd, 0xff, 0xff, 0xd0, 0xfc, 0xff, 0xff, 
	0xd0, 0xfc, 0xff, 0xff, 0xce, 0xfb, 0xff, 0xff, 
	0xd0, 0xfd, 0xff, 0xff, 0xce, 0xff, 0xff, 0xff, 
	0xd0, 0xfd, 0xff, 0xff, 0xce, 0xff, 0xff, 0xff, 
	0xd3, 0xf8, 0xff, 0xff, 0xd3, 0xf8, 0xff, 0xff, 
	0xd8, 0xf1, 0xff, 0xff, 0xd8, 0xf1, 0xff, 0xff, 
	0xd8, 0xf3, 0xff, 0xff, 0xd3, 0xf3, 0xff, 0xff, 
	0xd3, 0xf3, 0xff, 0xff, 0xce, 0xf3, 0xff, 0xff, 
	0xce, 0xf3, 0xff, 0xff, 0xce, 0xf3, 0xff, 0xff, 
	0xce, 0xf3, 0xff, 0xff, 0xce, 0xf3, 0xff, 0xff, 
	0xce, 0xef, 0xff, 0xff, 0xce, 0xef, 0xff, 0xff, 
	0xd0, 0xed, 0xff, 0xff, 0xd0, 0xed, 0xff, 0xff, 
	0xcb, 0xed, 0xfc, 0xff, 0xd0, 0xec, 0xf9, 0xff, 
	0xcb, 0xed, 0xfc, 0xff, 0xcb, 0xed, 0xfc, 0xff, 
	0xc8, 0xeb, 0xf9, 0xff, 0xc6, 0xeb, 0xf7, 0xff, 
	0xc6, 0xeb, 0xf7, 0xff, 0xc6, 0xeb, 0xf7, 0xff, 
	0xc6, 0xec, 0xf4, 0xff, 0xc6, 0xec, 0xf4, 0xff, 
	0xc6, 0xe5, 0xf1, 0xff, 0xc6, 0xe5, 0xf1, 0xff, 
	0xc6, 0xe7, 0xef, 0xff, 0xc8, 0xe4, 0xec, 0xff, 
	0xc8, 0xe4, 0xec, 0xff, 0xcb, 0xe1, 0xe9, 0xff, 
	0xcb, 0xe0, 0xe1, 0xff, 0xce, 0xdf, 0xde, 0xff, 
	0xce, 0xdf, 0xde, 0xff, 0xce, 0xdf, 0xde, 0xff, 
	0xce, 0xdb, 0xd8, 0xff, 0xce, 0xdb, 0xd8, 0xff, 
	0xce, 0xdb, 0xd8, 0xff, 0xce, 0xdb, 0xd8, 0xff, 
	0xce, 0xdf, 0xd6, 0xff, 0xce, 0xdf, 0xd6, 0xff, 
	0xd3, 0xdc, 0xd3, 0xff, 0xd3, 0xdc, 0xd3, 0xff, 
	0xd8, 0xd4, 0xd0, 0xff, 0xd8, 0xd4, 0xd0, 0xff, 
	0xd3, 0xd5, 0xd3, 0xff, 0xce, 0xd7, 0xd6, 0xff, 
	0xce, 0xd7, 0xd6, 0xff, 0xce, 0xd7, 0xd6, 0xff, 
	0xd0, 0xd5, 0xd6, 0xff, 0xd0, 0xd5, 0xd6, 0xff, 
	0xd6, 0xcf, 0xce, 0xff, 0xd6, 0xcf, 0xce, 0xff, 
	0xd6, 0xcf, 0xce, 0xff, 0xd6, 0xcb, 0xde, 0xff, 
	0xd6, 0xcb, 0xde, 0xff, 0xd6, 0xcb, 0xde, 0xff, 
	0xd6, 0xcb, 0xde, 0xff, 0xd6, 0xcb, 0xde, 0xff, 
	0xd6, 0xc5, 0xd8, 0xff, 0xd6, 0xc5, 0xd8, 0xff, 
	0xd6, 0xc5, 0xd8, 0xff, 0xd6, 0xc5, 0xd8, 0xff, 
	0xd6, 0xc3, 0xd6, 0xff, 0xd6, 0xc3, 0xd6, 0xff, 
	0xd6, 0xc3, 0xd6, 0xff, 0xd6, 0xc3, 0xd6, 0xff, 
	0xd6, 0xc3, 0xd6, 0xff, 0xdb, 0xc3, 0xd8, 0xff, 
	0xd6, 0xc3, 0xd6, 0xff, 0xdb, 0xc3, 0xd8, 0xff, 
	0xde, 0xbe, 0xd6, 0xff, 0xde, 0xbc, 0xdb, 0xff, 
	0xde, 0xbc, 0xdb, 0xff, 0xde, 0xbc, 0xdb, 0xff, 
	0xde, 0xba, 0xde, 0xff, 0xde, 0xba, 0xde, 0xff, 
	0xde, 0xba, 0xde, 0xff, 0xde, 0xba, 0xde, 0xff, 
	0xe1, 0xb6, 0xe1, 0xff, 0xde, 0xb2, 0xde, 0xff, 
	0xe1, 0xb6, 0xe1, 0xff, 0xde, 0xb2, 0xde, 0xff, 
	0xe3, 0xb4, 0xe1, 0xff, 0xe3, 0xb4, 0xe1, 0xff, 
	0xe9, 0xb3, 0xe4, 0xff, 0xe9, 0xb3, 0xe4, 0xff, 
	0xe9, 0xb3, 0xe4, 0xff, 0xef, 0xae, 0xe7, 0xff, 
	0xe9, 0xb3, 0xe4, 0xff, 0xe3, 0xb8, 0xe1, 0xff, 
	0xe7, 0xba, 0xe6, 0xff, 0xe7, 0xba, 0xee, 0xff, 
	0xe7, 0xba, 0xf7, 0xff, 0xe7, 0xba, 0xee, 0xff, 
	0xec, 0xba, 0xf1, 0xff, 0xf1, 0xba, 0xf4, 0xff, 
	0xf1, 0xba, 0xf4, 0xff, 0xf7, 0xba, 0xf7, 0xff, 
	0xff, 0xba, 0xf7, 0xff, 0xff, 0xba, 0xf7, 0xff, 
	0xff, 0xba, 0xf7, 0xff, 0xf9, 0xbc, 0xf7, 0xff, 
	0xec, 0xff, 0xff, 0xff, 0xe9, 0xff, 0xff, 0xff, 
	0xe9, 0xff, 0xff, 0xff, 0xe7, 0xff, 0xff, 0xff, 
	0xe7, 0xff, 0xff, 0xff, 0xe7, 0xff, 0xff, 0xff, 
	0xe7, 0xff, 0xff, 0xff, 0xde, 0xff, 0xff, 0xff, 
	0xe1, 0xff, 0xff, 0xff, 0xe1, 0xff, 0xff, 0xff, 
	0xe1, 0xff, 0xff, 0xff, 0xd6, 0xff, 0xff, 0xff, 
	0xcb, 0xff, 0xff, 0xff, 0xcb, 0xff, 0xff, 0xff, 
	0xd0, 0xff, 0xff, 0xff, 0xd0, 0xff, 0xff, 0xff, 
	0xd3, 0xfd, 0xff, 0xff, 0xd0, 0xfc, 0xff, 0xff, 
	0xce, 0xfb, 0xff, 0xff, 0xd0, 0xfc, 0xff, 0xff, 
	0xd0, 0xfd, 0xff, 0xff, 0xce, 0xff, 0xff, 0xff, 
	0xd0, 0xfd, 0xff, 0xff, 0xce, 0xff, 0xff, 0xff, 
	0xce, 0xff, 0xff, 0xff, 0xd3, 0xf8, 0xff, 0xff, 
	0xd8, 0xf1, 0xff, 0xff, 0xd8, 0xf1, 0xff, 0xff, 
	0xd8, 0xf3, 0xff, 0xff, 0xd8, 0xf3, 0xff, 0xff, 
	0xd3, 0xf3, 0xff, 0xff, 0xce, 0xf3, 0xff, 0xff, 
	0xce, 0xf3, 0xff, 0xff, 0xce, 0xf3, 0xff, 0xff, 
	0xce, 0xf3, 0xff, 0xff, 0xd0, 0xf0, 0xff, 0xff, 
	0xce, 0xef, 0xff, 0xff, 0xce, 0xef, 0xff, 0xff, 
	0xd0, 0xed, 0xff, 0xff, 0xce, 0xef, 0xff, 0xff, 
	0xd0, 0xec, 0xf9, 0xff, 0xd0, 0xec, 0xf9, 0xff, 
	0xd0, 0xec, 0xf9, 0xff, 0xc6, 0xef, 0xff, 0xff, 
	0xc8, 0xeb, 0xf9, 0xff, 0xc6, 0xeb, 0xf7, 0xff, 
	0xc6, 0xeb, 0xf7, 0xff, 0xc6, 0xeb, 0xf7, 0xff, 
	0xc6, 0xe5, 0xf1, 0xff, 0xc6, 0xe5, 0xf1, 0xff, 
	0xc6, 0xe5, 0xf1, 0xff, 0xc6, 0xe5, 0xf1, 0xff, 
	0xc6, 0xe7, 0xef, 0xff, 0xc8, 0xe4, 0xec, 0xff, 
	0xc8, 0xe4, 0xec, 0xff, 0xcb, 0xe1, 0xe9, 0xff, 
	0xc8, 0xe1, 0xe4, 0xff, 0xce, 0xdf, 0xde, 0xff, 
	0xce, 0xdf, 0xde, 0xff, 0xce, 0xdf, 0xde, 0xff, 
	0xce, 0xdb, 0xd8, 0xff, 0xce, 0xdb, 0xd8, 0xff, 
	0xce, 0xdb, 0xd8, 0xff, 0xce, 0xdb, 0xd8, 0xff, 
	0xce, 0xdf, 0xd6, 0xff, 0xd3, 0xdc, 0xd3, 0xff, 
	0xd3, 0xdc, 0xd3, 0xff, 0xd8, 0xd9, 0xd0, 0xff, 
	0xd8, 0xd4, 0xd0, 0xff, 0xd8, 0xd4, 0xd0, 0xff, 
	0xce, 0xd7, 0xd6, 0xff, 0xce, 0xd7, 0xd6, 0xff, 
	0xce, 0xd7, 0xd6, 0xff, 0xce, 0xd7, 0xd6, 0xff, 
	0xd0, 0xd5, 0xd6, 0xff, 0xd0, 0xd5, 0xd6, 0xff, 
	0xd6, 0xcd, 0xd3, 0xff, 0xd6, 0xcf, 0xce, 0xff, 
	0xd6, 0xcf, 0xce, 0xff, 0xd6, 0xcb, 0xde, 0xff, 
	0xd6, 0xcb, 0xde, 0xff, 0xd6, 0xcb, 0xde, 0xff, 
	0xd6, 0xcb, 0xd8, 0xff, 0xd6, 0xcb, 0xd3, 0xff, 
	0xd6, 0xc8, 0xd3, 0xff, 0xd6, 0xc8, 0xd3, 0xff, 
	0xd6, 0xc5, 0xd8, 0xff, 0xd6, 0xc5, 0xd8, 0xff, 
	0xd6, 0xc3, 0xd6, 0xff, 0xd6, 0xc3, 0xd6, 0xff, 
	0xd6, 0xc3, 0xd6, 0xff, 0xd6, 0xc3, 0xd6, 0xff, 
	0xd6, 0xc3, 0xd6, 0xff, 0xdb, 0xc3, 0xd8, 0xff, 
	0xdb, 0xc3, 0xd8, 0xff, 0xdb, 0xc3, 0xd8, 0xff, 
	0xde, 0xbc, 0xdb, 0xff, 0xde, 0xbc, 0xdb, 0xff, 
	0xde, 0xba, 0xe7, 0xff, 0xde, 0xbc, 0xdb, 0xff, 
	0xde, 0xba, 0xde, 0xff, 0xde, 0xbd, 0xe1, 0xff, 
	0xde, 0xbd, 0xe1, 0xff, 0xde, 0xbd, 0xe1, 0xff, 
	0xe4, 0xba, 0xe4, 0xff, 0xe1, 0xb6, 0xe1, 0xff, 
	0xe1, 0xb6, 0xe1, 0xff, 0xe1, 0xb6, 0xe1, 0xff, 
	0xe3, 0xb4, 0xe1, 0xff, 0xde, 0xb6, 0xde, 0xff, 
	0xe9, 0xb3, 0xe4, 0xff, 0xe9, 0xb3, 0xe4, 0xff, 
	0xe9, 0xb3, 0xe4, 0xff, 0xe9, 0xb3, 0xe4, 0xff, 
	0xe9, 0xb3, 0xe4, 0xff, 0xe3, 0xb8, 0xe1, 0xff, 
	0xe7, 0xba, 0xe6, 0xff, 0xe7, 0xba, 0xee, 0xff, 
	0xe7, 0xba, 0xee, 0xff, 0xe7, 0xba, 0xe6, 0xff, 
	0xec, 0xba, 0xf1, 0xff, 0xec, 0xba, 0xf1, 0xff, 
	0xf7, 0xba, 0xf7, 0xff, 0xf7, 0xba, 0xf7, 0xff, 
	0xff, 0xba, 0xf7, 0xff, 0xff, 0xba, 0xf7, 0xff, 
	0xff, 0xba, 0xf7, 0xff, 0xf7, 0xbe, 0xf7, 0xff, 
	0xec, 0xff, 0xff, 0xff, 0xec, 0xff, 0xff, 0xff, 
	0xec, 0xff, 0xff, 0xff, 0xe7, 0xff, 0xff, 0xff, 
	0xe7, 0xff, 0xff, 0xff, 0xe7, 0xff, 0xff, 0xff, 
	0xe7, 0xff, 0xff, 0xff, 0xde, 0xff, 0xff, 0xff, 
	0xe1, 0xff, 0xff, 0xff, 0xdb, 0xff, 0xff, 0xff, 
	0xdb, 0xff, 0xff, 0xff, 0xdb, 0xff, 0xff, 0xff, 
	0xd6, 0xff, 0xff, 0xff, 0xd0, 0xff, 0xff, 0xff, 
	0xd6, 0xff, 0xff, 0xff, 0xd6, 0xff, 0xff, 0xff, 
	0xd3, 0xfd, 0xff, 0xff, 0xd3, 0xfd, 0xff, 0xff, 
	0xd0, 0xfc, 0xff, 0xff, 0xd3, 0xfd, 0xff, 0xff, 
	0xd0, 0xfd, 0xff, 0xff, 0xd0, 0xfd, 0xff, 0xff, 
	0xd0, 0xfd, 0xff, 0xff, 0xd0, 0xfd, 0xff, 0xff, 
	0xce, 0xff, 0xff, 0xff, 0xd3, 0xf8, 0xff, 0xff, 
	0xd3, 0xf8, 0xff, 0xff, 0xd8, 0xf1, 0xff, 0xff, 
	0xd8, 0xf3, 0xff, 0xff, 0xd8, 0xf3, 0xff, 0xff, 
	0xd8, 0xf3, 0xff, 0xff, 0xce, 0xf3, 0xff, 0xff, 
	0xce, 0xf3, 0xff, 0xff, 0xd3, 0xed, 0xff, 0xff, 
	0xd0, 0xf0, 0xff, 0xff, 0xd0, 0xf0, 0xff, 0xff, 
	0xce, 0xef, 0xff, 0xff, 0xd0, 0xed, 0xff, 0xff, 
	0xd3, 0xec, 0xff, 0xff, 0xd0, 0xed, 0xff, 0xff, 
	0xd0, 0xec, 0xf9, 0xff, 0xd0, 0xec, 0xf9, 0xff, 
	0xd0, 0xec, 0xf9, 0xff, 0xd0, 0xec, 0xf9, 0xff, 
	0xcb, 0xeb, 0xfc, 0xff, 0xc8, 0xeb, 0xf9, 0xff, 
	0xc6, 0xeb, 0xf7, 0xff, 0xc6, 0xeb, 0xf7, 0xff, 
	0xc6, 0xe5, 0xf1, 0xff, 0xc6, 0xe5, 0xf1, 0xff, 
	0xc6, 0xe5, 0xf1, 0xff, 0xc6, 0xe5, 0xf1, 0xff, 
	0xc6, 0xe7, 0xef, 0xff, 0xc8, 0xe4, 0xec, 0xff, 
	0xc8, 0xe4, 0xec, 0xff, 0xcb, 0xe1, 0xe9, 0xff, 
	0xc8, 0xe1, 0xe4, 0xff, 0xc8, 0xe1, 0xe4, 0xff, 
	0xce, 0xdf, 0xde, 0xff, 0xce, 0xdf, 0xde, 0xff, 
	0xce, 0xdb, 0xde, 0xff, 0xce, 0xdb, 0xd8, 0xff, 
	0xce, 0xdb, 0xd3, 0xff, 0xce, 0xdb, 0xd3, 0xff, 
	0xce, 0xdf, 0xd6, 0xff, 0xd3, 0xdc, 0xd3, 0xff, 
	0xd8, 0xd9, 0xd0, 0xff, 0xd8, 0xd9, 0xd0, 0xff, 
	0xd8, 0xd4, 0xd0, 0xff, 0xd8, 0xd4, 0xd0, 0xff, 
	0xd3, 0xd5, 0xd3, 0xff, 0xd3, 0xd5, 0xd3, 0xff, 
	0xd0, 0xd5, 0xd6, 0xff, 0xd0, 0xd5, 0xd6, 0xff, 
	0xd0, 0xd5, 0xd6, 0xff, 0xd0, 0xd5, 0xd6, 0xff, 
	0xd6, 0xcf, 0xce, 0xff, 0xd6, 0xcf, 0xce, 0xff, 
	0xd6, 0xcf, 0xce, 0xff, 0xd6, 0xcb, 0xde, 0xff, 
	0xd6, 0xcb, 0xde, 0xff, 0xd6, 0xcb, 0xde, 0xff, 
	0xd6, 0xcb, 0xd3, 0xff, 0xd6, 0xcb, 0xd3, 0xff, 
	0xd6, 0xc8, 0xd3, 0xff, 0xd6, 0xc8, 0xd3, 0xff, 
	0xd6, 0xc5, 0xd8, 0xff, 0xd6, 0xc3, 0xde, 0xff, 
	0xd6, 0xc3, 0xd6, 0xff, 0xd6, 0xc3, 0xd6, 0xff, 
	0xd6, 0xc0, 0xd8, 0xff, 0xd6, 0xc0, 0xd8, 0xff, 
	0xd6, 0xc3, 0xd6, 0xff, 0xd6, 0xc3, 0xd6, 0xff, 
	0xdb, 0xc3, 0xd8, 0xff, 0xdb, 0xc3, 0xd8, 0xff, 
	0xde, 0xbe, 0xd6, 0xff, 0xde, 0xbc, 0xdb, 0xff, 
	0xde, 0xba, 0xe7, 0xff, 0xde, 0xba, 0xe7, 0xff, 
	0xde, 0xba, 0xde, 0xff, 0xde, 0xbd, 0xe1, 0xff, 
	0xde, 0xbd, 0xe1, 0xff, 0xde, 0xc0, 0xe4, 0xff, 
	0xe7, 0xbe, 0xe7, 0xff, 0xe7, 0xbe, 0xe7, 0xff, 
	0xe4, 0xba, 0xe4, 0xff, 0xe1, 0xb6, 0xe1, 0xff, 
	0xe3, 0xb4, 0xe1, 0xff, 0xe3, 0xb4, 0xe1, 0xff, 
	0xe9, 0xb3, 0xe4, 0xff, 0xe9, 0xb3, 0xe4, 0xff, 
	0xe9, 0xb3, 0xe4, 0xff, 0xe9, 0xb3, 0xe4, 0xff, 
	0xe9, 0xb3, 0xe4, 0xff, 0xe3, 0xb8, 0xe1, 0xff, 
	0xe7, 0xba, 0xe6, 0xff, 0xe7, 0xba, 0xe6, 0xff, 
	0xe7, 0xba, 0xee, 0xff, 0xe7, 0xba, 0xee, 0xff, 
	0xec, 0xba, 0xf1, 0xff, 0xf1, 0xba, 0xf4, 0xff, 
	0xf1, 0xba, 0xf4, 0xff, 0xf7, 0xba, 0xf7, 0xff, 
	0xff, 0xba, 0xf7, 0xff, 0xff, 0xba, 0xf7, 0xff, 
	0xf9, 0xbc, 0xf7, 0xff, 0xf7, 0xbe, 0xf7, 0xff, 
	0xec, 0xff, 0xff, 0xff, 0xec, 0xff, 0xff, 0xff, 
	0xec, 0xff, 0xff, 0xff, 0xe7, 0xff, 0xff, 0xff, 
	0xde, 0xff, 0xff, 0xff, 0xe7, 0xff, 0xff, 0xff, 
	0xde, 0xff, 0xff, 0xff, 0xde, 0xff, 0xff, 0xff, 
	0xe1, 0xff, 0xff, 0xff, 0xdb, 0xff, 0xff, 0xff, 
	0xdb, 0xff, 0xff, 0xff, 0xdb, 0xff, 0xff, 0xff, 
	0xd6, 0xff, 0xff, 0xff, 0xd6, 0xff, 0xff, 0xff, 
	0xd6, 0xff, 0xff, 0xff, 0xd6, 0xff, 0xff, 0xff, 
	0xd6, 0xff, 0xff, 0xff, 0xd6, 0xff, 0xff, 0xff, 
	0xd3, 0xfd, 0xff, 0xff, 0xd3, 0xfd, 0xff, 0xff, 
	0xd3, 0xfc, 0xff, 0xff, 0xd6, 0xfb, 0xff, 0xff, 
	0xd3, 0xfc, 0xff, 0xff, 0xd3, 0xfc, 0xff, 0xff, 
	0xd3, 0xf8, 0xff, 0xff, 0xd3, 0xf8, 0xff, 0xff, 
	0xd8, 0xf1, 0xff, 0xff, 0xd8, 0xf1, 0xff, 0xff, 
	0xd8, 0xf3, 0xff, 0xff, 0xd8, 0xf3, 0xff, 0xff, 
	0xd8, 0xf3, 0xff, 0xff, 0xd3, 0xf3, 0xff, 0xff, 
	0xd3, 0xed, 0xff, 0xff, 0xd3, 0xed, 0xff, 0xff, 
	0xd3, 0xed, 0xff, 0xff, 0xd3, 0xed, 0xff, 0xff, 
	0xd0, 0xed, 0xff, 0xff, 0xd0, 0xed, 0xff, 0xff, 
	0xd0, 0xed, 0xff, 0xff, 0xce, 0xef, 0xff, 0xff, 
	0xd0, 0xec, 0xf9, 0xff, 0xd0, 0xec, 0xf9, 0xff, 
	0xd0, 0xec, 0xf9, 0xff, 0xd0, 0xec, 0xf9, 0xff, 
	0xcb, 0xeb, 0xfc, 0xff, 0xcb, 0xeb, 0xfc, 0xff, 
	0xc8, 0xeb, 0xf9, 0xff, 0xc6, 0xeb, 0xf7, 0xff, 
	0xc6, 0xe5, 0xf1, 0xff, 0xc6, 0xe5, 0xf1, 0xff, 
	0xc6, 0xe5, 0xf1, 0xff, 0xc6, 0xe5, 0xf1, 0xff, 
	0xc6, 0xe7, 0xef, 0xff, 0xc6, 0xe7, 0xef, 0xff, 
	0xc8, 0xe4, 0xec, 0xff, 0xcb, 0xe1, 0xe9, 0xff, 
	0xc8, 0xe1, 0xe4, 0xff, 0xc8, 0xe1, 0xe4, 0xff, 
	0xc8, 0xe1, 0xe4, 0xff, 0xce, 0xdf, 0xde, 0xff, 
	0xce, 0xdb, 0xde, 0xff, 0xce, 0xdb, 0xde, 0xff, 
	0xce, 0xdb, 0xd8, 0xff, 0xce, 0xdb, 0xd3, 0xff, 
	0xd3, 0xdc, 0xd3, 0xff, 0xd3, 0xdc, 0xd3, 0xff, 
	0xd8, 0xd9, 0xd0, 0xff, 0xd8, 0xd9, 0xd0, 0xff, 
	0xd8, 0xd4, 0xd0, 0xff, 0xd8, 0xd4, 0xd0, 0xff, 
	0xd3, 0xd5, 0xd3, 0xff, 0xce, 0xd7, 0xd6, 0xff, 
	0xd0, 0xd5, 0xd6, 0xff, 0xd0, 0xd5, 0xd6, 0xff, 
	0xd3, 0xd4, 0xd6, 0xff, 0xd3, 0xd4, 0xd6, 0xff, 
	0xd6, 0xcd, 0xd3, 0xff, 0xd6, 0xcd, 0xd3, 0xff, 
	0xd6, 0xcc, 0xd8, 0xff, 0xd6, 0xcc, 0xd8, 0xff, 
	0xd6, 0xcb, 0xd8, 0xff, 0xd6, 0xcb, 0xd8, 0xff, 
	0xd6, 0xcb, 0xd3, 0xff, 0xd6, 0xcb, 0xce, 0xff, 
	0xd6, 0xc8, 0xd3, 0xff, 0xd6, 0xcb, 0xce, 0xff, 
	0xd6, 0xc5, 0xd8, 0xff, 0xd6, 0xc5, 0xd8, 0xff, 
	0xd6, 0xc3, 0xd6, 0xff, 0xd6, 0xc0, 0xd8, 0xff, 
	0xd6, 0xbd, 0xdb, 0xff, 0xd6, 0xbd, 0xdb, 0xff, 
	0xd6, 0xc3, 0xd6, 0xff, 0xd6, 0xc3, 0xd6, 0xff, 
	0xdb, 0xc3, 0xd8, 0xff, 0xdb, 0xc3, 0xd8, 0xff, 
	0xde, 0xbc, 0xdb, 0xff, 0xde, 0xbb, 0xe1, 0xff, 
	0xde, 0xbc, 0xdb, 0xff, 0xde, 0xbc, 0xdb, 0xff, 
	0xde, 0xba, 0xde, 0xff, 0xde, 0xc0, 0xe4, 0xff, 
	0xde, 0xc0, 0xe4, 0xff, 0xde, 0xc0, 0xe4, 0xff, 
	0xe7, 0xbe, 0xe7, 0xff, 0xe7, 0xbe, 0xe7, 0xff, 
	0xe7, 0xbe, 0xe7, 0xff, 0xe7, 0xbe, 0xe7, 0xff, 
	0xe9, 0xb3, 0xe4, 0xff, 0xe9, 0xb3, 0xe4, 0xff, 
	0xe3, 0xb4, 0xe1, 0xff, 0xef, 0xb2, 0xe7, 0xff, 
	0xe9, 0xb3, 0xe4, 0xff, 0xe9, 0xb3, 0xe4, 0xff, 
	0xe3, 0xb8, 0xe1, 0xff, 0xe3, 0xb8, 0xe1, 0xff, 
	0xe7, 0xba, 0xde, 0xff, 0xe7, 0xba, 0xde, 0xff, 
	0xe7, 0xba, 0xee, 0xff, 0xe7, 0xba, 0xf7, 0xff, 
	0xec, 0xba, 0xf1, 0xff, 0xf1, 0xba, 0xf4, 0xff, 
	0xf7, 0xba, 0xf7, 0xff, 0xf7, 0xba, 0xf7, 0xff, 
	0xfc, 0xbb, 0xf7, 0xff, 0xff, 0xba, 0xf7, 0xff, 
	0xff, 0xba, 0xf7, 0xff, 0xfc, 0xbb, 0xf7, 0xff, 
	0xec, 0xff, 0xff, 0xff, 0xec, 0xff, 0xff, 0xff, 
	0xec, 0xff, 0xff, 0xff, 0xe7, 0xff, 0xff, 0xff, 
	0xe3, 0xff, 0xff, 0xff, 0xe3, 0xff, 0xff, 0xff, 
	0xde, 0xff, 0xff, 0xff, 0xde, 0xff, 0xff, 0xff, 
	0xdb, 0xff, 0xff, 0xff, 0xdb, 0xff, 0xff, 0xff, 
	0xdb, 0xff, 0xff, 0xff, 0xd6, 0xff, 0xff, 0xff, 
	0xd6, 0xff, 0xff, 0xff, 0xd6, 0xff, 0xff, 0xff, 
	0xdb, 0xff, 0xff, 0xff, 0xdb, 0xff, 0xff, 0xff, 
	0xd8, 0xf9, 0xff, 0xff, 0xd6, 0xfb, 0xff, 0xff, 
	0xd6, 0xfb, 0xff, 0xff, 0xd6, 0xfb, 0xff, 0xff, 
	0xd6, 0xfb, 0xff, 0xff, 0xd8, 0xf9, 0xff, 0xff, 
	0xd8, 0xf9, 0xff, 0xff, 0xdb, 0xf8, 0xff, 0xff, 
	0xd8, 0xf5, 0xff, 0xff, 0xd8, 0xf5, 0xff, 0xff, 
	0xd8, 0xf5, 0xff, 0xff, 0xd6, 0xf3, 0xff, 0xff, 
	0xd6, 0xf4, 0xff, 0xff, 0xd6, 0xf4, 0xff, 0xff, 
	0xd6, 0xf4, 0xff, 0xff, 0xd6, 0xf1, 0xff, 0xff, 
	0xd8, 0xf1, 0xff, 0xff, 0xd8, 0xf1, 0xff, 0xff, 
	0xd3, 0xf0, 0xff, 0xff, 0xd3, 0xf0, 0xff, 0xff, 
	0xd0, 0xef, 0xff, 0xff, 0xd0, 0xef, 0xff, 0xff, 
	0xd0, 0xef, 0xff, 0xff, 0xd0, 0xef, 0xff, 0xff, 
	0xce, 0xef, 0xff, 0xff, 0xce, 0xef, 0xff, 0xff, 
	0xce, 0xed, 0xfc, 0xff, 0xce, 0xeb, 0xf7, 0xff, 
	0xce, 0xeb, 0xfc, 0xff, 0xce, 0xe7, 0xf9, 0xff, 
	0xce, 0xeb, 0xfc, 0xff, 0xce, 0xe7, 0xf9, 0xff, 
	0xc8, 0xe5, 0xf1, 0xff, 0xc8, 0xe5, 0xf1, 0xff, 
	0xc8, 0xe5, 0xf1, 0xff, 0xc8, 0xe5, 0xf1, 0xff, 
	0xc6, 0xe3, 0xef, 0xff, 0xc6, 0xe3, 0xef, 0xff, 
	0xc8, 0xe0, 0xec, 0xff, 0xcb, 0xdd, 0xe9, 0xff, 
	0xcb, 0xe1, 0xe1, 0xff, 0xcb, 0xe1, 0xe1, 0xff, 
	0xcb, 0xe1, 0xe1, 0xff, 0xcb, 0xe1, 0xe1, 0xff, 
	0xce, 0xdb, 0xde, 0xff, 0xce, 0xdb, 0xde, 0xff, 
	0xd0, 0xd8, 0xdb, 0xff, 0xd0, 0xd8, 0xdb, 0xff, 
	0xd6, 0xdb, 0xd8, 0xff, 0xd6, 0xdb, 0xd8, 0xff, 
	0xd6, 0xdb, 0xd8, 0xff, 0xd6, 0xdb, 0xd8, 0xff, 
	0xd3, 0xd7, 0xdb, 0xff, 0xd3, 0xd7, 0xdb, 0xff, 
	0xd0, 0xd7, 0xe1, 0xff, 0xd3, 0xd7, 0xdb, 0xff, 
	0xce, 0xd3, 0xde, 0xff, 0xd3, 0xd3, 0xd8, 0xff, 
	0xd3, 0xd3, 0xd8, 0xff, 0xd3, 0xd3, 0xd8, 0xff, 
	0xd3, 0xd3, 0xd6, 0xff, 0xd3, 0xd3, 0xd6, 0xff, 
	0xd3, 0xd3, 0xd6, 0xff, 0xd8, 0xd3, 0xd6, 0xff, 
	0xd8, 0xcf, 0xd8, 0xff, 0xd8, 0xcf, 0xd8, 0xff, 
	0xd3, 0xcf, 0xd3, 0xff, 0xce, 0xcf, 0xce, 0xff, 
	0xce, 0xcb, 0xce, 0xff, 0xce, 0xcb, 0xce, 0xff, 
	0xd3, 0xc9, 0xd3, 0xff, 0xd3, 0xc9, 0xd3, 0xff, 
	0xdb, 0xc4, 0xd8, 0xff, 0xdb, 0xc4, 0xd8, 0xff, 
	0xdb, 0xc4, 0xd8, 0xff, 0xdb, 0xc4, 0xd8, 0xff, 
	0xde, 0xbe, 0xd6, 0xff, 0xe1, 0xbe, 0xdb, 0xff, 
	0xe1, 0xbe, 0xdb, 0xff, 0xe1, 0xbe, 0xdb, 0xff, 
	0xe1, 0xbc, 0xde, 0xff, 0xe7, 0xba, 0xef, 0xff, 
	0xe4, 0xbb, 0xe6, 0xff, 0xe4, 0xbb, 0xe6, 0xff, 
	0xe6, 0xbe, 0xe7, 0xff, 0xe6, 0xbe, 0xe7, 0xff, 
	0xde, 0xbe, 0xe7, 0xff, 0xde, 0xbe, 0xe7, 0xff, 
	0xe4, 0xbf, 0xe9, 0xff, 0xe7, 0xbe, 0xe7, 0xff, 
	0xe7, 0xbe, 0xe7, 0xff, 0xe4, 0xbf, 0xe9, 0xff, 
	0xe7, 0xba, 0xe7, 0xff, 0xe7, 0xba, 0xe7, 0xff, 
	0xe7, 0xba, 0xe7, 0xff, 0xe7, 0xbb, 0xe9, 0xff, 
	0xe7, 0xbc, 0xe9, 0xff, 0xe7, 0xbb, 0xe3, 0xff, 
	0xe7, 0xba, 0xde, 0xff, 0xe7, 0xba, 0xde, 0xff, 
	0xe9, 0xbd, 0xe1, 0xff, 0xe9, 0xbd, 0xe1, 0xff, 
	0xe9, 0xbd, 0xe1, 0xff, 0xec, 0xc0, 0xec, 0xff, 
	0xef, 0xbe, 0xef, 0xff, 0xf4, 0xbc, 0xf4, 0xff, 
	0xf9, 0xbb, 0xf9, 0xff, 0xff, 0xba, 0xff, 0xff, 
	0xff, 0xba, 0xf7, 0xff, 0xff, 0xba, 0xf7, 0xff, 
	0xf9, 0xbe, 0xf7, 0xff, 0xff, 0xba, 0xf7, 0xff, 
	0xec, 0xff, 0xff, 0xff, 0xec, 0xff, 0xff, 0xff, 
	0xec, 0xff, 0xff, 0xff, 0xe7, 0xff, 0xff, 0xff, 
	0xe3, 0xff, 0xff, 0xff, 0xe3, 0xff, 0xff, 0xff, 
	0xe3, 0xff, 0xff, 0xff, 0xe3, 0xff, 0xff, 0xff, 
	0xdb, 0xff, 0xff, 0xff, 0xdb, 0xff, 0xff, 0xff, 
	0xd6, 0xff, 0xff, 0xff, 0xd6, 0xff, 0xff, 0xff, 
	0xd6, 0xff, 0xff, 0xff, 0xdb, 0xff, 0xff, 0xff, 
	0xdb, 0xff, 0xff, 0xff, 0xe1, 0xff, 0xff, 0xff, 
	0xde, 0xf7, 0xff, 0xff, 0xd8, 0xf9, 0xff, 0xff, 
	0xd8, 0xf9, 0xff, 0xff, 0xd8, 0xf9, 0xff, 0xff, 
	0xd8, 0xf9, 0xff, 0xff, 0xd8, 0xf9, 0xff, 0xff, 
	0xdb, 0xf8, 0xff, 0xff, 0xdb, 0xf8, 0xff, 0xff, 
	0xdb, 0xf8, 0xff, 0xff, 0xdb, 0xf8, 0xff, 0xff, 
	0xd8, 0xf5, 0xff, 0xff, 0xd6, 0xf3, 0xff, 0xff, 
	0xd6, 0xf4, 0xff, 0xff, 0xd6, 0xf4, 0xff, 0xff, 
	0xd6, 0xf4, 0xff, 0xff, 0xd6, 0xf4, 0xff, 0xff, 
	0xd8, 0xf1, 0xff, 0xff, 0xd8, 0xf1, 0xff, 0xff, 
	0xd3, 0xf0, 0xff, 0xff, 0xd3, 0xf0, 0xff, 0xff, 
	0xd3, 0xef, 0xff, 0xff, 0xd3, 0xef, 0xff, 0xff, 
	0xd0, 0xef, 0xff, 0xff, 0xce, 0xef, 0xff, 0xff, 
	0xce, 0xef, 0xff, 0xff, 0xce, 0xef, 0xff, 0xff, 
	0xce, 0xec, 0xf9, 0xff, 0xce, 0xeb, 0xf7, 0xff, 
	0xce, 0xe7, 0xf9, 0xff, 0xce, 0xeb, 0xfc, 0xff, 
	0xce, 0xe7, 0xf9, 0xff, 0xce, 0xe7, 0xf9, 0xff, 
	0xce, 0xe7, 0xf7, 0xff, 0xc8, 0xe5, 0xf1, 0xff, 
	0xc8, 0xe5, 0xf1, 0xff, 0xc8, 0xe5, 0xf1, 0xff, 
	0xc6, 0xe3, 0xef, 0xff, 0xc6, 0xe3, 0xef, 0xff, 
	0xc8, 0xe0, 0xec, 0xff, 0xcb, 0xdd, 0xe9, 0xff, 
	0xcb, 0xe1, 0xe1, 0xff, 0xc8, 0xe4, 0xdb, 0xff, 
	0xcb, 0xe1, 0xe1, 0xff, 0xcb, 0xe1, 0xe1, 0xff, 
	0xce, 0xdb, 0xde, 0xff, 0xce, 0xdb, 0xde, 0xff, 
	0xd0, 0xd8, 0xdb, 0xff, 0xd0, 0xd8, 0xdb, 0xff, 
	0xd6, 0xdb, 0xd8, 0xff, 0xd6, 0xd7, 0xdb, 0xff, 
	0xd6, 0xdb, 0xd8, 0xff, 0xd6, 0xd7, 0xdb, 0xff, 
	0xd0, 0xd7, 0xe1, 0xff, 0xd0, 0xd7, 0xe1, 0xff, 
	0xd0, 0xd7, 0xe1, 0xff, 0xd0, 0xd7, 0xe1, 0xff, 
	0xd3, 0xd3, 0xd8, 0xff, 0xd3, 0xd3, 0xd8, 0xff, 
	0xd3, 0xd3, 0xd8, 0xff, 0xd3, 0xd3, 0xd8, 0xff, 
	0xd3, 0xd3, 0xd6, 0xff, 0xd3, 0xd3, 0xd6, 0xff, 
	0xd3, 0xd3, 0xd6, 0xff, 0xd8, 0xd3, 0xd6, 0xff, 
	0xd8, 0xcf, 0xd8, 0xff, 0xd8, 0xcf, 0xd8, 0xff, 
	0xce, 0xcf, 0xce, 0xff, 0xce, 0xcf, 0xce, 0xff, 
	0xce, 0xcb, 0xce, 0xff, 0xce, 0xcb, 0xce, 0xff, 
	0xd3, 0xc9, 0xd3, 0xff, 0xd8, 0xc8, 0xd8, 0xff, 
	0xdb, 0xc4, 0xd8, 0xff, 0xd6, 0xc7, 0xd6, 0xff, 
	0xdb, 0xc4, 0xd8, 0xff, 0xe1, 0xc1, 0xdb, 0xff, 
	0xe1, 0xbe, 0xdb, 0xff, 0xe1, 0xbe, 0xdb, 0xff, 
	0xe1, 0xbe, 0xdb, 0xff, 0xe4, 0xbe, 0xe1, 0xff, 
	0xe7, 0xba, 0xef, 0xff, 0xe7, 0xba, 0xef, 0xff, 
	0xe7, 0xba, 0xef, 0xff, 0xe4, 0xbb, 0xe6, 0xff, 
	0xe6, 0xbe, 0xe7, 0xff, 0xe6, 0xbe, 0xe7, 0xff, 
	0xe6, 0xbe, 0xe7, 0xff, 0xde, 0xbe, 0xe7, 0xff, 
	0xe4, 0xbf, 0xe9, 0xff, 0xe7, 0xbe, 0xe7, 0xff, 
	0xe4, 0xbf, 0xe9, 0xff, 0xe4, 0xbf, 0xe9, 0xff, 
	0xe7, 0xbb, 0xe9, 0xff, 0xe7, 0xbb, 0xe9, 0xff, 
	0xe7, 0xbb, 0xe9, 0xff, 0xe7, 0xbc, 0xec, 0xff, 
	0xe7, 0xbe, 0xef, 0xff, 0xe7, 0xbe, 0xef, 0xff, 
	0xe7, 0xbc, 0xe9, 0xff, 0xe7, 0xba, 0xde, 0xff, 
	0xe9, 0xbd, 0xe1, 0xff, 0xe9, 0xbd, 0xe1, 0xff, 
	0xe9, 0xbd, 0xe1, 0xff, 0xec, 0xc0, 0xec, 0xff, 
	0xf4, 0xbc, 0xf4, 0xff, 0xf4, 0xbc, 0xf4, 0xff, 
	0xf9, 0xbb, 0xf9, 0xff, 0xf9, 0xbb, 0xf9, 0xff, 
	0xff, 0xba, 0xf7, 0xff, 0xff, 0xba, 0xf7, 0xff, 
	0xf9, 0xbe, 0xf7, 0xff, 0xf4, 0xc2, 0xf7, 0xff, 
	0xec, 0xff, 0xff, 0xff, 0xe7, 0xff, 0xff, 0xff, 
	0xec, 0xff, 0xff, 0xff, 0xec, 0xff, 0xff, 0xff, 
	0xe9, 0xff, 0xff, 0xff, 0xe3, 0xff, 0xff, 0xff, 
	0xe9, 0xff, 0xff, 0xff, 0xe3, 0xff, 0xff, 0xff, 
	0xdb, 0xff, 0xff, 0xff, 0xdb, 0xff, 0xff, 0xff, 
	0xd6, 0xff, 0xff, 0xff, 0xd6, 0xff, 0xff, 0xff, 
	0xd6, 0xff, 0xff, 0xff, 0xdb, 0xff, 0xff, 0xff, 
	0xe1, 0xff, 0xff, 0xff, 0xe1, 0xff, 0xff, 0xff, 
	0xdb, 0xf8, 0xff, 0xff, 0xdb, 0xf8, 0xff, 0xff, 
	0xdb, 0xf8, 0xff, 0xff, 0xdb, 0xf8, 0xff, 0xff, 
	0xd8, 0xf9, 0xff, 0xff, 0xdb, 0xf8, 0xff, 0xff, 
	0xde, 0xf7, 0xff, 0xff, 0xdb, 0xf8, 0xff, 0xff, 
	0xdb, 0xf8, 0xff, 0xff, 0xd8, 0xf5, 0xff, 0xff, 
	0xd8, 0xf5, 0xff, 0xff, 0xd8, 0xf5, 0xff, 0xff, 
	0xd6, 0xf4, 0xff, 0xff, 0xd6, 0xf1, 0xff, 0xff, 
	0xd6, 0xef, 0xff, 0xff, 0xd6, 0xef, 0xff, 0xff, 
	0xd8, 0xf1, 0xff, 0xff, 0xd8, 0xf1, 0xff, 0xff, 
	0xd3, 0xf0, 0xff, 0xff, 0xd3, 0xf0, 0xff, 0xff, 
	0xd3, 0xef, 0xff, 0xff, 0xd3, 0xef, 0xff, 0xff, 
	0xd3, 0xef, 0xff, 0xff, 0xce, 0xef, 0xff, 0xff, 
	0xce, 0xed, 0xfc, 0xff, 0xce, 0xec, 0xf9, 0xff, 
	0xce, 0xec, 0xf9, 0xff, 0xce, 0xeb, 0xf7, 0xff, 
	0xce, 0xeb, 0xfc, 0xff, 0xce, 0xeb, 0xfc, 0xff, 
	0xce, 0xeb, 0xfc, 0xff, 0xce, 0xe7, 0xf9, 0xff, 
	0xc8, 0xe5, 0xf1, 0xff, 0xc8, 0xe5, 0xf1, 0xff, 
	0xc8, 0xe5, 0xf1, 0xff, 0xc2, 0xe4, 0xec, 0xff, 
	0xc6, 0xe3, 0xef, 0xff, 0xc6, 0xe3, 0xef, 0xff, 
	0xcb, 0xdd, 0xe9, 0xff, 0xcb, 0xdd, 0xe9, 0xff, 
	0xcb, 0xe1, 0xe1, 0xff, 0xcb, 0xe1, 0xe1, 0xff, 
	0xcb, 0xe1, 0xe1, 0xff, 0xcb, 0xe1, 0xe1, 0xff, 
	0xce, 0xdb, 0xde, 0xff, 0xce, 0xdb, 0xde, 0xff, 
	0xd0, 0xd8, 0xdb, 0xff, 0xd0, 0xd8, 0xdb, 0xff, 
	0xd6, 0xd7, 0xdb, 0xff, 0xd6, 0xd7, 0xdb, 0xff, 
	0xd6, 0xd7, 0xdb, 0xff, 0xd6, 0xd7, 0xdb, 0xff, 
	0xd3, 0xd7, 0xdb, 0xff, 0xd0, 0xd7, 0xe1, 0xff, 
	0xd0, 0xd7, 0xe1, 0xff, 0xd3, 0xd7, 0xdb, 0xff, 
	0xce, 0xd3, 0xde, 0xff, 0xd8, 0xd3, 0xd3, 0xff, 
	0xd8, 0xd3, 0xd3, 0xff, 0xd8, 0xd3, 0xd3, 0xff, 
	0xd3, 0xd3, 0xd6, 0xff, 0xd8, 0xd3, 0xd6, 0xff, 
	0xde, 0xd3, 0xd6, 0xff, 0xd8, 0xd3, 0xd6, 0xff, 
	0xd8, 0xcf, 0xd8, 0xff, 0xd8, 0xcf, 0xd8, 0xff, 
	0xd3, 0xcf, 0xd3, 0xff, 0xd3, 0xcf, 0xd3, 0xff, 
	0xce, 0xcb, 0xce, 0xff, 0xd3, 0xc9, 0xd3, 0xff, 
	0xd8, 0xc8, 0xd8, 0xff, 0xd8, 0xc8, 0xd8, 0xff, 
	0xdb, 0xc4, 0xd8, 0xff, 0xdb, 0xc4, 0xd8, 0xff, 
	0xe1, 0xc1, 0xdb, 0xff, 0xe7, 0xbe, 0xde, 0xff, 
	0xe1, 0xbe, 0xdb, 0xff, 0xe4, 0xbe, 0xe1, 0xff, 
	0xe7, 0xbe, 0xe7, 0xff, 0xe7, 0xbe, 0xe7, 0xff, 
	0xe7, 0xba, 0xef, 0xff, 0xe7, 0xba, 0xef, 0xff, 
	0xe7, 0xba, 0xef, 0xff, 0xe7, 0xba, 0xef, 0xff, 
	0xe6, 0xbe, 0xe7, 0xff, 0xee, 0xbe, 0xe7, 0xff, 
	0xe6, 0xbe, 0xe7, 0xff, 0xe6, 0xbe, 0xe7, 0xff, 
	0xe1, 0xc1, 0xec, 0xff, 0xe4, 0xbf, 0xe9, 0xff, 
	0xe4, 0xbf, 0xe9, 0xff, 0xe7, 0xbe, 0xe7, 0xff, 
	0xe7, 0xbc, 0xec, 0xff, 0xe7, 0xbc, 0xec, 0xff, 
	0xe7, 0xbc, 0xec, 0xff, 0xe7, 0xbe, 0xef, 0xff, 
	0xe7, 0xbe, 0xef, 0xff, 0xe7, 0xbe, 0xef, 0xff, 
	0xe7, 0xbe, 0xef, 0xff, 0xe7, 0xbc, 0xe9, 0xff, 
	0xec, 0xc0, 0xec, 0xff, 0xec, 0xc0, 0xec, 0xff, 
	0xec, 0xc0, 0xec, 0xff, 0xef, 0xc3, 0xf7, 0xff, 
	0xf4, 0xbc, 0xf4, 0xff, 0xf4, 0xbc, 0xf4, 0xff, 
	0xf4, 0xbc, 0xf4, 0xff, 0xf9, 0xbb, 0xf9, 0xff, 
	0xff, 0xba, 0xf7, 0xff, 0xf9, 0xbe, 0xf7, 0xff, 
	0xef, 0xc7, 0xf7, 0xff, 0xef, 0xc7, 0xf7, 0xff, 
	0xec, 0xff, 0xff, 0xff, 0xec, 0xff, 0xff, 0xff, 
	0xec, 0xff, 0xff, 0xff, 0xec, 0xff, 0xff, 0xff, 
	0xe9, 0xff, 0xff, 0xff, 0xe9, 0xff, 0xff, 0xff, 
	0xe9, 0xff, 0xff, 0xff, 0xe9, 0xff, 0xff, 0xff, 
	0xe7, 0xff, 0xff, 0xff, 0xdb, 0xff, 0xff, 0xff, 
	0xdb, 0xff, 0xff, 0xff, 0xd6, 0xff, 0xff, 0xff, 
	0xdb, 0xff, 0xff, 0xff, 0xdb, 0xff, 0xff, 0xff, 
	0xe1, 0xff, 0xff, 0xff, 0xe1, 0xff, 0xff, 0xff, 
	0xde, 0xf7, 0xff, 0xff, 0xde, 0xf7, 0xff, 0xff, 
	0xde, 0xf7, 0xff, 0xff, 0xdb, 0xf8, 0xff, 0xff, 
	0xdb, 0xf8, 0xff, 0xff, 0xde, 0xf7, 0xff, 0xff, 
	0xde, 0xf7, 0xff, 0xff, 0xde, 0xf7, 0xff, 0xff, 
	0xd8, 0xf5, 0xff, 0xff, 0xd8, 0xf5, 0xff, 0xff, 
	0xd8, 0xf5, 0xff, 0xff, 0xd6, 0xf3, 0xff, 0xff, 
	0xd6, 0xf4, 0xff, 0xff, 0xd6, 0xf4, 0xff, 0xff, 
	0xd6, 0xef, 0xff, 0xff, 0xd6, 0xef, 0xff, 0xff, 
	0xd8, 0xf1, 0xff, 0xff, 0xd8, 0xf1, 0xff, 0xff, 
	0xd3, 0xf0, 0xff, 0xff, 0xd3, 0xf0, 0xff, 0xff, 
	0xd3, 0xef, 0xff, 0xff, 0xd3, 0xef, 0xff, 0xff, 
	0xd0, 0xef, 0xff, 0xff, 0xce, 0xef, 0xff, 0xff, 
	0xce, 0xec, 0xf9, 0xff, 0xce, 0xed, 0xfc, 0xff, 
	0xce, 0xeb, 0xf7, 0xff, 0xce, 0xeb, 0xf7, 0xff, 
	0xce, 0xe7, 0xf9, 0xff, 0xce, 0xe7, 0xf9, 0xff, 
	0xce, 0xe3, 0xf7, 0xff, 0xce, 0xe3, 0xf7, 0xff, 
	0xce, 0xe7, 0xf7, 0xff, 0xc2, 0xe4, 0xec, 0xff, 
	0xc2, 0xe4, 0xec, 0xff, 0xc2, 0xe4, 0xec, 0xff, 
	0xc8, 0xe0, 0xec, 0xff, 0xc8, 0xe0, 0xec, 0xff, 
	0xcb, 0xdd, 0xe9, 0xff, 0xcb, 0xdd, 0xe9, 0xff, 
	0xce, 0xdf, 0xe7, 0xff, 0xcb, 0xe1, 0xe1, 0xff, 
	0xcb, 0xe1, 0xe1, 0xff, 0xcb, 0xe1, 0xe1, 0xff, 
	0xce, 0xdb, 0xde, 0xff, 0xce, 0xdb, 0xde, 0xff, 
	0xce, 0xdb, 0xde, 0xff, 0xd0, 0xd8, 0xdb, 0xff, 
	0xd6, 0xd3, 0xde, 0xff, 0xd6, 0xd3, 0xde, 0xff, 
	0xd6, 0xd3, 0xde, 0xff, 0xd6, 0xd7, 0xdb, 0xff, 
	0xd6, 0xd7, 0xd6, 0xff, 0xd3, 0xd7, 0xdb, 0xff, 
	0xd0, 0xd7, 0xe1, 0xff, 0xd0, 0xd7, 0xe1, 0xff, 
	0xce, 0xd3, 0xde, 0xff, 0xd8, 0xd3, 0xd3, 0xff, 
	0xd8, 0xd3, 0xd3, 0xff, 0xd8, 0xd3, 0xd3, 0xff, 
	0xde, 0xd3, 0xd6, 0xff, 0xde, 0xd3, 0xd6, 0xff, 
	0xde, 0xd3, 0xd6, 0xff, 0xde, 0xd3, 0xd6, 0xff, 
	0xd8, 0xcf, 0xd8, 0xff, 0xd8, 0xcf, 0xd8, 0xff, 
	0xd3, 0xcf, 0xd3, 0xff, 0xce, 0xcf, 0xce, 0xff, 
	0xd3, 0xc9, 0xd3, 0xff, 0xd3, 0xc9, 0xd3, 0xff, 
	0xd3, 0xc9, 0xd3, 0xff, 0xd8, 0xc8, 0xd8, 0xff, 
	0xdb, 0xc4, 0xd8, 0xff, 0xe1, 0xc1, 0xdb, 0xff, 
	0xe1, 0xc1, 0xdb, 0xff, 0xe7, 0xbe, 0xde, 0xff, 
	0xe4, 0xbe, 0xe1, 0xff, 0xe4, 0xbe, 0xe1, 0xff, 
	0xe7, 0xbe, 0xe7, 0xff, 0xe7, 0xbe, 0xe7, 0xff, 
	0xe7, 0xba, 0xef, 0xff, 0xe4, 0xbb, 0xe6, 0xff, 
	0xe7, 0xba, 0xef, 0xff, 0xe4, 0xbb, 0xe6, 0xff, 
	0xee, 0xbe, 0xe7, 0xff, 0xe6, 0xbe, 0xe7, 0xff, 
	0xe6, 0xbe, 0xe7, 0xff, 0xe6, 0xbe, 0xe7, 0xff, 
	0xe1, 0xc1, 0xec, 0xff, 0xe1, 0xc1, 0xec, 0xff, 
	0xe1, 0xc1, 0xec, 0xff, 0xe4, 0xbf, 0xe9, 0xff, 
	0xe7, 0xbc, 0xec, 0xff, 0xe7, 0xbc, 0xec, 0xff, 
	0xe7, 0xbe, 0xef, 0xff, 0xe7, 0xbe, 0xef, 0xff, 
	0xe7, 0xbe, 0xef, 0xff, 0xe7, 0xbe, 0xef, 0xff, 
	0xe7, 0xbe, 0xef, 0xff, 0xe7, 0xbc, 0xe9, 0xff, 
	0xec, 0xc0, 0xec, 0xff, 0xec, 0xc0, 0xec, 0xff, 
	0xef, 0xc3, 0xf7, 0xff, 0xef, 0xc3, 0xf7, 0xff, 
	0xf4, 0xbc, 0xf4, 0xff, 0xf4, 0xbc, 0xf4, 0xff, 
	0xf4, 0xbc, 0xf4, 0xff, 0xf4, 0xbc, 0xf4, 0xff, 
	0xf9, 0xbe, 0xf7, 0xff, 0xf9, 0xbe, 0xf7, 0xff, 
	0xf4, 0xc2, 0xf7, 0xff, 0xef, 0xc7, 0xf7, 0xff, 
	0xef, 0xff, 0xff, 0xff, 0xef, 0xff, 0xff, 0xff, 
	0xef, 0xff, 0xff, 0xff, 0xef, 0xff, 0xff, 0xff, 
	0xec, 0xff, 0xff, 0xff, 0xec, 0xff, 0xff, 0xff, 
	0xec, 0xff, 0xff, 0xff, 0xe9, 0xff, 0xff, 0xff, 
	0xe7, 0xff, 0xff, 0xff, 0xe7, 0xff, 0xff, 0xff, 
	0xe1, 0xff, 0xff, 0xff, 0xde, 0xff, 0xff, 0xff, 
	0xde, 0xfb, 0xff, 0xff, 0xde, 0xfb, 0xff, 0xff, 
	0xe1, 0xf8, 0xff, 0xff, 0xe1, 0xf8, 0xff, 0xff, 
	0xde, 0xf7, 0xff, 0xff, 0xde, 0xf7, 0xff, 0xff, 
	0xde, 0xf7, 0xff, 0xff, 0xde, 0xf7, 0xff, 0xff, 
	0xde, 0xf4, 0xff, 0xff, 0xde, 0xf4, 0xff, 0xff, 
	0xde, 0xf4, 0xff, 0xff, 0xde, 0xf1, 0xff, 0xff, 
	0xdb, 0xf0, 0xff, 0xff, 0xdb, 0xf0, 0xff, 0xff, 
	0xd8, 0xf1, 0xff, 0xff, 0xd6, 0xf3, 0xff, 0xff, 
	0xd0, 0xf3, 0xff, 0xff, 0xd6, 0xf3, 0xff, 0xff, 
	0xd6, 0xf3, 0xff, 0xff, 0xd6, 0xf3, 0xff, 0xff, 
	0xde, 0xef, 0xff, 0xff, 0xd8, 0xef, 0xff, 0xff, 
	0xd3, 0xef, 0xff, 0xff, 0xd8, 0xef, 0xff, 0xff, 
	0xd0, 0xed, 0xff, 0xff, 0xd3, 0xe8, 0xff, 0xff, 
	0xd3, 0xe8, 0xff, 0xff, 0xd3, 0xe8, 0xff, 0xff, 
	0xce, 0xeb, 0xf7, 0xff, 0xce, 0xeb, 0xf7, 0xff, 
	0xd0, 0xeb, 0xf4, 0xff, 0xce, 0xeb, 0xf7, 0xff, 
	0xce, 0xe1, 0xf9, 0xff, 0xce, 0xe1, 0xf9, 0xff, 
	0xce, 0xe1, 0xf9, 0xff, 0xce, 0xe1, 0xf9, 0xff, 
	0xc6, 0xdf, 0xf7, 0xff, 0xc6, 0xdf, 0xee, 0xff, 
	0xc6, 0xdf, 0xee, 0xff, 0xc6, 0xdf, 0xe6, 0xff, 
	0xce, 0xdb, 0xe9, 0xff, 0xce, 0xdb, 0xef, 0xff, 
	0xce, 0xdb, 0xec, 0xff, 0xce, 0xdb, 0xec, 0xff, 
	0xce, 0xd9, 0xec, 0xff, 0xce, 0xd9, 0xec, 0xff, 
	0xce, 0xd8, 0xe1, 0xff, 0xce, 0xd8, 0xe1, 0xff, 
	0xc6, 0xdb, 0xde, 0xff, 0xcb, 0xd9, 0xdb, 0xff, 
	0xcb, 0xd9, 0xdb, 0xff, 0xd0, 0xd8, 0xd8, 0xff, 
	0xce, 0xd7, 0xde, 0xff, 0xd0, 0xd5, 0xdb, 0xff, 
	0xd3, 0xd4, 0xd8, 0xff, 0xd3, 0xd4, 0xd8, 0xff, 
	0xd3, 0xd0, 0xdb, 0xff, 0xd6, 0xcf, 0xd6, 0xff, 
	0xce, 0xd3, 0xe7, 0xff, 0xd0, 0xd1, 0xe1, 0xff, 
	0xd6, 0xcf, 0xde, 0xff, 0xd8, 0xd0, 0xd8, 0xff, 
	0xdb, 0xd1, 0xd3, 0xff, 0xdb, 0xd1, 0xd3, 0xff, 
	0xde, 0xd3, 0xd6, 0xff, 0xde, 0xd3, 0xd6, 0xff, 
	0xde, 0xd3, 0xd6, 0xff, 0xde, 0xcd, 0xdb, 0xff, 
	0xd6, 0xcf, 0xd6, 0xff, 0xd0, 0xcf, 0xdb, 0xff, 
	0xd6, 0xcf, 0xd6, 0xff, 0xd6, 0xcf, 0xd6, 0xff, 
	0xd6, 0xcb, 0xce, 0xff, 0xd6, 0xcb, 0xd3, 0xff, 
	0xd6, 0xcb, 0xd3, 0xff, 0xd6, 0xcb, 0xd8, 0xff, 
	0xde, 0xc2, 0xe1, 0xff, 0xde, 0xc2, 0xe1, 0xff, 
	0xde, 0xc2, 0xe1, 0xff, 0xe7, 0xbe, 0xde, 0xff, 
	0xe6, 0xbe, 0xe1, 0xff, 0xe6, 0xbe, 0xe1, 0xff, 
	0xe6, 0xbe, 0xe1, 0xff, 0xde, 0xc2, 0xe4, 0xff, 
	0xe4, 0xbf, 0xf1, 0xff, 0xe1, 0xc1, 0xec, 0xff, 
	0xe4, 0xbf, 0xf1, 0xff, 0xe4, 0xbf, 0xf1, 0xff, 
	0xe7, 0xc1, 0xee, 0xff, 0xe7, 0xc1, 0xee, 0xff, 
	0xe7, 0xc1, 0xee, 0xff, 0xe7, 0xc1, 0xee, 0xff, 
	0xe1, 0xc3, 0xec, 0xff, 0xe1, 0xc3, 0xec, 0xff, 
	0xe1, 0xc3, 0xec, 0xff, 0xe1, 0xc3, 0xec, 0xff, 
	0xe4, 0xc3, 0xec, 0xff, 0xe4, 0xc3, 0xec, 0xff, 
	0xe4, 0xc3, 0xec, 0xff, 0xe4, 0xc3, 0xec, 0xff, 
	0xe1, 0xc1, 0xec, 0xff, 0xe1, 0xc1, 0xec, 0xff, 
	0xe1, 0xc1, 0xec, 0xff, 0xe1, 0xc1, 0xec, 0xff, 
	0xec, 0xbd, 0xf1, 0xff, 0xe9, 0xc4, 0xf4, 0xff, 
	0xe9, 0xc4, 0xf4, 0xff, 0xe9, 0xc4, 0xf4, 0xff, 
	0xf1, 0xc2, 0xf7, 0xff, 0xf1, 0xc2, 0xf7, 0xff, 
	0xf1, 0xc2, 0xf7, 0xff, 0xf7, 0xbe, 0xf7, 0xff, 
	0xf4, 0xc8, 0xf9, 0xff, 0xf4, 0xc8, 0xf9, 0xff, 
	0xf4, 0xc8, 0xf9, 0xff, 0xf4, 0xc8, 0xf9, 0xff, 
	0xff, 0xff, 0xff, 0xff, 0xef, 0xff, 0xff, 0xff, 
	0xf7, 0xff, 0xff, 0xff, 0xef, 0xff, 0xff, 0xff, 
	0xec, 0xff, 0xff, 0xff, 0xec, 0xff, 0xff, 0xff, 
	0xec, 0xff, 0xff, 0xff, 0xec, 0xff, 0xff, 0xff, 
	0xe7, 0xff, 0xff, 0xff, 0xe4, 0xff, 0xff, 0xff, 
	0xe1, 0xff, 0xff, 0xff, 0xe1, 0xff, 0xff, 0xff, 
	0xde, 0xfb, 0xff, 0xff, 0xde, 0xfb, 0xff, 0xff, 
	0xe1, 0xf8, 0xff, 0xff, 0xde, 0xfb, 0xff, 0xff, 
	0xde, 0xf7, 0xff, 0xff, 0xde, 0xf7, 0xff, 0xff, 
	0xdb, 0xf7, 0xff, 0xff, 0xde, 0xf7, 0xff, 0xff, 
	0xde, 0xf7, 0xff, 0xff, 0xde, 0xf7, 0xff, 0xff, 
	0xde, 0xf1, 0xff, 0xff, 0xde, 0xf7, 0xff, 0xff, 
	0xde, 0xef, 0xff, 0xff, 0xdb, 0xf0, 0xff, 0xff, 
	0xdb, 0xf0, 0xff, 0xff, 0xd6, 0xf3, 0xff, 0xff, 
	0xd6, 0xf3, 0xff, 0xff, 0xce, 0xf3, 0xff, 0xff, 
	0xd0, 0xf3, 0xff, 0xff, 0xd3, 0xf3, 0xff, 0xff, 
	0xde, 0xef, 0xff, 0xff, 0xd3, 0xef, 0xff, 0xff, 
	0xde, 0xef, 0xff, 0xff, 0xd8, 0xef, 0xff, 0xff, 
	0xd0, 0xed, 0xff, 0xff, 0xd0, 0xed, 0xff, 0xff, 
	0xd3, 0xe8, 0xff, 0xff, 0xd3, 0xe8, 0xff, 0xff, 
	0xce, 0xeb, 0xf7, 0xff, 0xd0, 0xeb, 0xf4, 0xff, 
	0xd0, 0xeb, 0xf4, 0xff, 0xce, 0xeb, 0xf7, 0xff, 
	0xce, 0xe4, 0xf4, 0xff, 0xce, 0xe1, 0xf9, 0xff, 
	0xce, 0xdf, 0xff, 0xff, 0xce, 0xe1, 0xf9, 0xff, 
	0xc6, 0xdf, 0xf7, 0xff, 0xc6, 0xdf, 0xe6, 0xff, 
	0xc6, 0xdf, 0xe6, 0xff, 0xc6, 0xdf, 0xe6, 0xff, 
	0xce, 0xdb, 0xe9, 0xff, 0xce, 0xdb, 0xe9, 0xff, 
	0xce, 0xdb, 0xec, 0xff, 0xce, 0xdb, 0xef, 0xff, 
	0xce, 0xd9, 0xec, 0xff, 0xce, 0xd8, 0xe1, 0xff, 
	0xce, 0xd8, 0xe1, 0xff, 0xce, 0xd8, 0xe1, 0xff, 
	0xcb, 0xd9, 0xdb, 0xff, 0xcb, 0xd9, 0xdb, 0xff, 
	0xc6, 0xdb, 0xde, 0xff, 0xcb, 0xd9, 0xdb, 0xff, 
	0xce, 0xd7, 0xde, 0xff, 0xd0, 0xd5, 0xdb, 0xff, 
	0xd0, 0xd5, 0xdb, 0xff, 0xd6, 0xd3, 0xd6, 0xff, 
	0xd6, 0xcf, 0xd6, 0xff, 0xd6, 0xcf, 0xd6, 0xff, 
	0xd0, 0xd1, 0xe1, 0xff, 0xd3, 0xd0, 0xdb, 0xff, 
	0xd8, 0xd0, 0xd8, 0xff, 0xd8, 0xd0, 0xd8, 0xff, 
	0xd8, 0xd0, 0xd8, 0xff, 0xdb, 0xd1, 0xd3, 0xff, 
	0xde, 0xd3, 0xd6, 0xff, 0xde, 0xcd, 0xdb, 0xff, 
	0xde, 0xd0, 0xd8, 0xff, 0xde, 0xcd, 0xdb, 0xff, 
	0xd3, 0xcf, 0xd8, 0xff, 0xce, 0xcf, 0xde, 0xff, 
	0xd6, 0xcf, 0xd6, 0xff, 0xd6, 0xcf, 0xd6, 0xff, 
	0xd6, 0xcb, 0xd3, 0xff, 0xd6, 0xcb, 0xd3, 0xff, 
	0xd6, 0xcb, 0xd3, 0xff, 0xd6, 0xcb, 0xd3, 0xff, 
	0xd6, 0xc6, 0xe4, 0xff, 0xd6, 0xc6, 0xe4, 0xff, 
	0xde, 0xc2, 0xe1, 0xff, 0xde, 0xc2, 0xe1, 0xff, 
	0xde, 0xc2, 0xe4, 0xff, 0xde, 0xc2, 0xe4, 0xff, 
	0xde, 0xc2, 0xe4, 0xff, 0xde, 0xc2, 0xe4, 0xff, 
	0xe1, 0xc1, 0xec, 0xff, 0xe1, 0xc1, 0xec, 0xff, 
	0xe4, 0xbf, 0xf1, 0xff, 0xe1, 0xc1, 0xec, 0xff, 
	0xe7, 0xc1, 0xee, 0xff, 0xe7, 0xc1, 0xee, 0xff, 
	0xe7, 0xc1, 0xee, 0xff, 0xe7, 0xc1, 0xee, 0xff, 
	0xde, 0xc3, 0xf7, 0xff, 0xe1, 0xc3, 0xec, 0xff, 
	0xe1, 0xc3, 0xec, 0xff, 0xe1, 0xc3, 0xec, 0xff, 
	0xe1, 0xc3, 0xe9, 0xff, 0xe1, 0xc3, 0xe9, 0xff, 
	0xe4, 0xc3, 0xec, 0xff, 0xe7, 0xc3, 0xef, 0xff, 
	0xe4, 0xc4, 0xf1, 0xff, 0xe4, 0xc4, 0xf1, 0xff, 
	0xe1, 0xc1, 0xec, 0xff, 0xe4, 0xc4, 0xf1, 0xff, 
	0xe9, 0xc4, 0xf4, 0xff, 0xe9, 0xc4, 0xf4, 0xff, 
	0xe9, 0xc4, 0xf4, 0xff, 0xe9, 0xc4, 0xf4, 0xff, 
	0xf1, 0xc2, 0xf7, 0xff, 0xf1, 0xc2, 0xf7, 0xff, 
	0xf1, 0xc2, 0xf7, 0xff, 0xf1, 0xc2, 0xf7, 0xff, 
	0xf4, 0xc8, 0xf9, 0xff, 0xf4, 0xc8, 0xf9, 0xff, 
	0xf7, 0xc7, 0xff, 0xff, 0xf4, 0xc8, 0xf9, 0xff, 
	0xff, 0xff, 0xff, 0xff, 0xf7, 0xff, 0xff, 0xff, 
	0xf7, 0xff, 0xff, 0xff, 0xef, 0xff, 0xff, 0xff, 
	0xec, 0xff, 0xff, 0xff, 0xe9, 0xff, 0xff, 0xff, 
	0xe7, 0xff, 0xff, 0xff, 0xe7, 0xff, 0xff, 0xff, 
	0xe7, 0xff, 0xff, 0xff, 0xe4, 0xff, 0xff, 0xff, 
	0xe1, 0xff, 0xff, 0xff, 0xe1, 0xff, 0xff, 0xff, 
	0xde, 0xfb, 0xff, 0xff, 0xe1, 0xf8, 0xff, 0xff, 
	0xe1, 0xf8, 0xff, 0xff, 0xe4, 0xf5, 0xff, 0xff, 
	0xde, 0xf7, 0xff, 0xff, 0xde, 0xf7, 0xff, 0xff, 
	0xdb, 0xf7, 0xff, 0xff, 0xde, 0xf7, 0xff, 0xff, 
	0xde, 0xf7, 0xff, 0xff, 0xde, 0xf7, 0xff, 0xff, 
	0xde, 0xf7, 0xff, 0xff, 0xde, 0xf1, 0xff, 0xff, 
	0xdb, 0xf0, 0xff, 0xff, 0xd8, 0xf1, 0xff, 0xff, 
	0xd8, 0xf1, 0xff, 0xff, 0xd8, 0xf1, 0xff, 0xff, 
	0xd0, 0xf3, 0xff, 0xff, 0xce, 0xf3, 0xff, 0xff, 
	0xce, 0xf3, 0xff, 0xff, 0xd0, 0xf3, 0xff, 0xff, 
	0xd3, 0xef, 0xff, 0xff, 0xde, 0xef, 0xff, 0xff, 
	0xde, 0xef, 0xff, 0xff, 0xd3, 0xef, 0xff, 0xff, 
	0xd3, 0xe8, 0xff, 0xff, 0xd3, 0xe8, 0xff, 0xff, 
	0xd3, 0xe8, 0xff, 0xff, 0xd3, 0xe8, 0xff, 0xff, 
	0xd3, 0xeb, 0xf1, 0xff, 0xd3, 0xeb, 0xf1, 0xff, 
	0xd3, 0xeb, 0xf1, 0xff, 0xd3, 0xeb, 0xf1, 0xff, 
	0xce, 0xe4, 0xf4, 0xff, 0xce, 0xe4, 0xf4, 0xff, 
	0xce, 0xe7, 0xef, 0xff, 0xce, 0xe4, 0xf4, 0xff, 
	0xc6, 0xdf, 0xde, 0xff, 0xc6, 0xdf, 0xe6, 0xff, 
	0xc6, 0xdf, 0xe6, 0xff, 0xc6, 0xdf, 0xe6, 0xff, 
	0xce, 0xdb, 0xe7, 0xff, 0xce, 0xdb, 0xe9, 0xff, 
	0xce, 0xdb, 0xe9, 0xff, 0xce, 0xdb, 0xe9, 0xff, 
	0xce, 0xd9, 0xec, 0xff, 0xce, 0xd9, 0xec, 0xff, 
	0xce, 0xd8, 0xe1, 0xff, 0xce, 0xd8, 0xe1, 0xff, 
	0xc6, 0xdb, 0xde, 0xff, 0xcb, 0xd9, 0xdb, 0xff, 
	0xcb, 0xd9, 0xdb, 0xff, 0xd0, 0xd8, 0xd8, 0xff, 
	0xce, 0xd7, 0xde, 0xff, 0xd0, 0xd5, 0xdb, 0xff, 
	0xd3, 0xd4, 0xd8, 0xff, 0xd3, 0xd4, 0xd8, 0xff, 
	0xd6, 0xcf, 0xd6, 0xff, 0xd6, 0xcf, 0xd6, 0xff, 
	0xd0, 0xd1, 0xe1, 0xff, 0xd3, 0xd0, 0xdb, 0xff, 
	0xd6, 0xcf, 0xde, 0xff, 0xd6, 0xcf, 0xde, 0xff, 
	0xd6, 0xcf, 0xde, 0xff, 0xdb, 0xd1, 0xd3, 0xff, 
	0xde, 0xd0, 0xd8, 0xff, 0xde, 0xcd, 0xdb, 0xff, 
	0xde, 0xcd, 0xdb, 0xff, 0xde, 0xd3, 0xd6, 0xff, 
	0xd6, 0xcf, 0xd6, 0xff, 0xd0, 0xcf, 0xdb, 0xff, 
	0xd3, 0xcf, 0xd8, 0xff, 0xd3, 0xcf, 0xd8, 0xff, 
	0xd6, 0xcb, 0xd8, 0xff, 0xd6, 0xcb, 0xd3, 0xff, 
	0xd6, 0xcb, 0xd3, 0xff, 0xd6, 0xcb, 0xd3, 0xff, 
	0xd6, 0xc6, 0xe4, 0xff, 0xd6, 0xc6, 0xe4, 0xff, 
	0xde, 0xc2, 0xe1, 0xff, 0xde, 0xc2, 0xe1, 0xff, 
	0xde, 0xc2, 0xe4, 0xff, 0xde, 0xc2, 0xe4, 0xff, 
	0xde, 0xc2, 0xe4, 0xff, 0xde, 0xc2, 0xe4, 0xff, 
	0xde, 0xc3, 0xe7, 0xff, 0xe1, 0xc1, 0xec, 0xff, 
	0xe4, 0xbf, 0xf1, 0xff, 0xe1, 0xc1, 0xec, 0xff, 
	0xe7, 0xc1, 0xee, 0xff, 0xe7, 0xc1, 0xee, 0xff, 
	0xe7, 0xc3, 0xf7, 0xff, 0xe7, 0xc3, 0xf7, 0xff, 
	0xde, 0xc3, 0xf7, 0xff, 0xde, 0xc3, 0xf7, 0xff, 
	0xe1, 0xc3, 0xec, 0xff, 0xe1, 0xc3, 0xec, 0xff, 
	0xe1, 0xc3, 0xe9, 0xff, 0xe4, 0xc3, 0xec, 0xff, 
	0xe7, 0xc3, 0xef, 0xff, 0xe7, 0xc3, 0xef, 0xff, 
	0xe4, 0xc4, 0xf1, 0xff, 0xe4, 0xc4, 0xf1, 0xff, 
	0xe4, 0xc4, 0xf1, 0xff, 0xe7, 0xc7, 0xf7, 0xff, 
	0xe9, 0xc4, 0xf4, 0xff, 0xe7, 0xcb, 0xf7, 0xff, 
	0xe9, 0xc4, 0xf4, 0xff, 0xe9, 0xc4, 0xf4, 0xff, 
	0xec, 0xc6, 0xf7, 0xff, 0xf1, 0xc2, 0xf7, 0xff, 
	0xf1, 0xc2, 0xf7, 0xff, 0xf1, 0xc2, 0xf7, 0xff, 
	0xf4, 0xc8, 0xf9, 0xff, 0xf4, 0xc8, 0xf9, 0xff, 
	0xf4, 0xc8, 0xf9, 0xff, 0xf1, 0xc9, 0xf4, 0xff, 
	0xff, 0xff, 0xff, 0xff, 0xf7, 0xff, 0xff, 0xff, 
	0xef, 0xff, 0xff, 0xff, 0xef, 0xff, 0xff, 0xff, 
	0xec, 0xff, 0xff, 0xff, 0xec, 0xff, 0xff, 0xff, 
	0xe7, 0xff, 0xff, 0xff, 0xe7, 0xff, 0xff, 0xff, 
	0xe7, 0xff, 0xff, 0xff, 0xe1, 0xff, 0xff, 0xff, 
	0xe1, 0xff, 0xff, 0xff, 0xde, 0xff, 0xff, 0xff, 
	0xe1, 0xf8, 0xff, 0xff, 0xe1, 0xf8, 0xff, 0xff, 
	0xe1, 0xf8, 0xff, 0xff, 0xe1, 0xf8, 0xff, 0xff, 
	0xdb, 0xf7, 0xff, 0xff, 0xde, 0xf7, 0xff, 0xff, 
	0xde, 0xf7, 0xff, 0xff, 0xde, 0xf7, 0xff, 0xff, 
	0xde, 0xf4, 0xff, 0xff, 0xde, 0xf7, 0xff, 0xff, 
	0xde, 0xf7, 0xff, 0xff, 0xde, 0xf7, 0xff, 0xff, 
	0xd6, 0xf3, 0xff, 0xff, 0xd6, 0xf3, 0xff, 0xff, 
	0xd6, 0xf3, 0xff, 0xff, 0xd6, 0xf3, 0xff, 0xff, 
	0xd6, 0xf3, 0xff, 0xff, 0xd6, 0xf3, 0xff, 0xff, 
	0xd6, 0xf3, 0xff, 0xff, 0xd3, 0xf3, 0xff, 0xff, 
	0xd8, 0xef, 0xff, 0xff, 0xde, 0xef, 0xff, 0xff, 
	0xde, 0xef, 0xff, 0xff, 0xde, 0xef, 0xff, 0xff, 
	0xd3, 0xe8, 0xff, 0xff, 0xd3, 0xe8, 0xff, 0xff, 
	0xd3, 0xe8, 0xff, 0xff, 0xd6, 0xe3, 0xff, 0xff, 
	0xd0, 0xeb, 0xf4, 0xff, 0xd3, 0xeb, 0xf1, 0xff, 
	0xd0, 0xeb, 0xf4, 0xff, 0xd3, 0xeb, 0xf1, 0xff, 
	0xce, 0xe7, 0xef, 0xff, 0xce, 0xe7, 0xef, 0xff, 
	0xce, 0xe4, 0xf4, 0xff, 0xce, 0xe4, 0xf4, 0xff, 
	0xc6, 0xdf, 0xee, 0xff, 0xc6, 0xdf, 0xe6, 0xff, 
	0xc6, 0xdf, 0xe6, 0xff, 0xc6, 0xdf, 0xe6, 0xff, 
	0xce, 0xdb, 0xe7, 0xff, 0xce, 0xdb, 0xe7, 0xff, 
	0xce, 0xdb, 0xe9, 0xff, 0xce, 0xdb, 0xe7, 0xff, 
	0xce, 0xd8, 0xe1, 0xff, 0xce, 0xd8, 0xe1, 0xff, 
	0xce, 0xd8, 0xe1, 0xff, 0xce, 0xd8, 0xe1, 0xff, 
	0xcb, 0xd9, 0xdb, 0xff, 0xcb, 0xd9, 0xdb, 0xff, 
	0xd0, 0xd8, 0xd8, 0xff, 0xd0, 0xd8, 0xd8, 0xff, 
	0xd0, 0xd5, 0xdb, 0xff, 0xd0, 0xd5, 0xdb, 0xff, 
	0xd3, 0xd4, 0xd8, 0xff, 0xd3, 0xd4, 0xd8, 0xff, 
	0xd6, 0xcf, 0xd6, 0xff, 0xd6, 0xcf, 0xd6, 0xff, 
	0xd6, 0xcf, 0xd6, 0xff, 0xd0, 0xd1, 0xe1, 0xff, 
	0xd6, 0xcf, 0xde, 0xff, 0xd6, 0xcf, 0xde, 0xff, 
	0xd8, 0xd0, 0xd8, 0xff, 0xd6, 0xcf, 0xde, 0xff, 
	0xde, 0xcd, 0xdb, 0xff, 0xde, 0xcb, 0xde, 0xff, 
	0xde, 0xcb, 0xde, 0xff, 0xde, 0xcd, 0xdb, 0xff, 
	0xd0, 0xcf, 0xdb, 0xff, 0xd0, 0xcf, 0xdb, 0xff, 
	0xd0, 0xcf, 0xdb, 0xff, 0xd3, 0xcf, 0xd8, 0xff, 
	0xd6, 0xcb, 0xd8, 0xff, 0xd6, 0xcb, 0xd3, 0xff, 
	0xd6, 0xcb, 0xd3, 0xff, 0xd6, 0xcb, 0xd3, 0xff, 
	0xd6, 0xc6, 0xe4, 0xff, 0xd6, 0xc6, 0xe4, 0xff, 
	0xd6, 0xc6, 0xe4, 0xff, 0xd6, 0xc6, 0xe4, 0xff, 
	0xd6, 0xc7, 0xe7, 0xff, 0xde, 0xc2, 0xe4, 0xff, 
	0xd6, 0xc7, 0xe7, 0xff, 0xd6, 0xc7, 0xe7, 0xff, 
	0xde, 0xc3, 0xe7, 0xff, 0xde, 0xc3, 0xe7, 0xff, 
	0xe1, 0xc1, 0xec, 0xff, 0xe1, 0xc1, 0xec, 0xff, 
	0xe7, 0xc1, 0xee, 0xff, 0xe7, 0xc1, 0xee, 0xff, 
	0xe7, 0xc3, 0xf7, 0xff, 0xe7, 0xc3, 0xf7, 0xff, 
	0xde, 0xc3, 0xf7, 0xff, 0xde, 0xc3, 0xf7, 0xff, 
	0xe1, 0xc3, 0xec, 0xff, 0xe1, 0xc3, 0xec, 0xff, 
	0xe4, 0xc3, 0xec, 0xff, 0xe7, 0xc3, 0xef, 0xff, 
	0xe7, 0xc3, 0xef, 0xff, 0xe7, 0xc3, 0xef, 0xff, 
	0xe4, 0xc4, 0xf1, 0xff, 0xe7, 0xc7, 0xf7, 0xff, 
	0xe7, 0xc7, 0xf7, 0xff, 0xe7, 0xc7, 0xf7, 0xff, 
	0xe7, 0xcb, 0xf7, 0xff, 0xe7, 0xcb, 0xf7, 0xff, 
	0xe7, 0xcb, 0xf7, 0xff, 0xe7, 0xcb, 0xf7, 0xff, 
	0xe7, 0xcb, 0xf7, 0xff, 0xec, 0xc6, 0xf7, 0xff, 
	0xec, 0xc6, 0xf7, 0xff, 0xec, 0xc6, 0xf7, 0xff, 
	0xf1, 0xc9, 0xf4, 0xff, 0xf4, 0xc8, 0xf9, 0xff, 
	0xf1, 0xc9, 0xf4, 0xff, 0xf1, 0xc9, 0xf4, 0xff, 
	0xef, 0xff, 0xff, 0xff, 0xef, 0xff, 0xff, 0xff, 
	0xef, 0xff, 0xff, 0xff, 0xef, 0xff, 0xff, 0xff, 
	0xe9, 0xff, 0xff, 0xff, 0xe9, 0xff, 0xff, 0xff, 
	0xe3, 0xff, 0xff, 0xff, 0xe3, 0xff, 0xff, 0xff, 
	0xe1, 0xfd, 0xff, 0xff, 0xde, 0xff, 0xff, 0xff, 
	0xe1, 0xfd, 0xff, 0xff, 0xde, 0xff, 0xff, 0xff, 
	0xde, 0xfb, 0xff, 0xff, 0xe1, 0xf8, 0xff, 0xff, 
	0xe4, 0xf5, 0xff, 0xff, 0xe1, 0xf8, 0xff, 0xff, 
	0xde, 0xf7, 0xff, 0xff, 0xde, 0xf7, 0xff, 0xff, 
	0xe3, 0xf5, 0xff, 0xff, 0xe3, 0xf5, 0xff, 0xff, 
	0xe3, 0xf4, 0xff, 0xff, 0xe3, 0xf4, 0xff, 0xff, 
	0xde, 0xf7, 0xff, 0xff, 0xde, 0xf7, 0xff, 0xff, 
	0xe1, 0xf4, 0xff, 0xff, 0xdb, 0xf5, 0xff, 0xff, 
	0xdb, 0xf5, 0xff, 0xff, 0xe1, 0xf4, 0xff, 0xff, 
	0xde, 0xef, 0xff, 0xff, 0xde, 0xef, 0xff, 0xff, 
	0xe1, 0xed, 0xff, 0xff, 0xe1, 0xed, 0xff, 0xff, 
	0xde, 0xeb, 0xff, 0xff, 0xde, 0xeb, 0xff, 0xff, 
	0xde, 0xeb, 0xff, 0xff, 0xde, 0xeb, 0xff, 0xff, 
	0xd0, 0xe8, 0xfc, 0xff, 0xd0, 0xe8, 0xfc, 0xff, 
	0xd3, 0xe5, 0xf9, 0xff, 0xd3, 0xe5, 0xf9, 0xff, 
	0xd3, 0xe3, 0xf4, 0xff, 0xd0, 0xe7, 0xf1, 0xff, 
	0xce, 0xeb, 0xef, 0xff, 0xce, 0xeb, 0xef, 0xff, 
	0xcb, 0xe4, 0xe9, 0xff, 0xc6, 0xe7, 0xef, 0xff, 
	0xc6, 0xe7, 0xef, 0xff, 0xcb, 0xe4, 0xe9, 0xff, 
	0xce, 0xdd, 0xe3, 0xff, 0xce, 0xdd, 0xe3, 0xff, 
	0xce, 0xdd, 0xe3, 0xff, 0xce, 0xdd, 0xe3, 0xff, 
	0xd0, 0xd7, 0xe4, 0xff, 0xd0, 0xd7, 0xe4, 0xff, 
	0xd0, 0xd7, 0xe4, 0xff, 0xd3, 0xd7, 0xe1, 0xff, 
	0xd6, 0xd7, 0xde, 0xff, 0xd3, 0xd5, 0xd8, 0xff, 
	0xd3, 0xd5, 0xd8, 0xff, 0xd3, 0xd5, 0xd8, 0xff, 
	0xd3, 0xd3, 0xd6, 0xff, 0xd3, 0xd3, 0xd6, 0xff, 
	0xd3, 0xd3, 0xd6, 0xff, 0xd3, 0xd3, 0xd6, 0xff, 
	0xd0, 0xcf, 0xd3, 0xff, 0xce, 0xd3, 0xd6, 0xff, 
	0xce, 0xd3, 0xd6, 0xff, 0xd0, 0xcf, 0xd3, 0xff, 
	0xd6, 0xcf, 0xd6, 0xff, 0xd6, 0xcf, 0xd6, 0xff, 
	0xd6, 0xcf, 0xd6, 0xff, 0xd6, 0xcf, 0xd6, 0xff, 
	0xd3, 0xcb, 0xd6, 0xff, 0xd3, 0xcb, 0xd6, 0xff, 
	0xd6, 0xcb, 0xde, 0xff, 0xd6, 0xcb, 0xde, 0xff, 
	0xd6, 0xcb, 0xde, 0xff, 0xd6, 0xcb, 0xde, 0xff, 
	0xd6, 0xcb, 0xde, 0xff, 0xd6, 0xcb, 0xd8, 0xff, 
	0xd0, 0xc9, 0xdb, 0xff, 0xd0, 0xc9, 0xdb, 0xff, 
	0xd0, 0xc9, 0xdb, 0xff, 0xd6, 0xcf, 0xd6, 0xff, 
	0xd3, 0xc9, 0xd8, 0xff, 0xd3, 0xc9, 0xd8, 0xff, 
	0xce, 0xcb, 0xd6, 0xff, 0xce, 0xcb, 0xd6, 0xff, 
	0xd6, 0xcb, 0xde, 0xff, 0xd6, 0xc9, 0xe3, 0xff, 
	0xd6, 0xc9, 0xe3, 0xff, 0xd6, 0xc7, 0xef, 0xff, 
	0xd6, 0xc7, 0xef, 0xff, 0xd6, 0xc8, 0xe9, 0xff, 
	0xd6, 0xc9, 0xe3, 0xff, 0xd6, 0xcb, 0xde, 0xff, 
	0xd8, 0xc9, 0xe3, 0xff, 0xd8, 0xc9, 0xe3, 0xff, 
	0xdb, 0xc8, 0xe9, 0xff, 0xde, 0xc7, 0xef, 0xff, 
	0xe7, 0xc3, 0xe7, 0xff, 0xe7, 0xc3, 0xe7, 0xff, 
	0xe4, 0xc5, 0xec, 0xff, 0xe4, 0xc5, 0xec, 0xff, 
	0xe3, 0xc8, 0xef, 0xff, 0xde, 0xc7, 0xef, 0xff, 
	0xde, 0xc7, 0xef, 0xff, 0xe3, 0xc8, 0xef, 0xff, 
	0xe9, 0xc9, 0xe9, 0xff, 0xe9, 0xc9, 0xe9, 0xff, 
	0xe7, 0xcb, 0xef, 0xff, 0xe7, 0xcb, 0xef, 0xff, 
	0xe7, 0xcb, 0xe7, 0xff, 0xe4, 0xcc, 0xec, 0xff, 
	0xe1, 0xcd, 0xf1, 0xff, 0xe1, 0xcd, 0xf1, 0xff, 
	0xe1, 0xcf, 0xf1, 0xff, 0xe4, 0xcf, 0xf4, 0xff, 
	0xe4, 0xcf, 0xf4, 0xff, 0xe7, 0xcf, 0xf7, 0xff, 
	0xec, 0xcd, 0xf7, 0xff, 0xec, 0xcd, 0xf7, 0xff, 
	0xec, 0xcd, 0xf7, 0xff, 0xef, 0xcb, 0xf7, 0xff, 
	0xec, 0xcd, 0xfc, 0xff, 0xef, 0xcb, 0xff, 0xff, 
	0xef, 0xcb, 0xff, 0xff, 0xef, 0xcb, 0xff, 0xff, 
	0xef, 0xff, 0xff, 0xff, 0xec, 0xff, 0xff, 0xff, 
	0xef, 0xff, 0xff, 0xff, 0xec, 0xff, 0xff, 0xff, 
	0xe9, 0xff, 0xff, 0xff, 0xe9, 0xff, 0xff, 0xff, 
	0xe3, 0xff, 0xff, 0xff, 0xe3, 0xff, 0xff, 0xff, 
	0xe4, 0xfc, 0xff, 0xff, 0xe1, 0xfd, 0xff, 0xff, 
	0xe1, 0xfd, 0xff, 0xff, 0xde, 0xff, 0xff, 0xff, 
	0xe1, 0xf8, 0xff, 0xff, 0xe1, 0xf8, 0xff, 0xff, 
	0xe4, 0xf5, 0xff, 0xff, 0xe1, 0xf8, 0xff, 0xff, 
	0xe3, 0xf5, 0xff, 0xff, 0xe3, 0xf5, 0xff, 0xff, 
	0xe3, 0xf5, 0xff, 0xff, 0xe3, 0xf5, 0xff, 0xff, 
	0xe3, 0xf4, 0xff, 0xff, 0xe3, 0xf4, 0xff, 0xff, 
	0xe3, 0xf4, 0xff, 0xff, 0xde, 0xf7, 0xff, 0xff, 
	0xdb, 0xf5, 0xff, 0xff, 0xdb, 0xf5, 0xff, 0xff, 
	0xe1, 0xf4, 0xff, 0xff, 0xe1, 0xf4, 0xff, 0xff, 
	0xde, 0xef, 0xff, 0xff, 0xe1, 0xed, 0xff, 0xff, 
	0xe1, 0xed, 0xff, 0xff, 0xe1, 0xed, 0xff, 0xff, 
	0xde, 0xeb, 0xff, 0xff, 0xe1, 0xe9, 0xff, 0xff, 
	0xde, 0xeb, 0xff, 0xff, 0xde, 0xeb, 0xff, 0xff, 
	0xd0, 0xe8, 0xfc, 0xff, 0xce, 0xeb, 0xff, 0xff, 
	0xd0, 0xe8, 0xfc, 0xff, 0xd3, 0xe5, 0xf9, 0xff, 
	0xd0, 0xe7, 0xf1, 0xff, 0xce, 0xeb, 0xef, 0xff, 
	0xd0, 0xe7, 0xf1, 0xff, 0xce, 0xeb, 0xef, 0xff, 
	0xcb, 0xe4, 0xe9, 0xff, 0xcb, 0xe4, 0xe9, 0xff, 
	0xcb, 0xe4, 0xe9, 0xff, 0xcb, 0xe4, 0xe9, 0xff, 
	0xce, 0xdc, 0xe9, 0xff, 0xce, 0xdf, 0xde, 0xff, 
	0xce, 0xdf, 0xde, 0xff, 0xce, 0xdc, 0xe9, 0xff, 
	0xce, 0xd7, 0xe7, 0xff, 0xd0, 0xd7, 0xe4, 0xff, 
	0xd3, 0xd7, 0xe1, 0xff, 0xd3, 0xd7, 0xe1, 0xff, 
	0xd6, 0xd7, 0xde, 0xff, 0xd0, 0xd4, 0xd3, 0xff, 
	0xd0, 0xd4, 0xd3, 0xff, 0xd3, 0xd5, 0xd8, 0xff, 
	0xd3, 0xd3, 0xd6, 0xff, 0xd3, 0xd3, 0xd6, 0xff, 
	0xd3, 0xd3, 0xd6, 0xff, 0xd0, 0xcf, 0xd6, 0xff, 
	0xd0, 0xcf, 0xd3, 0xff, 0xd0, 0xcf, 0xd3, 0xff, 
	0xd0, 0xcf, 0xd3, 0xff, 0xd0, 0xcf, 0xd3, 0xff, 
	0xd6, 0xcf, 0xd6, 0xff, 0xd6, 0xcd, 0xd0, 0xff, 
	0xd6, 0xcd, 0xd0, 0xff, 0xd6, 0xcd, 0xd0, 0xff, 
	0xd0, 0xcb, 0xce, 0xff, 0xd0, 0xcb, 0xce, 0xff, 
	0xd6, 0xcb, 0xde, 0xff, 0xd6, 0xcb, 0xde, 0xff, 
	0xd6, 0xcb, 0xd3, 0xff, 0xd6, 0xcb, 0xd3, 0xff, 
	0xd6, 0xcb, 0xd8, 0xff, 0xd6, 0xcb, 0xd8, 0xff, 
	0xd0, 0xc9, 0xdb, 0xff, 0xd0, 0xc9, 0xdb, 0xff, 
	0xd3, 0xcc, 0xd8, 0xff, 0xd3, 0xcc, 0xd8, 0xff, 
	0xce, 0xcb, 0xd6, 0xff, 0xd8, 0xc8, 0xdb, 0xff, 
	0xd3, 0xc9, 0xd8, 0xff, 0xd8, 0xc8, 0xdb, 0xff, 
	0xd6, 0xc9, 0xe3, 0xff, 0xd6, 0xc9, 0xe3, 0xff, 
	0xd6, 0xc8, 0xe9, 0xff, 0xd6, 0xc7, 0xef, 0xff, 
	0xd6, 0xc7, 0xef, 0xff, 0xd6, 0xc8, 0xe9, 0xff, 
	0xd6, 0xc9, 0xe3, 0xff, 0xd6, 0xc7, 0xef, 0xff, 
	0xd8, 0xc9, 0xe3, 0xff, 0xd8, 0xc9, 0xe3, 0xff, 
	0xd8, 0xc9, 0xe3, 0xff, 0xdb, 0xc8, 0xe9, 0xff, 
	0xe4, 0xc5, 0xec, 0xff, 0xe7, 0xc3, 0xe7, 0xff, 
	0xe4, 0xc5, 0xec, 0xff, 0xe4, 0xc5, 0xec, 0xff, 
	0xe3, 0xc8, 0xef, 0xff, 0xde, 0xc7, 0xef, 0xff, 
	0xe3, 0xc8, 0xef, 0xff, 0xe3, 0xc8, 0xef, 0xff, 
	0xe9, 0xc9, 0xe9, 0xff, 0xe9, 0xc9, 0xe9, 0xff, 
	0xe9, 0xc9, 0xe9, 0xff, 0xe9, 0xc9, 0xe9, 0xff, 
	0xe7, 0xcb, 0xe7, 0xff, 0xe4, 0xcc, 0xec, 0xff, 
	0xe4, 0xcc, 0xec, 0xff, 0xe4, 0xcc, 0xec, 0xff, 
	0xde, 0xcf, 0xef, 0xff, 0xe4, 0xcf, 0xf4, 0xff, 
	0xe4, 0xcf, 0xf4, 0xff, 0xe7, 0xcf, 0xf7, 0xff, 
	0xe9, 0xd0, 0xf7, 0xff, 0xe9, 0xd0, 0xf7, 0xff, 
	0xe9, 0xd0, 0xf7, 0xff, 0xec, 0xcd, 0xf7, 0xff, 
	0xec, 0xcd, 0xfc, 0xff, 0xef, 0xcb, 0xff, 0xff, 
	0xef, 0xcb, 0xff, 0xff, 0xef, 0xcb, 0xff, 0xff, 
	0xef, 0xff, 0xff, 0xff, 0xec, 0xff, 0xff, 0xff, 
	0xec, 0xff, 0xff, 0xff, 0xec, 0xff, 0xff, 0xff, 
	0xe9, 0xff, 0xff, 0xff, 0xe9, 0xff, 0xff, 0xff, 
	0xe3, 0xff, 0xff, 0xff, 0xe3, 0xff, 0xff, 0xff, 
	0xe4, 0xfc, 0xff, 0xff, 0xe1, 0xfd, 0xff, 0xff, 
	0xe4, 0xfc, 0xff, 0xff, 0xe1, 0xfd, 0xff, 0xff, 
	0xe1, 0xf8, 0xff, 0xff, 0xe4, 0xf5, 0xff, 0xff, 
	0xe7, 0xf3, 0xff, 0xff, 0xe4, 0xf5, 0xff, 0xff, 
	0xe3, 0xf5, 0xff, 0xff, 0xe3, 0xf5, 0xff, 0xff, 
	0xe3, 0xf5, 0xff, 0xff, 0xe3, 0xf5, 0xff, 0xff, 
	0xe3, 0xf4, 0xff, 0xff, 0xef, 0xef, 0xff, 0xff, 
	0xe3, 0xf4, 0xff, 0xff, 0xe3, 0xf4, 0xff, 0xff, 
	0xe7, 0xf3, 0xff, 0xff, 0xe1, 0xf4, 0xff, 0xff, 
	0xe7, 0xf3, 0xff, 0xff, 0xe7, 0xf3, 0xff, 0xff, 
	0xe1, 0xed, 0xff, 0xff, 0xe4, 0xec, 0xff, 0xff, 
	0xe1, 0xed, 0xff, 0xff, 0xe1, 0xed, 0xff, 0xff, 
	0xe4, 0xe8, 0xff, 0xff, 0xe4, 0xe8, 0xff, 0xff, 
	0xe4, 0xe8, 0xff, 0xff, 0xde, 0xeb, 0xff, 0xff, 
	0xd6, 0xe3, 0xf7, 0xff, 0xd3, 0xe5, 0xf9, 0xff, 
	0xd0, 0xe8, 0xfc, 0xff, 0xd3, 0xe5, 0xf9, 0xff, 
	0xd0, 0xe7, 0xf1, 0xff, 0xd0, 0xe7, 0xf1, 0xff, 
	0xd0, 0xe7, 0xf1, 0xff, 0xd3, 0xe3, 0xf4, 0xff, 
	0xcb, 0xe4, 0xe9, 0xff, 0xcb, 0xe4, 0xe9, 0xff, 
	0xcb, 0xe4, 0xe9, 0xff, 0xd0, 0xe1, 0xe3, 0xff, 
	0xce, 0xdf, 0xde, 0xff, 0xce, 0xdf, 0xde, 0xff, 
	0xce, 0xdf, 0xde, 0xff, 0xce, 0xdd, 0xe3, 0xff, 
	0xce, 0xd7, 0xe7, 0xff, 0xd0, 0xd7, 0xe4, 0xff, 
	0xd0, 0xd7, 0xe4, 0xff, 0xd3, 0xd7, 0xe1, 0xff, 
	0xd3, 0xd5, 0xd8, 0xff, 0xd0, 0xd4, 0xd3, 0xff, 
	0xce, 0xd3, 0xce, 0xff, 0xd3, 0xd5, 0xd8, 0xff, 
	0xd3, 0xd3, 0xd6, 0xff, 0xd3, 0xd3, 0xd6, 0xff, 
	0xd0, 0xcf, 0xd6, 0xff, 0xce, 0xcb, 0xd6, 0xff, 
	0xd0, 0xcf, 0xd3, 0xff, 0xd0, 0xcf, 0xd3, 0xff, 
	0xd3, 0xcb, 0xd0, 0xff, 0xd3, 0xcb, 0xd0, 0xff, 
	0xd6, 0xcd, 0xd0, 0xff, 0xd6, 0xcd, 0xd0, 0xff, 
	0xd6, 0xcd, 0xd0, 0xff, 0xd6, 0xcd, 0xd0, 0xff, 
	0xd0, 0xcb, 0xce, 0xff, 0xd0, 0xcb, 0xce, 0xff, 
	0xd3, 0xcb, 0xd6, 0xff, 0xd3, 0xcb, 0xd6, 0xff, 
	0xd6, 0xcb, 0xd3, 0xff, 0xd6, 0xcb, 0xce, 0xff, 
	0xd6, 0xcb, 0xd3, 0xff, 0xd6, 0xcb, 0xd3, 0xff, 
	0xd3, 0xcc, 0xd8, 0xff, 0xd3, 0xcc, 0xd8, 0xff, 
	0xd3, 0xcc, 0xd8, 0xff, 0xd0, 0xc9, 0xdb, 0xff, 
	0xd3, 0xc9, 0xd8, 0xff, 0xd8, 0xc8, 0xdb, 0xff, 
	0xde, 0xc7, 0xde, 0xff, 0xd8, 0xc8, 0xdb, 0xff, 
	0xd6, 0xc9, 0xe3, 0xff, 0xd6, 0xc7, 0xef, 0xff, 
	0xd6, 0xc7, 0xef, 0xff, 0xd6, 0xc7, 0xef, 0xff, 
	0xd6, 0xc7, 0xef, 0xff, 0xd6, 0xc7, 0xef, 0xff, 
	0xd6, 0xcb, 0xde, 0xff, 0xd6, 0xc9, 0xe3, 0xff, 
	0xd8, 0xc9, 0xe3, 0xff, 0xdb, 0xc8, 0xe9, 0xff, 
	0xdb, 0xc8, 0xe9, 0xff, 0xdb, 0xc8, 0xe9, 0xff, 
	0xe4, 0xc5, 0xec, 0xff, 0xe4, 0xc5, 0xec, 0xff, 
	0xe1, 0xc8, 0xf1, 0xff, 0xe1, 0xc8, 0xf1, 0xff, 
	0xe9, 0xc9, 0xef, 0xff, 0xe3, 0xc8, 0xef, 0xff, 
	0xe3, 0xc8, 0xef, 0xff, 0xe3, 0xc8, 0xef, 0xff, 
	0xe7, 0xcb, 0xef, 0xff, 0xe7, 0xcb, 0xef, 0xff, 
	0xe9, 0xc9, 0xe9, 0xff, 0xe9, 0xc9, 0xe9, 0xff, 
	0xe7, 0xcb, 0xe7, 0xff, 0xe4, 0xcc, 0xec, 0xff, 
	0xe4, 0xcc, 0xec, 0xff, 0xe4, 0xcc, 0xec, 0xff, 
	0xe1, 0xcf, 0xf1, 0xff, 0xe4, 0xcf, 0xf4, 0xff, 
	0xe4, 0xcf, 0xf4, 0xff, 0xe7, 0xcf, 0xf7, 0xff, 
	0xe9, 0xd0, 0xf7, 0xff, 0xe9, 0xd0, 0xf7, 0xff, 
	0xe9, 0xd0, 0xf7, 0xff, 0xe9, 0xd0, 0xf7, 0xff, 
	0xe9, 0xd0, 0xf9, 0xff, 0xec, 0xcd, 0xfc, 0xff, 
	0xec, 0xcd, 0xfc, 0xff, 0xec, 0xcd, 0xfc, 0xff, 
	0xef, 0xff, 0xff, 0xff, 0xef, 0xff, 0xff, 0xff, 
	0xef, 0xff, 0xff, 0xff, 0xec, 0xff, 0xff, 0xff, 
	0xe9, 0xff, 0xff, 0xff, 0xe9, 0xff, 0xff, 0xff, 
	0xe3, 0xff, 0xff, 0xff, 0xe3, 0xff, 0xff, 0xff, 
	0xe7, 0xfb, 0xff, 0xff, 0xe4, 0xfc, 0xff, 0xff, 
	0xe4, 0xfc, 0xff, 0xff, 0xe7, 0xfb, 0xff, 0xff, 
	0xe4, 0xf5, 0xff, 0xff, 0xe7, 0xf3, 0xff, 0xff, 
	0xe4, 0xf5, 0xff, 0xff, 0xe4, 0xf5, 0xff, 0xff, 
	0xe3, 0xf5, 0xff, 0xff, 0xe3, 0xf5, 0xff, 0xff, 
	0xe3, 0xf5, 0xff, 0xff, 0xe3, 0xf5, 0xff, 0xff, 
	0xe3, 0xf4, 0xff, 0xff, 0xe3, 0xf4, 0xff, 0xff, 
	0xe9, 0xf1, 0xff, 0xff, 0xe9, 0xf1, 0xff, 0xff, 
	0xe7, 0xf3, 0xff, 0xff, 0xe7, 0xf3, 0xff, 0xff, 
	0xe7, 0xf3, 0xff, 0xff, 0xe7, 0xf3, 0xff, 0xff, 
	0xe7, 0xeb, 0xff, 0xff, 0xe4, 0xec, 0xff, 0xff, 
	0xe4, 0xec, 0xff, 0xff, 0xe7, 0xeb, 0xff, 0xff, 
	0xe4, 0xe8, 0xff, 0xff, 0xe4, 0xe8, 0xff, 0xff, 
	0xe7, 0xe7, 0xff, 0xff, 0xde, 0xeb, 0xff, 0xff, 
	0xd0, 0xe8, 0xfc, 0xff, 0xd3, 0xe5, 0xf9, 0xff, 
	0xd6, 0xe3, 0xf7, 0xff, 0xd6, 0xe3, 0xf7, 0xff, 
	0xd3, 0xe3, 0xf4, 0xff, 0xd3, 0xe3, 0xf4, 0xff, 
	0xd3, 0xe3, 0xf4, 0xff, 0xd3, 0xe3, 0xf4, 0xff, 
	0xcb, 0xe4, 0xe9, 0xff, 0xd0, 0xe1, 0xe3, 0xff, 
	0xd0, 0xe1, 0xe3, 0xff, 0xd6, 0xdf, 0xde, 0xff, 
	0xce, 0xdf, 0xde, 0xff, 0xce, 0xdf, 0xde, 0xff, 
	0xce, 0xdf, 0xde, 0xff, 0xce, 0xdc, 0xe9, 0xff, 
	0xce, 0xd7, 0xe7, 0xff, 0xce, 0xd7, 0xe7, 0xff, 
	0xd0, 0xd7, 0xe4, 0xff, 0xd6, 0xd7, 0xde, 0xff, 
	0xd0, 0xd4, 0xd3, 0xff, 0xd0, 0xd4, 0xd3, 0xff, 
	0xce, 0xd3, 0xce, 0xff, 0xd3, 0xd5, 0xd8, 0xff, 
	0xd3, 0xd3, 0xd6, 0xff, 0xd0, 0xcf, 0xd6, 0xff, 
	0xd0, 0xcf, 0xd6, 0xff, 0xce, 0xcb, 0xd6, 0xff, 
	0xd0, 0xcf, 0xd3, 0xff, 0xd0, 0xcf, 0xd3, 0xff, 
	0xd3, 0xcb, 0xd0, 0xff, 0xd3, 0xcb, 0xd0, 0xff, 
	0xd6, 0xcd, 0xd0, 0xff, 0xd6, 0xcd, 0xd0, 0xff, 
	0xd6, 0xcc, 0xcb, 0xff, 0xd6, 0xcc, 0xcb, 0xff, 
	0xd0, 0xcb, 0xce, 0xff, 0xd0, 0xcb, 0xce, 0xff, 
	0xd0, 0xcb, 0xce, 0xff, 0xd3, 0xcb, 0xd6, 0xff, 
	0xd6, 0xcb, 0xce, 0xff, 0xd6, 0xcb, 0xce, 0xff, 
	0xd6, 0xcb, 0xce, 0xff, 0xd6, 0xcb, 0xd3, 0xff, 
	0xd3, 0xcc, 0xd8, 0xff, 0xd3, 0xcc, 0xd8, 0xff, 
	0xd3, 0xcc, 0xd8, 0xff, 0xd3, 0xcc, 0xd8, 0xff, 
	0xd8, 0xc8, 0xdb, 0xff, 0xd8, 0xc8, 0xdb, 0xff, 
	0xd8, 0xc8, 0xdb, 0xff, 0xde, 0xc7, 0xde, 0xff, 
	0xd6, 0xc9, 0xe3, 0xff, 0xd6, 0xc7, 0xef, 0xff, 
	0xd6, 0xc7, 0xef, 0xff, 0xd6, 0xc7, 0xef, 0xff, 
	0xd6, 0xc7, 0xef, 0xff, 0xd6, 0xc9, 0xe3, 0xff, 
	0xd6, 0xc7, 0xef, 0xff, 0xd6, 0xc9, 0xe3, 0xff, 
	0xdb, 0xc8, 0xe9, 0xff, 0xdb, 0xc8, 0xe9, 0xff, 
	0xde, 0xc7, 0xef, 0xff, 0xde, 0xc7, 0xef, 0xff, 
	0xe4, 0xc5, 0xec, 0xff, 0xe1, 0xc8, 0xf1, 0xff, 
	0xe1, 0xc8, 0xf1, 0xff, 0xe1, 0xc8, 0xf1, 0xff, 
	0xe3, 0xc8, 0xef, 0xff, 0xe3, 0xc8, 0xef, 0xff, 
	0xe3, 0xc8, 0xef, 0xff, 0xe9, 0xc9, 0xef, 0xff, 
	0xe7, 0xcb, 0xef, 0xff, 0xe7, 0xcb, 0xef, 0xff, 
	0xe7, 0xcb, 0xef, 0xff, 0xe7, 0xcb, 0xef, 0xff, 
	0xe4, 0xcc, 0xec, 0xff, 0xe4, 0xcc, 0xec, 0xff, 
	0xe4, 0xcc, 0xec, 0xff, 0xe4, 0xcc, 0xec, 0xff, 
	0xe1, 0xcf, 0xf1, 0xff, 0xe4, 0xcf, 0xf4, 0xff, 
	0xe4, 0xcf, 0xf4, 0xff, 0xe7, 0xcf, 0xf7, 0xff, 
	0xe9, 0xd0, 0xf7, 0xff, 0xe9, 0xd0, 0xf7, 0xff, 
	0xe9, 0xd0, 0xf7, 0xff, 0xe9, 0xd0, 0xf7, 0xff, 
	0xec, 0xcd, 0xfc, 0xff, 0xef, 0xcb, 0xff, 0xff, 
	0xec, 0xcd, 0xfc, 0xff, 0xec, 0xcd, 0xfc, 0xff, 
	0xf1, 0xfd, 0xff, 0xff, 0xef, 0xff, 0xff, 0xff, 
	0xf1, 0xfd, 0xff, 0xff, 0xef, 0xff, 0xff, 0xff, 
	0xec, 0xfd, 0xff, 0xff, 0xe7, 0xff, 0xff, 0xff, 
	0xe7, 0xff, 0xff, 0xff, 0xe7, 0xff, 0xff, 0xff, 
	0xe9, 0xf7, 0xff, 0xff, 0xe9, 0xf7, 0xff, 0xff, 
	0xe9, 0xf7, 0xff, 0xff, 0xe7, 0xf7, 0xff, 0xff, 
	0xe1, 0xf5, 0xff, 0xff, 0xe7, 0xf3, 0xff, 0xff, 
	0xe7, 0xf3, 0xff, 0xff, 0xe7, 0xf3, 0xff, 0xff, 
	0xe7, 0xf4, 0xff, 0xff, 0xe7, 0xf4, 0xff, 0xff, 
	0xe7, 0xf4, 0xff, 0xff, 0xe7, 0xf4, 0xff, 0xff, 
	0xe1, 0xf1, 0xff, 0xff, 0xe1, 0xf1, 0xff, 0xff, 
	0xe1, 0xf1, 0xff, 0xff, 0xe7, 0xef, 0xff, 0xff, 
	0xe7, 0xf3, 0xff, 0xff, 0xe7, 0xf3, 0xff, 0xff, 
	0xe7, 0xf3, 0xff, 0xff, 0xe9, 0xe9, 0xff, 0xff, 
	0xe9, 0xe9, 0xff, 0xff, 0xe7, 0xeb, 0xff, 0xff, 
	0xe7, 0xeb, 0xff, 0xff, 0xe7, 0xeb, 0xff, 0xff, 
	0xe9, 0xe5, 0xff, 0xff, 0xef, 0xe7, 0xff, 0xff, 
	0xe9, 0xe5, 0xff, 0xff, 0xde, 0xe3, 0xff, 0xff, 
	0xd8, 0xe4, 0xf9, 0xff, 0xdb, 0xe1, 0xf4, 0xff, 
	0xd8, 0xe4, 0xf9, 0xff, 0xdb, 0xe1, 0xf4, 0xff, 
	0xde, 0xdb, 0xef, 0xff, 0xd6, 0xe3, 0xef, 0xff, 
	0xd6, 0xe3, 0xef, 0xff, 0xd6, 0xe3, 0xef, 0xff, 
	0xd6, 0xdf, 0xef, 0xff, 0xd6, 0xdf, 0xef, 0xff, 
	0xd6, 0xdc, 0xe9, 0xff, 0xd6, 0xdc, 0xe9, 0xff, 
	0xcd, 0xd9, 0xe1, 0xff, 0xcd, 0xd9, 0xe1, 0xff, 
	0xcd, 0xd9, 0xe1, 0xff, 0xc5, 0xd8, 0xe4, 0xff, 
	0xce, 0xd7, 0xe7, 0xff, 0xcb, 0xd5, 0xde, 0xff, 
	0xcb, 0xd5, 0xde, 0xff, 0xc8, 0xd4, 0xd6, 0xff, 
	0xcb, 0xd4, 0xd0, 0xff, 0xcb, 0xd4, 0xd0, 0xff, 
	0xcb, 0xd4, 0xd0, 0xff, 0xcb, 0xd4, 0xd0, 0xff, 
	0xce, 0xcf, 0xd0, 0xff, 0xce, 0xcf, 0xd6, 0xff, 
	0xce, 0xcf, 0xd6, 0xff, 0xce, 0xcf, 0xd6, 0xff, 
	0xce, 0xcf, 0xd6, 0xff, 0xce, 0xcf, 0xd6, 0xff, 
	0xd0, 0xcc, 0xd3, 0xff, 0xd3, 0xc9, 0xd0, 0xff, 
	0xce, 0xc8, 0xd3, 0xff, 0xd6, 0xc5, 0xd0, 0xff, 
	0xd6, 0xc5, 0xd0, 0xff, 0xd6, 0xc5, 0xd0, 0xff, 
	0xde, 0xc6, 0xd0, 0xff, 0xde, 0xc6, 0xd0, 0xff, 
	0xde, 0xcb, 0xce, 0xff, 0xde, 0xcb, 0xce, 0xff, 
	0xd8, 0xc8, 0xce, 0xff, 0xd6, 0xcb, 0xc6, 0xff, 
	0xd6, 0xcb, 0xc6, 0xff, 0xd8, 0xc8, 0xce, 0xff, 
	0xd6, 0xcb, 0xd6, 0xff, 0xd6, 0xcb, 0xd6, 0xff, 
	0xd6, 0xcb, 0xd6, 0xff, 0xd6, 0xcb, 0xd6, 0xff, 
	0xdb, 0xc9, 0xdb, 0xff, 0xdb, 0xc9, 0xdb, 0xff, 
	0xdb, 0xc9, 0xdb, 0xff, 0xdb, 0xc9, 0xdb, 0xff, 
	0xd6, 0xc7, 0xe7, 0xff, 0xd8, 0xc5, 0xe9, 0xff, 
	0xdb, 0xc4, 0xec, 0xff, 0xde, 0xc3, 0xef, 0xff, 
	0xe1, 0xc7, 0xe9, 0xff, 0xe1, 0xc7, 0xe9, 0xff, 
	0xde, 0xc7, 0xef, 0xff, 0xe1, 0xc7, 0xe9, 0xff, 
	0xe4, 0xc8, 0xe9, 0xff, 0xe1, 0xc9, 0xec, 0xff, 
	0xe1, 0xc9, 0xec, 0xff, 0xe1, 0xc9, 0xec, 0xff, 
	0xde, 0xc7, 0xef, 0xff, 0xde, 0xc7, 0xef, 0xff, 
	0xe1, 0xc7, 0xf4, 0xff, 0xe4, 0xc7, 0xf9, 0xff, 
	0xe7, 0xcb, 0xff, 0xff, 0xe7, 0xcd, 0xf4, 0xff, 
	0xe7, 0xcd, 0xf4, 0xff, 0xe7, 0xcd, 0xf4, 0xff, 
	0xe1, 0xcf, 0xf1, 0xff, 0xe1, 0xcf, 0xf1, 0xff, 
	0xe1, 0xcf, 0xf1, 0xff, 0xe1, 0xcf, 0xf1, 0xff, 
	0xe1, 0xd0, 0xef, 0xff, 0xe1, 0xd0, 0xef, 0xff, 
	0xe1, 0xd0, 0xef, 0xff, 0xe1, 0xd0, 0xef, 0xff, 
	0xe7, 0xcf, 0xf7, 0xff, 0xe7, 0xcf, 0xf7, 0xff, 
	0xe7, 0xd0, 0xf9, 0xff, 0xe7, 0xcf, 0xf7, 0xff, 
	0xe9, 0xd3, 0xf4, 0xff, 0xe9, 0xd3, 0xf4, 0xff, 
	0xe9, 0xd3, 0xf4, 0xff, 0xec, 0xd3, 0xf9, 0xff, 
	0xef, 0xcf, 0xff, 0xff, 0xef, 0xcf, 0xff, 0xff, 
	0xef, 0xcf, 0xff, 0xff, 0xef, 0xcf, 0xff, 0xff, 
	0xf4, 0xfc, 0xff, 0xff, 0xf1, 0xfd, 0xff, 0xff, 
	0xf1, 0xfd, 0xff, 0xff, 0xf1, 0xfd, 0xff, 0xff, 
	0xec, 0xfd, 0xff, 0xff, 0xe7, 0xff, 0xff, 0xff, 
	0xec, 0xfd, 0xff, 0xff, 0xf1, 0xfc, 0xff, 0xff, 
	0xe9, 0xf7, 0xff, 0xff, 0xe9, 0xf7, 0xff, 0xff, 
	0xe9, 0xf7, 0xff, 0xff, 0xe7, 0xf7, 0xff, 0xff, 
	0xe7, 0xf3, 0xff, 0xff, 0xe4, 0xf4, 0xff, 0xff, 
	0xe7, 0xf3, 0xff, 0xff, 0xe7, 0xf3, 0xff, 0xff, 
	0xe7, 0xf1, 0xff, 0xff, 0xe7, 0xef, 0xff, 0xff, 
	0xe7, 0xef, 0xff, 0xff, 0xe7, 0xef, 0xff, 0xff, 
	0xe4, 0xf0, 0xff, 0xff, 0xe4, 0xf0, 0xff, 0xff, 
	0xe4, 0xf0, 0xff, 0xff, 0xe7, 0xef, 0xff, 0xff, 
	0xe7, 0xf3, 0xff, 0xff, 0xe7, 0xf3, 0xff, 0xff, 
	0xe7, 0xf3, 0xff, 0xff, 0xe9, 0xe9, 0xff, 0xff, 
	0xe9, 0xe9, 0xff, 0xff, 0xe7, 0xeb, 0xff, 0xff, 
	0xe7, 0xeb, 0xff, 0xff, 0xe9, 0xe9, 0xff, 0xff, 
	0xe9, 0xe5, 0xff, 0xff, 0xe9, 0xe5, 0xff, 0xff, 
	0xe9, 0xe5, 0xff, 0xff, 0xe3, 0xe4, 0xff, 0xff, 
	0xd6, 0xe7, 0xff, 0xff, 0xd8, 0xe4, 0xf9, 0xff, 
	0xdb, 0xe1, 0xf4, 0xff, 0xde, 0xdf, 0xef, 0xff, 
	0xde, 0xdb, 0xef, 0xff, 0xd6, 0xe3, 0xef, 0xff, 
	0xdb, 0xdd, 0xef, 0xff, 0xde, 0xdb, 0xef, 0xff, 
	0xd6, 0xdc, 0xe9, 0xff, 0xd6, 0xd9, 0xe3, 0xff, 
	0xd6, 0xd9, 0xe3, 0xff, 0xd6, 0xdc, 0xe9, 0xff, 
	0xd6, 0xdb, 0xde, 0xff, 0xcd, 0xd9, 0xe1, 0xff, 
	0xc5, 0xd8, 0xe4, 0xff, 0xc5, 0xd8, 0xe4, 0xff, 
	0xcb, 0xd5, 0xde, 0xff, 0xcb, 0xd5, 0xde, 0xff, 
	0xcb, 0xd5, 0xde, 0xff, 0xc8, 0xd4, 0xd6, 0xff, 
	0xcb, 0xd4, 0xd0, 0xff, 0xcb, 0xd4, 0xd0, 0xff, 
	0xcb, 0xd4, 0xd0, 0xff, 0xcb, 0xd4, 0xd0, 0xff, 
	0xce, 0xcf, 0xd0, 0xff, 0xce, 0xcf, 0xd0, 0xff, 
	0xce, 0xcf, 0xd6, 0xff, 0xce, 0xcf, 0xd0, 0xff, 
	0xce, 0xcf, 0xd6, 0xff, 0xce, 0xcf, 0xd6, 0xff, 
	0xce, 0xcf, 0xd6, 0xff, 0xd0, 0xcc, 0xd3, 0xff, 
	0xce, 0xc8, 0xd3, 0xff, 0xd6, 0xc5, 0xd0, 0xff, 
	0xd6, 0xc5, 0xd0, 0xff, 0xd6, 0xc5, 0xd0, 0xff, 
	0xde, 0xc2, 0xd3, 0xff, 0xde, 0xc6, 0xd0, 0xff, 
	0xde, 0xc6, 0xd0, 0xff, 0xde, 0xc6, 0xd0, 0xff, 
	0xd8, 0xc8, 0xce, 0xff, 0xd8, 0xc8, 0xce, 0xff, 
	0xd8, 0xc8, 0xce, 0xff, 0xd8, 0xc8, 0xce, 0xff, 
	0xdb, 0xc8, 0xd3, 0xff, 0xd6, 0xcb, 0xd6, 0xff, 
	0xd6, 0xcb, 0xd6, 0xff, 0xd6, 0xcb, 0xd6, 0xff, 
	0xdb, 0xc9, 0xdb, 0xff, 0xdb, 0xc9, 0xdb, 0xff, 
	0xdb, 0xc9, 0xdb, 0xff, 0xd8, 0xc8, 0xe1, 0xff, 
	0xdb, 0xc4, 0xec, 0xff, 0xd8, 0xc5, 0xe9, 0xff, 
	0xdb, 0xc4, 0xec, 0xff, 0xde, 0xc3, 0xef, 0xff, 
	0xde, 0xc7, 0xef, 0xff, 0xe4, 0xc7, 0xe3, 0xff, 
	0xe4, 0xc7, 0xe3, 0xff, 0xe1, 0xc7, 0xe9, 0xff, 
	0xe4, 0xc8, 0xe9, 0xff, 0xe4, 0xc8, 0xe9, 0xff, 
	0xe4, 0xc8, 0xe9, 0xff, 0xe1, 0xc9, 0xec, 0xff, 
	0xde, 0xc7, 0xef, 0xff, 0xde, 0xc7, 0xef, 0xff, 
	0xe1, 0xc7, 0xf4, 0xff, 0xe4, 0xc7, 0xf9, 0xff, 
	0xe7, 0xcb, 0xff, 0xff, 0xe7, 0xcb, 0xff, 0xff, 
	0xe7, 0xcc, 0xf9, 0xff, 0xe7, 0xcd, 0xf4, 0xff, 
	0xe1, 0xcf, 0xf1, 0xff, 0xe1, 0xcf, 0xf1, 0xff, 
	0xe1, 0xcf, 0xf1, 0xff, 0xe1, 0xcf, 0xf1, 0xff, 
	0xe4, 0xd1, 0xf7, 0xff, 0xe4, 0xd1, 0xf7, 0xff, 
	0xe4, 0xd1, 0xf7, 0xff, 0xe4, 0xd1, 0xf7, 0xff, 
	0xe7, 0xd1, 0xfc, 0xff, 0xe7, 0xd1, 0xfc, 0xff, 
	0xe7, 0xd1, 0xfc, 0xff, 0xe7, 0xd1, 0xfc, 0xff, 
	0xe9, 0xd3, 0xf4, 0xff, 0xe9, 0xd3, 0xf4, 0xff, 
	0xec, 0xd3, 0xf9, 0xff, 0xef, 0xd3, 0xff, 0xff, 
	0xef, 0xcf, 0xff, 0xff, 0xf1, 0xd3, 0xff, 0xff, 
	0xef, 0xcf, 0xff, 0xff, 0xef, 0xcf, 0xff, 0xff, 
	0xf7, 0xfb, 0xff, 0xff, 0xf7, 0xfb, 0xff, 0xff, 
	0xf4, 0xfc, 0xff, 0xff, 0xf1, 0xfd, 0xff, 0xff, 
	0xf1, 0xfc, 0xff, 0xff, 0xf1, 0xfc, 0xff, 0xff, 
	0xe7, 0xff, 0xff, 0xff, 0xf1, 0xfc, 0xff, 0xff, 
	0xef, 0xf7, 0xff, 0xff, 0xe9, 0xf7, 0xff, 0xff, 
	0xe7, 0xf7, 0xff, 0xff, 0xe7, 0xf7, 0xff, 0xff, 
	0xe7, 0xf3, 0xff, 0xff, 0xe7, 0xf3, 0xff, 0xff, 
	0xe7, 0xf3, 0xff, 0xff, 0xe7, 0xf3, 0xff, 0xff, 
	0xe7, 0xf4, 0xff, 0xff, 0xe7, 0xef, 0xff, 0xff, 
	0xe7, 0xf4, 0xff, 0xff, 0xe7, 0xef, 0xff, 0xff, 
	0xe7, 0xef, 0xff, 0xff, 0xe4, 0xf0, 0xff, 0xff, 
	0xe4, 0xf0, 0xff, 0xff, 0xe4, 0xf0, 0xff, 0xff, 
	0xe7, 0xf3, 0xff, 0xff, 0xe9, 0xe9, 0xff, 0xff, 
	0xe9, 0xe9, 0xff, 0xff, 0xe9, 0xe9, 0xff, 0xff, 
	0xe9, 0xe9, 0xff, 0xff, 0xef, 0xe7, 0xff, 0xff, 
	0xe7, 0xeb, 0xff, 0xff, 0xec, 0xe8, 0xff, 0xff, 
	0xef, 0xe7, 0xff, 0xff, 0xef, 0xe7, 0xff, 0xff, 
	0xe9, 0xe5, 0xff, 0xff, 0xde, 0xe3, 0xff, 0xff, 
	0xd8, 0xe4, 0xf9, 0xff, 0xd8, 0xe4, 0xf9, 0xff, 
	0xdb, 0xe1, 0xf4, 0xff, 0xde, 0xdf, 0xef, 0xff, 
	0xde, 0xdb, 0xef, 0xff, 0xdb, 0xdd, 0xef, 0xff, 
	0xde, 0xdb, 0xef, 0xff, 0xde, 0xdb, 0xef, 0xff, 
	0xd6, 0xdc, 0xe9, 0xff, 0xd6, 0xdc, 0xe9, 0xff, 
	0xd6, 0xd9, 0xe3, 0xff, 0xd6, 0xd9, 0xe3, 0xff, 
	0xd6, 0xdb, 0xde, 0xff, 0xcd, 0xd9, 0xe1, 0xff, 
	0xcd, 0xd9, 0xe1, 0xff, 0xcd, 0xd9, 0xe1, 0xff, 
	0xce, 0xd7, 0xe7, 0xff, 0xcb, 0xd5, 0xde, 0xff, 
	0xc8, 0xd4, 0xd6, 0xff, 0xc6, 0xd3, 0xce, 0xff, 
	0xcb, 0xd4, 0xd0, 0xff, 0xc8, 0xd1, 0xcb, 0xff, 
	0xcb, 0xd4, 0xd0, 0xff, 0xc8, 0xd1, 0xcb, 0xff, 
	0xce, 0xcf, 0xd0, 0xff, 0xce, 0xcf, 0xd0, 0xff, 
	0xce, 0xcf, 0xd0, 0xff, 0xce, 0xcf, 0xd0, 0xff, 
	0xd0, 0xcc, 0xd3, 0xff, 0xce, 0xcf, 0xd6, 0xff, 
	0xd0, 0xcc, 0xd3, 0xff, 0xd0, 0xcc, 0xd3, 0xff, 
	0xce, 0xc8, 0xd3, 0xff, 0xce, 0xc8, 0xd3, 0xff, 
	0xd6, 0xc5, 0xd0, 0xff, 0xd6, 0xc5, 0xd0, 0xff, 
	0xde, 0xc2, 0xd3, 0xff, 0xde, 0xc2, 0xd3, 0xff, 
	0xde, 0xc2, 0xd3, 0xff, 0xde, 0xc6, 0xd0, 0xff, 
	0xd8, 0xc8, 0xce, 0xff, 0xd8, 0xc8, 0xce, 0xff, 
	0xdb, 0xc5, 0xd6, 0xff, 0xdb, 0xc5, 0xd6, 0xff, 
	0xdb, 0xc8, 0xd3, 0xff, 0xdb, 0xc8, 0xd3, 0xff, 
	0xdb, 0xc8, 0xd3, 0xff, 0xd6, 0xcb, 0xd6, 0xff, 
	0xd8, 0xc8, 0xe1, 0xff, 0xdb, 0xc9, 0xdb, 0xff, 
	0xdb, 0xc9, 0xdb, 0xff, 0xdb, 0xc9, 0xdb, 0xff, 
	0xd6, 0xc7, 0xe7, 0xff, 0xd8, 0xc5, 0xe9, 0xff, 
	0xdb, 0xc4, 0xec, 0xff, 0xde, 0xc3, 0xef, 0xff, 
	0xde, 0xc7, 0xef, 0xff, 0xe1, 0xc7, 0xe9, 0xff, 
	0xe4, 0xc7, 0xe3, 0xff, 0xe4, 0xc7, 0xe3, 0xff, 
	0xe7, 0xc7, 0xe7, 0xff, 0xe4, 0xc8, 0xe9, 0xff, 
	0xe7, 0xc7, 0xe7, 0xff, 0xe4, 0xc8, 0xe9, 0xff, 
	0xde, 0xc7, 0xef, 0xff, 0xe4, 0xc7, 0xf9, 0xff, 
	0xe7, 0xc7, 0xff, 0xff, 0xe4, 0xc7, 0xf9, 0xff, 
	0xe7, 0xcb, 0xff, 0xff, 0xe7, 0xcb, 0xff, 0xff, 
	0xe7, 0xcc, 0xf9, 0xff, 0xe7, 0xcd, 0xf4, 0xff, 
	0xe1, 0xcf, 0xf1, 0xff, 0xe1, 0xcf, 0xf1, 0xff, 
	0xe1, 0xcf, 0xf1, 0xff, 0xe1, 0xcf, 0xf1, 0xff, 
	0xe4, 0xd1, 0xf7, 0xff, 0xe4, 0xd1, 0xf7, 0xff, 
	0xe4, 0xd1, 0xf7, 0xff, 0xe7, 0xd3, 0xff, 0xff, 
	0xe7, 0xd1, 0xfc, 0xff, 0xe7, 0xd1, 0xfc, 0xff, 
	0xe7, 0xd1, 0xfc, 0xff, 0xe7, 0xd3, 0xff, 0xff, 
	0xec, 0xd3, 0xf9, 0xff, 0xec, 0xd3, 0xf9, 0xff, 
	0xec, 0xd3, 0xf9, 0xff, 0xef, 0xd3, 0xff, 0xff, 
	0xf1, 0xd3, 0xff, 0xff, 0xf4, 0xd7, 0xff, 0xff, 
	0xf1, 0xd3, 0xff, 0xff, 0xf1, 0xd3, 0xff, 0xff, 
	0xf7, 0xfb, 0xff, 0xff, 0xf7, 0xfb, 0xff, 0xff, 
	0xf7, 0xfb, 0xff, 0xff, 0xf7, 0xfb, 0xff, 0xff, 
	0xf1, 0xfc, 0xff, 0xff, 0xec, 0xfd, 0xff, 0xff, 
	0xe7, 0xff, 0xff, 0xff, 0xf1, 0xfc, 0xff, 0xff, 
	0xef, 0xf7, 0xff, 0xff, 0xec, 0xf7, 0xff, 0xff, 
	0xe9, 0xf7, 0xff, 0xff, 0xe7, 0xf7, 0xff, 0xff, 
	0xe1, 0xf5, 0xff, 0xff, 0xe4, 0xf4, 0xff, 0xff, 
	0xe7, 0xf3, 0xff, 0xff, 0xe4, 0xf4, 0xff, 0xff, 
	0xe7, 0xf4, 0xff, 0xff, 0xe7, 0xf4, 0xff, 0xff, 
	0xe7, 0xf4, 0xff, 0xff, 0xe7, 0xf4, 0xff, 0xff, 
	0xe7, 0xef, 0xff, 0xff, 0xe7, 0xef, 0xff, 0xff, 
	0xe1, 0xf1, 0xff, 0xff, 0xe1, 0xf1, 0xff, 0xff, 
	0xe9, 0xe9, 0xff, 0xff, 0xe9, 0xe9, 0xff, 0xff, 
	0xe9, 0xe9, 0xff, 0xff, 0xe9, 0xe9, 0xff, 0xff, 
	0xef, 0xe7, 0xff, 0xff, 0xe7, 0xeb, 0xff, 0xff, 
	0xef, 0xe7, 0xff, 0xff, 0xef, 0xe7, 0xff, 0xff, 
	0xef, 0xe7, 0xff, 0xff, 0xe9, 0xe5, 0xff, 0xff, 
	0xe9, 0xe5, 0xff, 0xff, 0xe3, 0xe4, 0xff, 0xff, 
	0xd8, 0xe4, 0xf9, 0xff, 0xd8, 0xe4, 0xf9, 0xff, 
	0xdb, 0xe1, 0xf4, 0xff, 0xde, 0xdf, 0xef, 0xff, 
	0xd6, 0xe3, 0xef, 0xff, 0xde, 0xdb, 0xef, 0xff, 
	0xde, 0xdb, 0xef, 0xff, 0xde, 0xdb, 0xef, 0xff, 
	0xd6, 0xd9, 0xe3, 0xff, 0xd6, 0xd9, 0xe3, 0xff, 
	0xd6, 0xd9, 0xe3, 0xff, 0xd6, 0xd7, 0xde, 0xff, 
	0xcd, 0xd9, 0xe1, 0xff, 0xcd, 0xd9, 0xe1, 0xff, 
	0xcd, 0xd9, 0xe1, 0xff, 0xcd, 0xd9, 0xe1, 0xff, 
	0xcb, 0xd5, 0xde, 0xff, 0xc8, 0xd4, 0xd6, 0xff, 
	0xc6, 0xd3, 0xce, 0xff, 0xc6, 0xd3, 0xce, 0xff, 
	0xc8, 0xd1, 0xcb, 0xff, 0xc8, 0xd1, 0xcb, 0xff, 
	0xc8, 0xd1, 0xcb, 0xff, 0xc6, 0xcf, 0xc6, 0xff, 
	0xce, 0xcf, 0xcb, 0xff, 0xce, 0xcf, 0xcb, 0xff, 
	0xce, 0xcf, 0xcb, 0xff, 0xce, 0xcf, 0xc6, 0xff, 
	0xd0, 0xcc, 0xd3, 0xff, 0xce, 0xcf, 0xd6, 0xff, 
	0xce, 0xcf, 0xd6, 0xff, 0xd6, 0xc7, 0xce, 0xff, 
	0xce, 0xc8, 0xd3, 0xff, 0xce, 0xc8, 0xd3, 0xff, 
	0xce, 0xc8, 0xd3, 0xff, 0xd6, 0xc5, 0xd0, 0xff, 
	0xde, 0xc2, 0xd3, 0xff, 0xde, 0xc2, 0xd3, 0xff, 
	0xde, 0xc6, 0xd0, 0xff, 0xde, 0xc6, 0xd0, 0xff, 
	0xd8, 0xc8, 0xce, 0xff, 0xd8, 0xc8, 0xce, 0xff, 
	0xdb, 0xc5, 0xd6, 0xff, 0xdb, 0xc5, 0xd6, 0xff, 
	0xe1, 0xc5, 0xd0, 0xff, 0xdb, 0xc8, 0xd3, 0xff, 
	0xdb, 0xc8, 0xd3, 0xff, 0xd6, 0xcb, 0xd6, 0xff, 
	0xdb, 0xc9, 0xdb, 0xff, 0xdb, 0xc9, 0xdb, 0xff, 
	0xd8, 0xc8, 0xe1, 0xff, 0xd8, 0xc8, 0xe1, 0xff, 
	0xd6, 0xc7, 0xe7, 0xff, 0xd6, 0xc7, 0xe7, 0xff, 
	0xd6, 0xc7, 0xe7, 0xff, 0xd6, 0xc7, 0xe7, 0xff, 
	0xde, 0xc7, 0xef, 0xff, 0xde, 0xc7, 0xef, 0xff, 
	0xe4, 0xc7, 0xe3, 0xff, 0xe4, 0xc7, 0xe3, 0xff, 
	0xe7, 0xc7, 0xe7, 0xff, 0xe7, 0xc7, 0xe7, 0xff, 
	0xe4, 0xc8, 0xe9, 0xff, 0xe1, 0xc9, 0xec, 0xff, 
	0xe1, 0xc7, 0xf4, 0xff, 0xe4, 0xc7, 0xf9, 0xff, 
	0xe7, 0xc7, 0xff, 0xff, 0xe7, 0xc7, 0xff, 0xff, 
	0xe7, 0xcb, 0xff, 0xff, 0xe7, 0xcc, 0xf9, 0xff, 
	0xe7, 0xcd, 0xf4, 0xff, 0xe7, 0xcf, 0xef, 0xff, 
	0xe4, 0xcf, 0xec, 0xff, 0xe4, 0xcf, 0xec, 0xff, 
	0xe1, 0xcf, 0xf1, 0xff, 0xde, 0xcf, 0xf7, 0xff, 
	0xe4, 0xd1, 0xf7, 0xff, 0xe4, 0xd1, 0xf7, 0xff, 
	0xe7, 0xd3, 0xff, 0xff, 0xe7, 0xd3, 0xff, 0xff, 
	0xe7, 0xd1, 0xfc, 0xff, 0xe7, 0xd1, 0xfc, 0xff, 
	0xe7, 0xd1, 0xfc, 0xff, 0xe7, 0xd1, 0xfc, 0xff, 
	0xec, 0xd3, 0xf9, 0xff, 0xec, 0xd3, 0xf9, 0xff, 
	0xec, 0xd3, 0xf9, 0xff, 0xef, 0xd3, 0xff, 0xff, 
	0xef, 0xcf, 0xff, 0xff, 0xf1, 0xd3, 0xff, 0xff, 
	0xf1, 0xd3, 0xff, 0xff, 0xf1, 0xd3, 0xff, 0xff, 
	0xf4, 0xf9, 0xff, 0xff, 0xf4, 0xf9, 0xff, 0xff, 
	0xf4, 0xf9, 0xff, 0xff, 0xf4, 0xf9, 0xff, 0xff, 
	0xf4, 0xf9, 0xff, 0xff, 0xf4, 0xf9, 0xff, 0xff, 
	0xef, 0xf7, 0xff, 0xff, 0xf4, 0xf9, 0xff, 0xff, 
	0xf1, 0xf7, 0xff, 0xff, 0xf1, 0xf7, 0xff, 0xff, 
	0xec, 0xf7, 0xff, 0xff, 0xe7, 0xf7, 0xff, 0xff, 
	0xe3, 0xf5, 0xff, 0xff, 0xe3, 0xf5, 0xff, 0xff, 
	0xe9, 0xf4, 0xff, 0xff, 0xe9, 0xf4, 0xff, 0xff, 
	0xe9, 0xf7, 0xff, 0xff, 0xe9, 0xf7, 0xff, 0xff, 
	0xec, 0xf3, 0xff, 0xff, 0xe9, 0xf7, 0xff, 0xff, 
	0xe9, 0xec, 0xff, 0xff, 0xe9, 0xec, 0xff, 0xff, 
	0xe3, 0xed, 0xff, 0xff, 0xe3, 0xed, 0xff, 0xff, 
	0xe7, 0xeb, 0xff, 0xff, 0xe7, 0xeb, 0xff, 0xff, 
	0xe7, 0xeb, 0xff, 0xff, 0xe7, 0xeb, 0xff, 0xff, 
	0xef, 0xe7, 0xff, 0xff, 0xef, 0xe7, 0xff, 0xff, 
	0xef, 0xe7, 0xff, 0xff, 0xef, 0xe7, 0xff, 0xff, 
	0xec, 0xe4, 0xf9, 0xff, 0xec, 0xe4, 0xf9, 0xff, 
	0xec, 0xe4, 0xf9, 0xff, 0xe9, 0xe9, 0xfc, 0xff, 
	0xe3, 0xe4, 0xf4, 0xff, 0xe3, 0xe4, 0xf4, 0xff, 
	0xde, 0xeb, 0xf7, 0xff, 0xde, 0xeb, 0xf7, 0xff, 
	0xe4, 0xdc, 0xe9, 0xff, 0xe4, 0xdc, 0xe9, 0xff, 
	0xe4, 0xdc, 0xe9, 0xff, 0xe1, 0xd5, 0xe3, 0xff, 
	0xde, 0xd3, 0xe7, 0xff, 0xdb, 0xd4, 0xe1, 0xff, 
	0xd8, 0xd5, 0xdb, 0xff, 0xd8, 0xd5, 0xdb, 0xff, 
	0xce, 0xd7, 0xde, 0xff, 0xd0, 0xd4, 0xd8, 0xff, 
	0xd0, 0xd4, 0xd8, 0xff, 0xd0, 0xd4, 0xd8, 0xff, 
	0xce, 0xd1, 0xd0, 0xff, 0xce, 0xd0, 0xcb, 0xff, 
	0xce, 0xd1, 0xd0, 0xff, 0xce, 0xd0, 0xcb, 0xff, 
	0xc6, 0xcf, 0xce, 0xff, 0xc6, 0xcf, 0xce, 0xff, 
	0xc8, 0xcc, 0xcb, 0xff, 0xc8, 0xcc, 0xcb, 0xff, 
	0xcb, 0xcc, 0xd0, 0xff, 0xcb, 0xcc, 0xd0, 0xff, 
	0xce, 0xcf, 0xce, 0xff, 0xce, 0xcf, 0xce, 0xff, 
	0xd0, 0xcc, 0xcd, 0xff, 0xd0, 0xcc, 0xcd, 0xff, 
	0xd0, 0xcc, 0xcd, 0xff, 0xce, 0xcb, 0xd6, 0xff, 
	0xd0, 0xc9, 0xd6, 0xff, 0xd0, 0xc9, 0xd6, 0xff, 
	0xd0, 0xc9, 0xd6, 0xff, 0xd0, 0xc9, 0xd6, 0xff, 
	0xd8, 0xc8, 0xd3, 0xff, 0xde, 0xc7, 0xce, 0xff, 
	0xde, 0xc7, 0xce, 0xff, 0xd8, 0xc8, 0xd3, 0xff, 
	0xd6, 0xc9, 0xd3, 0xff, 0xd6, 0xc9, 0xd3, 0xff, 
	0xd6, 0xc8, 0xd8, 0xff, 0xd6, 0xc8, 0xd8, 0xff, 
	0xe1, 0xc5, 0xde, 0xff, 0xdb, 0xc8, 0xde, 0xff, 
	0xd6, 0xcb, 0xde, 0xff, 0xdb, 0xc8, 0xde, 0xff, 
	0xdb, 0xcc, 0xde, 0xff, 0xdb, 0xcc, 0xde, 0xff, 
	0xd8, 0xcd, 0xde, 0xff, 0xd8, 0xcd, 0xde, 0xff, 
	0xde, 0xcd, 0xe3, 0xff, 0xde, 0xcd, 0xe3, 0xff, 
	0xde, 0xcb, 0xef, 0xff, 0xde, 0xcb, 0xef, 0xff, 
	0xdb, 0xc9, 0xef, 0xff, 0xe1, 0xc8, 0xef, 0xff, 
	0xe7, 0xc7, 0xef, 0xff, 0xe7, 0xc7, 0xef, 0xff, 
	0xe6, 0xc8, 0xe9, 0xff, 0xe6, 0xc8, 0xe9, 0xff, 
	0xee, 0xc9, 0xec, 0xff, 0xe6, 0xc8, 0xe9, 0xff, 
	0xec, 0xcb, 0xf4, 0xff, 0xec, 0xcb, 0xf4, 0xff, 
	0xe7, 0xcb, 0xff, 0xff, 0xe7, 0xcb, 0xff, 0xff, 
	0xe7, 0xcf, 0xff, 0xff, 0xe9, 0xd0, 0xf7, 0xff, 
	0xe9, 0xd0, 0xf7, 0xff, 0xec, 0xd1, 0xef, 0xff, 
	0xef, 0xcf, 0xef, 0xff, 0xe9, 0xd0, 0xf1, 0xff, 
	0xe3, 0xd1, 0xf4, 0xff, 0xe3, 0xd1, 0xf4, 0xff, 
	0xe1, 0xd1, 0xf7, 0xff, 0xe1, 0xd1, 0xf7, 0xff, 
	0xe4, 0xd4, 0xf7, 0xff, 0xe4, 0xd4, 0xf7, 0xff, 
	0xe7, 0xd3, 0xf9, 0xff, 0xe7, 0xd3, 0xf9, 0xff, 
	0xe7, 0xd3, 0xf9, 0xff, 0xe7, 0xd3, 0xf9, 0xff, 
	0xe9, 0xd8, 0xf9, 0xff, 0xe9, 0xd8, 0xf9, 0xff, 
	0xe7, 0xd7, 0xff, 0xff, 0xe7, 0xd7, 0xff, 0xff, 
	0xe7, 0xd7, 0xff, 0xff, 0xec, 0xd5, 0xff, 0xff, 
	0xf1, 0xd4, 0xff, 0xff, 0xf1, 0xd4, 0xff, 0xff, 
	0xf9, 0xf8, 0xff, 0xff, 0xf9, 0xf8, 0xff, 0xff, 
	0xf9, 0xf8, 0xff, 0xff, 0xf4, 0xf9, 0xff, 0xff, 
	0xf4, 0xf9, 0xff, 0xff, 0xf4, 0xf9, 0xff, 0xff, 
	0xf4, 0xf9, 0xff, 0xff, 0xef, 0xf7, 0xff, 0xff, 
	0xf1, 0xf7, 0xff, 0xff, 0xf1, 0xf7, 0xff, 0xff, 
	0xe7, 0xf7, 0xff, 0xff, 0xe7, 0xf7, 0xff, 0xff, 
	0xe3, 0xf5, 0xff, 0xff, 0xe3, 0xf5, 0xff, 0xff, 
	0xe9, 0xf4, 0xff, 0xff, 0xe9, 0xf4, 0xff, 0xff, 
	0xec, 0xf3, 0xff, 0xff, 0xe9, 0xf7, 0xff, 0xff, 
	0xe9, 0xf7, 0xff, 0xff, 0xe9, 0xf7, 0xff, 0xff, 
	0xe9, 0xec, 0xff, 0xff, 0xe9, 0xec, 0xff, 0xff, 
	0xe9, 0xec, 0xff, 0xff, 0xe9, 0xec, 0xff, 0xff, 
	0xe7, 0xeb, 0xff, 0xff, 0xec, 0xeb, 0xff, 0xff, 
	0xe7, 0xeb, 0xff, 0xff, 0xe7, 0xeb, 0xff, 0xff, 
	0xf4, 0xe5, 0xff, 0xff, 0xf9, 0xe4, 0xff, 0xff, 
	0xf4, 0xe5, 0xff, 0xff, 0xef, 0xe7, 0xff, 0xff, 
	0xec, 0xe4, 0xf9, 0xff, 0xec, 0xe4, 0xf9, 0xff, 
	0xec, 0xe4, 0xf9, 0xff, 0xec, 0xe4, 0xf9, 0xff, 
	0xe3, 0xe4, 0xf4, 0xff, 0xe3, 0xe4, 0xf4, 0xff, 
	0xe3, 0xe4, 0xf4, 0xff, 0xe3, 0xe4, 0xf4, 0xff, 
	0xe4, 0xdc, 0xe9, 0xff, 0xe4, 0xdc, 0xe9, 0xff, 
	0xe1, 0xd5, 0xe3, 0xff, 0xe1, 0xd5, 0xe3, 0xff, 
	0xde, 0xd3, 0xe7, 0xff, 0xd8, 0xd5, 0xdb, 0xff, 
	0xd6, 0xd7, 0xd6, 0xff, 0xd6, 0xd7, 0xd6, 0xff, 
	0xd0, 0xd4, 0xd8, 0xff, 0xd0, 0xd4, 0xd8, 0xff, 
	0xd3, 0xd1, 0xd3, 0xff, 0xd3, 0xd1, 0xd3, 0xff, 
	0xce, 0xd1, 0xd0, 0xff, 0xce, 0xd0, 0xcb, 0xff, 
	0xce, 0xd0, 0xcb, 0xff, 0xce, 0xd0, 0xcb, 0xff, 
	0xc8, 0xcc, 0xcb, 0xff, 0xc8, 0xcc, 0xcb, 0xff, 
	0xc8, 0xcc, 0xcb, 0xff, 0xcb, 0xc9, 0xc8, 0xff, 
	0xcb, 0xcc, 0xd0, 0xff, 0xcb, 0xcc, 0xd0, 0xff, 
	0xcb, 0xcc, 0xd0, 0xff, 0xcb, 0xcc, 0xd0, 0xff, 
	0xd0, 0xcc, 0xcd, 0xff, 0xd3, 0xcd, 0xc5, 0xff, 
	0xd0, 0xcc, 0xcd, 0xff, 0xce, 0xcb, 0xd6, 0xff, 
	0xcb, 0xcc, 0xce, 0xff, 0xcb, 0xcc, 0xce, 0xff, 
	0xcb, 0xcc, 0xce, 0xff, 0xd0, 0xc9, 0xd6, 0xff, 
	0xd3, 0xc9, 0xd8, 0xff, 0xd8, 0xc8, 0xd3, 0xff, 
	0xd8, 0xc8, 0xd3, 0xff, 0xd8, 0xc8, 0xd3, 0xff, 
	0xd6, 0xc8, 0xd8, 0xff, 0xd6, 0xcb, 0xce, 0xff, 
	0xd6, 0xc9, 0xd3, 0xff, 0xd6, 0xc9, 0xd3, 0xff, 
	0xdb, 0xc8, 0xde, 0xff, 0xe1, 0xc5, 0xde, 0xff, 
	0xdb, 0xc8, 0xde, 0xff, 0xdb, 0xc8, 0xde, 0xff, 
	0xdb, 0xcc, 0xde, 0xff, 0xd8, 0xcd, 0xde, 0xff, 
	0xd6, 0xcf, 0xde, 0xff, 0xd8, 0xcd, 0xde, 0xff, 
	0xde, 0xcd, 0xe3, 0xff, 0xde, 0xcd, 0xe3, 0xff, 
	0xde, 0xcb, 0xef, 0xff, 0xde, 0xcb, 0xef, 0xff, 
	0xe1, 0xc8, 0xef, 0xff, 0xe1, 0xc8, 0xef, 0xff, 
	0xe7, 0xc7, 0xef, 0xff, 0xe7, 0xc7, 0xef, 0xff, 
	0xe6, 0xc8, 0xe9, 0xff, 0xee, 0xc9, 0xec, 0xff, 
	0xee, 0xc9, 0xec, 0xff, 0xee, 0xc9, 0xec, 0xff, 
	0xec, 0xcb, 0xf4, 0xff, 0xe9, 0xcb, 0xf9, 0xff, 
	0xe9, 0xcb, 0xf9, 0xff, 0xe7, 0xcb, 0xff, 0xff, 
	0xe9, 0xd0, 0xf7, 0xff, 0xe9, 0xd0, 0xf7, 0xff, 
	0xec, 0xd1, 0xef, 0xff, 0xef, 0xd3, 0xe7, 0xff, 
	0xef, 0xcf, 0xef, 0xff, 0xef, 0xcf, 0xef, 0xff, 
	0xe3, 0xd1, 0xf4, 0xff, 0xe3, 0xd1, 0xf4, 0xff, 
	0xe1, 0xd1, 0xf7, 0xff, 0xe1, 0xd1, 0xf7, 0xff, 
	0xe7, 0xd7, 0xf7, 0xff, 0xe4, 0xd4, 0xf7, 0xff, 
	0xe7, 0xd3, 0xf9, 0xff, 0xe7, 0xd7, 0xf4, 0xff, 
	0xe7, 0xd3, 0xf9, 0xff, 0xe7, 0xd3, 0xf9, 0xff, 
	0xe9, 0xd8, 0xf9, 0xff, 0xe9, 0xd8, 0xf9, 0xff, 
	0xe7, 0xd7, 0xff, 0xff, 0xe7, 0xd7, 0xff, 0xff, 
	0xe7, 0xd7, 0xff, 0xff, 0xec, 0xd5, 0xff, 0xff, 
	0xec, 0xd5, 0xff, 0xff, 0xf1, 0xd4, 0xff, 0xff, 
	0xf9, 0xf8, 0xff, 0xff, 0xf9, 0xf8, 0xff, 0xff, 
	0xf9, 0xf8, 0xff, 0xff, 0xf9, 0xf8, 0xff, 0xff, 
	0xf4, 0xf9, 0xff, 0xff, 0xf4, 0xf9, 0xff, 0xff, 
	0xf4, 0xf9, 0xff, 0xff, 0xef, 0xf7, 0xff, 0xff, 
	0xf1, 0xf7, 0xff, 0xff, 0xf1, 0xf7, 0xff, 0xff, 
	0xec, 0xf7, 0xff, 0xff, 0xec, 0xf7, 0xff, 0xff, 
	0xe3, 0xf5, 0xff, 0xff, 0xe3, 0xf5, 0xff, 0xff, 
	0xe3, 0xf5, 0xff, 0xff, 0xe9, 0xf4, 0xff, 0xff, 
	0xec, 0xf3, 0xff, 0xff, 0xe9, 0xf7, 0xff, 0xff, 
	0xec, 0xf3, 0xff, 0xff, 0xef, 0xef, 0xff, 0xff, 
	0xe9, 0xec, 0xff, 0xff, 0xe9, 0xec, 0xff, 0xff, 
	0xe9, 0xec, 0xff, 0xff, 0xe9, 0xec, 0xff, 0xff, 
	0xe7, 0xeb, 0xff, 0xff, 0xec, 0xeb, 0xff, 0xff, 
	0xec, 0xeb, 0xff, 0xff, 0xf1, 0xeb, 0xff, 0xff, 
	0xf9, 0xe4, 0xff, 0xff, 0xf9, 0xe4, 0xff, 0xff, 
	0xf9, 0xe4, 0xff, 0xff, 0xf9, 0xe4, 0xff, 0xff, 
	0xef, 0xdf, 0xf7, 0xff, 0xef, 0xdf, 0xf7, 0xff, 
	0xef, 0xdf, 0xf7, 0xff, 0xef, 0xdf, 0xf7, 0xff, 
	0xe9, 0xdd, 0xf1, 0xff, 0xe9, 0xdd, 0xf1, 0xff, 
	0xe9, 0xdd, 0xf1, 0xff, 0xe3, 0xe4, 0xf4, 0xff, 
	0xe4, 0xdc, 0xe9, 0xff, 0xe4, 0xdc, 0xe9, 0xff, 
	0xe1, 0xd5, 0xe3, 0xff, 0xe1, 0xd5, 0xe3, 0xff, 
	0xdb, 0xd4, 0xe1, 0xff, 0xdb, 0xd4, 0xe1, 0xff, 
	0xd8, 0xd5, 0xdb, 0xff, 0xd6, 0xd7, 0xd6, 0xff, 
	0xd0, 0xd4, 0xd8, 0xff, 0xd3, 0xd1, 0xd3, 0xff, 
	0xd3, 0xd1, 0xd3, 0xff, 0xd3, 0xd1, 0xd3, 0xff, 
	0xce, 0xd3, 0xd6, 0xff, 0xce, 0xd1, 0xd0, 0xff, 
	0xce, 0xd0, 0xcb, 0xff, 0xce, 0xd0, 0xcb, 0xff, 
	0xcb, 0xc9, 0xc8, 0xff, 0xcb, 0xc9, 0xc8, 0xff, 
	0xcb, 0xc9, 0xc8, 0xff, 0xcb, 0xc9, 0xc8, 0xff, 
	0xc6, 0xc7, 0xd6, 0xff, 0xcb, 0xcc, 0xd0, 0xff, 
	0xcb, 0xcc, 0xd0, 0xff, 0xce, 0xcf, 0xce, 0xff, 
	0xd3, 0xcd, 0xc5, 0xff, 0xd3, 0xcd, 0xc5, 0xff, 
	0xd3, 0xcd, 0xc5, 0xff, 0xd0, 0xcc, 0xcd, 0xff, 
	0xcb, 0xcc, 0xce, 0xff, 0xcb, 0xcc, 0xce, 0xff, 
	0xcb, 0xcc, 0xce, 0xff, 0xd0, 0xc9, 0xd6, 0xff, 
	0xd3, 0xc9, 0xd8, 0xff, 0xd3, 0xc9, 0xd8, 0xff, 
	0xd3, 0xc9, 0xd8, 0xff, 0xd3, 0xc9, 0xd8, 0xff, 
	0xd6, 0xc9, 0xd3, 0xff, 0xd6, 0xcb, 0xce, 0xff, 
	0xd6, 0xc9, 0xd3, 0xff, 0xd6, 0xc7, 0xde, 0xff, 
	0xdb, 0xc8, 0xde, 0xff, 0xe1, 0xc5, 0xde, 0xff, 
	0xe1, 0xc5, 0xde, 0xff, 0xdb, 0xc8, 0xde, 0xff, 
	0xdb, 0xcc, 0xde, 0xff, 0xd8, 0xcd, 0xde, 0xff, 
	0xdb, 0xcc, 0xde, 0xff, 0xdb, 0xcc, 0xde, 0xff, 
	0xde, 0xcd, 0xe3, 0xff, 0xde, 0xcc, 0xe9, 0xff, 
	0xde, 0xcc, 0xe9, 0xff, 0xde, 0xcb, 0xef, 0xff, 
	0xe1, 0xc8, 0xef, 0xff, 0xe7, 0xc7, 0xef, 0xff, 
	0xe7, 0xc7, 0xef, 0xff, 0xe7, 0xc7, 0xef, 0xff, 
	0xe6, 0xc8, 0xe9, 0xff, 0xe6, 0xc8, 0xe9, 0xff, 
	0xe6, 0xc8, 0xe9, 0xff, 0xee, 0xc9, 0xec, 0xff, 
	0xef, 0xcb, 0xef, 0xff, 0xec, 0xcb, 0xf4, 0xff, 
	0xe9, 0xcb, 0xf9, 0xff, 0xe9, 0xcb, 0xf9, 0xff, 
	0xe9, 0xd0, 0xf7, 0xff, 0xe9, 0xd0, 0xf7, 0xff, 
	0xec, 0xd1, 0xef, 0xff, 0xef, 0xd3, 0xe7, 0xff, 
	0xef, 0xcf, 0xef, 0xff, 0xef, 0xcf, 0xef, 0xff, 
	0xe3, 0xd1, 0xf4, 0xff, 0xe3, 0xd1, 0xf4, 0xff, 
	0xe1, 0xd1, 0xf7, 0xff, 0xe7, 0xd7, 0xf7, 0xff, 
	0xe7, 0xd7, 0xf7, 0xff, 0xe4, 0xd4, 0xf7, 0xff, 
	0xe7, 0xd3, 0xf9, 0xff, 0xe7, 0xd7, 0xf4, 0xff, 
	0xe7, 0xd7, 0xf4, 0xff, 0xe7, 0xd7, 0xf4, 0xff, 
	0xe9, 0xd8, 0xf9, 0xff, 0xe9, 0xd8, 0xf9, 0xff, 
	0xe7, 0xd7, 0xff, 0xff, 0xe7, 0xd7, 0xff, 0xff, 
	0xe7, 0xd7, 0xff, 0xff, 0xec, 0xd5, 0xff, 0xff, 
	0xec, 0xd5, 0xff, 0xff, 0xec, 0xd5, 0xff, 0xff, 
	0xf9, 0xf8, 0xff, 0xff, 0xf9, 0xf8, 0xff, 0xff, 
	0xf9, 0xf8, 0xff, 0xff, 0xf9, 0xf8, 0xff, 0xff, 
	0xf4, 0xf9, 0xff, 0xff, 0xf1, 0xf8, 0xff, 0xff, 
	0xf4, 0xf9, 0xff, 0xff, 0xf1, 0xf8, 0xff, 0xff, 
	0xf1, 0xf7, 0xff, 0xff, 0xf1, 0xf7, 0xff, 0xff, 
	0xec, 0xf7, 0xff, 0xff, 0xe7, 0xf7, 0xff, 0xff, 
	0xe3, 0xf5, 0xff, 0xff, 0xe3, 0xf5, 0xff, 0xff, 
	0xe9, 0xf4, 0xff, 0xff, 0xef, 0xf3, 0xff, 0xff, 
	0xef, 0xef, 0xff, 0xff, 0xec, 0xf3, 0xff, 0xff, 
	0xef, 0xef, 0xff, 0xff, 0xef, 0xef, 0xff, 0xff, 
	0xef, 0xeb, 0xff, 0xff, 0xef, 0xeb, 0xff, 0xff, 
	0xef, 0xeb, 0xff, 0xff, 0xe9, 0xec, 0xff, 0xff, 
	0xec, 0xeb, 0xff, 0xff, 0xf1, 0xeb, 0xff, 0xff, 
	0xf7, 0xeb, 0xff, 0xff, 0xf7, 0xeb, 0xff, 0xff, 
	0xf9, 0xe4, 0xff, 0xff, 0xf4, 0xe5, 0xff, 0xff, 
	0xf9, 0xe4, 0xff, 0xff, 0xf9, 0xe4, 0xff, 0xff, 
	0xef, 0xdf, 0xf7, 0xff, 0xef, 0xdf, 0xf7, 0xff, 
	0xef, 0xdf, 0xf7, 0xff, 0xef, 0xdf, 0xf7, 0xff, 
	0xe9, 0xdd, 0xf1, 0xff, 0xe9, 0xdd, 0xf1, 0xff, 
	0xe9, 0xdd, 0xf1, 0xff, 0xe9, 0xdd, 0xf1, 0xff, 
	0xe4, 0xdc, 0xe9, 0xff, 0xe4, 0xdc, 0xe9, 0xff, 
	0xe1, 0xd5, 0xe3, 0xff, 0xe1, 0xd5, 0xe3, 0xff, 
	0xdb, 0xd4, 0xe1, 0xff, 0xd8, 0xd5, 0xdb, 0xff, 
	0xd8, 0xd5, 0xdb, 0xff, 0xd8, 0xd5, 0xdb, 0xff, 
	0xd0, 0xd4, 0xd8, 0xff, 0xd3, 0xd1, 0xd3, 0xff, 
	0xd3, 0xd1, 0xd3, 0xff, 0xd3, 0xd1, 0xd3, 0xff, 
	0xce, 0xd1, 0xd0, 0xff, 0xce, 0xd1, 0xd0, 0xff, 
	0xce, 0xd0, 0xcb, 0xff, 0xce, 0xcf, 0xc6, 0xff, 
	0xce, 0xc7, 0xc6, 0xff, 0xce, 0xc7, 0xc6, 0xff, 
	0xce, 0xc7, 0xc6, 0xff, 0xc8, 0xcc, 0xcb, 0xff, 
	0xc8, 0xc9, 0xd3, 0xff, 0xcb, 0xcc, 0xd0, 0xff, 
	0xcb, 0xcc, 0xd0, 0xff, 0xce, 0xcf, 0xce, 0xff, 
	0xd0, 0xcc, 0xcd, 0xff, 0xd0, 0xcc, 0xcd, 0xff, 
	0xd0, 0xcc, 0xcd, 0xff, 0xd0, 0xcc, 0xcd, 0xff, 
	0xcb, 0xcc, 0xce, 0xff, 0xcb, 0xcc, 0xce, 0xff, 
	0xcb, 0xcc, 0xce, 0xff, 0xcb, 0xcc, 0xce, 0xff, 
	0xd3, 0xc9, 0xd8, 0xff, 0xd3, 0xc9, 0xd8, 0xff, 
	0xd3, 0xc9, 0xd8, 0xff, 0xd3, 0xc9, 0xd8, 0xff, 
	0xd6, 0xc9, 0xd3, 0xff, 0xd6, 0xcb, 0xce, 0xff, 
	0xd6, 0xcb, 0xce, 0xff, 0xd6, 0xc7, 0xde, 0xff, 
	0xdb, 0xc8, 0xde, 0xff, 0xe1, 0xc5, 0xde, 0xff, 
	0xe1, 0xc5, 0xde, 0xff, 0xe1, 0xc5, 0xde, 0xff, 
	0xde, 0xcb, 0xde, 0xff, 0xde, 0xcb, 0xde, 0xff, 
	0xde, 0xcb, 0xde, 0xff, 0xde, 0xcb, 0xde, 0xff, 
	0xde, 0xcd, 0xe3, 0xff, 0xde, 0xcc, 0xe9, 0xff, 
	0xde, 0xcb, 0xef, 0xff, 0xde, 0xcb, 0xef, 0xff, 
	0xe1, 0xc8, 0xef, 0xff, 0xe7, 0xc7, 0xef, 0xff, 
	0xe7, 0xc7, 0xef, 0xff, 0xe7, 0xc7, 0xef, 0xff, 
	0xe6, 0xc8, 0xe9, 0xff, 0xe6, 0xc8, 0xe9, 0xff, 
	0xee, 0xc9, 0xec, 0xff, 0xee, 0xc9, 0xec, 0xff, 
	0xef, 0xcb, 0xef, 0xff, 0xef, 0xcb, 0xef, 0xff, 
	0xec, 0xcb, 0xf4, 0xff, 0xec, 0xcb, 0xf4, 0xff, 
	0xe9, 0xd0, 0xf7, 0xff, 0xe9, 0xd0, 0xf7, 0xff, 
	0xe9, 0xd0, 0xf7, 0xff, 0xec, 0xd1, 0xef, 0xff, 
	0xe9, 0xd0, 0xf1, 0xff, 0xef, 0xcf, 0xef, 0xff, 
	0xe3, 0xd1, 0xf4, 0xff, 0xe3, 0xd1, 0xf4, 0xff, 
	0xe1, 0xd1, 0xf7, 0xff, 0xe7, 0xd7, 0xf7, 0xff, 
	0xe7, 0xd7, 0xf7, 0xff, 0xe7, 0xd7, 0xf7, 0xff, 
	0xe7, 0xd7, 0xf4, 0xff, 0xe7, 0xd3, 0xf9, 0xff, 
	0xe7, 0xd7, 0xf4, 0xff, 0xe7, 0xd7, 0xf4, 0xff, 
	0xec, 0xd9, 0xf4, 0xff, 0xe9, 0xd8, 0xf9, 0xff, 
	0xe7, 0xd7, 0xff, 0xff, 0xe7, 0xd7, 0xff, 0xff, 
	0xe7, 0xd7, 0xff, 0xff, 0xe7, 0xd7, 0xff, 0xff, 
	0xec, 0xd5, 0xff, 0xff, 0xec, 0xd5, 0xff, 0xff, 
	0xfc, 0xf4, 0xff, 0xff, 0xf9, 0xf9, 0xff, 0xff, 
	0xf9, 0xf9, 0xff, 0xff, 0xf9, 0xf9, 0xff, 0xff, 
	0xf7, 0xfb, 0xff, 0xff, 0xf4, 0xf8, 0xff, 0xff, 
	0xf1, 0xf5, 0xff, 0xff, 0xf1, 0xf5, 0xff, 0xff, 
	0xf1, 0xf1, 0xff, 0xff, 0xf1, 0xf1, 0xff, 0xff, 
	0xec, 0xf4, 0xff, 0xff, 0xe7, 0xf7, 0xff, 0xff, 
	0xe7, 0xf7, 0xff, 0xff, 0xf1, 0xef, 0xff, 0xff, 
	0xf1, 0xef, 0xff, 0xff, 0xf7, 0xeb, 0xff, 0xff, 
	0xf7, 0xef, 0xff, 0xff, 0xf7, 0xef, 0xff, 0xff, 
	0xf7, 0xef, 0xff, 0xff, 0xf4, 0xed, 0xff, 0xff, 
	0xef, 0xeb, 0xff, 0xff, 0xef, 0xeb, 0xff, 0xff, 
	0xef, 0xeb, 0xff, 0xff, 0xef, 0xeb, 0xff, 0xff, 
	0xf4, 0xeb, 0xff, 0xff, 0xef, 0xef, 0xff, 0xff, 
	0xf4, 0xeb, 0xff, 0xff, 0xf9, 0xe7, 0xff, 0xff, 
	0xf4, 0xe5, 0xff, 0xff, 0xf9, 0xe0, 0xff, 0xff, 
	0xf9, 0xe0, 0xff, 0xff, 0xf9, 0xe0, 0xff, 0xff, 
	0xf7, 0xe0, 0xf9, 0xff, 0xef, 0xdd, 0xf4, 0xff, 
	0xef, 0xdd, 0xf4, 0xff, 0xef, 0xdd, 0xf4, 0xff, 
	0xe7, 0xdf, 0xef, 0xff, 0xef, 0xe0, 0xec, 0xff, 
	0xe7, 0xdf, 0xef, 0xff, 0xef, 0xe0, 0xec, 0xff, 
	0xec, 0xdb, 0xe4, 0xff, 0xe9, 0xd7, 0xe1, 0xff, 
	0xe9, 0xd7, 0xe1, 0xff, 0xe7, 0xd3, 0xde, 0xff, 
	0xdb, 0xd3, 0xdb, 0xff, 0xdb, 0xd3, 0xdb, 0xff, 
	0xe1, 0xd3, 0xd8, 0xff, 0xe1, 0xd3, 0xd8, 0xff, 
	0xd8, 0xd0, 0xd3, 0xff, 0xd8, 0xd0, 0xd3, 0xff, 
	0xd3, 0xd1, 0xd0, 0xff, 0xd3, 0xd1, 0xd0, 0xff, 
	0xd6, 0xcf, 0xce, 0xff, 0xd6, 0xcf, 0xce, 0xff, 
	0xd3, 0xcd, 0xc8, 0xff, 0xd0, 0xcc, 0xc2, 0xff, 
	0xce, 0xcb, 0xc6, 0xff, 0xce, 0xcb, 0xc6, 0xff, 
	0xce, 0xcb, 0xc6, 0xff, 0xce, 0xcb, 0xc6, 0xff, 
	0xc8, 0xcb, 0xd0, 0xff, 0xc8, 0xcb, 0xd0, 0xff, 
	0xd3, 0xcf, 0xd3, 0xff, 0xd3, 0xcf, 0xd3, 0xff, 
	0xd6, 0xcc, 0xd3, 0xff, 0xd6, 0xcc, 0xd3, 0xff, 
	0xd6, 0xc9, 0xd0, 0xff, 0xd6, 0xc9, 0xd0, 0xff, 
	0xce, 0xcb, 0xce, 0xff, 0xce, 0xcb, 0xce, 0xff, 
	0xce, 0xcb, 0xce, 0xff, 0xce, 0xcb, 0xce, 0xff, 
	0xd3, 0xc9, 0xd8, 0xff, 0xd3, 0xc9, 0xd8, 0xff, 
	0xd3, 0xc9, 0xd8, 0xff, 0xd3, 0xc9, 0xd8, 0xff, 
	0xd8, 0xc8, 0xd8, 0xff, 0xdb, 0xc9, 0xd3, 0xff, 
	0xde, 0xcb, 0xce, 0xff, 0xd6, 0xc7, 0xde, 0xff, 
	0xde, 0xc7, 0xde, 0xff, 0xde, 0xc7, 0xde, 0xff, 
	0xde, 0xc7, 0xde, 0xff, 0xde, 0xc7, 0xde, 0xff, 
	0xe1, 0xcb, 0xe1, 0xff, 0xe1, 0xcb, 0xe1, 0xff, 
	0xe7, 0xcb, 0xde, 0xff, 0xe7, 0xcb, 0xde, 0xff, 
	0xe4, 0xcf, 0xe6, 0xff, 0xe1, 0xcb, 0xee, 0xff, 
	0xe1, 0xcb, 0xee, 0xff, 0xe1, 0xcb, 0xee, 0xff, 
	0xe7, 0xc3, 0xef, 0xff, 0xe7, 0xc3, 0xef, 0xff, 
	0xe7, 0xc3, 0xef, 0xff, 0xe7, 0xc3, 0xef, 0xff, 
	0xe9, 0xcd, 0xf1, 0xff, 0xe9, 0xcd, 0xf1, 0xff, 
	0xef, 0xcb, 0xef, 0xff, 0xef, 0xcb, 0xef, 0xff, 
	0xef, 0xcb, 0xef, 0xff, 0xef, 0xcb, 0xef, 0xff, 
	0xe9, 0xcd, 0xf1, 0xff, 0xe3, 0xd0, 0xf4, 0xff, 
	0xe3, 0xd4, 0xf1, 0xff, 0xe3, 0xd4, 0xf1, 0xff, 
	0xe9, 0xd5, 0xf4, 0xff, 0xef, 0xd7, 0xf7, 0xff, 
	0xef, 0xd3, 0xf7, 0xff, 0xef, 0xd3, 0xf7, 0xff, 
	0xe3, 0xd5, 0xf7, 0xff, 0xe3, 0xd5, 0xf7, 0xff, 
	0xe3, 0xdb, 0xfc, 0xff, 0xe3, 0xdb, 0xfc, 0xff, 
	0xe9, 0xd7, 0xf9, 0xff, 0xe9, 0xd7, 0xf9, 0xff, 
	0xef, 0xd7, 0xf7, 0xff, 0xec, 0xd9, 0xf9, 0xff, 
	0xec, 0xd9, 0xf9, 0xff, 0xec, 0xd9, 0xf9, 0xff, 
	0xec, 0xdb, 0xf9, 0xff, 0xe7, 0xdb, 0xff, 0xff, 
	0xe7, 0xdb, 0xff, 0xff, 0xe7, 0xdb, 0xff, 0xff, 
	0xe9, 0xdc, 0xff, 0xff, 0xec, 0xd9, 0xff, 0xff, 
	0xe9, 0xdc, 0xff, 0xff, 0xec, 0xd9, 0xff, 0xff, 
	0xfc, 0xf4, 0xff, 0xff, 0xfc, 0xf4, 0xff, 0xff, 
	0xf9, 0xf9, 0xff, 0xff, 0xf7, 0xff, 0xff, 0xff, 
	0xf7, 0xfb, 0xff, 0xff, 0xf4, 0xf8, 0xff, 0xff, 
	0xf1, 0xf5, 0xff, 0xff, 0xef, 0xf3, 0xff, 0xff, 
	0xf1, 0xf1, 0xff, 0xff, 0xf1, 0xf1, 0xff, 0xff, 
	0xf1, 0xf1, 0xff, 0xff, 0xf7, 0xef, 0xff, 0xff, 
	0xec, 0xf3, 0xff, 0xff, 0xf1, 0xef, 0xff, 0xff, 
	0xf1, 0xef, 0xff, 0xff, 0xf7, 0xeb, 0xff, 0xff, 
	0xf7, 0xef, 0xff, 0xff, 0xf7, 0xef, 0xff, 0xff, 
	0xf7, 0xef, 0xff, 0xff, 0xf1, 0xec, 0xff, 0xff, 
	0xef, 0xeb, 0xff, 0xff, 0xef, 0xeb, 0xff, 0xff, 
	0xef, 0xeb, 0xff, 0xff, 0xef, 0xeb, 0xff, 0xff, 
	0xf4, 0xeb, 0xff, 0xff, 0xf4, 0xeb, 0xff, 0xff, 
	0xf4, 0xeb, 0xff, 0xff, 0xf4, 0xeb, 0xff, 0xff, 
	0xf4, 0xe5, 0xff, 0xff, 0xf9, 0xe0, 0xff, 0xff, 
	0xf9, 0xe0, 0xff, 0xff, 0xf9, 0xe0, 0xff, 0xff, 
	0xf7, 0xe0, 0xf9, 0xff, 0xf7, 0xe0, 0xf9, 0xff, 
	0xef, 0xdd, 0xf4, 0xff, 0xef, 0xdd, 0xf4, 0xff, 
	0xef, 0xe0, 0xec, 0xff, 0xef, 0xe0, 0xec, 0xff, 
	0xef, 0xe0, 0xec, 0xff, 0xe7, 0xdf, 0xef, 0xff, 
	0xef, 0xdf, 0xe7, 0xff, 0xec, 0xdb, 0xe4, 0xff, 
	0xe9, 0xd7, 0xe1, 0xff, 0xe7, 0xd3, 0xde, 0xff, 
	0xe1, 0xd3, 0xd8, 0xff, 0xe1, 0xd3, 0xd8, 0xff, 
	0xe1, 0xd3, 0xd8, 0xff, 0xe1, 0xd3, 0xd8, 0xff, 
	0xde, 0xcf, 0xd6, 0xff, 0xde, 0xcf, 0xd6, 0xff, 
	0xd8, 0xd0, 0xd3, 0xff, 0xd8, 0xd0, 0xd3, 0xff, 
	0xd6, 0xcf, 0xce, 0xff, 0xd3, 0xcd, 0xc8, 0xff, 
	0xd3, 0xcd, 0xc8, 0xff, 0xd0, 0xcc, 0xc2, 0xff, 
	0xce, 0xcb, 0xc6, 0xff, 0xce, 0xcb, 0xc6, 0xff, 
	0xce, 0xcb, 0xc6, 0xff, 0xd0, 0xcb, 0xc8, 0xff, 
	0xc8, 0xcb, 0xd0, 0xff, 0xd3, 0xcf, 0xd3, 0xff, 
	0xd3, 0xcf, 0xd3, 0xff, 0xd3, 0xcf, 0xd3, 0xff, 
	0xd6, 0xcc, 0xd3, 0xff, 0xd6, 0xc9, 0xd0, 0xff, 
	0xd6, 0xc9, 0xd0, 0xff, 0xd6, 0xc7, 0xce, 0xff, 
	0xd3, 0xc9, 0xce, 0xff, 0xce, 0xcb, 0xce, 0xff, 
	0xd3, 0xc9, 0xce, 0xff, 0xd3, 0xc9, 0xce, 0xff, 
	0xd3, 0xc9, 0xd8, 0xff, 0xd3, 0xc9, 0xd8, 0xff, 
	0xd3, 0xc9, 0xd8, 0xff, 0xd8, 0xc8, 0xd3, 0xff, 
	0xd8, 0xc8, 0xd8, 0xff, 0xde, 0xcb, 0xce, 0xff, 
	0xde, 0xcb, 0xce, 0xff, 0xdb, 0xc9, 0xd3, 0xff, 
	0xd8, 0xcb, 0xe1, 0xff, 0xde, 0xc7, 0xde, 0xff, 
	0xd8, 0xcb, 0xe1, 0xff, 0xde, 0xc7, 0xde, 0xff, 
	0xdb, 0xcb, 0xe4, 0xff, 0xe1, 0xcb, 0xe1, 0xff, 
	0xe7, 0xcb, 0xde, 0xff, 0xe1, 0xcb, 0xe1, 0xff, 
	0xe4, 0xcf, 0xe6, 0xff, 0xe1, 0xcb, 0xee, 0xff, 
	0xe1, 0xcb, 0xee, 0xff, 0xe1, 0xcb, 0xee, 0xff, 
	0xe7, 0xc3, 0xef, 0xff, 0xe9, 0xc9, 0xef, 0xff, 
	0xe7, 0xc3, 0xef, 0xff, 0xe9, 0xc9, 0xef, 0xff, 
	0xe9, 0xcd, 0xf1, 0xff, 0xe3, 0xd0, 0xf4, 0xff, 
	0xe3, 0xd0, 0xf4, 0xff, 0xe9, 0xcd, 0xf1, 0xff, 
	0xef, 0xcb, 0xef, 0xff, 0xef, 0xcb, 0xef, 0xff, 
	0xe9, 0xcd, 0xf1, 0xff, 0xe3, 0xd0, 0xf4, 0xff, 
	0xe3, 0xd4, 0xf1, 0xff, 0xe9, 0xd5, 0xf4, 0xff, 
	0xe9, 0xd5, 0xf4, 0xff, 0xe9, 0xd5, 0xf4, 0xff, 
	0xef, 0xd3, 0xf7, 0xff, 0xe3, 0xd5, 0xf7, 0xff, 
	0xe3, 0xd5, 0xf7, 0xff, 0xe3, 0xd5, 0xf7, 0xff, 
	0xe9, 0xd7, 0xf9, 0xff, 0xe3, 0xdb, 0xfc, 0xff, 
	0xe3, 0xdb, 0xfc, 0xff, 0xe9, 0xd7, 0xf9, 0xff, 
	0xec, 0xd9, 0xf9, 0xff, 0xec, 0xd9, 0xf9, 0xff, 
	0xec, 0xd9, 0xf9, 0xff, 0xec, 0xd9, 0xf9, 0xff, 
	0xec, 0xdb, 0xf9, 0xff, 0xe9, 0xdb, 0xfc, 0xff, 
	0xe9, 0xdb, 0xfc, 0xff, 0xe7, 0xdb, 0xff, 0xff, 
	0xe9, 0xdc, 0xff, 0xff, 0xe7, 0xdf, 0xff, 0xff, 
	0xe7, 0xdf, 0xff, 0xff, 0xe7, 0xdf, 0xff, 0xff, 
	0xf7, 0xff, 0xff, 0xff, 0xfc, 0xf4, 0xff, 0xff, 
	0xf7, 0xff, 0xff, 0xff, 0xf9, 0xf9, 0xff, 0xff, 
	0xf4, 0xf8, 0xff, 0xff, 0xf4, 0xf8, 0xff, 0xff, 
	0xf4, 0xf8, 0xff, 0xff, 0xef, 0xf3, 0xff, 0xff, 
	0xf1, 0xf1, 0xff, 0xff, 0xf1, 0xf1, 0xff, 0xff, 
	0xf7, 0xef, 0xff, 0xff, 0xf7, 0xef, 0xff, 0xff, 
	0xf1, 0xef, 0xff, 0xff, 0xf7, 0xeb, 0xff, 0xff, 
	0xf7, 0xeb, 0xff, 0xff, 0xf7, 0xeb, 0xff, 0xff, 
	0xf7, 0xef, 0xff, 0xff, 0xf7, 0xef, 0xff, 0xff, 
	0xf7, 0xef, 0xff, 0xff, 0xef, 0xeb, 0xff, 0xff, 
	0xef, 0xeb, 0xff, 0xff, 0xef, 0xeb, 0xff, 0xff, 
	0xef, 0xeb, 0xff, 0xff, 0xec, 0xed, 0xfc, 0xff, 
	0xf4, 0xeb, 0xff, 0xff, 0xf9, 0xe7, 0xff, 0xff, 
	0xf9, 0xe7, 0xff, 0xff, 0xf9, 0xe7, 0xff, 0xff, 
	0xf9, 0xe0, 0xff, 0xff, 0xf9, 0xe0, 0xff, 0xff, 
	0xf9, 0xe0, 0xff, 0xff, 0xf9, 0xe0, 0xff, 0xff, 
	0xff, 0xe3, 0xff, 0xff, 0xf7, 0xe0, 0xf9, 0xff, 
	0xef, 0xdd, 0xf4, 0xff, 0xef, 0xdd, 0xf4, 0xff, 
	0xef, 0xe0, 0xec, 0xff, 0xef, 0xe0, 0xec, 0xff, 
	0xef, 0xe0, 0xec, 0xff, 0xef, 0xe0, 0xec, 0xff, 
	0xef, 0xdf, 0xe7, 0xff, 0xec, 0xdb, 0xe4, 0xff, 
	0xe9, 0xd7, 0xe1, 0xff, 0xe7, 0xd3, 0xde, 0xff, 
	0xe1, 0xd3, 0xd8, 0xff, 0xe1, 0xd3, 0xd8, 0xff, 
	0xe1, 0xd3, 0xd8, 0xff, 0xe1, 0xd3, 0xd8, 0xff, 
	0xde, 0xcf, 0xd6, 0xff, 0xde, 0xcf, 0xd6, 0xff, 
	0xd8, 0xd0, 0xd3, 0xff, 0xd8, 0xd0, 0xd3, 0xff, 
	0xd6, 0xcf, 0xce, 0xff, 0xd3, 0xcd, 0xc8, 0xff, 
	0xd3, 0xcd, 0xc8, 0xff, 0xd0, 0xcc, 0xc2, 0xff, 
	0xce, 0xcb, 0xc6, 0xff, 0xd3, 0xcb, 0xcb, 0xff, 
	0xd0, 0xcb, 0xc8, 0xff, 0xd0, 0xcb, 0xc8, 0xff, 
	0xd3, 0xcf, 0xd3, 0xff, 0xd3, 0xcf, 0xd3, 0xff, 
	0xd3, 0xcf, 0xd3, 0xff, 0xd3, 0xcf, 0xd3, 0xff, 
	0xd6, 0xcc, 0xd3, 0xff, 0xd6, 0xcc, 0xd3, 0xff, 
	0xd6, 0xcc, 0xd3, 0xff, 0xd6, 0xc9, 0xd0, 0xff, 
	0xd3, 0xc9, 0xce, 0xff, 0xd8, 0xc8, 0xce, 0xff, 
	0xd3, 0xc9, 0xce, 0xff, 0xd8, 0xc8, 0xce, 0xff, 
	0xd8, 0xc8, 0xd3, 0xff, 0xd8, 0xc8, 0xd3, 0xff, 
	0xd8, 0xc8, 0xd3, 0xff, 0xd8, 0xc8, 0xd3, 0xff, 
	0xde, 0xcb, 0xce, 0xff, 0xde, 0xcb, 0xce, 0xff, 
	0xde, 0xcb, 0xce, 0xff, 0xde, 0xcb, 0xce, 0xff, 
	0xd8, 0xcb, 0xe1, 0xff, 0xd8, 0xcb, 0xe1, 0xff, 
	0xd8, 0xcb, 0xe1, 0xff, 0xd8, 0xcb, 0xe1, 0xff, 
	0xdb, 0xcb, 0xe4, 0xff, 0xdb, 0xcb, 0xe4, 0xff, 
	0xe1, 0xcb, 0xe1, 0xff, 0xe7, 0xcb, 0xde, 0xff, 
	0xe4, 0xcf, 0xe6, 0xff, 0xe1, 0xcb, 0xee, 0xff, 
	0xe1, 0xcb, 0xee, 0xff, 0xe1, 0xcb, 0xee, 0xff, 
	0xe9, 0xc9, 0xef, 0xff, 0xe9, 0xc9, 0xef, 0xff, 
	0xe9, 0xc9, 0xef, 0xff, 0xec, 0xd0, 0xef, 0xff, 
	0xe9, 0xcd, 0xf1, 0xff, 0xe3, 0xd0, 0xf4, 0xff, 
	0xe3, 0xd0, 0xf4, 0xff, 0xe9, 0xcd, 0xf1, 0xff, 
	0xef, 0xcb, 0xef, 0xff, 0xe9, 0xcd, 0xf1, 0xff, 
	0xe9, 0xcd, 0xf1, 0xff, 0xe3, 0xd0, 0xf4, 0xff, 
	0xe9, 0xd5, 0xf4, 0xff, 0xe9, 0xd5, 0xf4, 0xff, 
	0xe9, 0xd5, 0xf4, 0xff, 0xe9, 0xd5, 0xf4, 0xff, 
	0xe9, 0xd4, 0xf7, 0xff, 0xef, 0xd3, 0xf7, 0xff, 
	0xe3, 0xd5, 0xf7, 0xff, 0xe3, 0xd5, 0xf7, 0xff, 
	0xe3, 0xdb, 0xfc, 0xff, 0xe3, 0xdb, 0xfc, 0xff, 
	0xe3, 0xdb, 0xfc, 0xff, 0xe3, 0xdb, 0xfc, 0xff, 
	0xe7, 0xdf, 0xff, 0xff, 0xe9, 0xdc, 0xfc, 0xff, 
	0xe9, 0xdc, 0xfc, 0xff, 0xec, 0xd9, 0xf9, 0xff, 
	0xe9, 0xdb, 0xfc, 0xff, 0xe9, 0xdb, 0xfc, 0xff, 
	0xe9, 0xdb, 0xfc, 0xff, 0xe7, 0xdb, 0xff, 0xff, 
	0xe9, 0xdc, 0xff, 0xff, 0xe7, 0xdf, 0xff, 0xff, 
	0xe7, 0xdf, 0xff, 0xff, 0xe7, 0xdf, 0xff, 0xff, 
	0xf7, 0xff, 0xff, 0xff, 0xf7, 0xff, 0xff, 0xff, 
	0xf7, 0xff, 0xff, 0xff, 0xf7, 0xff, 0xff, 0xff, 
	0xf7, 0xfb, 0xff, 0xff, 0xf7, 0xfb, 0xff, 0xff, 
	0xef, 0xf3, 0xff, 0xff, 0xef, 0xf3, 0xff, 0xff, 
	0xf1, 0xf1, 0xff, 0xff, 0xf7, 0xef, 0xff, 0xff, 
	0xf7, 0xef, 0xff, 0xff, 0xf7, 0xef, 0xff, 0xff, 
	0xf1, 0xef, 0xff, 0xff, 0xf7, 0xeb, 0xff, 0xff, 
	0xf7, 0xeb, 0xff, 0xff, 0xf7, 0xeb, 0xff, 0xff, 
	0xf4, 0xed, 0xff, 0xff, 0xf7, 0xef, 0xff, 0xff, 
	0xf7, 0xef, 0xff, 0xff, 0xf7, 0xef, 0xff, 0xff, 
	0xef, 0xeb, 0xff, 0xff, 0xef, 0xeb, 0xff, 0xff, 
	0xef, 0xeb, 0xff, 0xff, 0xe9, 0xf0, 0xf9, 0xff, 
	0xf4, 0xeb, 0xff, 0xff, 0xf9, 0xe7, 0xff, 0xff, 
	0xf9, 0xe7, 0xff, 0xff, 0xff, 0xe3, 0xff, 0xff, 
	0xf9, 0xe0, 0xff, 0xff, 0xf4, 0xe5, 0xff, 0xff, 
	0xf4, 0xe5, 0xff, 0xff, 0xf9, 0xe0, 0xff, 0xff, 
	0xf7, 0xe0, 0xf9, 0xff, 0xf7, 0xe0, 0xf9, 0xff, 
	0xf7, 0xe0, 0xf9, 0xff, 0xf7, 0xe0, 0xf9, 0xff, 
	0xef, 0xe0, 0xec, 0xff, 0xef, 0xe0, 0xec, 0xff, 
	0xf7, 0xe1, 0xe9, 0xff, 0xf7, 0xe1, 0xe9, 0xff, 
	0xef, 0xdf, 0xe7, 0xff, 0xec, 0xdb, 0xe4, 0xff, 
	0xe9, 0xd7, 0xe1, 0xff, 0xe7, 0xd3, 0xde, 0xff, 
	0xe1, 0xd3, 0xd8, 0xff, 0xe1, 0xd3, 0xd8, 0xff, 
	0xe1, 0xd3, 0xd8, 0xff, 0xe1, 0xd3, 0xd8, 0xff, 
	0xde, 0xcf, 0xd6, 0xff, 0xde, 0xcf, 0xd6, 0xff, 
	0xde, 0xcf, 0xd6, 0xff, 0xd8, 0xd0, 0xd3, 0xff, 
	0xd6, 0xcf, 0xce, 0xff, 0xd3, 0xcd, 0xc8, 0xff, 
	0xd0, 0xcc, 0xc2, 0xff, 0xd3, 0xcd, 0xc8, 0xff, 
	0xd3, 0xcb, 0xcb, 0xff, 0xd3, 0xcb, 0xcb, 0xff, 
	0xd3, 0xcb, 0xcb, 0xff, 0xd3, 0xcb, 0xcb, 0xff, 
	0xd3, 0xcf, 0xd3, 0xff, 0xd3, 0xcf, 0xd3, 0xff, 
	0xd3, 0xcf, 0xd3, 0xff, 0xd3, 0xcf, 0xd3, 0xff, 
	0xd6, 0xcc, 0xd3, 0xff, 0xd6, 0xcc, 0xd3, 0xff, 
	0xd6, 0xc9, 0xd0, 0xff, 0xd6, 0xc7, 0xce, 0xff, 
	0xd3, 0xc9, 0xce, 0xff, 0xd8, 0xc8, 0xce, 0xff, 
	0xd8, 0xc8, 0xce, 0xff, 0xd8, 0xc8, 0xce, 0xff, 
	0xde, 0xc7, 0xce, 0xff, 0xd8, 0xc8, 0xd3, 0xff, 
	0xd8, 0xc8, 0xd3, 0xff, 0xde, 0xc7, 0xce, 0xff, 
	0xde, 0xcb, 0xce, 0xff, 0xde, 0xcb, 0xce, 0xff, 
	0xde, 0xcb, 0xce, 0xff, 0xde, 0xcb, 0xce, 0xff, 
	0xde, 0xc7, 0xde, 0xff, 0xd8, 0xcb, 0xe1, 0xff, 
	0xd8, 0xcb, 0xe1, 0xff, 0xd8, 0xcb, 0xe1, 0xff, 
	0xdb, 0xcb, 0xe4, 0xff, 0xdb, 0xcb, 0xe4, 0xff, 
	0xdb, 0xcb, 0xe4, 0xff, 0xd6, 0xcb, 0xe7, 0xff, 
	0xe4, 0xcf, 0xe6, 0xff, 0xe1, 0xcb, 0xee, 0xff, 
	0xe1, 0xcb, 0xee, 0xff, 0xe1, 0xcb, 0xee, 0xff, 
	0xe9, 0xc9, 0xef, 0xff, 0xe9, 0xc9, 0xef, 0xff, 
	0xe9, 0xc9, 0xef, 0xff, 0xec, 0xd0, 0xef, 0xff, 
	0xe3, 0xd0, 0xf4, 0xff, 0xe3, 0xd0, 0xf4, 0xff, 
	0xe3, 0xd0, 0xf4, 0xff, 0xe3, 0xd0, 0xf4, 0xff, 
	0xe9, 0xcd, 0xf1, 0xff, 0xe3, 0xd0, 0xf4, 0xff, 
	0xe9, 0xcd, 0xf1, 0xff, 0xe9, 0xcd, 0xf1, 0xff, 
	0xe9, 0xd5, 0xf4, 0xff, 0xe9, 0xd5, 0xf4, 0xff, 
	0xe9, 0xd5, 0xf4, 0xff, 0xef, 0xd7, 0xf7, 0xff, 
	0xe9, 0xd4, 0xf7, 0xff, 0xe9, 0xd4, 0xf7, 0xff, 
	0xe9, 0xd4, 0xf7, 0xff, 0xe3, 0xd5, 0xf7, 0xff, 
	0xe3, 0xdb, 0xfc, 0xff, 0xe3, 0xdb, 0xfc, 0xff, 
	0xde, 0xdf, 0xff, 0xff, 0xde, 0xdf, 0xff, 0xff, 
	0xe7, 0xdf, 0xff, 0xff, 0xe9, 0xdc, 0xfc, 0xff, 
	0xe7, 0xdf, 0xff, 0xff, 0xec, 0xd9, 0xf9, 0xff, 
	0xe7, 0xdb, 0xff, 0xff, 0xe9, 0xdb, 0xfc, 0xff, 
	0xe7, 0xdb, 0xff, 0xff, 0xe7, 0xdb, 0xff, 0xff, 
	0xe7, 0xdf, 0xff, 0xff, 0xe7, 0xdf, 0xff, 0xff, 
	0xe9, 0xdc, 0xff, 0xff, 0xe9, 0xdc, 0xff, 0xff, 
	0xff, 0xff, 0xff, 0xff, 0xff, 0xff, 0xff, 0xff, 
	0xff, 0xff, 0xff, 0xff, 0xff, 0xf3, 0xff, 0xff, 
	0xff, 0xef, 0xff, 0xff, 0xff, 0xef, 0xff, 0xff, 
	0xf9, 0xef, 0xff, 0xff, 0xf7, 0xef, 0xff, 0xff, 
	0xf9, 0xec, 0xff, 0xff, 0xf9, 0xec, 0xff, 0xff, 
	0xf9, 0xec, 0xff, 0xff, 0xf9, 0xec, 0xff, 0xff, 
	0xf7, 0xef, 0xff, 0xff, 0xf7, 0xef, 0xff, 0xff, 
	0xf7, 0xef, 0xff, 0xff, 0xf7, 0xef, 0xff, 0xff, 
	0xf4, 0xec, 0xff, 0xff, 0xf7, 0xeb, 0xff, 0xff, 
	0xf7, 0xeb, 0xff, 0xff, 0xf4, 0xec, 0xff, 0xff, 
	0xf9, 0xeb, 0xff, 0xff, 0xf9, 0xeb, 0xff, 0xff, 
	0xf7, 0xef, 0xff, 0xff, 0xf7, 0xef, 0xff, 0xff, 
	0xf9, 0xec, 0xf9, 0xff, 0xf9, 0xec, 0xf9, 0xff, 
	0xfc, 0xe5, 0xfc, 0xff, 0xfc, 0xe5, 0xfc, 0xff, 
	0xf9, 0xe7, 0xf9, 0xff, 0xf9, 0xe7, 0xf9, 0xff, 
	0xf9, 0xe7, 0xf9, 0xff, 0xf9, 0xe7, 0xf9, 0xff, 
	0xf7, 0xdf, 0xf7, 0xff, 0xf7, 0xdf, 0xf7, 0xff, 
	0xf7, 0xdf, 0xf7, 0xff, 0xf7, 0xdf, 0xf7, 0xff, 
	0xff, 0xdf, 0xef, 0xff, 0xff, 0xdf, 0xef, 0xff, 
	0xff, 0xdf, 0xef, 0xff, 0xff, 0xd4, 0xe9, 0xff, 
	0xf9, 0xd3, 0xe9, 0xff, 0xf4, 0xd3, 0xe3, 0xff, 
	0xef, 0xd3, 0xde, 0xff, 0xef, 0xd3, 0xde, 0xff, 
	0xec, 0xd3, 0xd8, 0xff, 0xe7, 0xd3, 0xd6, 0xff, 
	0xec, 0xd3, 0xd8, 0xff, 0xe7, 0xd3, 0xd6, 0xff, 
	0xe1, 0xd0, 0xd6, 0xff, 0xe1, 0xd0, 0xd6, 0xff, 
	0xde, 0xcf, 0xd6, 0xff, 0xde, 0xcf, 0xd6, 0xff, 
	0xdb, 0xcb, 0xd0, 0xff, 0xd8, 0xcb, 0xcb, 0xff, 
	0xd8, 0xcb, 0xcb, 0xff, 0xd8, 0xcb, 0xcb, 0xff, 
	0xd6, 0xcd, 0xd0, 0xff, 0xd6, 0xcd, 0xd0, 0xff, 
	0xd6, 0xcd, 0xd0, 0xff, 0xd6, 0xcd, 0xd0, 0xff, 
	0xd6, 0xcf, 0xcb, 0xff, 0xd6, 0xcf, 0xcb, 0xff, 
	0xd6, 0xcf, 0xcb, 0xff, 0xd6, 0xcf, 0xcb, 0xff, 
	0xd6, 0xcf, 0xce, 0xff, 0xd6, 0xcf, 0xce, 0xff, 
	0xd8, 0xcc, 0xce, 0xff, 0xdb, 0xc9, 0xce, 0xff, 
	0xdb, 0xc7, 0xd0, 0xff, 0xde, 0xc3, 0xce, 0xff, 
	0xde, 0xc3, 0xce, 0xff, 0xde, 0xc3, 0xce, 0xff, 
	0xde, 0xc8, 0xd0, 0xff, 0xde, 0xc7, 0xce, 0xff, 
	0xde, 0xc9, 0xd3, 0xff, 0xde, 0xcb, 0xd6, 0xff, 
	0xe4, 0xcb, 0xd3, 0xff, 0xe7, 0xcb, 0xce, 0xff, 
	0xe4, 0xcb, 0xd3, 0xff, 0xe1, 0xcb, 0xd8, 0xff, 
	0xde, 0xcc, 0xdb, 0xff, 0xde, 0xcc, 0xdb, 0xff, 
	0xde, 0xcd, 0xe1, 0xff, 0xde, 0xcd, 0xe1, 0xff, 
	0xdb, 0xcb, 0xec, 0xff, 0xdb, 0xcb, 0xec, 0xff, 
	0xdb, 0xcb, 0xec, 0xff, 0xdb, 0xcb, 0xec, 0xff, 
	0xde, 0xcb, 0xef, 0xff, 0xde, 0xcb, 0xef, 0xff, 
	0xde, 0xcb, 0xef, 0xff, 0xde, 0xcb, 0xef, 0xff, 
	0xec, 0xcb, 0xef, 0xff, 0xec, 0xcb, 0xef, 0xff, 
	0xe7, 0xcb, 0xef, 0xff, 0xe7, 0xcb, 0xef, 0xff, 
	0xe7, 0xcf, 0xf7, 0xff, 0xe7, 0xcf, 0xf7, 0xff, 
	0xe7, 0xcf, 0xf7, 0xff, 0xec, 0xcf, 0xf9, 0xff, 
	0xec, 0xcd, 0xf7, 0xff, 0xec, 0xcd, 0xf7, 0xff, 
	0xec, 0xcd, 0xf7, 0xff, 0xec, 0xcd, 0xf7, 0xff, 
	0xef, 0xdb, 0xf7, 0xff, 0xef, 0xd7, 0xff, 0xff, 
	0xef, 0xd7, 0xff, 0xff, 0xef, 0xd9, 0xf9, 0xff, 
	0xf1, 0xd7, 0xf7, 0xff, 0xf1, 0xd7, 0xf7, 0xff, 
	0xec, 0xdb, 0xf7, 0xff, 0xe7, 0xdf, 0xf7, 0xff, 
	0xe7, 0xdf, 0xf7, 0xff, 0xe1, 0xe1, 0xfc, 0xff, 
	0xde, 0xe3, 0xff, 0xff, 0xe1, 0xe1, 0xfc, 0xff, 
	0xe3, 0xe0, 0xff, 0xff, 0xe3, 0xe0, 0xff, 0xff, 
	0xe9, 0xdd, 0xff, 0xff, 0xe9, 0xdd, 0xff, 0xff, 
	0xe9, 0xe0, 0xff, 0xff, 0xe9, 0xe0, 0xff, 0xff, 
	0xe9, 0xe0, 0xff, 0xff, 0xe9, 0xe0, 0xff, 0xff, 
	0xe9, 0xe3, 0xff, 0xff, 0xef, 0xe3, 0xff, 0xff, 
	0xef, 0xe3, 0xff, 0xff, 0xec, 0xe3, 0xff, 0xff, 
	0xff, 0xfb, 0xff, 0xff, 0xff, 0xf3, 0xff, 0xff, 
	0xff, 0xf3, 0xff, 0xff, 0xff, 0xf3, 0xff, 0xff, 
	0xff, 0xef, 0xff, 0xff, 0xff, 0xef, 0xff, 0xff, 
	0xfc, 0xef, 0xff, 0xff, 0xf9, 0xef, 0xff, 0xff, 
	0xf7, 0xef, 0xff, 0xff, 0xf9, 0xec, 0xff, 0xff, 
	0xf9, 0xec, 0xff, 0xff, 0xfc, 0xe9, 0xff, 0xff, 
	0xf7, 0xef, 0xff, 0xff, 0xf7, 0xef, 0xff, 0xff, 
	0xf7, 0xef, 0xff, 0xff, 0xf7, 0xef, 0xff, 0xff, 
	0xf4, 0xec, 0xff, 0xff, 0xf7, 0xeb, 0xff, 0xff, 
	0xf4, 0xec, 0xff, 0xff, 0xf4, 0xec, 0xff, 0xff, 
	0xf7, 0xef, 0xff, 0xff, 0xf9, 0xeb, 0xff, 0xff, 
	0xf7, 0xef, 0xff, 0xff, 0xf7, 0xef, 0xff, 0xff, 
	0xf9, 0xec, 0xf9, 0xff, 0xfc, 0xe5, 0xfc, 0xff, 
	0xfc, 0xe5, 0xfc, 0xff, 0xfc, 0xe5, 0xfc, 0xff, 
	0xf9, 0xe7, 0xf9, 0xff, 0xf9, 0xe7, 0xf9, 0xff, 
	0xf9, 0xe7, 0xf9, 0xff, 0xf9, 0xe7, 0xf9, 0xff, 
	0xf7, 0xdf, 0xf7, 0xff, 0xf9, 0xdd, 0xf7, 0xff, 
	0xff, 0xdb, 0xf7, 0xff, 0xfc, 0xdc, 0xf7, 0xff, 
	0xff, 0xdf, 0xef, 0xff, 0xff, 0xd9, 0xec, 0xff, 
	0xff, 0xd9, 0xec, 0xff, 0xff, 0xd4, 0xe9, 0xff, 
	0xf9, 0xd3, 0xe9, 0xff, 0xf9, 0xd3, 0xe9, 0xff, 
	0xf4, 0xd3, 0xe3, 0xff, 0xf4, 0xd3, 0xe3, 0xff, 
	0xf7, 0xd3, 0xde, 0xff, 0xec, 0xd3, 0xd8, 0xff, 
	0xec, 0xd3, 0xd8, 0xff, 0xe7, 0xd3, 0xd6, 0xff, 
	0xe4, 0xd1, 0xd6, 0xff, 0xe4, 0xd1, 0xd6, 0xff, 
	0xde, 0xcf, 0xd6, 0xff, 0xde, 0xcf, 0xd6, 0xff, 
	0xde, 0xcb, 0xd6, 0xff, 0xdb, 0xcb, 0xd0, 0xff, 
	0xd8, 0xcb, 0xcb, 0xff, 0xd8, 0xcb, 0xcb, 0xff, 
	0xd6, 0xcd, 0xd0, 0xff, 0xd6, 0xcd, 0xd0, 0xff, 
	0xd6, 0xcd, 0xd0, 0xff, 0xd6, 0xcd, 0xd0, 0xff, 
	0xd6, 0xcf, 0xcb, 0xff, 0xd6, 0xcf, 0xcb, 0xff, 
	0xd6, 0xcf, 0xcb, 0xff, 0xd6, 0xcf, 0xcb, 0xff, 
	0xd8, 0xcc, 0xce, 0xff, 0xd8, 0xcc, 0xce, 0xff, 
	0xdb, 0xc9, 0xce, 0xff, 0xde, 0xc7, 0xce, 0xff, 
	0xdb, 0xc7, 0xd0, 0xff, 0xde, 0xc3, 0xce, 0xff, 
	0xde, 0xc3, 0xce, 0xff, 0xde, 0xc3, 0xce, 0xff, 
	0xde, 0xc7, 0xce, 0xff, 0xde, 0xc9, 0xd3, 0xff, 
	0xde, 0xc9, 0xd3, 0xff, 0xde, 0xc9, 0xd3, 0xff, 
	0xe4, 0xcb, 0xd3, 0xff, 0xe4, 0xcb, 0xd3, 0xff, 
	0xe1, 0xcb, 0xd8, 0xff, 0xe1, 0xcb, 0xd8, 0xff, 
	0xde, 0xcc, 0xdb, 0xff, 0xde, 0xcd, 0xe1, 0xff, 
	0xde, 0xcc, 0xdb, 0xff, 0xde, 0xcd, 0xe1, 0xff, 
	0xdb, 0xcb, 0xec, 0xff, 0xdb, 0xcb, 0xec, 0xff, 
	0xdb, 0xcb, 0xec, 0xff, 0xde, 0xc7, 0xf7, 0xff, 
	0xde, 0xcb, 0xef, 0xff, 0xe9, 0xc9, 0xef, 0xff, 
	0xe9, 0xc9, 0xef, 0xff, 0xf4, 0xc8, 0xef, 0xff, 
	0xf1, 0xcb, 0xef, 0xff, 0xf1, 0xcb, 0xef, 0xff, 
	0xe7, 0xcb, 0xef, 0xff, 0xe7, 0xcb, 0xef, 0xff, 
	0xe7, 0xcf, 0xf7, 0xff, 0xe7, 0xcf, 0xf7, 0xff, 
	0xec, 0xcf, 0xf9, 0xff, 0xf1, 0xcf, 0xfc, 0xff, 
	0xec, 0xcd, 0xf7, 0xff, 0xec, 0xcd, 0xf7, 0xff, 
	0xec, 0xcd, 0xf7, 0xff, 0xec, 0xcd, 0xf7, 0xff, 
	0xef, 0xd9, 0xf9, 0xff, 0xef, 0xdb, 0xf7, 0xff, 
	0xef, 0xd7, 0xff, 0xff, 0xef, 0xd9, 0xf9, 0xff, 
	0xf1, 0xd7, 0xf7, 0xff, 0xf1, 0xd7, 0xf7, 0xff, 
	0xec, 0xdb, 0xf7, 0xff, 0xec, 0xdb, 0xf7, 0xff, 
	0xe7, 0xdf, 0xf7, 0xff, 0xe4, 0xe0, 0xf9, 0xff, 
	0xe1, 0xe1, 0xfc, 0xff, 0xe1, 0xe1, 0xfc, 0xff, 
	0xe3, 0xe0, 0xff, 0xff, 0xe9, 0xdd, 0xff, 0xff, 
	0xe9, 0xdd, 0xff, 0xff, 0xe9, 0xdd, 0xff, 0xff, 
	0xef, 0xdb, 0xff, 0xff, 0xef, 0xdb, 0xff, 0xff, 
	0xe3, 0xe5, 0xff, 0xff, 0xef, 0xdb, 0xff, 0xff, 
	0xef, 0xe3, 0xff, 0xff, 0xef, 0xe3, 0xff, 0xff, 
	0xef, 0xe3, 0xff, 0xff, 0xef, 0xe3, 0xff, 0xff, 
	0xff, 0xff, 0xff, 0xff, 0xff, 0xfb, 0xff, 0xff, 
	0xff, 0xfb, 0xff, 0xff, 0xff, 0xf3, 0xff, 0xff, 
	0xff, 0xef, 0xff, 0xff, 0xff, 0xef, 0xff, 0xff, 
	0xff, 0xef, 0xff, 0xff, 0xf9, 0xef, 0xff, 0xff, 
	0xf9, 0xec, 0xff, 0xff, 0xf9, 0xec, 0xff, 0xff, 
	0xf9, 0xec, 0xff, 0xff, 0xf7, 0xef, 0xff, 0xff, 
	0xf7, 0xef, 0xff, 0xff, 0xf7, 0xef, 0xff, 0xff, 
	0xf7, 0xef, 0xff, 0xff, 0xf7, 0xef, 0xff, 0xff, 
	0xf1, 0xed, 0xff, 0xff, 0xf4, 0xec, 0xff, 0xff, 
	0xf7, 0xeb, 0xff, 0xff, 0xf7, 0xeb, 0xff, 0xff, 
	0xf9, 0xeb, 0xff, 0xff, 0xf9, 0xeb, 0xff, 0xff, 
	0xf7, 0xef, 0xff, 0xff, 0xf9, 0xeb, 0xff, 0xff, 
	0xfc, 0xe5, 0xfc, 0xff, 0xfc, 0xe5, 0xfc, 0xff, 
	0xfc, 0xe5, 0xfc, 0xff, 0xff, 0xdf, 0xff, 0xff, 
	0xfc, 0xdf, 0xfc, 0xff, 0xfc, 0xdf, 0xfc, 0xff, 
	0xfc, 0xdf, 0xfc, 0xff, 0xfc, 0xdf, 0xfc, 0xff, 
	0xfc, 0xdc, 0xf7, 0xff, 0xff, 0xdb, 0xf7, 0xff, 
	0xf9, 0xdd, 0xf7, 0xff, 0xff, 0xdb, 0xf7, 0xff, 
	0xff, 0xd9, 0xec, 0xff, 0xff, 0xd9, 0xec, 0xff, 
	0xff, 0xd4, 0xe9, 0xff, 0xff, 0xd4, 0xe9, 0xff, 
	0xf9, 0xd3, 0xe9, 0xff, 0xf9, 0xd3, 0xe9, 0xff, 
	0xf4, 0xd3, 0xe3, 0xff, 0xf4, 0xd3, 0xe3, 0xff, 
	0xf7, 0xd3, 0xde, 0xff, 0xf1, 0xd3, 0xdb, 0xff, 
	0xec, 0xd3, 0xd8, 0xff, 0xec, 0xd3, 0xd8, 0xff, 
	0xe4, 0xd1, 0xd6, 0xff, 0xe4, 0xd1, 0xd6, 0xff, 
	0xe1, 0xd0, 0xd6, 0xff, 0xde, 0xcf, 0xd6, 0xff, 
	0xde, 0xcb, 0xd6, 0xff, 0xdb, 0xcb, 0xd0, 0xff, 
	0xd8, 0xcb, 0xcb, 0xff, 0xd8, 0xcb, 0xcb, 0xff, 
	0xd6, 0xcd, 0xd0, 0xff, 0xd6, 0xcd, 0xd0, 0xff, 
	0xd6, 0xcd, 0xd0, 0xff, 0xd6, 0xcd, 0xd0, 0xff, 
	0xd6, 0xcf, 0xcb, 0xff, 0xd6, 0xcf, 0xcb, 0xff, 
	0xd6, 0xcf, 0xcb, 0xff, 0xd6, 0xcf, 0xcb, 0xff, 
	0xd8, 0xcc, 0xce, 0xff, 0xdb, 0xc9, 0xce, 0xff, 
	0xdb, 0xc9, 0xce, 0xff, 0xd8, 0xcc, 0xce, 0xff, 
	0xdb, 0xc7, 0xd0, 0xff, 0xdb, 0xc7, 0xd0, 0xff, 
	0xdb, 0xc7, 0xd0, 0xff, 0xde, 0xc3, 0xce, 0xff, 
	0xde, 0xc7, 0xce, 0xff, 0xde, 0xc8, 0xd0, 0xff, 
	0xde, 0xc8, 0xd0, 0xff, 0xde, 0xcb, 0xd6, 0xff, 
	0xe4, 0xcb, 0xd3, 0xff, 0xe1, 0xcb, 0xd8, 0xff, 
	0xde, 0xcb, 0xde, 0xff, 0xde, 0xcb, 0xde, 0xff, 
	0xde, 0xcc, 0xdb, 0xff, 0xde, 0xcd, 0xe1, 0xff, 
	0xde, 0xcd, 0xe1, 0xff, 0xde, 0xcd, 0xe1, 0xff, 
	0xdb, 0xcb, 0xec, 0xff, 0xdb, 0xcb, 0xec, 0xff, 
	0xdb, 0xcb, 0xec, 0xff, 0xde, 0xc7, 0xf7, 0xff, 
	0xde, 0xcb, 0xef, 0xff, 0xe9, 0xc9, 0xef, 0xff, 
	0xe9, 0xc9, 0xef, 0xff, 0xf4, 0xc8, 0xef, 0xff, 
	0xf1, 0xcb, 0xef, 0xff, 0xf1, 0xcb, 0xef, 0xff, 
	0xec, 0xcb, 0xef, 0xff, 0xe7, 0xcb, 0xef, 0xff, 
	0xec, 0xcf, 0xf9, 0xff, 0xf1, 0xcf, 0xfc, 0xff, 
	0xf1, 0xcf, 0xfc, 0xff, 0xf1, 0xcf, 0xfc, 0xff, 
	0xf1, 0xd4, 0xf7, 0xff, 0xf1, 0xd4, 0xf7, 0xff, 
	0xf1, 0xd4, 0xf7, 0xff, 0xec, 0xcd, 0xf7, 0xff, 
	0xef, 0xdb, 0xf7, 0xff, 0xef, 0xd9, 0xf9, 0xff, 
	0xef, 0xd7, 0xff, 0xff, 0xef, 0xd9, 0xf9, 0xff, 
	0xf1, 0xd7, 0xf7, 0xff, 0xf1, 0xd7, 0xf7, 0xff, 
	0xec, 0xdb, 0xf7, 0xff, 0xec, 0xdb, 0xf7, 0xff, 
	0xe7, 0xdf, 0xf7, 0xff, 0xe4, 0xe0, 0xf9, 0xff, 
	0xe1, 0xe1, 0xfc, 0xff, 0xe1, 0xe1, 0xfc, 0xff, 
	0xe3, 0xe0, 0xff, 0xff, 0xe9, 0xdd, 0xff, 0xff, 
	0xe9, 0xdd, 0xff, 0xff, 0xe9, 0xdd, 0xff, 0xff, 
	0xef, 0xdb, 0xff, 0xff, 0xe9, 0xe0, 0xff, 0xff, 
	0xe3, 0xe5, 0xff, 0xff, 0xe3, 0xe5, 0xff, 0xff, 
	0xef, 0xe3, 0xff, 0xff, 0xef, 0xe3, 0xff, 0xff, 
	0xef, 0xe3, 0xff, 0xff, 0xec, 0xe3, 0xff, 0xff, 
	0xff, 0xfb, 0xff, 0xff, 0xff, 0xf3, 0xff, 0xff, 
	0xff, 0xf3, 0xff, 0xff, 0xff, 0xf3, 0xff, 0xff, 
	0xff, 0xef, 0xff, 0xff, 0xfc, 0xef, 0xff, 0xff, 
	0xfc, 0xef, 0xff, 0xff, 0xf9, 0xef, 0xff, 0xff, 
	0xf7, 0xef, 0xff, 0xff, 0xf9, 0xec, 0xff, 0xff, 
	0xf9, 0xec, 0xff, 0xff, 0xf7, 0xef, 0xff, 0xff, 
	0xf7, 0xef, 0xff, 0xff, 0xf9, 0xef, 0xfc, 0xff, 
	0xfc, 0xef, 0xf9, 0xff, 0xf7, 0xef, 0xff, 0xff, 
	0xf4, 0xec, 0xff, 0xff, 0xf4, 0xec, 0xff, 0xff, 
	0xf4, 0xec, 0xff, 0xff, 0xf7, 0xeb, 0xff, 0xff, 
	0xfc, 0xe7, 0xff, 0xff, 0xfc, 0xe7, 0xff, 0xff, 
	0xff, 0xe3, 0xff, 0xff, 0xff, 0xe3, 0xff, 0xff, 
	0xff, 0xdf, 0xff, 0xff, 0xff, 0xdf, 0xff, 0xff, 
	0xff, 0xdf, 0xff, 0xff, 0xff, 0xdf, 0xff, 0xff, 
	0xfc, 0xdf, 0xfc, 0xff, 0xfc, 0xdf, 0xfc, 0xff, 
	0xfc, 0xdf, 0xfc, 0xff, 0xfc, 0xdf, 0xfc, 0xff, 
	0xff, 0xdb, 0xf7, 0xff, 0xff, 0xdb, 0xf7, 0xff, 
	0xff, 0xdb, 0xf7, 0xff, 0xfc, 0xdc, 0xf7, 0xff, 
	0xff, 0xd9, 0xec, 0xff, 0xff, 0xd9, 0xec, 0xff, 
	0xff, 0xd4, 0xe9, 0xff, 0xff, 0xd4, 0xe9, 0xff, 
	0xf9, 0xd3, 0xe9, 0xff, 0xf9, 0xd3, 0xe9, 0xff, 
	0xf4, 0xd3, 0xe3, 0xff, 0xf4, 0xd3, 0xe3, 0xff, 
	0xf1, 0xd3, 0xdb, 0xff, 0xf1, 0xd3, 0xdb, 0xff, 
	0xec, 0xd3, 0xd8, 0xff, 0xec, 0xd3, 0xd8, 0xff, 
	0xe7, 0xd3, 0xd6, 0xff, 0xe4, 0xd1, 0xd6, 0xff, 
	0xe4, 0xd1, 0xd6, 0xff, 0xe4, 0xd1, 0xd6, 0xff, 
	0xde, 0xcb, 0xd6, 0xff, 0xdb, 0xcb, 0xd0, 0xff, 
	0xd8, 0xcb, 0xcb, 0xff, 0xd8, 0xcb, 0xcb, 0xff, 
	0xd6, 0xcd, 0xd0, 0xff, 0xd6, 0xcd, 0xd0, 0xff, 
	0xd6, 0xcd, 0xd0, 0xff, 0xe7, 0xcf, 0xce, 0xff, 
	0xde, 0xcb, 0xce, 0xff, 0xde, 0xcb, 0xce, 0xff, 
	0xd6, 0xcf, 0xcb, 0xff, 0xd6, 0xcf, 0xcb, 0xff, 
	0xd8, 0xcc, 0xce, 0xff, 0xd8, 0xcc, 0xce, 0xff, 
	0xd8, 0xcc, 0xce, 0xff, 0xdb, 0xc9, 0xce, 0xff, 
	0xdb, 0xc7, 0xd0, 0xff, 0xdb, 0xc7, 0xd0, 0xff, 
	0xdb, 0xc7, 0xd0, 0xff, 0xdb, 0xc7, 0xd0, 0xff, 
	0xde, 0xc8, 0xd0, 0xff, 0xde, 0xc9, 0xd3, 0xff, 
	0xde, 0xcb, 0xd6, 0xff, 0xde, 0xcb, 0xd6, 0xff, 
	0xde, 0xcb, 0xde, 0xff, 0xde, 0xcb, 0xde, 0xff, 
	0xde, 0xcb, 0xde, 0xff, 0xde, 0xcb, 0xde, 0xff, 
	0xde, 0xcc, 0xdb, 0xff, 0xde, 0xcd, 0xe1, 0xff, 
	0xde, 0xcd, 0xe1, 0xff, 0xde, 0xcf, 0xe7, 0xff, 
	0xdb, 0xcb, 0xec, 0xff, 0xdb, 0xcb, 0xec, 0xff, 
	0xde, 0xc7, 0xf7, 0xff, 0xde, 0xc7, 0xf7, 0xff, 
	0xe9, 0xc9, 0xef, 0xff, 0xe9, 0xc9, 0xef, 0xff, 
	0xf4, 0xc8, 0xef, 0xff, 0xf4, 0xc8, 0xef, 0xff, 
	0xf7, 0xcb, 0xef, 0xff, 0xf1, 0xcb, 0xef, 0xff, 
	0xf1, 0xcb, 0xef, 0xff, 0xf1, 0xcb, 0xef, 0xff, 
	0xf1, 0xcf, 0xfc, 0xff, 0xf1, 0xcf, 0xfc, 0xff, 
	0xf1, 0xcf, 0xfc, 0xff, 0xf1, 0xcf, 0xfc, 0xff, 
	0xf1, 0xd4, 0xf7, 0xff, 0xf7, 0xdb, 0xf7, 0xff, 
	0xf7, 0xdb, 0xf7, 0xff, 0xf1, 0xd4, 0xf7, 0xff, 
	0xef, 0xdb, 0xf7, 0xff, 0xef, 0xdb, 0xf7, 0xff, 
	0xef, 0xdb, 0xf7, 0xff, 0xef, 0xd9, 0xf9, 0xff, 
	0xec, 0xdb, 0xf7, 0xff, 0xec, 0xdb, 0xf7, 0xff, 
	0xec, 0xdb, 0xf7, 0xff, 0xec, 0xdb, 0xf7, 0xff, 
	0xe7, 0xdf, 0xf7, 0xff, 0xe4, 0xe0, 0xf9, 0xff, 
	0xe1, 0xe1, 0xfc, 0xff, 0xe1, 0xe1, 0xfc, 0xff, 
	0xe3, 0xe0, 0xff, 0xff, 0xe9, 0xdd, 0xff, 0xff, 
	0xe9, 0xdd, 0xff, 0xff, 0xe9, 0xdd, 0xff, 0xff, 
	0xe9, 0xe0, 0xff, 0xff, 0xe3, 0xe5, 0xff, 0xff, 
	0xe3, 0xe5, 0xff, 0xff, 0xe3, 0xe5, 0xff, 0xff, 
	0xe9, 0xe3, 0xff, 0xff, 0xec, 0xe3, 0xff, 0xff, 
	0xec, 0xe3, 0xff, 0xff, 0xef, 0xe3, 0xff, 0xff, 
	0xff, 0xf9, 0xff, 0xff, 0xff, 0xf9, 0xff, 0xff, 
	0xff, 0xf9, 0xff, 0xff, 0xff, 0xf9, 0xff, 0xff, 
	0xff, 0xf3, 0xff, 0xff, 0xff, 0xf0, 0xff, 0xff, 
	0xff, 0xed, 0xff, 0xff, 0xff, 0xed, 0xff, 0xff, 
	0xfc, 0xef, 0xff, 0xff, 0xfc, 0xef, 0xff, 0xff, 
	0xfc, 0xef, 0xff, 0xff, 0xff, 0xeb, 0xff, 0xff, 
	0xff, 0xeb, 0xff, 0xff, 0xff, 0xeb, 0xff, 0xff, 
	0xff, 0xeb, 0xff, 0xff, 0xff, 0xe8, 0xfc, 0xff, 
	0xfc, 0xe8, 0xfc, 0xff, 0xf9, 0xe9, 0xf9, 0xff, 
	0xf9, 0xe9, 0xf9, 0xff, 0xfc, 0xe8, 0xfc, 0xff, 
	0xff, 0xe5, 0xff, 0xff, 0xff, 0xe5, 0xff, 0xff, 
	0xff, 0xe5, 0xff, 0xff, 0xff, 0xe0, 0xff, 0xff, 
	0xff, 0xdf, 0xff, 0xff, 0xff, 0xdf, 0xff, 0xff, 
	0xff, 0xdc, 0xff, 0xff, 0xff, 0xdf, 0xff, 0xff, 
	0xff, 0xdb, 0xfc, 0xff, 0xff, 0xdb, 0xf7, 0xff, 
	0xff, 0xdb, 0xf9, 0xff, 0xff, 0xdb, 0xf9, 0xff, 
	0xff, 0xdb, 0xf7, 0xff, 0xff, 0xdb, 0xf7, 0xff, 
	0xff, 0xd8, 0xf4, 0xff, 0xff, 0xd8, 0xf4, 0xff, 
	0xff, 0xd4, 0xec, 0xff, 0xff, 0xd4, 0xec, 0xff, 
	0xff, 0xd4, 0xec, 0xff, 0xff, 0xd4, 0xec, 0xff, 
	0xff, 0xd3, 0xe7, 0xff, 0xff, 0xd3, 0xe7, 0xff, 
	0xf9, 0xd4, 0xde, 0xff, 0xf9, 0xd4, 0xde, 0xff, 
	0xf7, 0xd1, 0xd3, 0xff, 0xef, 0xd4, 0xd0, 0xff, 
	0xef, 0xd4, 0xd0, 0xff, 0xef, 0xd4, 0xd0, 0xff, 
	0xe9, 0xcb, 0xdb, 0xff, 0xe7, 0xcb, 0xde, 0xff, 
	0xe9, 0xcb, 0xdb, 0xff, 0xe9, 0xcb, 0xdb, 0xff, 
	0xef, 0xcb, 0xd6, 0xff, 0xe3, 0xc8, 0xcb, 0xff, 
	0xde, 0xc7, 0xc6, 0xff, 0xde, 0xc7, 0xc6, 0xff, 
	0xe1, 0xc7, 0xc8, 0xff, 0xdb, 0xc7, 0xc2, 0xff, 
	0xe7, 0xc7, 0xce, 0xff, 0xe7, 0xc7, 0xce, 0xff, 
	0xde, 0xcc, 0xcb, 0xff, 0xde, 0xcc, 0xcb, 0xff, 
	0xde, 0xcc, 0xcb, 0xff, 0xde, 0xcc, 0xcb, 0xff, 
	0xde, 0xcc, 0xcb, 0xff, 0xde, 0xcc, 0xcb, 0xff, 
	0xd6, 0xcf, 0xce, 0xff, 0xd6, 0xcf, 0xce, 0xff, 
	0xde, 0xcb, 0xce, 0xff, 0xde, 0xcb, 0xce, 0xff, 
	0xde, 0xcb, 0xce, 0xff, 0xe1, 0xc9, 0xd3, 0xff, 
	0xde, 0xc7, 0xd6, 0xff, 0xe3, 0xc9, 0xdb, 0xff, 
	0xe3, 0xc9, 0xdb, 0xff, 0xe3, 0xc9, 0xdb, 0xff, 
	0xde, 0xcf, 0xde, 0xff, 0xde, 0xcf, 0xde, 0xff, 
	0xe3, 0xcc, 0xe1, 0xff, 0xe3, 0xcc, 0xe1, 0xff, 
	0xde, 0xd0, 0xe1, 0xff, 0xde, 0xd0, 0xe1, 0xff, 
	0xde, 0xd0, 0xe1, 0xff, 0xde, 0xd0, 0xe1, 0xff, 
	0xe7, 0xc9, 0xf1, 0xff, 0xe7, 0xc9, 0xf1, 0xff, 
	0xe7, 0xc7, 0xf7, 0xff, 0xe7, 0xc9, 0xf1, 0xff, 
	0xef, 0xcd, 0xe9, 0xff, 0xef, 0xcd, 0xe9, 0xff, 
	0xef, 0xcd, 0xe9, 0xff, 0xef, 0xcd, 0xe9, 0xff, 
	0xf7, 0xcb, 0xef, 0xff, 0xf7, 0xcb, 0xef, 0xff, 
	0xf7, 0xcb, 0xef, 0xff, 0xf7, 0xcb, 0xef, 0xff, 
	0xf9, 0xcd, 0xf9, 0xff, 0xf9, 0xcd, 0xf9, 0xff, 
	0xf4, 0xd4, 0xfc, 0xff, 0xf4, 0xd4, 0xfc, 0xff, 
	0xf7, 0xd3, 0xf7, 0xff, 0xf1, 0xdb, 0xf7, 0xff, 
	0xf1, 0xdb, 0xf7, 0xff, 0xef, 0xdf, 0xf7, 0xff, 
	0xec, 0xdd, 0xf4, 0xff, 0xec, 0xdd, 0xf4, 0xff, 
	0xec, 0xdd, 0xf4, 0xff, 0xec, 0xdd, 0xf4, 0xff, 
	0xef, 0xe1, 0xf9, 0xff, 0xef, 0xe1, 0xf9, 0xff, 
	0xef, 0xe1, 0xf9, 0xff, 0xef, 0xe1, 0xf9, 0xff, 
	0xe9, 0xdf, 0xff, 0xff, 0xe7, 0xdf, 0xff, 0xff, 
	0xe7, 0xdf, 0xff, 0xff, 0xe7, 0xdf, 0xff, 0xff, 
	0xe7, 0xdf, 0xff, 0xff, 0xe7, 0xdf, 0xff, 0xff, 
	0xec, 0xe1, 0xff, 0xff, 0xe7, 0xdf, 0xff, 0xff, 
	0xe7, 0xe3, 0xff, 0xff, 0xe7, 0xe3, 0xff, 0xff, 
	0xe7, 0xe5, 0xff, 0xff, 0xe7, 0xe8, 0xff, 0xff, 
	0xe7, 0xe7, 0xff, 0xff, 0xe7, 0xe3, 0xff, 0xff, 
	0xe7, 0xe3, 0xff, 0xff, 0xe7, 0xe3, 0xff, 0xff, 
	0xff, 0xf9, 0xff, 0xff, 0xff, 0xf9, 0xff, 0xff, 
	0xff, 0xf9, 0xff, 0xff, 0xff, 0xf9, 0xff, 0xff, 
	0xff, 0xf3, 0xff, 0xff, 0xff, 0xf0, 0xff, 0xff, 
	0xff, 0xf0, 0xff, 0xff, 0xff, 0xed, 0xff, 0xff, 
	0xff, 0xeb, 0xff, 0xff, 0xfc, 0xef, 0xff, 0xff, 
	0xfc, 0xef, 0xff, 0xff, 0xff, 0xeb, 0xff, 0xff, 
	0xff, 0xeb, 0xff, 0xff, 0xff, 0xeb, 0xff, 0xff, 
	0xff, 0xeb, 0xff, 0xff, 0xff, 0xe8, 0xfc, 0xff, 
	0xfc, 0xe8, 0xfc, 0xff, 0xfc, 0xe8, 0xfc, 0xff, 
	0xfc, 0xe8, 0xfc, 0xff, 0xff, 0xe7, 0xff, 0xff, 
	0xff, 0xe5, 0xff, 0xff, 0xff, 0xe5, 0xff, 0xff, 
	0xff, 0xe0, 0xff, 0xff, 0xff, 0xdb, 0xff, 0xff, 
	0xff, 0xdf, 0xff, 0xff, 0xff, 0xdf, 0xff, 0xff, 
	0xff, 0xdc, 0xff, 0xff, 0xff, 0xdc, 0xff, 0xff, 
	0xff, 0xdb, 0xfc, 0xff, 0xff, 0xdb, 0xf9, 0xff, 
	0xff, 0xdb, 0xf9, 0xff, 0xff, 0xdb, 0xf9, 0xff, 
	0xff, 0xdb, 0xf7, 0xff, 0xff, 0xd8, 0xf4, 0xff, 
	0xff, 0xd8, 0xf4, 0xff, 0xff, 0xd5, 0xf1, 0xff, 
	0xff, 0xd4, 0xec, 0xff, 0xff, 0xd4, 0xec, 0xff, 
	0xff, 0xd4, 0xec, 0xff, 0xff, 0xd4, 0xec, 0xff, 
	0xff, 0xd3, 0xe7, 0xff, 0xff, 0xd3, 0xe7, 0xff, 
	0xf9, 0xd4, 0xde, 0xff, 0xef, 0xd7, 0xce, 0xff, 
	0xf7, 0xd1, 0xd3, 0xff, 0xf7, 0xd1, 0xd3, 0xff, 
	0xf7, 0xd1, 0xd3, 0xff, 0xef, 0xd4, 0xd0, 0xff, 
	0xec, 0xcb, 0xd8, 0xff, 0xe9, 0xcb, 0xdb, 0xff, 
	0xe9, 0xcb, 0xdb, 0xff, 0xe9, 0xcb, 0xdb, 0xff, 
	0xe9, 0xc9, 0xd0, 0xff, 0xe3, 0xc8, 0xcb, 0xff, 
	0xe3, 0xc8, 0xcb, 0xff, 0xde, 0xc7, 0xc6, 0xff, 
	0xdb, 0xc7, 0xc2, 0xff, 0xdb, 0xc7, 0xc2, 0xff, 
	0xe1, 0xc7, 0xc8, 0xff, 0xe1, 0xc7, 0xc8, 0xff, 
	0xe6, 0xc9, 0xc8, 0xff, 0xe6, 0xc9, 0xc8, 0xff, 
	0xe6, 0xc9, 0xc8, 0xff, 0xde, 0xcc, 0xcb, 0xff, 
	0xde, 0xcc, 0xcb, 0xff, 0xde, 0xcc, 0xcb, 0xff, 
	0xde, 0xcc, 0xcb, 0xff, 0xde, 0xcc, 0xcb, 0xff, 
	0xde, 0xcb, 0xce, 0xff, 0xde, 0xcb, 0xce, 0xff, 
	0xe1, 0xc9, 0xd3, 0xff, 0xe4, 0xc8, 0xd8, 0xff, 
	0xe3, 0xc9, 0xdb, 0xff, 0xe3, 0xc9, 0xdb, 0xff, 
	0xe9, 0xcc, 0xe1, 0xff, 0xe9, 0xcc, 0xe1, 0xff, 
	0xe3, 0xcc, 0xe1, 0xff, 0xe3, 0xcc, 0xe1, 0xff, 
	0xe3, 0xcc, 0xe1, 0xff, 0xe3, 0xcc, 0xe1, 0xff, 
	0xe6, 0xcd, 0xe4, 0xff, 0xe6, 0xcd, 0xe4, 0xff, 
	0xe6, 0xcd, 0xe4, 0xff, 0xe6, 0xcd, 0xe4, 0xff, 
	0xe7, 0xcc, 0xec, 0xff, 0xe7, 0xc9, 0xf1, 0xff, 
	0xe7, 0xc9, 0xf1, 0xff, 0xe7, 0xc7, 0xf7, 0xff, 
	0xef, 0xcf, 0xde, 0xff, 0xef, 0xcd, 0xe9, 0xff, 
	0xef, 0xcd, 0xe9, 0xff, 0xef, 0xcd, 0xe9, 0xff, 
	0xf7, 0xcb, 0xef, 0xff, 0xf7, 0xcb, 0xef, 0xff, 
	0xf7, 0xcb, 0xef, 0xff, 0xf7, 0xcf, 0xf1, 0xff, 
	0xf9, 0xcd, 0xf9, 0xff, 0xf9, 0xcd, 0xf9, 0xff, 
	0xf4, 0xd4, 0xfc, 0xff, 0xf9, 0xcd, 0xf9, 0xff, 
	0xf7, 0xd3, 0xf7, 0xff, 0xf1, 0xdb, 0xf7, 0xff, 
	0xf1, 0xdb, 0xf7, 0xff, 0xf1, 0xdb, 0xf7, 0xff, 
	0xec, 0xdd, 0xf4, 0xff, 0xe9, 0xdc, 0xf1, 0xff, 
	0xe9, 0xdc, 0xf1, 0xff, 0xec, 0xdd, 0xf4, 0xff, 
	0xef, 0xe4, 0xf4, 0xff, 0xef, 0xe1, 0xf9, 0xff, 
	0xef, 0xe1, 0xf9, 0xff, 0xef, 0xdf, 0xff, 0xff, 
	0xec, 0xdf, 0xff, 0xff, 0xec, 0xdf, 0xff, 0xff, 
	0xe7, 0xdf, 0xff, 0xff, 0xe7, 0xdf, 0xff, 0xff, 
	0xe7, 0xdf, 0xff, 0xff, 0xf1, 0xe4, 0xff, 0xff, 
	0xf1, 0xe4, 0xff, 0xff, 0xe7, 0xdf, 0xff, 0xff, 
	0xe7, 0xe3, 0xff, 0xff, 0xe7, 0xe3, 0xff, 0xff, 
	0xe7, 0xe5, 0xff, 0xff, 0xe7, 0xe5, 0xff, 0xff, 
	0xe7, 0xe7, 0xff, 0xff, 0xe7, 0xe7, 0xff, 0xff, 
	0xe7, 0xe3, 0xff, 0xff, 0xe7, 0xe3, 0xff, 0xff, 
	0xff, 0xef, 0xff, 0xff, 0xff, 0xf9, 0xff, 0xff, 
	0xff, 0xf9, 0xff, 0xff, 0xff, 0xf4, 0xff, 0xff, 
	0xff, 0xf3, 0xff, 0xff, 0xff, 0xf0, 0xff, 0xff, 
	0xff, 0xed, 0xff, 0xff, 0xff, 0xed, 0xff, 0xff, 
	0xfc, 0xef, 0xff, 0xff, 0xfc, 0xef, 0xff, 0xff, 
	0xff, 0xeb, 0xff, 0xff, 0xff, 0xeb, 0xff, 0xff, 
	0xff, 0xeb, 0xff, 0xff, 0xff, 0xeb, 0xff, 0xff, 
	0xff, 0xeb, 0xff, 0xff, 0xff, 0xe8, 0xfc, 0xff, 
	0xff, 0xe7, 0xff, 0xff, 0xfc, 0xe8, 0xfc, 0xff, 
	0xff, 0xe7, 0xff, 0xff, 0xff, 0xe7, 0xff, 0xff, 
	0xff, 0xe0, 0xff, 0xff, 0xff, 0xe0, 0xff, 0xff, 
	0xff, 0xdb, 0xff, 0xff, 0xff, 0xdb, 0xff, 0xff, 
	0xff, 0xdc, 0xff, 0xff, 0xff, 0xd7, 0xff, 0xff, 
	0xff, 0xd9, 0xff, 0xff, 0xff, 0xd9, 0xff, 0xff, 
	0xff, 0xdb, 0xfc, 0xff, 0xff, 0xdb, 0xff, 0xff, 
	0xff, 0xdb, 0xf9, 0xff, 0xff, 0xdb, 0xf9, 0xff, 
	0xff, 0xdb, 0xf7, 0xff, 0xff, 0xd8, 0xf4, 0xff, 
	0xff, 0xd8, 0xf4, 0xff, 0xff, 0xd8, 0xf4, 0xff, 
	0xff, 0xd5, 0xf1, 0xff, 0xff, 0xd3, 0xe7, 0xff, 
	0xff, 0xd3, 0xe7, 0xff, 0xff, 0xd3, 0xe7, 0xff, 
	0xff, 0xd3, 0xe7, 0xff, 0xff, 0xd3, 0xe7, 0xff, 
	0xf9, 0xd4, 0xde, 0xff, 0xf9, 0xd4, 0xde, 0xff, 
	0xf7, 0xd1, 0xd3, 0xff, 0xf7, 0xd1, 0xd3, 0xff, 
	0xf7, 0xd1, 0xd3, 0xff, 0xf7, 0xd1, 0xd3, 0xff, 
	0xef, 0xcb, 0xd6, 0xff, 0xec, 0xcb, 0xd8, 0xff, 
	0xec, 0xcb, 0xd8, 0xff, 0xef, 0xcb, 0xd6, 0xff, 
	0xef, 0xcb, 0xd6, 0xff, 0xe9, 0xc9, 0xd0, 0xff, 
	0xe3, 0xc8, 0xcb, 0xff, 0xde, 0xc7, 0xc6, 0xff, 
	0xdb, 0xc7, 0xc2, 0xff, 0xdb, 0xc7, 0xc2, 0xff, 
	0xe1, 0xc7, 0xc8, 0xff, 0xe1, 0xc7, 0xc8, 0xff, 
	0xe6, 0xc9, 0xc8, 0xff, 0xe6, 0xc9, 0xc8, 0xff, 
	0xe6, 0xc9, 0xc8, 0xff, 0xe6, 0xc9, 0xc8, 0xff, 
	0xe6, 0xc9, 0xc8, 0xff, 0xe6, 0xc9, 0xc8, 0xff, 
	0xde, 0xcc, 0xcb, 0xff, 0xd6, 0xcf, 0xce, 0xff, 
	0xde, 0xcb, 0xce, 0xff, 0xde, 0xcb, 0xce, 0xff, 
	0xe4, 0xc8, 0xd8, 0xff, 0xe7, 0xc7, 0xde, 0xff, 
	0xe3, 0xc9, 0xdb, 0xff, 0xe3, 0xc9, 0xdb, 0xff, 
	0xe9, 0xcc, 0xe1, 0xff, 0xe9, 0xcc, 0xe1, 0xff, 
	0xe3, 0xcc, 0xe1, 0xff, 0xe3, 0xcc, 0xe1, 0xff, 
	0xe3, 0xcc, 0xe1, 0xff, 0xe3, 0xcc, 0xe1, 0xff, 
	0xe6, 0xcd, 0xe4, 0xff, 0xe6, 0xcd, 0xe4, 0xff, 
	0xe6, 0xcd, 0xe4, 0xff, 0xe6, 0xcd, 0xe4, 0xff, 
	0xe7, 0xc9, 0xf1, 0xff, 0xe7, 0xc9, 0xf1, 0xff, 
	0xe7, 0xc7, 0xf7, 0xff, 0xe7, 0xc7, 0xf7, 0xff, 
	0xef, 0xcc, 0xf4, 0xff, 0xef, 0xcc, 0xf4, 0xff, 
	0xef, 0xcd, 0xe9, 0xff, 0xef, 0xcd, 0xe9, 0xff, 
	0xf7, 0xd3, 0xf4, 0xff, 0xf7, 0xcb, 0xef, 0xff, 
	0xf7, 0xd3, 0xf4, 0xff, 0xf7, 0xd3, 0xf4, 0xff, 
	0xf4, 0xd4, 0xfc, 0xff, 0xf4, 0xd4, 0xfc, 0xff, 
	0xf4, 0xd4, 0xfc, 0xff, 0xf4, 0xd4, 0xfc, 0xff, 
	0xf1, 0xdb, 0xf7, 0xff, 0xf1, 0xdb, 0xf7, 0xff, 
	0xf1, 0xdb, 0xf7, 0xff, 0xef, 0xdf, 0xf7, 0xff, 
	0xe9, 0xdc, 0xf1, 0xff, 0xec, 0xdd, 0xf4, 0xff, 
	0xec, 0xdd, 0xf4, 0xff, 0xef, 0xdf, 0xf7, 0xff, 
	0xef, 0xe1, 0xf9, 0xff, 0xef, 0xe1, 0xf9, 0xff, 
	0xef, 0xdf, 0xff, 0xff, 0xef, 0xdf, 0xff, 0xff, 
	0xef, 0xdf, 0xff, 0xff, 0xec, 0xdf, 0xff, 0xff, 
	0xe7, 0xdf, 0xff, 0xff, 0xe9, 0xdf, 0xff, 0xff, 
	0xe7, 0xdf, 0xff, 0xff, 0xf1, 0xe4, 0xff, 0xff, 
	0xec, 0xe1, 0xff, 0xff, 0xec, 0xe1, 0xff, 0xff, 
	0xe7, 0xe5, 0xff, 0xff, 0xe7, 0xe5, 0xff, 0xff, 
	0xe7, 0xe5, 0xff, 0xff, 0xe7, 0xeb, 0xff, 0xff, 
	0xe7, 0xef, 0xff, 0xff, 0xe7, 0xe7, 0xff, 0xff, 
	0xe7, 0xe7, 0xff, 0xff, 0xe7, 0xe7, 0xff, 0xff, 
	0xff, 0xef, 0xff, 0xff, 0xff, 0xef, 0xff, 0xff, 
	0xff, 0xf4, 0xff, 0xff, 0xff, 0xf4, 0xff, 0xff, 
	0xff, 0xf3, 0xff, 0xff, 0xff, 0xf0, 0xff, 0xff, 
	0xff, 0xf0, 0xff, 0xff, 0xff, 0xed, 0xff, 0xff, 
	0xfc, 0xef, 0xff, 0xff, 0xfc, 0xef, 0xff, 0xff, 
	0xff, 0xeb, 0xff, 0xff, 0xff, 0xeb, 0xff, 0xff, 
	0xff, 0xeb, 0xff, 0xff, 0xff, 0xeb, 0xff, 0xff, 
	0xff, 0xe5, 0xf9, 0xff, 0xff, 0xe8, 0xfc, 0xff, 
	0xff, 0xe7, 0xff, 0xff, 0xff, 0xe7, 0xff, 0xff, 
	0xff, 0xe7, 0xff, 0xff, 0xff, 0xe7, 0xff, 0xff, 
	0xff, 0xe0, 0xff, 0xff, 0xff, 0xe0, 0xff, 0xff, 
	0xff, 0xdb, 0xff, 0xff, 0xff, 0xdb, 0xff, 0xff, 
	0xff, 0xd7, 0xff, 0xff, 0xff, 0xd9, 0xff, 0xff, 
	0xff, 0xd7, 0xff, 0xff, 0xff, 0xdc, 0xff, 0xff, 
	0xff, 0xdb, 0xff, 0xff, 0xff, 0xdb, 0xff, 0xff, 
	0xff, 0xdb, 0xf9, 0xff, 0xff, 0xdb, 0xf9, 0xff, 
	0xff, 0xdb, 0xf7, 0xff, 0xff, 0xd8, 0xf4, 0xff, 
	0xff, 0xd5, 0xf1, 0xff, 0xff, 0xd3, 0xef, 0xff, 
	0xff, 0xd5, 0xf1, 0xff, 0xff, 0xd4, 0xec, 0xff, 
	0xff, 0xd4, 0xec, 0xff, 0xff, 0xd3, 0xe7, 0xff, 
	0xff, 0xd3, 0xe7, 0xff, 0xff, 0xd3, 0xe7, 0xff, 
	0xff, 0xd3, 0xe7, 0xff, 0xf9, 0xd4, 0xde, 0xff, 
	0xf7, 0xd1, 0xd3, 0xff, 0xff, 0xcf, 0xd6, 0xff, 
	0xf7, 0xd1, 0xd3, 0xff, 0xf7, 0xd1, 0xd3, 0xff, 
	0xef, 0xcb, 0xd6, 0xff, 0xec, 0xcb, 0xd8, 0xff, 
	0xec, 0xcb, 0xd8, 0xff, 0xef, 0xcb, 0xd6, 0xff, 
	0xe9, 0xc9, 0xd0, 0xff, 0xe9, 0xc9, 0xd0, 0xff, 
	0xe3, 0xc8, 0xcb, 0xff, 0xde, 0xc7, 0xc6, 0xff, 
	0xe1, 0xc7, 0xc8, 0xff, 0xe1, 0xc7, 0xc8, 0xff, 
	0xe1, 0xc7, 0xc8, 0xff, 0xe7, 0xc7, 0xce, 0xff, 
	0xe6, 0xc9, 0xc8, 0xff, 0xe6, 0xc9, 0xc8, 0xff, 
	0xe6, 0xc9, 0xc8, 0xff, 0xe6, 0xc9, 0xc8, 0xff, 
	0xe6, 0xc9, 0xc8, 0xff, 0xe6, 0xc9, 0xc8, 0xff, 
	0xe6, 0xc9, 0xc8, 0xff, 0xde, 0xcc, 0xcb, 0xff, 
	0xde, 0xcb, 0xce, 0xff, 0xde, 0xcb, 0xce, 0xff, 
	0xe4, 0xc8, 0xd8, 0xff, 0xe7, 0xc7, 0xde, 0xff, 
	0xe9, 0xcc, 0xe1, 0xff, 0xe9, 0xcc, 0xe1, 0xff, 
	0xe9, 0xcc, 0xe1, 0xff, 0xe9, 0xcc, 0xe1, 0xff, 
	0xe3, 0xcc, 0xe1, 0xff, 0xe3, 0xcc, 0xe1, 0xff, 
	0xe9, 0xc9, 0xe4, 0xff, 0xef, 0xc7, 0xe7, 0xff, 
	0xef, 0xcb, 0xe7, 0xff, 0xef, 0xcb, 0xe7, 0xff, 
	0xef, 0xcb, 0xe7, 0xff, 0xef, 0xcb, 0xe7, 0xff, 
	0xe7, 0xcf, 0xe7, 0xff, 0xe7, 0xc9, 0xf1, 0xff, 
	0xe7, 0xc7, 0xf7, 0xff, 0xe7, 0xc7, 0xf7, 0xff, 
	0xef, 0xcc, 0xf4, 0xff, 0xef, 0xcc, 0xf4, 0xff, 
	0xef, 0xcc, 0xf4, 0xff, 0xef, 0xcc, 0xf4, 0xff, 
	0xf7, 0xd3, 0xf4, 0xff, 0xf7, 0xd3, 0xf4, 0xff, 
	0xf7, 0xd3, 0xf4, 0xff, 0xf7, 0xd7, 0xf7, 0xff, 
	0xf4, 0xd4, 0xfc, 0xff, 0xf4, 0xd4, 0xfc, 0xff, 
	0xf4, 0xd4, 0xfc, 0xff, 0xf4, 0xd4, 0xfc, 0xff, 
	0xf4, 0xd7, 0xf7, 0xff, 0xf1, 0xdb, 0xf7, 0xff, 
	0xf1, 0xdb, 0xf7, 0xff, 0xef, 0xdf, 0xf7, 0xff, 
	0xec, 0xdd, 0xf4, 0xff, 0xec, 0xdd, 0xf4, 0xff, 
	0xef, 0xdf, 0xf7, 0xff, 0xef, 0xdf, 0xf7, 0xff, 
	0xef, 0xdf, 0xff, 0xff, 0xef, 0xdf, 0xff, 0xff, 
	0xef, 0xdf, 0xff, 0xff, 0xef, 0xdf, 0xff, 0xff, 
	0xef, 0xdf, 0xff, 0xff, 0xef, 0xdf, 0xff, 0xff, 
	0xe9, 0xdf, 0xff, 0xff, 0xec, 0xdf, 0xff, 0xff, 
	0xf1, 0xe4, 0xff, 0xff, 0xf1, 0xe4, 0xff, 0xff, 
	0xf7, 0xe7, 0xff, 0xff, 0xf1, 0xe4, 0xff, 0xff, 
	0xe7, 0xe5, 0xff, 0xff, 0xe7, 0xe8, 0xff, 0xff, 
	0xe7, 0xe8, 0xff, 0xff, 0xe7, 0xe8, 0xff, 0xff, 
	0xe7, 0xeb, 0xff, 0xff, 0xe7, 0xef, 0xff, 0xff, 
	0xe7, 0xeb, 0xff, 0xff, 0xe7, 0xe7, 0xff, 0xff, 
	0xff, 0xed, 0xff, 0xff, 0xff, 0xed, 0xff, 0xff, 
	0xff, 0xed, 0xff, 0xff, 0xff, 0xf3, 0xff, 0xff, 
	0xff, 0xed, 0xff, 0xff, 0xff, 0xed, 0xff, 0xff, 
	0xff, 0xed, 0xff, 0xff, 0xff, 0xec, 0xff, 0xff, 
	0xff, 0xec, 0xff, 0xff, 0xff, 0xec, 0xff, 0xff, 
	0xff, 0xec, 0xff, 0xff, 0xff, 0xec, 0xff, 0xff, 
	0xff, 0xe8, 0xff, 0xff, 0xff, 0xe8, 0xff, 0xff, 
	0xff, 0xe3, 0xff, 0xff, 0xff, 0xe3, 0xff, 0xff, 
	0xff, 0xe4, 0xfc, 0xff, 0xff, 0xe4, 0xfc, 0xff, 
	0xff, 0xe4, 0xfc, 0xff, 0xff, 0xe4, 0xfc, 0xff, 
	0xff, 0xe3, 0xff, 0xff, 0xff, 0xe3, 0xff, 0xff, 
	0xff, 0xdf, 0xfc, 0xff, 0xff, 0xdf, 0xfc, 0xff, 
	0xff, 0xdb, 0xfc, 0xff, 0xff, 0xdb, 0xff, 0xff, 
	0xff, 0xdb, 0xff, 0xff, 0xff, 0xdb, 0xff, 0xff, 
	0xff, 0xd7, 0xff, 0xff, 0xff, 0xd7, 0xff, 0xff, 
	0xff, 0xd8, 0xf9, 0xff, 0xff, 0xd8, 0xf9, 0xff, 
	0xff, 0xd4, 0xf4, 0xff, 0xff, 0xd9, 0xf1, 0xff, 
	0xff, 0xd4, 0xf4, 0xff, 0xff, 0xcf, 0xf7, 0xff, 
	0xff, 0xcf, 0xf1, 0xff, 0xff, 0xcf, 0xec, 0xff, 
	0xff, 0xcf, 0xec, 0xff, 0xff, 0xcf, 0xe7, 0xff, 
	0xff, 0xcb, 0xe7, 0xff, 0xff, 0xcb, 0xe7, 0xff, 
	0xf9, 0xcb, 0xe1, 0xff, 0xf7, 0xcb, 0xde, 0xff, 
	0xf7, 0xcb, 0xde, 0xff, 0xf7, 0xcb, 0xde, 0xff, 
	0xf7, 0xcc, 0xd8, 0xff, 0xf7, 0xcf, 0xce, 0xff, 
	0xf4, 0xcd, 0xd0, 0xff, 0xf4, 0xcd, 0xd0, 0xff, 
	0xf1, 0xcc, 0xd3, 0xff, 0xf1, 0xcc, 0xd3, 0xff, 
	0xec, 0xcb, 0xd6, 0xff, 0xec, 0xcb, 0xd6, 0xff, 
	0xe9, 0xcb, 0xce, 0xff, 0xe7, 0xcb, 0xc6, 0xff, 
	0xe7, 0xcb, 0xce, 0xff, 0xe7, 0xcb, 0xce, 0xff, 
	0xe7, 0xcb, 0xce, 0xff, 0xe7, 0xcb, 0xce, 0xff, 
	0xe9, 0xc9, 0xcb, 0xff, 0xe9, 0xc9, 0xcb, 0xff, 
	0xe7, 0xcb, 0xc6, 0xff, 0xe7, 0xcb, 0xc6, 0xff, 
	0xe7, 0xcb, 0xce, 0xff, 0xe7, 0xcb, 0xce, 0xff, 
	0xe9, 0xcb, 0xce, 0xff, 0xe7, 0xcb, 0xce, 0xff, 
	0xe3, 0xcd, 0xd3, 0xff, 0xe3, 0xcd, 0xd3, 0xff, 
	0xe3, 0xcd, 0xd3, 0xff, 0xe9, 0xcc, 0xd8, 0xff, 
	0xe7, 0xcb, 0xde, 0xff, 0xe7, 0xcb, 0xde, 0xff, 
	0xec, 0xcb, 0xe1, 0xff, 0xec, 0xcb, 0xe1, 0xff, 
	0xef, 0xcb, 0xde, 0xff, 0xef, 0xcb, 0xde, 0xff, 
	0xef, 0xcb, 0xde, 0xff, 0xf4, 0xc8, 0xe9, 0xff, 
	0xef, 0xcb, 0xe7, 0xff, 0xef, 0xcb, 0xe7, 0xff, 
	0xef, 0xcb, 0xe9, 0xff, 0xef, 0xcb, 0xe7, 0xff, 
	0xf4, 0xcd, 0xe6, 0xff, 0xf1, 0xcc, 0xee, 0xff, 
	0xef, 0xcb, 0xf7, 0xff, 0xef, 0xcb, 0xf7, 0xff, 
	0xef, 0xc7, 0xf7, 0xff, 0xef, 0xc7, 0xf7, 0xff, 
	0xef, 0xc7, 0xf7, 0xff, 0xf4, 0xc9, 0xf7, 0xff, 
	0xf9, 0xd5, 0xf4, 0xff, 0xf9, 0xd5, 0xf4, 0xff, 
	0xf9, 0xd5, 0xf4, 0xff, 0xf9, 0xd5, 0xf4, 0xff, 
	0xf4, 0xd8, 0xff, 0xff, 0xf4, 0xd8, 0xff, 0xff, 
	0xf4, 0xd8, 0xff, 0xff, 0xf4, 0xd8, 0xff, 0xff, 
	0xf4, 0xdb, 0xf9, 0xff, 0xf4, 0xdb, 0xf9, 0xff, 
	0xf9, 0xdb, 0xfc, 0xff, 0xef, 0xdb, 0xf7, 0xff, 
	0xec, 0xe1, 0xf9, 0xff, 0xec, 0xe1, 0xf9, 0xff, 
	0xf1, 0xe0, 0xfc, 0xff, 0xec, 0xe1, 0xf9, 0xff, 
	0xf1, 0xe0, 0xff, 0xff, 0xf1, 0xe0, 0xff, 0xff, 
	0xf1, 0xe0, 0xff, 0xff, 0xf1, 0xe0, 0xff, 0xff, 
	0xef, 0xdf, 0xff, 0xff, 0xef, 0xdf, 0xff, 0xff, 
	0xef, 0xdf, 0xff, 0xff, 0xef, 0xdf, 0xff, 0xff, 
	0xf1, 0xe8, 0xff, 0xff, 0xf1, 0xe8, 0xff, 0xff, 
	0xf1, 0xe8, 0xff, 0xff, 0xf1, 0xe8, 0xff, 0xff, 
	0xf1, 0xeb, 0xff, 0xff, 0xec, 0xeb, 0xff, 0xff, 
	0xe7, 0xeb, 0xff, 0xff, 0xe7, 0xeb, 0xff, 0xff, 
	0xe7, 0xef, 0xff, 0xff, 0xe7, 0xef, 0xff, 0xff, 
	0xe7, 0xef, 0xff, 0xff, 0xe7, 0xef, 0xff, 0xff, 
	0xff, 0xed, 0xff, 0xff, 0xff, 0xed, 0xff, 0xff, 
	0xff, 0xf3, 0xff, 0xff, 0xff, 0xed, 0xff, 0xff, 
	0xff, 0xed, 0xff, 0xff, 0xff, 0xed, 0xff, 0xff, 
	0xff, 0xed, 0xff, 0xff, 0xff, 0xed, 0xff, 0xff, 
	0xff, 0xed, 0xff, 0xff, 0xff, 0xed, 0xff, 0xff, 
	0xff, 0xec, 0xff, 0xff, 0xff, 0xec, 0xff, 0xff, 
	0xff, 0xe8, 0xff, 0xff, 0xff, 0xe3, 0xff, 0xff, 
	0xff, 0xe8, 0xff, 0xff, 0xff, 0xe3, 0xff, 0xff, 
	0xff, 0xe5, 0xf9, 0xff, 0xff, 0xe5, 0xf9, 0xff, 
	0xff, 0xe4, 0xfc, 0xff, 0xff, 0xe3, 0xff, 0xff, 
	0xff, 0xe3, 0xff, 0xff, 0xff, 0xe3, 0xff, 0xff, 
	0xff, 0xe3, 0xff, 0xff, 0xff, 0xdf, 0xfc, 0xff, 
	0xff, 0xdb, 0xfc, 0xff, 0xff, 0xdb, 0xff, 0xff, 
	0xff, 0xdb, 0xfc, 0xff, 0xff, 0xdb, 0xfc, 0xff, 
	0xff, 0xd7, 0xff, 0xff, 0xff, 0xd8, 0xf9, 0xff, 
	0xff, 0xd8, 0xf9, 0xff, 0xff, 0xd9, 0xf4, 0xff, 
	0xff, 0xd9, 0xf1, 0xff, 0xff, 0xd9, 0xf1, 0xff, 
	0xff, 0xcf, 0xf7, 0xff, 0xff, 0xcf, 0xf7, 0xff, 
	0xff, 0xcf, 0xf7, 0xff, 0xff, 0xcf, 0xf1, 0xff, 
	0xff, 0xcf, 0xec, 0xff, 0xff, 0xcf, 0xe7, 0xff, 
	0xff, 0xcb, 0xe7, 0xff, 0xff, 0xcb, 0xe7, 0xff, 
	0xfc, 0xcb, 0xe4, 0xff, 0xf9, 0xcb, 0xe1, 0xff, 
	0xf7, 0xcb, 0xde, 0xff, 0xf7, 0xcb, 0xde, 0xff, 
	0xf7, 0xcc, 0xd8, 0xff, 0xf7, 0xcf, 0xce, 0xff, 
	0xf7, 0xcf, 0xce, 0xff, 0xf4, 0xcd, 0xd0, 0xff, 
	0xf1, 0xcc, 0xd3, 0xff, 0xf1, 0xcc, 0xd3, 0xff, 
	0xec, 0xcb, 0xd6, 0xff, 0xec, 0xcb, 0xd6, 0xff, 
	0xe9, 0xcb, 0xce, 0xff, 0xe9, 0xcb, 0xce, 0xff, 
	0xe7, 0xcb, 0xce, 0xff, 0xe7, 0xcb, 0xce, 0xff, 
	0xe7, 0xcb, 0xce, 0xff, 0xe9, 0xcb, 0xd0, 0xff, 
	0xec, 0xc8, 0xd0, 0xff, 0xec, 0xc8, 0xd0, 0xff, 
	0xe9, 0xc9, 0xcb, 0xff, 0xe9, 0xc9, 0xcb, 0xff, 
	0xef, 0xcb, 0xce, 0xff, 0xec, 0xcb, 0xce, 0xff, 
	0xe9, 0xcb, 0xce, 0xff, 0xe7, 0xcb, 0xce, 0xff, 
	0xe3, 0xcd, 0xd3, 0xff, 0xe3, 0xcd, 0xd3, 0xff, 
	0xe9, 0xcc, 0xd8, 0xff, 0xef, 0xcb, 0xde, 0xff, 
	0xf1, 0xcb, 0xe4, 0xff, 0xec, 0xcb, 0xe1, 0xff, 
	0xec, 0xcb, 0xe1, 0xff, 0xf1, 0xcb, 0xe4, 0xff, 
	0xf1, 0xc9, 0xe3, 0xff, 0xf1, 0xc9, 0xe3, 0xff, 
	0xf1, 0xc9, 0xe3, 0xff, 0xf4, 0xc8, 0xe9, 0xff, 
	0xef, 0xcb, 0xef, 0xff, 0xef, 0xcb, 0xec, 0xff, 
	0xef, 0xcb, 0xe9, 0xff, 0xef, 0xcb, 0xe7, 0xff, 
	0xf4, 0xcd, 0xe6, 0xff, 0xf1, 0xcc, 0xee, 0xff, 
	0xf1, 0xcc, 0xee, 0xff, 0xef, 0xcb, 0xf7, 0xff, 
	0xef, 0xc7, 0xf7, 0xff, 0xef, 0xc7, 0xf7, 0xff, 
	0xef, 0xc7, 0xf7, 0xff, 0xf4, 0xc9, 0xf7, 0xff, 
	0xfc, 0xd4, 0xf9, 0xff, 0xfc, 0xd4, 0xf9, 0xff, 
	0xf9, 0xd5, 0xf4, 0xff, 0xf9, 0xd5, 0xf4, 0xff, 
	0xf9, 0xd9, 0xff, 0xff, 0xf9, 0xd9, 0xff, 0xff, 
	0xf4, 0xd8, 0xff, 0xff, 0xf9, 0xd9, 0xff, 0xff, 
	0xf9, 0xdb, 0xfc, 0xff, 0xf9, 0xdb, 0xfc, 0xff, 
	0xef, 0xdb, 0xf7, 0xff, 0xef, 0xdb, 0xf7, 0xff, 
	0xec, 0xe1, 0xf9, 0xff, 0xf1, 0xe0, 0xfc, 0xff, 
	0xf1, 0xe0, 0xfc, 0xff, 0xf1, 0xe0, 0xfc, 0xff, 
	0xf1, 0xe0, 0xff, 0xff, 0xf1, 0xe0, 0xff, 0xff, 
	0xec, 0xe1, 0xff, 0xff, 0xf1, 0xe0, 0xff, 0xff, 
	0xef, 0xdf, 0xff, 0xff, 0xf1, 0xe3, 0xff, 0xff, 
	0xef, 0xdf, 0xff, 0xff, 0xf1, 0xe3, 0xff, 0xff, 
	0xf1, 0xe8, 0xff, 0xff, 0xf1, 0xe8, 0xff, 0xff, 
	0xf1, 0xe8, 0xff, 0xff, 0xf1, 0xe8, 0xff, 0xff, 
	0xf1, 0xeb, 0xff, 0xff, 0xec, 0xeb, 0xff, 0xff, 
	0xe7, 0xeb, 0xff, 0xff, 0xe7, 0xeb, 0xff, 0xff, 
	0xec, 0xef, 0xff, 0xff, 0xe7, 0xef, 0xff, 0xff, 
	0xe7, 0xef, 0xff, 0xff, 0xec, 0xef, 0xff, 0xff, 
	0xff, 0xed, 0xff, 0xff, 0xff, 0xed, 0xff, 0xff, 
	0xff, 0xf3, 0xff, 0xff, 0xff, 0xf0, 0xff, 0xff, 
	0xff, 0xed, 0xff, 0xff, 0xff, 0xed, 0xff, 0xff, 
	0xff, 0xed, 0xff, 0xff, 0xff, 0xed, 0xff, 0xff, 
	0xff, 0xed, 0xff, 0xff, 0xff, 0xed, 0xff, 0xff, 
	0xff, 0xec, 0xff, 0xff, 0xff, 0xeb, 0xff, 0xff, 
	0xff, 0xed, 0xff, 0xff, 0xff, 0xe8, 0xff, 0xff, 
	0xff, 0xed, 0xff, 0xff, 0xff, 0xe3, 0xff, 0xff, 
	0xff, 0xe5, 0xf9, 0xff, 0xff, 0xe5, 0xf9, 0xff, 
	0xff, 0xe5, 0xf9, 0xff, 0xff, 0xe3, 0xff, 0xff, 
	0xff, 0xe3, 0xff, 0xff, 0xff, 0xe3, 0xff, 0xff, 
	0xff, 0xe3, 0xff, 0xff, 0xff, 0xdb, 0xf9, 0xff, 
	0xff, 0xdb, 0xf9, 0xff, 0xff, 0xdb, 0xff, 0xff, 
	0xff, 0xdb, 0xfc, 0xff, 0xff, 0xdb, 0xfc, 0xff, 
	0xff, 0xd7, 0xff, 0xff, 0xff, 0xd8, 0xf9, 0xff, 
	0xff, 0xd9, 0xf4, 0xff, 0xff, 0xd9, 0xf4, 0xff, 
	0xff, 0xd4, 0xf4, 0xff, 0xff, 0xd4, 0xf4, 0xff, 
	0xff, 0xcf, 0xf7, 0xff, 0xff, 0xcf, 0xf7, 0xff, 
	0xff, 0xcf, 0xf7, 0xff, 0xff, 0xcf, 0xf1, 0xff, 
	0xff, 0xcf, 0xec, 0xff, 0xff, 0xcf, 0xe7, 0xff, 
	0xff, 0xcb, 0xe7, 0xff, 0xff, 0xcb, 0xe7, 0xff, 
	0xff, 0xcb, 0xe7, 0xff, 0xf9, 0xcb, 0xe1, 0xff, 
	0xf7, 0xcb, 0xde, 0xff, 0xf7, 0xcc, 0xd8, 0xff, 
	0xf7, 0xcb, 0xde, 0xff, 0xf7, 0xcb, 0xde, 0xff, 
	0xf7, 0xcf, 0xce, 0xff, 0xf4, 0xcd, 0xd0, 0xff, 
	0xf1, 0xcc, 0xd3, 0xff, 0xef, 0xcb, 0xd6, 0xff, 
	0xec, 0xcb, 0xd6, 0xff, 0xef, 0xcb, 0xde, 0xff, 
	0xec, 0xcb, 0xd6, 0xff, 0xec, 0xcb, 0xd6, 0xff, 
	0xe9, 0xcb, 0xd0, 0xff, 0xe9, 0xcb, 0xd0, 0xff, 
	0xec, 0xcb, 0xd3, 0xff, 0xec, 0xcb, 0xd3, 0xff, 
	0xec, 0xc8, 0xd0, 0xff, 0xec, 0xc8, 0xd0, 0xff, 
	0xec, 0xc8, 0xd0, 0xff, 0xec, 0xc8, 0xd0, 0xff, 
	0xef, 0xcb, 0xce, 0xff, 0xef, 0xcb, 0xce, 0xff, 
	0xe9, 0xcb, 0xce, 0xff, 0xe7, 0xcb, 0xce, 0xff, 
	0xe9, 0xcc, 0xd8, 0xff, 0xe9, 0xcc, 0xd8, 0xff, 
	0xe9, 0xcc, 0xd8, 0xff, 0xef, 0xcb, 0xde, 0xff, 
	0xf1, 0xcb, 0xe4, 0xff, 0xf1, 0xcb, 0xe4, 0xff, 
	0xf1, 0xcb, 0xe4, 0xff, 0xf1, 0xcb, 0xe4, 0xff, 
	0xf1, 0xc9, 0xe3, 0xff, 0xf4, 0xc8, 0xe9, 0xff, 
	0xf4, 0xc8, 0xe9, 0xff, 0xf4, 0xc8, 0xe9, 0xff, 
	0xef, 0xcb, 0xef, 0xff, 0xef, 0xcb, 0xef, 0xff, 
	0xef, 0xcb, 0xe9, 0xff, 0xef, 0xcb, 0xe7, 0xff, 
	0xf4, 0xcd, 0xe6, 0xff, 0xf4, 0xcd, 0xe6, 0xff, 
	0xf1, 0xcc, 0xee, 0xff, 0xf1, 0xcc, 0xee, 0xff, 
	0xf4, 0xc9, 0xf7, 0xff, 0xf4, 0xc9, 0xf7, 0xff, 
	0xf4, 0xc9, 0xf7, 0xff, 0xf9, 0xcc, 0xf7, 0xff, 
	0xff, 0xd3, 0xff, 0xff, 0xfc, 0xd4, 0xf9, 0xff, 
	0xfc, 0xd4, 0xf9, 0xff, 0xfc, 0xd4, 0xf9, 0xff, 
	0xf9, 0xd9, 0xff, 0xff, 0xf9, 0xd9, 0xff, 0xff, 
	0xf9, 0xd9, 0xff, 0xff, 0xff, 0xdb, 0xff, 0xff, 
	0xf9, 0xdb, 0xfc, 0xff, 0xf4, 0xdb, 0xf9, 0xff, 
	0xef, 0xdb, 0xf7, 0xff, 0xf4, 0xdb, 0xf9, 0xff, 
	0xf1, 0xe0, 0xfc, 0xff, 0xf1, 0xe0, 0xfc, 0xff, 
	0xf7, 0xdf, 0xff, 0xff, 0xf7, 0xdf, 0xff, 0xff, 
	0xf7, 0xdf, 0xff, 0xff, 0xf7, 0xdf, 0xff, 0xff, 
	0xf1, 0xe0, 0xff, 0xff, 0xf1, 0xe0, 0xff, 0xff, 
	0xf1, 0xe3, 0xff, 0xff, 0xf1, 0xe3, 0xff, 0xff, 
	0xf1, 0xe3, 0xff, 0xff, 0xf4, 0xe7, 0xff, 0xff, 
	0xf1, 0xe8, 0xff, 0xff, 0xf1, 0xe8, 0xff, 0xff, 
	0xf1, 0xe8, 0xff, 0xff, 0xf1, 0xe8, 0xff, 0xff, 
	0xf1, 0xeb, 0xff, 0xff, 0xf1, 0xeb, 0xff, 0xff, 
	0xf1, 0xeb, 0xff, 0xff, 0xec, 0xeb, 0xff, 0xff, 
	0xec, 0xef, 0xff, 0xff, 0xec, 0xef, 0xff, 0xff, 
	0xf1, 0xef, 0xff, 0xff, 0xf1, 0xef, 0xff, 0xff, 
	0xff, 0xed, 0xff, 0xff, 0xff, 0xed, 0xff, 0xff, 
	0xff, 0xf0, 0xff, 0xff, 0xff, 0xf0, 0xff, 0xff, 
	0xff, 0xed, 0xff, 0xff, 0xff, 0xed, 0xff, 0xff, 
	0xff, 0xed, 0xff, 0xff, 0xff, 0xed, 0xff, 0xff, 
	0xff, 0xed, 0xff, 0xff, 0xff, 0xef, 0xff, 0xff, 
	0xff, 0xec, 0xff, 0xff, 0xff, 0xec, 0xff, 0xff, 
	0xff, 0xed, 0xff, 0xff, 0xff, 0xe8, 0xff, 0xff, 
	0xff, 0xed, 0xff, 0xff, 0xff, 0xed, 0xff, 0xff, 
	0xff, 0xe5, 0xf9, 0xff, 0xff, 0xe5, 0xf9, 0xff, 
	0xff, 0xe4, 0xfc, 0xff, 0xff, 0xe3, 0xff, 0xff, 
	0xff, 0xe3, 0xff, 0xff, 0xff, 0xdf, 0xfc, 0xff, 
	0xff, 0xdf, 0xfc, 0xff, 0xff, 0xdb, 0xf9, 0xff, 
	0xff, 0xdb, 0xf9, 0xff, 0xff, 0xdb, 0xfc, 0xff, 
	0xff, 0xdb, 0xfc, 0xff, 0xff, 0xdb, 0xf9, 0xff, 
	0xff, 0xd8, 0xf9, 0xff, 0xff, 0xd8, 0xf9, 0xff, 
	0xff, 0xd9, 0xf4, 0xff, 0xff, 0xd9, 0xf4, 0xff, 
	0xff, 0xd4, 0xf4, 0xff, 0xff, 0xd4, 0xf4, 0xff, 
	0xff, 0xcf, 0xf7, 0xff, 0xff, 0xcf, 0xf7, 0xff, 
	0xff, 0xcf, 0xf7, 0xff, 0xff, 0xcf, 0xf1, 0xff, 
	0xff, 0xcf, 0xec, 0xff, 0xff, 0xcf, 0xe7, 0xff, 
	0xff, 0xcb, 0xe7, 0xff, 0xfc, 0xcb, 0xe4, 0xff, 
	0xfc, 0xcb, 0xe4, 0xff, 0xf9, 0xcb, 0xe1, 0xff, 
	0xf7, 0xcc, 0xd8, 0xff, 0xf7, 0xcc, 0xd8, 0xff, 
	0xf7, 0xcc, 0xd8, 0xff, 0xf7, 0xcc, 0xd8, 0xff, 
	0xf7, 0xcf, 0xce, 0xff, 0xf7, 0xcf, 0xce, 0xff, 
	0xf7, 0xcf, 0xce, 0xff, 0xf1, 0xcc, 0xd3, 0xff, 
	0xef, 0xcb, 0xde, 0xff, 0xef, 0xcb, 0xde, 0xff, 
	0xef, 0xcb, 0xde, 0xff, 0xef, 0xcb, 0xde, 0xff, 
	0xe9, 0xcb, 0xd0, 0xff, 0xec, 0xcb, 0xd3, 0xff, 
	0xec, 0xcb, 0xd3, 0xff, 0xec, 0xcb, 0xd3, 0xff, 
	0xec, 0xc8, 0xd0, 0xff, 0xec, 0xc8, 0xd0, 0xff, 
	0xef, 0xc7, 0xd6, 0xff, 0xec, 0xc8, 0xd0, 0xff, 
	0xef, 0xcb, 0xce, 0xff, 0xef, 0xcb, 0xce, 0xff, 
	0xef, 0xcb, 0xce, 0xff, 0xef, 0xcb, 0xce, 0xff, 
	0xe9, 0xcc, 0xd8, 0xff, 0xe9, 0xcc, 0xd8, 0xff, 
	0xe9, 0xcc, 0xd8, 0xff, 0xef, 0xcb, 0xde, 0xff, 
	0xec, 0xcb, 0xe1, 0xff, 0xec, 0xcb, 0xe1, 0xff, 
	0xf1, 0xcb, 0xe4, 0xff, 0xf7, 0xcb, 0xe7, 0xff, 
	0xf1, 0xc9, 0xe3, 0xff, 0xf4, 0xc8, 0xe9, 0xff, 
	0xf7, 0xc7, 0xef, 0xff, 0xf4, 0xc8, 0xe9, 0xff, 
	0xef, 0xcb, 0xef, 0xff, 0xef, 0xcb, 0xef, 0xff, 
	0xef, 0xcb, 0xef, 0xff, 0xef, 0xcb, 0xef, 0xff, 
	0xf1, 0xcc, 0xee, 0xff, 0xf4, 0xcd, 0xe6, 0xff, 
	0xf1, 0xcc, 0xee, 0xff, 0xf1, 0xcc, 0xee, 0xff, 
	0xf4, 0xc9, 0xf7, 0xff, 0xf4, 0xc9, 0xf7, 0xff, 
	0xf4, 0xc9, 0xf7, 0xff, 0xff, 0xcf, 0xf7, 0xff, 
	0xff, 0xd3, 0xff, 0xff, 0xff, 0xd3, 0xff, 0xff, 
	0xff, 0xd3, 0xff, 0xff, 0xff, 0xd3, 0xff, 0xff, 
	0xf9, 0xd9, 0xff, 0xff, 0xff, 0xdb, 0xff, 0xff, 
	0xff, 0xdb, 0xff, 0xff, 0xff, 0xdb, 0xff, 0xff, 
	0xff, 0xdb, 0xff, 0xff, 0xf9, 0xdb, 0xfc, 0xff, 
	0xf9, 0xdb, 0xfc, 0xff, 0xf4, 0xdb, 0xf9, 0xff, 
	0xf1, 0xe0, 0xfc, 0xff, 0xf7, 0xdf, 0xff, 0xff, 
	0xf7, 0xdf, 0xff, 0xff, 0xf7, 0xdf, 0xff, 0xff, 
	0xf7, 0xdf, 0xff, 0xff, 0xf7, 0xdf, 0xff, 0xff, 
	0xf1, 0xe0, 0xff, 0xff, 0xf1, 0xe0, 0xff, 0xff, 
	0xf1, 0xe3, 0xff, 0xff, 0xf1, 0xe3, 0xff, 0xff, 
	0xf1, 0xe3, 0xff, 0xff, 0xf4, 0xe7, 0xff, 0xff, 
	0xf1, 0xe8, 0xff, 0xff, 0xf1, 0xe8, 0xff, 0xff, 
	0xef, 0xe3, 0xff, 0xff, 0xf1, 0xe8, 0xff, 0xff, 
	0xf1, 0xeb, 0xff, 0xff, 0xf1, 0xeb, 0xff, 0xff, 
	0xf7, 0xeb, 0xff, 0xff, 0xf1, 0xeb, 0xff, 0xff, 
	0xf1, 0xef, 0xff, 0xff, 0xf7, 0xef, 0xff, 0xff, 
	0xf1, 0xef, 0xff, 0xff, 0xf1, 0xef, 0xff, 0xff, 
	0xff, 0xef, 0xff, 0xff, 0xff, 0xef, 0xff, 0xff, 
	0xff, 0xef, 0xff, 0xff, 0xff, 0xef, 0xff, 0xff, 
	0xff, 0xef, 0xff, 0xff, 0xff, 0xef, 0xff, 0xff, 
	0xff, 0xef, 0xff, 0xff, 0xff, 0xef, 0xff, 0xff, 
	0xff, 0xed, 0xff, 0xff, 0xff, 0xed, 0xff, 0xff, 
	0xff, 0xed, 0xff, 0xff, 0xff, 0xed, 0xff, 0xff, 
	0xff, 0xe5, 0xff, 0xff, 0xff, 0xeb, 0xff, 0xff, 
	0xff, 0xe8, 0xff, 0xff, 0xff, 0xe8, 0xff, 0xff, 
	0xff, 0xe7, 0xff, 0xff, 0xff, 0xe4, 0xff, 0xff, 
	0xff, 0xe1, 0xff, 0xff, 0xff, 0xe1, 0xff, 0xff, 
	0xff, 0xdf, 0xfc, 0xff, 0xff, 0xdf, 0xfc, 0xff, 
	0xff, 0xdf, 0xf9, 0xff, 0xff, 0xdf, 0xf9, 0xff, 
	0xff, 0xd9, 0xf9, 0xff, 0xff, 0xd9, 0xf9, 0xff, 
	0xff, 0xd9, 0xf9, 0xff, 0xff, 0xd7, 0xf7, 0xff, 
	0xff, 0xd8, 0xf4, 0xff, 0xff, 0xd8, 0xf4, 0xff, 
	0xff, 0xd8, 0xf4, 0xff, 0xff, 0xd8, 0xf4, 0xff, 
	0xff, 0xd3, 0xf4, 0xff, 0xff, 0xd3, 0xf4, 0xff, 
	0xff, 0xd3, 0xf4, 0xff, 0xff, 0xcf, 0xf9, 0xff, 
	0xff, 0xcf, 0xf7, 0xff, 0xff, 0xc9, 0xec, 0xff, 
	0xff, 0xc9, 0xec, 0xff, 0xff, 0xc9, 0xec, 0xff, 
	0xff, 0xc7, 0xe9, 0xff, 0xff, 0xcb, 0xe3, 0xff, 
	0xff, 0xcf, 0xde, 0xff, 0xff, 0xcf, 0xde, 0xff, 
	0xff, 0xc9, 0xe1, 0xff, 0xff, 0xcc, 0xdb, 0xff, 
	0xff, 0xcc, 0xdb, 0xff, 0xff, 0xcc, 0xdb, 0xff, 
	0xf9, 0xcd, 0xd9, 0xff, 0xf7, 0xcb, 0xce, 0xff, 
	0xf7, 0xcb, 0xce, 0xff, 0xf9, 0xcd, 0xd9, 0xff, 
	0xf4, 0xcf, 0xdb, 0xff, 0xf4, 0xcf, 0xdb, 0xff, 
	0xf1, 0xcf, 0xd8, 0xff, 0xef, 0xcf, 0xd6, 0xff, 
	0xf1, 0xcc, 0xd0, 0xff, 0xf1, 0xcc, 0xd0, 0xff, 
	0xf1, 0xcc, 0xd0, 0xff, 0xef, 0xcb, 0xd6, 0xff, 
	0xf1, 0xc9, 0xd6, 0xff, 0xf1, 0xc9, 0xd6, 0xff, 
	0xf1, 0xc9, 0xd6, 0xff, 0xf1, 0xc9, 0xd6, 0xff, 
	0xef, 0xcb, 0xce, 0xff, 0xef, 0xcb, 0xce, 0xff, 
	0xf1, 0xcb, 0xd3, 0xff, 0xf1, 0xcb, 0xd3, 0xff, 
	0xef, 0xcb, 0xd6, 0xff, 0xef, 0xcb, 0xdb, 0xff, 
	0xef, 0xcb, 0xe1, 0xff, 0xef, 0xcb, 0xe1, 0xff, 
	0xf1, 0xcc, 0xe7, 0xff, 0xec, 0xcd, 0xe7, 0xff, 
	0xf1, 0xcc, 0xe7, 0xff, 0xf1, 0xcc, 0xe7, 0xff, 
	0xf1, 0xc9, 0xe9, 0xff, 0xf4, 0xc8, 0xec, 0xff, 
	0xf4, 0xc8, 0xec, 0xff, 0xf7, 0xc7, 0xef, 0xff, 
	0xef, 0xcc, 0xf1, 0xff, 0xef, 0xcc, 0xf1, 0xff, 
	0xef, 0xcc, 0xf1, 0xff, 0xef, 0xcc, 0xf1, 0xff, 
	0xf7, 0xcf, 0xef, 0xff, 0xf7, 0xcf, 0xef, 0xff, 
	0xf7, 0xcf, 0xef, 0xff, 0xf7, 0xcf, 0xef, 0xff, 
	0xff, 0xcf, 0xf7, 0xff, 0xff, 0xcf, 0xf7, 0xff, 
	0xff, 0xd1, 0xf9, 0xff, 0xff, 0xd4, 0xfc, 0xff, 
	0xff, 0xd3, 0xff, 0xff, 0xff, 0xd3, 0xff, 0xff, 
	0xff, 0xd3, 0xff, 0xff, 0xff, 0xd3, 0xff, 0xff, 
	0xff, 0xd9, 0xff, 0xff, 0xff, 0xd9, 0xff, 0xff, 
	0xff, 0xd9, 0xff, 0xff, 0xff, 0xd4, 0xff, 0xff, 
	0xff, 0xd7, 0xff, 0xff, 0xff, 0xdb, 0xff, 0xff, 
	0xff, 0xdb, 0xff, 0xff, 0xff, 0xdf, 0xff, 0xff, 
	0xf7, 0xe3, 0xff, 0xff, 0xfc, 0xdd, 0xff, 0xff, 
	0xf9, 0xe0, 0xff, 0xff, 0xf9, 0xe0, 0xff, 0xff, 
	0xf4, 0xe4, 0xff, 0xff, 0xf4, 0xe4, 0xff, 0xff, 
	0xf4, 0xe4, 0xff, 0xff, 0xf4, 0xe4, 0xff, 0xff, 
	0xf4, 0xe9, 0xff, 0xff, 0xf4, 0xe9, 0xff, 0xff, 
	0xef, 0xeb, 0xff, 0xff, 0xf4, 0xe9, 0xff, 0xff, 
	0xf1, 0xec, 0xff, 0xff, 0xf7, 0xe7, 0xff, 0xff, 
	0xf1, 0xec, 0xff, 0xff, 0xec, 0xf1, 0xff, 0xff, 
	0xec, 0xf4, 0xff, 0xff, 0xf7, 0xef, 0xff, 0xff, 
	0xf1, 0xf1, 0xff, 0xff, 0xf7, 0xef, 0xff, 0xff, 
	0xf9, 0xec, 0xff, 0xff, 0xf7, 0xef, 0xff, 0xff, 
	0xf7, 0xef, 0xff, 0xff, 0xf7, 0xef, 0xff, 0xff, 
	0xff, 0xe7, 0xff, 0xff, 0xff, 0xe7, 0xff, 0xff, 
	0xff, 0xeb, 0xff, 0xff, 0xff, 0xeb, 0xff, 0xff, 
	0xff, 0xef, 0xff, 0xff, 0xff, 0xef, 0xff, 0xff, 
	0xff, 0xef, 0xff, 0xff, 0xff, 0xef, 0xff, 0xff, 
	0xff, 0xed, 0xff, 0xff, 0xff, 0xed, 0xff, 0xff, 
	0xff, 0xe8, 0xff, 0xff, 0xff, 0xe8, 0xff, 0xff, 
	0xff, 0xe5, 0xff, 0xff, 0xff, 0xe5, 0xff, 0xff, 
	0xff, 0xe8, 0xff, 0xff, 0xff, 0xeb, 0xff, 0xff, 
	0xff, 0xe7, 0xff, 0xff, 0xff, 0xe1, 0xff, 0xff, 
	0xff, 0xdf, 0xff, 0xff, 0xff, 0xdf, 0xff, 0xff, 
	0xff, 0xdf, 0xff, 0xff, 0xff, 0xdf, 0xff, 0xff, 
	0xff, 0xdf, 0xfc, 0xff, 0xff, 0xdf, 0xfc, 0xff, 
	0xff, 0xd9, 0xf9, 0xff, 0xff, 0xd7, 0xf7, 0xff, 
	0xff, 0xd7, 0xf7, 0xff, 0xff, 0xd7, 0xf7, 0xff, 
	0xff, 0xd5, 0xf9, 0xff, 0xff, 0xd8, 0xf4, 0xff, 
	0xff, 0xd8, 0xf4, 0xff, 0xff, 0xd8, 0xf4, 0xff, 
	0xff, 0xcf, 0xf9, 0xff, 0xff, 0xcf, 0xf9, 0xff, 
	0xff, 0xcf, 0xf9, 0xff, 0xff, 0xcf, 0xf9, 0xff, 
	0xff, 0xcc, 0xf1, 0xff, 0xff, 0xc9, 0xec, 0xff, 
	0xff, 0xc9, 0xec, 0xff, 0xff, 0xc9, 0xec, 0xff, 
	0xff, 0xc7, 0xe9, 0xff, 0xff, 0xcb, 0xe3, 0xff, 
	0xff, 0xcf, 0xde, 0xff, 0xff, 0xcb, 0xe3, 0xff, 
	0xff, 0xc9, 0xe1, 0xff, 0xff, 0xc9, 0xe1, 0xff, 
	0xff, 0xcc, 0xdb, 0xff, 0xff, 0xcc, 0xdb, 0xff, 
	0xf9, 0xcd, 0xd9, 0xff, 0xf7, 0xcb, 0xce, 0xff, 
	0xf9, 0xcd, 0xd9, 0xff, 0xf9, 0xcd, 0xd9, 0xff, 
	0xf4, 0xcf, 0xdb, 0xff, 0xf4, 0xcf, 0xdb, 0xff, 
	0xf4, 0xcf, 0xdb, 0xff, 0xef, 0xcf, 0xd6, 0xff, 
	0xf1, 0xcc, 0xd0, 0xff, 0xf1, 0xcc, 0xd0, 0xff, 
	0xf4, 0xcd, 0xcb, 0xff, 0xf4, 0xcd, 0xcb, 0xff, 
	0xf4, 0xcc, 0xce, 0xff, 0xf1, 0xc9, 0xd6, 0xff, 
	0xf4, 0xcc, 0xce, 0xff, 0xf4, 0xcc, 0xce, 0xff, 
	0xf1, 0xcb, 0xd3, 0xff, 0xf4, 0xcb, 0xd8, 0xff, 
	0xf1, 0xcb, 0xd3, 0xff, 0xf1, 0xcb, 0xd3, 0xff, 
	0xef, 0xcb, 0xd6, 0xff, 0xef, 0xcb, 0xdb, 0xff, 
	0xef, 0xcb, 0xe1, 0xff, 0xef, 0xcb, 0xe1, 0xff, 
	0xf1, 0xcc, 0xe7, 0xff, 0xec, 0xcd, 0xe7, 0xff, 
	0xec, 0xcd, 0xe7, 0xff, 0xf7, 0xcb, 0xe7, 0xff, 
	0xef, 0xcb, 0xe7, 0xff, 0xf4, 0xc8, 0xec, 0xff, 
	0xf4, 0xc8, 0xec, 0xff, 0xf7, 0xc7, 0xef, 0xff, 
	0xef, 0xcc, 0xf1, 0xff, 0xef, 0xcc, 0xf1, 0xff, 
	0xe7, 0xcb, 0xef, 0xff, 0xef, 0xcc, 0xf1, 0xff, 
	0xf7, 0xcf, 0xef, 0xff, 0xf9, 0xcf, 0xf1, 0xff, 
	0xf9, 0xcf, 0xf1, 0xff, 0xfc, 0xcf, 0xf4, 0xff, 
	0xff, 0xcf, 0xf7, 0xff, 0xff, 0xd1, 0xf9, 0xff, 
	0xff, 0xd1, 0xf9, 0xff, 0xff, 0xd1, 0xf9, 0xff, 
	0xff, 0xd3, 0xff, 0xff, 0xff, 0xcf, 0xff, 0xff, 
	0xff, 0xd3, 0xff, 0xff, 0xff, 0xd7, 0xff, 0xff, 
	0xff, 0xdf, 0xff, 0xff, 0xff, 0xd9, 0xff, 0xff, 
	0xff, 0xd9, 0xff, 0xff, 0xff, 0xd4, 0xff, 0xff, 
	0xff, 0xd7, 0xff, 0xff, 0xff, 0xdb, 0xff, 0xff, 
	0xff, 0xdb, 0xff, 0xff, 0xff, 0xdf, 0xff, 0xff, 
	0xfc, 0xdd, 0xff, 0xff, 0xfc, 0xdd, 0xff, 0xff, 
	0xfc, 0xdd, 0xff, 0xff, 0xf9, 0xe0, 0xff, 0xff, 
	0xf4, 0xe4, 0xff, 0xff, 0xf4, 0xe4, 0xff, 0xff, 
	0xf4, 0xe4, 0xff, 0xff, 0xf9, 0xe5, 0xff, 0xff, 
	0xff, 0xe7, 0xff, 0xff, 0xf4, 0xe9, 0xff, 0xff, 
	0xef, 0xeb, 0xff, 0xff, 0xf4, 0xe9, 0xff, 0xff, 
	0xf1, 0xec, 0xff, 0xff, 0xec, 0xf1, 0xff, 0xff, 
	0xec, 0xf1, 0xff, 0xff, 0xec, 0xf1, 0xff, 0xff, 
	0xec, 0xf4, 0xff, 0xff, 0xf1, 0xf1, 0xff, 0xff, 
	0xf7, 0xef, 0xff, 0xff, 0xf7, 0xef, 0xff, 0xff, 
	0xf9, 0xec, 0xff, 0xff, 0xf9, 0xec, 0xff, 0xff, 
	0xf9, 0xec, 0xff, 0xff, 0xf7, 0xef, 0xff, 0xff, 
	0xff, 0xe3, 0xff, 0xff, 0xff, 0xe3, 0xff, 0xff, 
	0xff, 0xe3, 0xff, 0xff, 0xff, 0xe3, 0xff, 0xff, 
	0xff, 0xeb, 0xff, 0xff, 0xff, 0xec, 0xff, 0xff, 
	0xff, 0xef, 0xff, 0xff, 0xff, 0xef, 0xff, 0xff, 
	0xff, 0xed, 0xff, 0xff, 0xff, 0xe8, 0xff, 0xff, 
	0xff, 0xe8, 0xff, 0xff, 0xff, 0xe8, 0xff, 0xff, 
	0xff, 0xe3, 0xff, 0xff, 0xff, 0xe5, 0xff, 0xff, 
	0xff, 0xe5, 0xff, 0xff, 0xff, 0xe5, 0xff, 0xff, 
	0xff, 0xe4, 0xff, 0xff, 0xff, 0xe4, 0xff, 0xff, 
	0xff, 0xe1, 0xff, 0xff, 0xff, 0xdf, 0xff, 0xff, 
	0xff, 0xdf, 0xff, 0xff, 0xff, 0xdf, 0xff, 0xff, 
	0xff, 0xdf, 0xfc, 0xff, 0xff, 0xdf, 0xfc, 0xff, 
	0xff, 0xd9, 0xf9, 0xff, 0xff, 0xd7, 0xf7, 0xff, 
	0xff, 0xd7, 0xf7, 0xff, 0xff, 0xd7, 0xf7, 0xff, 
	0xff, 0xd8, 0xf4, 0xff, 0xff, 0xd3, 0xff, 0xff, 
	0xff, 0xd3, 0xff, 0xff, 0xff, 0xd3, 0xff, 0xff, 
	0xff, 0xcf, 0xf9, 0xff, 0xff, 0xcf, 0xf9, 0xff, 
	0xff, 0xd3, 0xf4, 0xff, 0xff, 0xcf, 0xf9, 0xff, 
	0xff, 0xcc, 0xf1, 0xff, 0xff, 0xc9, 0xec, 0xff, 
	0xff, 0xc9, 0xec, 0xff, 0xff, 0xc9, 0xec, 0xff, 
	0xff, 0xc7, 0xe9, 0xff, 0xff, 0xc7, 0xe9, 0xff, 
	0xff, 0xc7, 0xe9, 0xff, 0xff, 0xcb, 0xe3, 0xff, 
	0xff, 0xc9, 0xe1, 0xff, 0xff, 0xc9, 0xe1, 0xff, 
	0xff, 0xc9, 0xe1, 0xff, 0xff, 0xc9, 0xe1, 0xff, 
	0xf9, 0xcd, 0xd9, 0xff, 0xf9, 0xcd, 0xd9, 0xff, 
	0xf9, 0xcd, 0xd9, 0xff, 0xf9, 0xcd, 0xd9, 0xff, 
	0xf4, 0xcf, 0xdb, 0xff, 0xf4, 0xcf, 0xdb, 0xff, 
	0xf4, 0xcf, 0xdb, 0xff, 0xef, 0xcf, 0xd6, 0xff, 
	0xf4, 0xcd, 0xcb, 0xff, 0xf4, 0xcd, 0xcb, 0xff, 
	0xf4, 0xcd, 0xcb, 0xff, 0xf7, 0xcf, 0xc6, 0xff, 
	0xf7, 0xcf, 0xc6, 0xff, 0xf4, 0xcc, 0xce, 0xff, 
	0xf1, 0xc9, 0xd6, 0xff, 0xf1, 0xc9, 0xd6, 0xff, 
	0xf4, 0xcb, 0xd8, 0xff, 0xf7, 0xcb, 0xde, 0xff, 
	0xf4, 0xcb, 0xd8, 0xff, 0xf1, 0xcb, 0xd3, 0xff, 
	0xef, 0xcb, 0xdb, 0xff, 0xef, 0xcb, 0xdb, 0xff, 
	0xef, 0xcb, 0xe1, 0xff, 0xef, 0xcb, 0xe1, 0xff, 
	0xec, 0xcd, 0xe7, 0xff, 0xec, 0xcd, 0xe7, 0xff, 
	0xf1, 0xcc, 0xe7, 0xff, 0xf1, 0xcc, 0xe7, 0xff, 
	0xef, 0xcb, 0xe7, 0xff, 0xf1, 0xc9, 0xe9, 0xff, 
	0xf4, 0xc8, 0xec, 0xff, 0xf4, 0xc8, 0xec, 0xff, 
	0xef, 0xcc, 0xf1, 0xff, 0xef, 0xcc, 0xf1, 0xff, 
	0xef, 0xcc, 0xf1, 0xff, 0xf7, 0xcd, 0xf4, 0xff, 
	0xf7, 0xcf, 0xef, 0xff, 0xf7, 0xcf, 0xef, 0xff, 
	0xf9, 0xcf, 0xf1, 0xff, 0xfc, 0xcf, 0xf4, 0xff, 
	0xff, 0xd1, 0xf9, 0xff, 0xff, 0xd1, 0xf9, 0xff, 
	0xff, 0xd1, 0xf9, 0xff, 0xff, 0xd1, 0xf9, 0xff, 
	0xff, 0xd3, 0xff, 0xff, 0xff, 0xd3, 0xff, 0xff, 
	0xff, 0xd7, 0xff, 0xff, 0xff, 0xdb, 0xff, 0xff, 
	0xff, 0xd9, 0xff, 0xff, 0xff, 0xd9, 0xff, 0xff, 
	0xff, 0xd9, 0xff, 0xff, 0xff, 0xd9, 0xff, 0xff, 
	0xff, 0xd7, 0xff, 0xff, 0xff, 0xdb, 0xff, 0xff, 
	0xff, 0xdb, 0xff, 0xff, 0xff, 0xdf, 0xff, 0xff, 
	0xfc, 0xdd, 0xff, 0xff, 0xf9, 0xe0, 0xff, 0xff, 
	0xfc, 0xdd, 0xff, 0xff, 0xfc, 0xdd, 0xff, 0xff, 
	0xf4, 0xe4, 0xff, 0xff, 0xf4, 0xe4, 0xff, 0xff, 
	0xf9, 0xe5, 0xff, 0xff, 0xf4, 0xe4, 0xff, 0xff, 
	0xf4, 0xe9, 0xff, 0xff, 0xf4, 0xe9, 0xff, 0xff, 
	0xef, 0xeb, 0xff, 0xff, 0xef, 0xeb, 0xff, 0xff, 
	0xf1, 0xec, 0xff, 0xff, 0xec, 0xf1, 0xff, 0xff, 
	0xec, 0xf1, 0xff, 0xff, 0xec, 0xf1, 0xff, 0xff, 
	0xf1, 0xf1, 0xff, 0xff, 0xf7, 0xef, 0xff, 0xff, 
	0xf7, 0xef, 0xff, 0xff, 0xf7, 0xef, 0xff, 0xff, 
	0xf9, 0xec, 0xff, 0xff, 0xf9, 0xec, 0xff, 0xff, 
	0xf9, 0xec, 0xff, 0xff, 0xf9, 0xec, 0xff, 0xff, 
	0xff, 0xe3, 0xff, 0xff, 0xff, 0xe3, 0xff, 0xff, 
	0xff, 0xe3, 0xff, 0xff, 0xff, 0xe7, 0xff, 0xff, 
	0xff, 0xeb, 0xff, 0xff, 0xff, 0xeb, 0xff, 0xff, 
	0xff, 0xed, 0xff, 0xff, 0xff, 0xed, 0xff, 0xff, 
	0xff, 0xe8, 0xff, 0xff, 0xff, 0xe8, 0xff, 0xff, 
	0xff, 0xe8, 0xff, 0xff, 0xff, 0xe8, 0xff, 0xff, 
	0xff, 0xe3, 0xff, 0xff, 0xff, 0xe3, 0xff, 0xff, 
	0xff, 0xe5, 0xff, 0xff, 0xff, 0xe3, 0xff, 0xff, 
	0xff, 0xe4, 0xff, 0xff, 0xff, 0xe1, 0xff, 0xff, 
	0xff, 0xe1, 0xff, 0xff, 0xff, 0xe1, 0xff, 0xff, 
	0xff, 0xdf, 0xff, 0xff, 0xff, 0xdf, 0xff, 0xff, 
	0xff, 0xdf, 0xff, 0xff, 0xff, 0xdf, 0xfc, 0xff, 
	0xff, 0xdc, 0xfc, 0xff, 0xff, 0xd9, 0xf9, 0xff, 
	0xff, 0xd7, 0xf7, 0xff, 0xff, 0xd7, 0xf7, 0xff, 
	0xff, 0xd5, 0xf9, 0xff, 0xff, 0xd3, 0xff, 0xff, 
	0xff, 0xd3, 0xff, 0xff, 0xff, 0xd3, 0xff, 0xff, 
	0xff, 0xcb, 0xff, 0xff, 0xff, 0xcf, 0xf9, 0xff, 
	0xff, 0xcf, 0xf9, 0xff, 0xff, 0xd3, 0xf4, 0xff, 
	0xff, 0xcc, 0xf1, 0xff, 0xff, 0xc9, 0xec, 0xff, 
	0xff, 0xc9, 0xec, 0xff, 0xff, 0xc7, 0xe7, 0xff, 
	0xff, 0xc7, 0xe9, 0xff, 0xff, 0xc7, 0xe9, 0xff, 
	0xff, 0xc7, 0xe9, 0xff, 0xff, 0xc7, 0xe9, 0xff, 
	0xff, 0xc7, 0xe7, 0xff, 0xff, 0xc7, 0xe7, 0xff, 
	0xff, 0xc9, 0xe1, 0xff, 0xff, 0xc9, 0xe1, 0xff, 
	0xf9, 0xcd, 0xd9, 0xff, 0xf9, 0xcd, 0xd9, 0xff, 
	0xf9, 0xcd, 0xd9, 0xff, 0xf9, 0xcd, 0xd9, 0xff, 
	0xf4, 0xcf, 0xdb, 0xff, 0xf4, 0xcf, 0xdb, 0xff, 
	0xef, 0xcf, 0xd6, 0xff, 0xef, 0xcf, 0xd6, 0xff, 
	0xef, 0xcb, 0xd6, 0xff, 0xf4, 0xcd, 0xcb, 0xff, 
	0xf4, 0xcd, 0xcb, 0xff, 0xf4, 0xcd, 0xcb, 0xff, 
	0xf4, 0xcc, 0xce, 0xff, 0xf4, 0xcc, 0xce, 0xff, 
	0xf1, 0xc9, 0xd6, 0xff, 0xf1, 0xc9, 0xd6, 0xff, 
	0xf4, 0xcb, 0xd8, 0xff, 0xf7, 0xcb, 0xde, 0xff, 
	0xf7, 0xcb, 0xde, 0xff, 0xf4, 0xcb, 0xd8, 0xff, 
	0xef, 0xcb, 0xdb, 0xff, 0xef, 0xcb, 0xdb, 0xff, 
	0xef, 0xcb, 0xe1, 0xff, 0xef, 0xcb, 0xe1, 0xff, 
	0xf7, 0xcb, 0xe7, 0xff, 0xf1, 0xcc, 0xe7, 0xff, 
	0xec, 0xcd, 0xe7, 0xff, 0xec, 0xcd, 0xe7, 0xff, 
	0xef, 0xcb, 0xe7, 0xff, 0xf1, 0xc9, 0xe9, 0xff, 
	0xf7, 0xc7, 0xef, 0xff, 0xf7, 0xc7, 0xef, 0xff, 
	0xef, 0xcc, 0xf1, 0xff, 0xef, 0xcc, 0xf1, 0xff, 
	0xf7, 0xcd, 0xf4, 0xff, 0xf7, 0xcd, 0xf4, 0xff, 
	0xf7, 0xcf, 0xef, 0xff, 0xf9, 0xcf, 0xf1, 0xff, 
	0xff, 0xcf, 0xf7, 0xff, 0xff, 0xcf, 0xf7, 0xff, 
	0xff, 0xd1, 0xf9, 0xff, 0xff, 0xcf, 0xf7, 0xff, 
	0xff, 0xd1, 0xf9, 0xff, 0xff, 0xd7, 0xff, 0xff, 
	0xff, 0xd3, 0xff, 0xff, 0xff, 0xd7, 0xff, 0xff, 
	0xff, 0xd7, 0xff, 0xff, 0xff, 0xdb, 0xff, 0xff, 
	0xff, 0xdf, 0xff, 0xff, 0xff, 0xdf, 0xff, 0xff, 
	0xff, 0xdf, 0xff, 0xff, 0xff, 0xd9, 0xff, 0xff, 
	0xff, 0xd7, 0xff, 0xff, 0xff, 0xd7, 0xff, 0xff, 
	0xff, 0xdb, 0xff, 0xff, 0xff, 0xdf, 0xff, 0xff, 
	0xf9, 0xe0, 0xff, 0xff, 0xf9, 0xe0, 0xff, 0xff, 
	0xf7, 0xe3, 0xff, 0xff, 0xf7, 0xe3, 0xff, 0xff, 
	0xf4, 0xe4, 0xff, 0xff, 0xf4, 0xe4, 0xff, 0xff, 
	0xff, 0xe7, 0xff, 0xff, 0xff, 0xe7, 0xff, 0xff, 
	0xff, 0xe7, 0xff, 0xff, 0xff, 0xe7, 0xff, 0xff, 
	0xf4, 0xe9, 0xff, 0xff, 0xef, 0xeb, 0xff, 0xff, 
	0xf1, 0xec, 0xff, 0xff, 0xec, 0xf1, 0xff, 0xff, 
	0xf1, 0xec, 0xff, 0xff, 0xec, 0xf1, 0xff, 0xff, 
	0xec, 0xf4, 0xff, 0xff, 0xf1, 0xf1, 0xff, 0xff, 
	0xf7, 0xef, 0xff, 0xff, 0xf7, 0xef, 0xff, 0xff, 
	0xf9, 0xec, 0xff, 0xff, 0xf9, 0xec, 0xff, 0xff, 
	0xf9, 0xec, 0xff, 0xff, 0xff, 0xe7, 0xff, 0xff, 
	0xff, 0xe8, 0xff, 0xff, 0xff, 0xe8, 0xff, 0xff, 
	0xff, 0xe8, 0xff, 0xff, 0xff, 0xe8, 0xff, 0xff, 
	0xff, 0xe5, 0xff, 0xff, 0xff, 0xe5, 0xff, 0xff, 
	0xff, 0xe3, 0xff, 0xff, 0xff, 0xe5, 0xff, 0xff, 
	0xff, 0xe4, 0xff, 0xff, 0xff, 0xe4, 0xff, 0xff, 
	0xff, 0xe1, 0xff, 0xff, 0xff, 0xdf, 0xff, 0xff, 
	0xff, 0xdf, 0xff, 0xff, 0xff, 0xe3, 0xff, 0xff, 
	0xff, 0xe3, 0xff, 0xff, 0xff, 0xe7, 0xff, 0xff, 
	0xff, 0xe3, 0xff, 0xff, 0xff, 0xe3, 0xff, 0xff, 
	0xff, 0xe0, 0xff, 0xff, 0xff, 0xe0, 0xff, 0xff, 
	0xff, 0xdf, 0xff, 0xff, 0xff, 0xdf, 0xff, 0xff, 
	0xff, 0xdf, 0xff, 0xff, 0xff, 0xdf, 0xff, 0xff, 
	0xff, 0xdc, 0xfc, 0xff, 0xff, 0xd7, 0xf7, 0xff, 
	0xff, 0xd7, 0xf7, 0xff, 0xff, 0xd7, 0xf7, 0xff, 
	0xff, 0xd7, 0xff, 0xff, 0xff, 0xd7, 0xff, 0xff, 
	0xff, 0xd3, 0xfc, 0xff, 0xff, 0xcf, 0xf9, 0xff, 
	0xff, 0xcb, 0xfc, 0xff, 0xff, 0xcb, 0xfc, 0xff, 
	0xff, 0xcb, 0xfc, 0xff, 0xff, 0xcb, 0xfc, 0xff, 
	0xff, 0xc7, 0xe7, 0xff, 0xff, 0xc7, 0xe7, 0xff, 
	0xff, 0xc7, 0xe7, 0xff, 0xff, 0xc7, 0xe7, 0xff, 
	0xff, 0xc3, 0xef, 0xff, 0xff, 0xc4, 0xec, 0xff, 
	0xff, 0xc4, 0xec, 0xff, 0xff, 0xc7, 0xe7, 0xff, 
	0xff, 0xc5, 0xe9, 0xff, 0xff, 0xc4, 0xe3, 0xff, 
	0xff, 0xc5, 0xe9, 0xff, 0xff, 0xc4, 0xe3, 0xff, 
	0xff, 0xcc, 0xe1, 0xff, 0xff, 0xcf, 0xde, 0xff, 
	0xff, 0xcc, 0xe1, 0xff, 0xff, 0xcf, 0xde, 0xff, 
	0xf9, 0xcc, 0xde, 0xff, 0xf4, 0xcd, 0xde, 0xff, 
	0xf4, 0xcd, 0xde, 0xff, 0xf4, 0xcd, 0xde, 0xff, 
	0xf9, 0xcb, 0xd8, 0xff, 0xf9, 0xcb, 0xd8, 0xff, 
	0xf7, 0xcb, 0xd6, 0xff, 0xf7, 0xcb, 0xd6, 0xff, 
	0xf7, 0xcb, 0xd6, 0xff, 0xf7, 0xcb, 0xd6, 0xff, 
	0xf7, 0xcb, 0xd6, 0xff, 0xf7, 0xcb, 0xd6, 0xff, 
	0xf7, 0xcb, 0xde, 0xff, 0xf7, 0xcb, 0xde, 0xff, 
	0xf7, 0xcb, 0xde, 0xff, 0xf7, 0xcb, 0xde, 0xff, 
	0xf7, 0xcb, 0xde, 0xff, 0xf7, 0xcb, 0xde, 0xff, 
	0xf9, 0xcd, 0xe3, 0xff, 0xf9, 0xcd, 0xe3, 0xff, 
	0xf9, 0xcd, 0xe9, 0xff, 0xf9, 0xcd, 0xe9, 0xff, 
	0xf9, 0xcd, 0xe9, 0xff, 0xf7, 0xcb, 0xe7, 0xff, 
	0xf7, 0xcb, 0xe7, 0xff, 0xf7, 0xcb, 0xe7, 0xff, 
	0xf9, 0xcc, 0xec, 0xff, 0xfc, 0xcd, 0xf1, 0xff, 
	0xf9, 0xcc, 0xf4, 0xff, 0xf9, 0xcc, 0xf4, 0xff, 
	0xf7, 0xcb, 0xef, 0xff, 0xfc, 0xcd, 0xf9, 0xff, 
	0xf7, 0xcf, 0xf7, 0xff, 0xf9, 0xd0, 0xf9, 0xff, 
	0xfc, 0xd1, 0xfc, 0xff, 0xfc, 0xd1, 0xfc, 0xff, 
	0xff, 0xd1, 0xfc, 0xff, 0xff, 0xd1, 0xfc, 0xff, 
	0xff, 0xd1, 0xfc, 0xff, 0xff, 0xd1, 0xfc, 0xff, 
	0xff, 0xd7, 0xff, 0xff, 0xff, 0xdc, 0xff, 0xff, 
	0xff, 0xd7, 0xff, 0xff, 0xff, 0xdf, 0xff, 0xff, 
	0xff, 0xe0, 0xff, 0xff, 0xff, 0xe0, 0xff, 0xff, 
	0xff, 0xdd, 0xff, 0xff, 0xff, 0xdd, 0xff, 0xff, 
	0xff, 0xdb, 0xff, 0xff, 0xff, 0xdb, 0xff, 0xff, 
	0xff, 0xdb, 0xff, 0xff, 0xff, 0xdd, 0xff, 0xff, 
	0xf9, 0xe3, 0xff, 0xff, 0xfc, 0xe3, 0xff, 0xff, 
	0xf9, 0xe3, 0xff, 0xff, 0xf9, 0xe3, 0xff, 0xff, 
	0xf7, 0xdf, 0xff, 0xff, 0xf7, 0xdf, 0xff, 0xff, 
	0xfc, 0xe7, 0xff, 0xff, 0xfc, 0xe7, 0xff, 0xff, 
	0xff, 0xe7, 0xff, 0xff, 0xff, 0xe7, 0xff, 0xff, 
	0xf4, 0xe9, 0xff, 0xff, 0xf4, 0xe9, 0xff, 0xff, 
	0xf1, 0xed, 0xff, 0xff, 0xf1, 0xed, 0xff, 0xff, 
	0xf1, 0xed, 0xff, 0xff, 0xf1, 0xed, 0xff, 0xff, 
	0xf7, 0xeb, 0xff, 0xff, 0xf7, 0xeb, 0xff, 0xff, 
	0xf9, 0xf0, 0xff, 0xff, 0xf7, 0xeb, 0xff, 0xff, 
	0xfc, 0xf0, 0xff, 0xff, 0xff, 0xeb, 0xff, 0xff, 
	0xff, 0xeb, 0xff, 0xff, 0xff, 0xeb, 0xff, 0xff, 
	0xff, 0xe3, 0xff, 0xff, 0xff, 0xe8, 0xff, 0xff, 
	0xff, 0xf3, 0xff, 0xff, 0xff, 0xe8, 0xff, 0xff, 
	0xff, 0xe8, 0xff, 0xff, 0xff, 0xe5, 0xff, 0xff, 
	0xff, 0xe5, 0xff, 0xff, 0xff, 0xe3, 0xff, 0xff, 
	0xff, 0xe4, 0xff, 0xff, 0xff, 0xe4, 0xff, 0xff, 
	0xff, 0xe4, 0xff, 0xff, 0xff, 0xdf, 0xff, 0xff, 
	0xff, 0xdb, 0xff, 0xff, 0xff, 0xdf, 0xff, 0xff, 
	0xff, 0xe3, 0xff, 0xff, 0xff, 0xe3, 0xff, 0xff, 
	0xff, 0xe0, 0xff, 0xff, 0xff, 0xe3, 0xff, 0xff, 
	0xff, 0xe0, 0xff, 0xff, 0xff, 0xe0, 0xff, 0xff, 
	0xff, 0xdf, 0xff, 0xff, 0xff, 0xdf, 0xff, 0xff, 
	0xff, 0xdb, 0xfc, 0xff, 0xff, 0xdb, 0xfc, 0xff, 
	0xff, 0xd9, 0xf9, 0xff, 0xff, 0xd7, 0xf7, 0xff, 
	0xff, 0xd7, 0xf7, 0xff, 0xff, 0xd7, 0xf7, 0xff, 
	0xff, 0xd7, 0xff, 0xff, 0xff, 0xd7, 0xff, 0xff, 
	0xff, 0xd3, 0xfc, 0xff, 0xff, 0xcf, 0xf9, 0xff, 
	0xff, 0xcb, 0xfc, 0xff, 0xff, 0xcb, 0xfc, 0xff, 
	0xff, 0xcb, 0xfc, 0xff, 0xff, 0xcb, 0xfc, 0xff, 
	0xff, 0xc7, 0xec, 0xff, 0xff, 0xc7, 0xec, 0xff, 
	0xff, 0xc7, 0xe7, 0xff, 0xff, 0xc7, 0xec, 0xff, 
	0xff, 0xc3, 0xef, 0xff, 0xff, 0xc4, 0xec, 0xff, 
	0xff, 0xc3, 0xef, 0xff, 0xff, 0xc5, 0xe9, 0xff, 
	0xff, 0xc4, 0xe3, 0xff, 0xff, 0xc5, 0xe9, 0xff, 
	0xff, 0xc5, 0xe9, 0xff, 0xff, 0xc5, 0xe9, 0xff, 
	0xff, 0xc9, 0xe4, 0xff, 0xff, 0xcc, 0xe1, 0xff, 
	0xff, 0xcc, 0xe1, 0xff, 0xff, 0xcc, 0xe1, 0xff, 
	0xf9, 0xcc, 0xde, 0xff, 0xf4, 0xcd, 0xde, 0xff, 
	0xf4, 0xcd, 0xde, 0xff, 0xf4, 0xcd, 0xde, 0xff, 
	0xfc, 0xcb, 0xdb, 0xff, 0xf9, 0xcb, 0xd8, 0xff, 
	0xf9, 0xcb, 0xd8, 0xff, 0xf9, 0xcb, 0xd8, 0xff, 
	0xf7, 0xcb, 0xd6, 0xff, 0xf7, 0xcb, 0xd6, 0xff, 
	0xf7, 0xcb, 0xd6, 0xff, 0xf9, 0xcd, 0xd8, 0xff, 
	0xf7, 0xcb, 0xde, 0xff, 0xf9, 0xcb, 0xe1, 0xff, 
	0xf9, 0xcb, 0xe1, 0xff, 0xfc, 0xcb, 0xe4, 0xff, 
	0xfc, 0xd0, 0xe9, 0xff, 0xf9, 0xcd, 0xe3, 0xff, 
	0xf9, 0xcd, 0xe3, 0xff, 0xf9, 0xcd, 0xe3, 0xff, 
	0xfc, 0xd0, 0xec, 0xff, 0xf9, 0xcd, 0xe9, 0xff, 
	0xfc, 0xd0, 0xec, 0xff, 0xfc, 0xd0, 0xec, 0xff, 
	0xf9, 0xcc, 0xec, 0xff, 0xf9, 0xcc, 0xec, 0xff, 
	0xfc, 0xcd, 0xf1, 0xff, 0xfc, 0xcd, 0xf1, 0xff, 
	0xf9, 0xcc, 0xf4, 0xff, 0xf9, 0xcc, 0xf4, 0xff, 
	0xf7, 0xcb, 0xef, 0xff, 0xfc, 0xcd, 0xf9, 0xff, 
	0xf9, 0xd0, 0xf9, 0xff, 0xfc, 0xd1, 0xfc, 0xff, 
	0xfc, 0xd1, 0xfc, 0xff, 0xfc, 0xd1, 0xfc, 0xff, 
	0xff, 0xd7, 0xff, 0xff, 0xff, 0xd1, 0xfc, 0xff, 
	0xff, 0xd1, 0xfc, 0xff, 0xff, 0xd7, 0xff, 0xff, 
	0xff, 0xdc, 0xff, 0xff, 0xff, 0xdc, 0xff, 0xff, 
	0xff, 0xdf, 0xff, 0xff, 0xff, 0xdf, 0xff, 0xff, 
	0xff, 0xe3, 0xff, 0xff, 0xff, 0xe0, 0xff, 0xff, 
	0xff, 0xe0, 0xff, 0xff, 0xff, 0xdd, 0xff, 0xff, 
	0xff, 0xdd, 0xff, 0xff, 0xff, 0xdb, 0xff, 0xff, 
	0xff, 0xdd, 0xff, 0xff, 0xff, 0xe0, 0xff, 0xff, 
	0xfc, 0xe3, 0xff, 0xff, 0xf9, 0xe3, 0xff, 0xff, 
	0xfc, 0xe3, 0xff, 0xff, 0xf9, 0xe3, 0xff, 0xff, 
	0xf9, 0xe3, 0xff, 0xff, 0xf9, 0xe3, 0xff, 0xff, 
	0xfc, 0xe7, 0xff, 0xff, 0xfc, 0xe7, 0xff, 0xff, 
	0xff, 0xe7, 0xff, 0xff, 0xf9, 0xe8, 0xff, 0xff, 
	0xf4, 0xe9, 0xff, 0xff, 0xf4, 0xe9, 0xff, 0xff, 
	0xf4, 0xec, 0xff, 0xff, 0xf4, 0xec, 0xff, 0xff, 
	0xf1, 0xed, 0xff, 0xff, 0xf4, 0xec, 0xff, 0xff, 
	0xf7, 0xeb, 0xff, 0xff, 0xf9, 0xf0, 0xff, 0xff, 
	0xf9, 0xf0, 0xff, 0xff, 0xf9, 0xf0, 0xff, 0xff, 
	0xfc, 0xf0, 0xff, 0xff, 0xfc, 0xf0, 0xff, 0xff, 
	0xff, 0xeb, 0xff, 0xff, 0xff, 0xeb, 0xff, 0xff, 
	0xff, 0xe8, 0xff, 0xff, 0xff, 0xe8, 0xff, 0xff, 
	0xff, 0xf3, 0xff, 0xff, 0xff, 0xe8, 0xff, 0xff, 
	0xff, 0xe5, 0xff, 0xff, 0xff, 0xe5, 0xff, 0xff, 
	0xff, 0xe3, 0xff, 0xff, 0xff, 0xe3, 0xff, 0xff, 
	0xff, 0xe4, 0xff, 0xff, 0xff, 0xe4, 0xff, 0xff, 
	0xff, 0xe4, 0xff, 0xff, 0xff, 0xdf, 0xff, 0xff, 
	0xff, 0xdb, 0xff, 0xff, 0xff, 0xdf, 0xff, 0xff, 
	0xff, 0xdf, 0xff, 0xff, 0xff, 0xdf, 0xff, 0xff, 
	0xff, 0xe0, 0xff, 0xff, 0xff, 0xe0, 0xff, 0xff, 
	0xff, 0xdd, 0xff, 0xff, 0xff, 0xdd, 0xff, 0xff, 
	0xff, 0xdb, 0xfc, 0xff, 0xff, 0xdb, 0xfc, 0xff, 
	0xff, 0xdb, 0xfc, 0xff, 0xff, 0xdb, 0xfc, 0xff, 
	0xff, 0xd9, 0xf9, 0xff, 0xff, 0xd9, 0xf9, 0xff, 
	0xff, 0xd9, 0xf9, 0xff, 0xff, 0xd9, 0xf9, 0xff, 
	0xff, 0xd7, 0xff, 0xff, 0xff, 0xd7, 0xff, 0xff, 
	0xff, 0xd3, 0xfc, 0xff, 0xff, 0xcf, 0xf9, 0xff, 
	0xff, 0xcb, 0xfc, 0xff, 0xff, 0xcb, 0xfc, 0xff, 
	0xff, 0xcb, 0xfc, 0xff, 0xff, 0xcb, 0xfc, 0xff, 
	0xff, 0xc7, 0xf7, 0xff, 0xff, 0xc7, 0xf1, 0xff, 
	0xff, 0xc7, 0xf1, 0xff, 0xff, 0xc7, 0xec, 0xff, 
	0xff, 0xc5, 0xe9, 0xff, 0xff, 0xc5, 0xe9, 0xff, 
	0xff, 0xc5, 0xe9, 0xff, 0xff, 0xc7, 0xe7, 0xff, 
	0xff, 0xc5, 0xe9, 0xff, 0xff, 0xc5, 0xe9, 0xff, 
	0xff, 0xc5, 0xe9, 0xff, 0xff, 0xc5, 0xe9, 0xff, 
	0xff, 0xc7, 0xe7, 0xff, 0xff, 0xcc, 0xe1, 0xff, 
	0xff, 0xcc, 0xe1, 0xff, 0xff, 0xcc, 0xe1, 0xff, 
	0xf9, 0xcc, 0xde, 0xff, 0xf9, 0xcc, 0xde, 0xff, 
	0xf4, 0xcd, 0xde, 0xff, 0xf9, 0xcc, 0xde, 0xff, 
	0xfc, 0xcb, 0xdb, 0xff, 0xfc, 0xcb, 0xdb, 0xff, 
	0xf9, 0xcb, 0xd8, 0xff, 0xfc, 0xcb, 0xdb, 0xff, 
	0xf7, 0xcb, 0xd6, 0xff, 0xf9, 0xcd, 0xd8, 0xff, 
	0xf7, 0xcb, 0xd6, 0xff, 0xf9, 0xcd, 0xd8, 0xff, 
	0xf7, 0xcb, 0xde, 0xff, 0xf7, 0xcb, 0xde, 0xff, 
	0xf9, 0xcb, 0xe1, 0xff, 0xfc, 0xcb, 0xe4, 0xff, 
	0xfc, 0xd0, 0xe9, 0xff, 0xfc, 0xd0, 0xe9, 0xff, 
	0xf9, 0xcd, 0xe3, 0xff, 0xfc, 0xd0, 0xe9, 0xff, 
	0xfc, 0xd0, 0xec, 0xff, 0xf9, 0xcd, 0xe9, 0xff, 
	0xfc, 0xd0, 0xec, 0xff, 0xfc, 0xd0, 0xec, 0xff, 
	0xfc, 0xcd, 0xf1, 0xff, 0xfc, 0xcd, 0xf1, 0xff, 
	0xff, 0xcf, 0xf7, 0xff, 0xfc, 0xcd, 0xf1, 0xff, 
	0xfc, 0xcd, 0xf9, 0xff, 0xfc, 0xcd, 0xf9, 0xff, 
	0xfc, 0xcd, 0xf9, 0xff, 0xfc, 0xcd, 0xf9, 0xff, 
	0xfc, 0xd1, 0xfc, 0xff, 0xfc, 0xd1, 0xfc, 0xff, 
	0xff, 0xd3, 0xff, 0xff, 0xff, 0xd3, 0xff, 0xff, 
	0xff, 0xd7, 0xff, 0xff, 0xff, 0xd1, 0xfc, 0xff, 
	0xff, 0xd7, 0xff, 0xff, 0xff, 0xd7, 0xff, 0xff, 
	0xff, 0xdc, 0xff, 0xff, 0xff, 0xdc, 0xff, 0xff, 
	0xff, 0xdc, 0xff, 0xff, 0xff, 0xdf, 0xff, 0xff, 
	0xff, 0xe0, 0xff, 0xff, 0xff, 0xdb, 0xff, 0xff, 
	0xff, 0xdd, 0xff, 0xff, 0xff, 0xdd, 0xff, 0xff, 
	0xff, 0xdd, 0xff, 0xff, 0xff, 0xdb, 0xff, 0xff, 
	0xff, 0xdb, 0xff, 0xff, 0xff, 0xdb, 0xff, 0xff, 
	0xff, 0xe3, 0xff, 0xff, 0xff, 0xe3, 0xff, 0xff, 
	0xf9, 0xe3, 0xff, 0xff, 0xf9, 0xe3, 0xff, 0xff, 
	0xfc, 0xe7, 0xff, 0xff, 0xff, 0xeb, 0xff, 0xff, 
	0xfc, 0xe7, 0xff, 0xff, 0xff, 0xeb, 0xff, 0xff, 
	0xff, 0xe7, 0xff, 0xff, 0xf9, 0xe8, 0xff, 0xff, 
	0xf4, 0xe9, 0xff, 0xff, 0xf4, 0xe9, 0xff, 0xff, 
	0xf4, 0xec, 0xff, 0xff, 0xf4, 0xec, 0xff, 0xff, 
	0xf4, 0xec, 0xff, 0xff, 0xf7, 0xeb, 0xff, 0xff, 
	0xf7, 0xeb, 0xff, 0xff, 0xf7, 0xeb, 0xff, 0xff, 
	0xfc, 0xf5, 0xff, 0xff, 0xfc, 0xf5, 0xff, 0xff, 
	0xf9, 0xf5, 0xff, 0xff, 0xfc, 0xf0, 0xff, 0xff, 
	0xfc, 0xf0, 0xff, 0xff, 0xff, 0xeb, 0xff, 0xff, 
	0xff, 0xe8, 0xff, 0xff, 0xff, 0xe8, 0xff, 0xff, 
	0xff, 0xe8, 0xff, 0xff, 0xff, 0xed, 0xff, 0xff, 
	0xff, 0xeb, 0xff, 0xff, 0xff, 0xe5, 0xff, 0xff, 
	0xff, 0xe3, 0xff, 0xff, 0xff, 0xe3, 0xff, 0xff, 
	0xff, 0xe4, 0xff, 0xff, 0xff, 0xe4, 0xff, 0xff, 
	0xff, 0xdf, 0xff, 0xff, 0xff, 0xdf, 0xff, 0xff, 
	0xff, 0xdb, 0xff, 0xff, 0xff, 0xdf, 0xff, 0xff, 
	0xff, 0xdf, 0xff, 0xff, 0xff, 0xdf, 0xff, 0xff, 
	0xff, 0xe0, 0xff, 0xff, 0xff, 0xdd, 0xff, 0xff, 
	0xff, 0xdd, 0xff, 0xff, 0xff, 0xdd, 0xff, 0xff, 
	0xff, 0xdf, 0xff, 0xff, 0xff, 0xdb, 0xfc, 0xff, 
	0xff, 0xdb, 0xfc, 0xff, 0xff, 0xdb, 0xfc, 0xff, 
	0xff, 0xdc, 0xfc, 0xff, 0xff, 0xdc, 0xfc, 0xff, 
	0xff, 0xdc, 0xfc, 0xff, 0xff, 0xd9, 0xf9, 0xff, 
	0xff, 0xd3, 0xfc, 0xff, 0xff, 0xd3, 0xfc, 0xff, 
	0xff, 0xcf, 0xf9, 0xff, 0xff, 0xcf, 0xf9, 0xff, 
	0xff, 0xcf, 0xf9, 0xff, 0xff, 0xcb, 0xfc, 0xff, 
	0xff, 0xc7, 0xff, 0xff, 0xff, 0xc7, 0xff, 0xff, 
	0xff, 0xc7, 0xf7, 0xff, 0xff, 0xc7, 0xf1, 0xff, 
	0xff, 0xc7, 0xf1, 0xff, 0xff, 0xc7, 0xf1, 0xff, 
	0xff, 0xc7, 0xe7, 0xff, 0xff, 0xc5, 0xe9, 0xff, 
	0xff, 0xc5, 0xe9, 0xff, 0xff, 0xc7, 0xe7, 0xff, 
	0xff, 0xc5, 0xe9, 0xff, 0xff, 0xc7, 0xef, 0xff, 
	0xff, 0xc7, 0xef, 0xff, 0xff, 0xc5, 0xe9, 0xff, 
	0xff, 0xc7, 0xe7, 0xff, 0xff, 0xcc, 0xe1, 0xff, 
	0xff, 0xcc, 0xe1, 0xff, 0xff, 0xc9, 0xe4, 0xff, 
	0xff, 0xcb, 0xde, 0xff, 0xf9, 0xcc, 0xde, 0xff, 
	0xf9, 0xcc, 0xde, 0xff, 0xf9, 0xcc, 0xde, 0xff, 
	0xfc, 0xcb, 0xdb, 0xff, 0xfc, 0xcb, 0xdb, 0xff, 
	0xfc, 0xcb, 0xdb, 0xff, 0xf9, 0xcb, 0xd8, 0xff, 
	0xfc, 0xd0, 0xdb, 0xff, 0xfc, 0xd0, 0xdb, 0xff, 
	0xfc, 0xd0, 0xdb, 0xff, 0xfc, 0xd0, 0xdb, 0xff, 
	0xf7, 0xcb, 0xde, 0xff, 0xf9, 0xcb, 0xe1, 0xff, 
	0xff, 0xcb, 0xe7, 0xff, 0xff, 0xcb, 0xe7, 0xff, 
	0xfc, 0xd0, 0xe9, 0xff, 0xfc, 0xd0, 0xe9, 0xff, 
	0xfc, 0xd0, 0xe9, 0xff, 0xfc, 0xd0, 0xe9, 0xff, 
	0xfc, 0xd0, 0xec, 0xff, 0xfc, 0xd0, 0xec, 0xff, 
	0xff, 0xd3, 0xef, 0xff, 0xfc, 0xd0, 0xec, 0xff, 
	0xfc, 0xcd, 0xf1, 0xff, 0xff, 0xcf, 0xf7, 0xff, 
	0xff, 0xcf, 0xf7, 0xff, 0xfc, 0xcd, 0xf1, 0xff, 
	0xfc, 0xcd, 0xf9, 0xff, 0xfc, 0xcd, 0xf9, 0xff, 
	0xff, 0xcf, 0xff, 0xff, 0xfc, 0xcd, 0xf9, 0xff, 
	0xfc, 0xd1, 0xfc, 0xff, 0xff, 0xd3, 0xff, 0xff, 
	0xff, 0xd3, 0xff, 0xff, 0xff, 0xd3, 0xff, 0xff, 
	0xff, 0xd7, 0xff, 0xff, 0xff, 0xd7, 0xff, 0xff, 
	0xff, 0xd7, 0xff, 0xff, 0xff, 0xd7, 0xff, 0xff, 
	0xff, 0xd7, 0xff, 0xff, 0xff, 0xdc, 0xff, 0xff, 
	0xff, 0xd7, 0xff, 0xff, 0xff, 0xdc, 0xff, 0xff, 
	0xff, 0xdd, 0xff, 0xff, 0xff, 0xdd, 0xff, 0xff, 
	0xff, 0xdd, 0xff, 0xff, 0xff, 0xdd, 0xff, 0xff, 
	0xff, 0xdb, 0xff, 0xff, 0xff, 0xdb, 0xff, 0xff, 
	0xff, 0xdb, 0xff, 0xff, 0xff, 0xe0, 0xff, 0xff, 
	0xff, 0xe3, 0xff, 0xff, 0xff, 0xe3, 0xff, 0xff, 
	0xff, 0xe3, 0xff, 0xff, 0xff, 0xe3, 0xff, 0xff, 
	0xff, 0xeb, 0xff, 0xff, 0xff, 0xeb, 0xff, 0xff, 
	0xff, 0xeb, 0xff, 0xff, 0xff, 0xeb, 0xff, 0xff, 
	0xf9, 0xe8, 0xff, 0xff, 0xf9, 0xe8, 0xff, 0xff, 
	0xf4, 0xe9, 0xff, 0xff, 0xf9, 0xe8, 0xff, 0xff, 
	0xf4, 0xec, 0xff, 0xff, 0xf7, 0xeb, 0xff, 0xff, 
	0xf7, 0xeb, 0xff, 0xff, 0xf7, 0xeb, 0xff, 0xff, 
	0xf9, 0xf0, 0xff, 0xff, 0xfc, 0xf5, 0xff, 0xff, 
	0xfc, 0xf5, 0xff, 0xff, 0xfc, 0xf5, 0xff, 0xff, 
	0xf9, 0xf5, 0xff, 0xff, 0xf9, 0xf5, 0xff, 0xff, 
	0xfc, 0xf0, 0xff, 0xff, 0xff, 0xeb, 0xff, 0xff, 
	0xff, 0xe7, 0xff, 0xff, 0xff, 0xe4, 0xfc, 0xff, 
	0xff, 0xe7, 0xff, 0xff, 0xff, 0xe7, 0xff, 0xff, 
	0xff, 0xe4, 0xff, 0xff, 0xff, 0xe4, 0xff, 0xff, 
	0xff, 0xe1, 0xff, 0xff, 0xff, 0xe7, 0xff, 0xff, 
	0xff, 0xe4, 0xff, 0xff, 0xff, 0xe7, 0xff, 0xff, 
	0xff, 0xe4, 0xff, 0xff, 0xff, 0xdf, 0xff, 0xff, 
	0xff, 0xdf, 0xff, 0xff, 0xff, 0xdf, 0xff, 0xff, 
	0xff, 0xdf, 0xff, 0xff, 0xff, 0xdf, 0xff, 0xff, 
	0xff, 0xdf, 0xff, 0xff, 0xff, 0xdf, 0xff, 0xff, 
	0xff, 0xdf, 0xff, 0xff, 0xff, 0xdd, 0xfc, 0xff, 
	0xff, 0xdb, 0xff, 0xff, 0xff, 0xdb, 0xff, 0xff, 
	0xff, 0xd9, 0xfc, 0xff, 0xff, 0xd9, 0xfc, 0xff, 
	0xff, 0xd7, 0xf9, 0xff, 0xff, 0xd7, 0xf9, 0xff, 
	0xff, 0xd7, 0xf9, 0xff, 0xff, 0xd7, 0xf9, 0xff, 
	0xff, 0xd7, 0xff, 0xff, 0xff, 0xcf, 0xf9, 0xff, 
	0xff, 0xcf, 0xf9, 0xff, 0xff, 0xcf, 0xf9, 0xff, 
	0xff, 0xcf, 0xf7, 0xff, 0xff, 0xcf, 0xf7, 0xff, 
	0xff, 0xc3, 0xf7, 0xff, 0xff, 0xc3, 0xf7, 0xff, 
	0xff, 0xc3, 0xf7, 0xff, 0xff, 0xc5, 0xf1, 0xff, 
	0xff, 0xc7, 0xef, 0xff, 0xff, 0xc5, 0xf1, 0xff, 
	0xff, 0xc7, 0xf1, 0xff, 0xff, 0xc7, 0xec, 0xff, 
	0xff, 0xc7, 0xec, 0xff, 0xff, 0xc7, 0xe7, 0xff, 
	0xff, 0xc9, 0xec, 0xff, 0xff, 0xc8, 0xf1, 0xff, 
	0xff, 0xc8, 0xf1, 0xff, 0xff, 0xc8, 0xf1, 0xff, 
	0xff, 0xcf, 0xe7, 0xff, 0xff, 0xcf, 0xe1, 0xff, 
	0xff, 0xcf, 0xe1, 0xff, 0xff, 0xcf, 0xe1, 0xff, 
	0xff, 0xcb, 0xde, 0xff, 0xff, 0xcb, 0xde, 0xff, 
	0xfc, 0xcd, 0xdb, 0xff, 0xfc, 0xcd, 0xdb, 0xff, 
	0xfc, 0xcf, 0xdb, 0xff, 0xfc, 0xcf, 0xdb, 0xff, 
	0xff, 0xcb, 0xde, 0xff, 0xfc, 0xcf, 0xdb, 0xff, 
	0xf9, 0xd3, 0xdb, 0xff, 0xf9, 0xd3, 0xdb, 0xff, 
	0xf9, 0xd3, 0xdb, 0xff, 0xf9, 0xd3, 0xdb, 0xff, 
	0xf9, 0xd0, 0xdb, 0xff, 0xf9, 0xd0, 0xdb, 0xff, 
	0xfc, 0xcd, 0xe1, 0xff, 0xff, 0xcb, 0xe7, 0xff, 
	0xff, 0xcf, 0xe7, 0xff, 0xff, 0xcf, 0xe7, 0xff, 
	0xff, 0xcf, 0xe7, 0xff, 0xff, 0xcf, 0xe7, 0xff, 
	0xff, 0xcf, 0xef, 0xff, 0xff, 0xcf, 0xef, 0xff, 
	0xff, 0xcf, 0xef, 0xff, 0xff, 0xcf, 0xef, 0xff, 
	0xff, 0xd7, 0xf7, 0xff, 0xff, 0xd3, 0xf9, 0xff, 
	0xff, 0xd3, 0xf9, 0xff, 0xff, 0xcf, 0xfc, 0xff, 
	0xff, 0xd1, 0xf4, 0xff, 0xff, 0xd1, 0xf4, 0xff, 
	0xff, 0xd1, 0xf4, 0xff, 0xff, 0xd4, 0xf9, 0xff, 
	0xff, 0xd3, 0xf9, 0xff, 0xff, 0xd7, 0xfc, 0xff, 
	0xff, 0xd7, 0xfc, 0xff, 0xff, 0xdb, 0xff, 0xff, 
	0xff, 0xd5, 0xff, 0xff, 0xff, 0xd5, 0xff, 0xff, 
	0xff, 0xd8, 0xff, 0xff, 0xff, 0xd5, 0xff, 0xff, 
	0xff, 0xd7, 0xff, 0xff, 0xff, 0xd9, 0xff, 0xff, 
	0xff, 0xd9, 0xff, 0xff, 0xff, 0xdc, 0xff, 0xff, 
	0xff, 0xdb, 0xff, 0xff, 0xff, 0xdb, 0xff, 0xff, 
	0xff, 0xdf, 0xff, 0xff, 0xff, 0xdf, 0xff, 0xff, 
	0xff, 0xdb, 0xff, 0xff, 0xff, 0xdb, 0xff, 0xff, 
	0xff, 0xdb, 0xff, 0xff, 0xff, 0xdb, 0xff, 0xff, 
	0xff, 0xdf, 0xff, 0xff, 0xff, 0xe1, 0xff, 0xff, 
	0xff, 0xe1, 0xff, 0xff, 0xff, 0xe7, 0xff, 0xff, 
	0xff, 0xe7, 0xff, 0xff, 0xff, 0xe7, 0xff, 0xff, 
	0xff, 0xec, 0xff, 0xff, 0xff, 0xec, 0xff, 0xff, 
	0xf9, 0xec, 0xff, 0xff, 0xf7, 0xeb, 0xff, 0xff, 
	0xf7, 0xeb, 0xff, 0xff, 0xf7, 0xeb, 0xff, 0xff, 
	0xf9, 0xe8, 0xff, 0xff, 0xf9, 0xe8, 0xff, 0xff, 
	0xfc, 0xed, 0xff, 0xff, 0xfc, 0xed, 0xff, 0xff, 
	0xff, 0xf3, 0xff, 0xff, 0xff, 0xf3, 0xff, 0xff, 
	0xff, 0xf8, 0xff, 0xff, 0xff, 0xf8, 0xff, 0xff, 
	0xf9, 0xf9, 0xff, 0xff, 0xfc, 0xfc, 0xff, 0xff, 
	0xfc, 0xfc, 0xff, 0xff, 0xf9, 0xf9, 0xff, 0xff, 
	0xff, 0xe4, 0xfc, 0xff, 0xff, 0xe4, 0xfc, 0xff, 
	0xff, 0xe4, 0xfc, 0xff, 0xff, 0xe4, 0xfc, 0xff, 
	0xff, 0xe4, 0xff, 0xff, 0xff, 0xe1, 0xff, 0xff, 
	0xff, 0xe1, 0xff, 0xff, 0xff, 0xe1, 0xff, 0xff, 
	0xff, 0xe7, 0xff, 0xff, 0xff, 0xe7, 0xff, 0xff, 
	0xff, 0xe7, 0xff, 0xff, 0xff, 0xdf, 0xff, 0xff, 
	0xff, 0xe0, 0xff, 0xff, 0xff, 0xdf, 0xff, 0xff, 
	0xff, 0xdf, 0xff, 0xff, 0xff, 0xdf, 0xff, 0xff, 
	0xff, 0xdf, 0xff, 0xff, 0xff, 0xdf, 0xff, 0xff, 
	0xff, 0xdf, 0xff, 0xff, 0xff, 0xdf, 0xff, 0xff, 
	0xff, 0xdb, 0xff, 0xff, 0xff, 0xdb, 0xff, 0xff, 
	0xff, 0xdb, 0xff, 0xff, 0xff, 0xd9, 0xfc, 0xff, 
	0xff, 0xd7, 0xf9, 0xff, 0xff, 0xd7, 0xf9, 0xff, 
	0xff, 0xd7, 0xf9, 0xff, 0xff, 0xd7, 0xff, 0xff, 
	0xff, 0xd3, 0xfc, 0xff, 0xff, 0xcf, 0xf9, 0xff, 
	0xff, 0xcf, 0xf9, 0xff, 0xff, 0xcf, 0xf9, 0xff, 
	0xff, 0xcf, 0xf7, 0xff, 0xff, 0xc9, 0xf7, 0xff, 
	0xff, 0xc3, 0xf7, 0xff, 0xff, 0xbe, 0xf7, 0xff, 
	0xff, 0xc3, 0xf7, 0xff, 0xff, 0xc5, 0xf1, 0xff, 
	0xff, 0xc5, 0xf1, 0xff, 0xff, 0xc7, 0xef, 0xff, 
	0xff, 0xc7, 0xec, 0xff, 0xff, 0xc7, 0xec, 0xff, 
	0xff, 0xc7, 0xec, 0xff, 0xff, 0xc7, 0xec, 0xff, 
	0xff, 0xc9, 0xec, 0xff, 0xff, 0xc8, 0xf1, 0xff, 
	0xff, 0xc8, 0xf1, 0xff, 0xff, 0xc8, 0xf1, 0xff, 
	0xff, 0xcf, 0xe7, 0xff, 0xff, 0xcf, 0xe1, 0xff, 
	0xff, 0xcf, 0xdb, 0xff, 0xff, 0xcf, 0xdb, 0xff, 
	0xff, 0xcb, 0xde, 0xff, 0xff, 0xcb, 0xde, 0xff, 
	0xfc, 0xcd, 0xdb, 0xff, 0xfc, 0xcd, 0xdb, 0xff, 
	0xf9, 0xd3, 0xd8, 0xff, 0xfc, 0xcf, 0xdb, 0xff, 
	0xfc, 0xcf, 0xdb, 0xff, 0xff, 0xcb, 0xde, 0xff, 
	0xfc, 0xcf, 0xe1, 0xff, 0xf9, 0xd3, 0xdb, 0xff, 
	0xf9, 0xd3, 0xdb, 0xff, 0xf9, 0xd3, 0xdb, 0xff, 
	0xf9, 0xd0, 0xdb, 0xff, 0xf9, 0xd0, 0xdb, 0xff, 
	0xfc, 0xcd, 0xe1, 0xff, 0xff, 0xcb, 0xe7, 0xff, 
	0xff, 0xcf, 0xe7, 0xff, 0xff, 0xcd, 0xec, 0xff, 
	0xff, 0xcd, 0xec, 0xff, 0xff, 0xcd, 0xec, 0xff, 
	0xff, 0xcf, 0xef, 0xff, 0xff, 0xcf, 0xef, 0xff, 
	0xfc, 0xcf, 0xf4, 0xff, 0xf9, 0xcf, 0xf9, 0xff, 
	0xff, 0xd3, 0xf9, 0xff, 0xff, 0xd3, 0xf9, 0xff, 
	0xff, 0xcf, 0xfc, 0xff, 0xff, 0xd3, 0xf9, 0xff, 
	0xff, 0xd4, 0xf9, 0xff, 0xff, 0xd4, 0xf9, 0xff, 
	0xff, 0xd1, 0xf4, 0xff, 0xff, 0xd4, 0xf9, 0xff, 
	0xff, 0xd3, 0xf9, 0xff, 0xff, 0xd7, 0xfc, 0xff, 
	0xff, 0xd7, 0xfc, 0xff, 0xff, 0xd7, 0xfc, 0xff, 
	0xff, 0xd8, 0xff, 0xff, 0xff, 0xd5, 0xff, 0xff, 
	0xff, 0xd3, 0xff, 0xff, 0xff, 0xd3, 0xff, 0xff, 
	0xff, 0xd9, 0xff, 0xff, 0xff, 0xd9, 0xff, 0xff, 
	0xff, 0xd9, 0xff, 0xff, 0xff, 0xd7, 0xff, 0xff, 
	0xff, 0xdf, 0xff, 0xff, 0xff, 0xdf, 0xff, 0xff, 
	0xff, 0xdf, 0xff, 0xff, 0xff, 0xdf, 0xff, 0xff, 
	0xff, 0xe0, 0xff, 0xff, 0xff, 0xe0, 0xff, 0xff, 
	0xff, 0xe0, 0xff, 0xff, 0xff, 0xdb, 0xff, 0xff, 
	0xff, 0xdf, 0xff, 0xff, 0xff, 0xe1, 0xff, 0xff, 
	0xff, 0xe1, 0xff, 0xff, 0xff, 0xe4, 0xff, 0xff, 
	0xff, 0xe7, 0xff, 0xff, 0xff, 0xe9, 0xff, 0xff, 
	0xff, 0xe9, 0xff, 0xff, 0xff, 0xec, 0xff, 0xff, 
	0xf9, 0xec, 0xff, 0xff, 0xf9, 0xec, 0xff, 0xff, 
	0xf7, 0xeb, 0xff, 0xff, 0xf7, 0xeb, 0xff, 0xff, 
	0xf9, 0xe8, 0xff, 0xff, 0xfc, 0xed, 0xff, 0xff, 
	0xfc, 0xed, 0xff, 0xff, 0xfc, 0xed, 0xff, 0xff, 
	0xff, 0xf3, 0xff, 0xff, 0xff, 0xf8, 0xff, 0xff, 
	0xff, 0xf8, 0xff, 0xff, 0xff, 0xf8, 0xff, 0xff, 
	0xff, 0xff, 0xff, 0xff, 0xff, 0xff, 0xff, 0xff, 
	0xff, 0xff, 0xff, 0xff, 0xfc, 0xfc, 0xff, 0xff, 
	0xff, 0xe4, 0xfc, 0xff, 0xff, 0xe4, 0xfc, 0xff, 
	0xff, 0xe4, 0xfc, 0xff, 0xff, 0xe4, 0xfc, 0xff, 
	0xff, 0xe4, 0xff, 0xff, 0xff, 0xe4, 0xff, 0xff, 
	0xff, 0xe1, 0xff, 0xff, 0xff, 0xdf, 0xff, 0xff, 
	0xff, 0xe4, 0xff, 0xff, 0xff, 0xe4, 0xff, 0xff, 
	0xff, 0xdf, 0xff, 0xff, 0xff, 0xdf, 0xff, 0xff, 
	0xff, 0xe0, 0xff, 0xff, 0xff, 0xe0, 0xff, 0xff, 
	0xff, 0xdf, 0xff, 0xff, 0xff, 0xdf, 0xff, 0xff, 
	0xff, 0xdf, 0xff, 0xff, 0xff, 0xdf, 0xff, 0xff, 
	0xff, 0xdf, 0xff, 0xff, 0xff, 0xdd, 0xfc, 0xff, 
	0xff, 0xdb, 0xff, 0xff, 0xff, 0xd8, 0xf9, 0xff, 
	0xff, 0xd9, 0xfc, 0xff, 0xff, 0xd8, 0xf9, 0xff, 
	0xff, 0xd7, 0xf9, 0xff, 0xff, 0xd7, 0xef, 0xff, 
	0xff, 0xd7, 0xf9, 0xff, 0xff, 0xd7, 0xf9, 0xff, 
	0xff, 0xd3, 0xfc, 0xff, 0xff, 0xcf, 0xf9, 0xff, 
	0xff, 0xcf, 0xf9, 0xff, 0xff, 0xcf, 0xf9, 0xff, 
	0xff, 0xc9, 0xf7, 0xff, 0xff, 0xc3, 0xf7, 0xff, 
	0xff, 0xc3, 0xf7, 0xff, 0xff, 0xbe, 0xf7, 0xff, 
	0xff, 0xc3, 0xf7, 0xff, 0xff, 0xc5, 0xf1, 0xff, 
	0xff, 0xc3, 0xf7, 0xff, 0xff, 0xc7, 0xef, 0xff, 
	0xff, 0xc7, 0xe7, 0xff, 0xff, 0xc7, 0xe7, 0xff, 
	0xff, 0xc7, 0xec, 0xff, 0xff, 0xc7, 0xec, 0xff, 
	0xff, 0xc8, 0xf1, 0xff, 0xff, 0xc8, 0xf1, 0xff, 
	0xff, 0xc8, 0xf1, 0xff, 0xff, 0xcb, 0xe7, 0xff, 
	0xff, 0xcf, 0xe7, 0xff, 0xff, 0xcf, 0xe1, 0xff, 
	0xff, 0xcf, 0xe1, 0xff, 0xff, 0xcf, 0xdb, 0xff, 
	0xff, 0xcb, 0xde, 0xff, 0xff, 0xcb, 0xde, 0xff, 
	0xfc, 0xcd, 0xdb, 0xff, 0xff, 0xcb, 0xde, 0xff, 
	0xfc, 0xcf, 0xdb, 0xff, 0xff, 0xcb, 0xde, 0xff, 
	0xfc, 0xcf, 0xdb, 0xff, 0xff, 0xcb, 0xde, 0xff, 
	0xfc, 0xcf, 0xe1, 0xff, 0xfc, 0xcf, 0xe1, 0xff, 
	0xf9, 0xd3, 0xdb, 0xff, 0xf9, 0xd3, 0xdb, 0xff, 
	0xfc, 0xcd, 0xe1, 0xff, 0xff, 0xcb, 0xe7, 0xff, 
	0xff, 0xcb, 0xe7, 0xff, 0xff, 0xcb, 0xe7, 0xff, 
	0xff, 0xcd, 0xec, 0xff, 0xff, 0xcd, 0xec, 0xff, 
	0xff, 0xcf, 0xe7, 0xff, 0xff, 0xcc, 0xf1, 0xff, 
	0xff, 0xcf, 0xef, 0xff, 0xff, 0xcf, 0xef, 0xff, 
	0xf9, 0xcf, 0xf9, 0xff, 0xf9, 0xcf, 0xf9, 0xff, 
	0xff, 0xd3, 0xf9, 0xff, 0xff, 0xd3, 0xf9, 0xff, 
	0xff, 0xd3, 0xf9, 0xff, 0xff, 0xd3, 0xf9, 0xff, 
	0xff, 0xd4, 0xf9, 0xff, 0xff, 0xd1, 0xf4, 0xff, 
	0xff, 0xd4, 0xf9, 0xff, 0xff, 0xd4, 0xf9, 0xff, 
	0xff, 0xd7, 0xfc, 0xff, 0xff, 0xd7, 0xfc, 0xff, 
	0xff, 0xdb, 0xff, 0xff, 0xff, 0xdb, 0xff, 0xff, 
	0xff, 0xd8, 0xff, 0xff, 0xff, 0xd8, 0xff, 0xff, 
	0xff, 0xd8, 0xff, 0xff, 0xff, 0xd8, 0xff, 0xff, 
	0xff, 0xd7, 0xff, 0xff, 0xff, 0xd9, 0xff, 0xff, 
	0xff, 0xd9, 0xff, 0xff, 0xff, 0xd9, 0xff, 0xff, 
	0xff, 0xdf, 0xff, 0xff, 0xff, 0xdf, 0xff, 0xff, 
	0xff, 0xdf, 0xff, 0xff, 0xff, 0xdf, 0xff, 0xff, 
	0xff, 0xe0, 0xff, 0xff, 0xff, 0xe0, 0xff, 0xff, 
	0xff, 0xe0, 0xff, 0xff, 0xff, 0xdb, 0xff, 0xff, 
	0xff, 0xdf, 0xff, 0xff, 0xff, 0xe7, 0xff, 0xff, 
	0xff, 0xe4, 0xff, 0xff, 0xff, 0xe1, 0xff, 0xff, 
	0xff, 0xe7, 0xff, 0xff, 0xff, 0xe7, 0xff, 0xff, 
	0xff, 0xe7, 0xff, 0xff, 0xff, 0xe9, 0xff, 0xff, 
	0xff, 0xef, 0xff, 0xff, 0xf9, 0xec, 0xff, 0xff, 
	0xf9, 0xec, 0xff, 0xff, 0xf9, 0xec, 0xff, 0xff, 
	0xfc, 0xed, 0xff, 0xff, 0xfc, 0xed, 0xff, 0xff, 
	0xfc, 0xed, 0xff, 0xff, 0xfc, 0xed, 0xff, 0xff, 
	0xff, 0xf3, 0xff, 0xff, 0xff, 0xf3, 0xff, 0xff, 
	0xff, 0xf8, 0xff, 0xff, 0xff, 0xfb, 0xff, 0xff, 
	0xfc, 0xfc, 0xff, 0xff, 0xff, 0xff, 0xff, 0xff, 
	0xff, 0xff, 0xff, 0xff, 0xff, 0xff, 0xff, 0xff, 
	0xff, 0xe7, 0xff, 0xff, 0xff, 0xe4, 0xfc, 0xff, 
	0xff, 0xe4, 0xfc, 0xff, 0xff, 0xe4, 0xfc, 0xff, 
	0xff, 0xe1, 0xff, 0xff, 0xff, 0xe4, 0xff, 0xff, 
	0xff, 0xe1, 0xff, 0xff, 0xff, 0xdf, 0xff, 0xff, 
	0xff, 0xdf, 0xff, 0xff, 0xff, 0xdf, 0xff, 0xff, 
	0xff, 0xdf, 0xff, 0xff, 0xff, 0xdf, 0xff, 0xff, 
	0xff, 0xe0, 0xff, 0xff, 0xff, 0xe0, 0xff, 0xff, 
	0xff, 0xdf, 0xff, 0xff, 0xff, 0xdf, 0xff, 0xff, 
	0xff, 0xdf, 0xff, 0xff, 0xff, 0xdd, 0xfc, 0xff, 
	0xff, 0xdc, 0xf9, 0xff, 0xff, 0xdd, 0xfc, 0xff, 
	0xff, 0xdb, 0xff, 0xff, 0xff, 0xdb, 0xff, 0xff, 
	0xff, 0xd9, 0xfc, 0xff, 0xff, 0xd8, 0xf9, 0xff, 
	0xff, 0xd7, 0xf4, 0xff, 0xff, 0xd7, 0xf4, 0xff, 
	0xff, 0xd7, 0xef, 0xff, 0xff, 0xd7, 0xf4, 0xff, 
	0xff, 0xd3, 0xfc, 0xff, 0xff, 0xcf, 0xf9, 0xff, 
	0xff, 0xcf, 0xf9, 0xff, 0xff, 0xcb, 0xf7, 0xff, 
	0xff, 0xc9, 0xf7, 0xff, 0xff, 0xc3, 0xf7, 0xff, 
	0xff, 0xc3, 0xf7, 0xff, 0xff, 0xbe, 0xf7, 0xff, 
	0xff, 0xc5, 0xf1, 0xff, 0xff, 0xc5, 0xf1, 0xff, 
	0xff, 0xc7, 0xef, 0xff, 0xff, 0xc7, 0xef, 0xff, 
	0xff, 0xc7, 0xec, 0xff, 0xff, 0xc7, 0xec, 0xff, 
	0xff, 0xc7, 0xf1, 0xff, 0xff, 0xc7, 0xf1, 0xff, 
	0xff, 0xc8, 0xf1, 0xff, 0xff, 0xc8, 0xf1, 0xff, 
	0xff, 0xc9, 0xec, 0xff, 0xff, 0xcb, 0xe7, 0xff, 
	0xff, 0xcf, 0xe7, 0xff, 0xff, 0xcf, 0xe7, 0xff, 
	0xff, 0xcf, 0xe7, 0xff, 0xff, 0xcf, 0xe7, 0xff, 
	0xff, 0xcb, 0xde, 0xff, 0xff, 0xcb, 0xde, 0xff, 
	0xff, 0xcb, 0xde, 0xff, 0xfc, 0xcd, 0xdb, 0xff, 
	0xfc, 0xcf, 0xdb, 0xff, 0xff, 0xcb, 0xde, 0xff, 
	0xff, 0xcb, 0xde, 0xff, 0xff, 0xcb, 0xde, 0xff, 
	0xff, 0xcb, 0xe7, 0xff, 0xfc, 0xcf, 0xe1, 0xff, 
	0xfc, 0xcf, 0xe1, 0xff, 0xfc, 0xcf, 0xe1, 0xff, 
	0xff, 0xcb, 0xe7, 0xff, 0xff, 0xcb, 0xe7, 0xff, 
	0xff, 0xcb, 0xe7, 0xff, 0xff, 0xcb, 0xe7, 0xff, 
	0xff, 0xcd, 0xec, 0xff, 0xff, 0xcd, 0xec, 0xff, 
	0xff, 0xcd, 0xec, 0xff, 0xff, 0xcb, 0xf7, 0xff, 
	0xfc, 0xcf, 0xf4, 0xff, 0xfc, 0xcf, 0xf4, 0xff, 
	0xfc, 0xcf, 0xf4, 0xff, 0xf9, 0xcf, 0xf9, 0xff, 
	0xff, 0xd3, 0xf9, 0xff, 0xff, 0xd7, 0xf7, 0xff, 
	0xff, 0xd3, 0xf9, 0xff, 0xff, 0xd3, 0xf9, 0xff, 
	0xff, 0xd4, 0xf9, 0xff, 0xff, 0xd4, 0xf9, 0xff, 
	0xff, 0xd4, 0xf9, 0xff, 0xff, 0xd4, 0xf9, 0xff, 
	0xff, 0xd7, 0xfc, 0xff, 0xff, 0xdb, 0xff, 0xff, 
	0xff, 0xdb, 0xff, 0xff, 0xff, 0xdb, 0xff, 0xff, 
	0xff, 0xd8, 0xff, 0xff, 0xff, 0xd8, 0xff, 0xff, 
	0xff, 0xd8, 0xff, 0xff, 0xff, 0xd8, 0xff, 0xff, 
	0xff, 0xd9, 0xff, 0xff, 0xff, 0xd9, 0xff, 0xff, 
	0xff, 0xd9, 0xff, 0xff, 0xff, 0xdc, 0xff, 0xff, 
	0xff, 0xdf, 0xff, 0xff, 0xff, 0xdf, 0xff, 0xff, 
	0xff, 0xe3, 0xff, 0xff, 0xff, 0xe7, 0xff, 0xff, 
	0xff, 0xe5, 0xff, 0xff, 0xff, 0xeb, 0xff, 0xff, 
	0xff, 0xe0, 0xff, 0xff, 0xff, 0xe0, 0xff, 0xff, 
	0xff, 0xe1, 0xff, 0xff, 0xff, 0xe4, 0xff, 0xff, 
	0xff, 0xe4, 0xff, 0xff, 0xff, 0xe4, 0xff, 0xff, 
	0xff, 0xe7, 0xff, 0xff, 0xff, 0xe7, 0xff, 0xff, 
	0xff, 0xe7, 0xff, 0xff, 0xff, 0xe9, 0xff, 0xff, 
	0xfc, 0xed, 0xff, 0xff, 0xff, 0xef, 0xff, 0xff, 
	0xfc, 0xed, 0xff, 0xff, 0xf9, 0xec, 0xff, 0xff, 
	0xfc, 0xed, 0xff, 0xff, 0xfc, 0xed, 0xff, 0xff, 
	0xfc, 0xed, 0xff, 0xff, 0xff, 0xf3, 0xff, 0xff, 
	0xff, 0xf3, 0xff, 0xff, 0xff, 0xf3, 0xff, 0xff, 
	0xff, 0xf8, 0xff, 0xff, 0xff, 0xfb, 0xff, 0xff, 
	0xfc, 0xfc, 0xff, 0xff, 0xfc, 0xfc, 0xff, 0xff, 
	0xff, 0xff, 0xff, 0xff, 0xff, 0xff, 0xff, 0xff, 
	0xff, 0xe0, 0xfc, 0xff, 0xff, 0xe0, 0xfc, 0xff, 
	0xff, 0xe0, 0xfc, 0xff, 0xff, 0xe0, 0xfc, 0xff, 
	0xff, 0xe3, 0xff, 0xff, 0xff, 0xe3, 0xff, 0xff, 
	0xff, 0xe3, 0xff, 0xff, 0xff, 0xe3, 0xff, 0xff, 
	0xff, 0xdf, 0xff, 0xff, 0xff, 0xdf, 0xff, 0xff, 
	0xff, 0xdc, 0xff, 0xff, 0xff, 0xdc, 0xff, 0xff, 
	0xff, 0xdb, 0xff, 0xff, 0xff, 0xdb, 0xff, 0xff, 
	0xff, 0xdb, 0xff, 0xff, 0xff, 0xdb, 0xff, 0xff, 
	0xff, 0xdc, 0xfc, 0xff, 0xff, 0xdc, 0xfc, 0xff, 
	0xff, 0xdc, 0xfc, 0xff, 0xff, 0xd5, 0xf9, 0xff, 
	0xff, 0xd7, 0xfc, 0xff, 0xff, 0xd7, 0xfc, 0xff, 
	0xff, 0xd7, 0xfc, 0xff, 0xff, 0xd7, 0xfc, 0xff, 
	0xff, 0xd1, 0xf9, 0xff, 0xff, 0xd0, 0xf4, 0xff, 
	0xff, 0xd0, 0xf4, 0xff, 0xff, 0xd0, 0xf4, 0xff, 
	0xff, 0xcf, 0xf7, 0xff, 0xff, 0xcb, 0xf7, 0xff, 
	0xff, 0xcb, 0xf7, 0xff, 0xff, 0xcb, 0xf7, 0xff, 
	0xff, 0xc3, 0xf9, 0xff, 0xff, 0xc3, 0xf9, 0xff, 
	0xff, 0xc3, 0xf9, 0xff, 0xff, 0xc3, 0xf9, 0xff, 
	0xff, 0xc3, 0xec, 0xff, 0xff, 0xc3, 0xec, 0xff, 
	0xff, 0xc3, 0xe7, 0xff, 0xff, 0xc3, 0xec, 0xff, 
	0xff, 0xc5, 0xf1, 0xff, 0xff, 0xc5, 0xf1, 0xff, 
	0xff, 0xc4, 0xec, 0xff, 0xff, 0xc5, 0xf1, 0xff, 
	0xff, 0xc9, 0xec, 0xff, 0xff, 0xc9, 0xec, 0xff, 
	0xff, 0xcb, 0xe7, 0xff, 0xff, 0xcb, 0xe7, 0xff, 
	0xff, 0xc8, 0xe9, 0xff, 0xff, 0xc9, 0xe3, 0xff, 
	0xff, 0xc8, 0xe9, 0xff, 0xff, 0xc9, 0xe3, 0xff, 
	0xff, 0xc8, 0xe6, 0xff, 0xff, 0xc8, 0xe6, 0xff, 
	0xff, 0xcb, 0xde, 0xff, 0xff, 0xcb, 0xde, 0xff, 
	0xff, 0xcb, 0xde, 0xff, 0xff, 0xcb, 0xe3, 0xff, 
	0xff, 0xcb, 0xe3, 0xff, 0xff, 0xcb, 0xe3, 0xff, 
	0xff, 0xcc, 0xe3, 0xff, 0xff, 0xcb, 0xde, 0xff, 
	0xff, 0xcb, 0xde, 0xff, 0xff, 0xcd, 0xe9, 0xff, 
	0xff, 0xcf, 0xec, 0xff, 0xff, 0xcf, 0xe7, 0xff, 
	0xff, 0xcf, 0xec, 0xff, 0xff, 0xcf, 0xf1, 0xff, 
	0xff, 0xd4, 0xec, 0xff, 0xff, 0xd4, 0xec, 0xff, 
	0xff, 0xd3, 0xe7, 0xff, 0xff, 0xd5, 0xf1, 0xff, 
	0xff, 0xcf, 0xf7, 0xff, 0xff, 0xcf, 0xf7, 0xff, 
	0xff, 0xd7, 0xf7, 0xff, 0xff, 0xdb, 0xf7, 0xff, 
	0xfc, 0xd8, 0xff, 0xff, 0xff, 0xd7, 0xff, 0xff, 
	0xff, 0xd7, 0xff, 0xff, 0xff, 0xd7, 0xff, 0xff, 
	0xff, 0xd8, 0xf9, 0xff, 0xff, 0xd8, 0xf9, 0xff, 
	0xff, 0xd8, 0xf9, 0xff, 0xff, 0xd7, 0xf7, 0xff, 
	0xff, 0xdb, 0xff, 0xff, 0xff, 0xdb, 0xff, 0xff, 
	0xff, 0xdf, 0xff, 0xff, 0xff, 0xdf, 0xff, 0xff, 
	0xff, 0xe0, 0xff, 0xff, 0xff, 0xdd, 0xff, 0xff, 
	0xff, 0xdb, 0xff, 0xff, 0xff, 0xdb, 0xff, 0xff, 
	0xff, 0xdb, 0xff, 0xff, 0xff, 0xdb, 0xff, 0xff, 
	0xff, 0xdb, 0xff, 0xff, 0xff, 0xe3, 0xff, 0xff, 
	0xff, 0xe5, 0xff, 0xff, 0xff, 0xe3, 0xff, 0xff, 
	0xff, 0xe8, 0xff, 0xff, 0xff, 0xe8, 0xff, 0xff, 
	0xff, 0xe3, 0xff, 0xff, 0xff, 0xe4, 0xff, 0xff, 
	0xff, 0xe5, 0xff, 0xff, 0xff, 0xe7, 0xff, 0xff, 
	0xff, 0xe5, 0xff, 0xff, 0xff, 0xe3, 0xff, 0xff, 
	0xff, 0xe3, 0xff, 0xff, 0xff, 0xe5, 0xff, 0xff, 
	0xff, 0xe7, 0xff, 0xff, 0xff, 0xe7, 0xff, 0xff, 
	0xff, 0xe7, 0xff, 0xff, 0xff, 0xec, 0xff, 0xff, 
	0xff, 0xeb, 0xff, 0xff, 0xfc, 0xec, 0xff, 0xff, 
	0xf9, 0xed, 0xff, 0xff, 0xfc, 0xec, 0xff, 0xff, 
	0xff, 0xec, 0xff, 0xff, 0xff, 0xec, 0xff, 0xff, 
	0xff, 0xec, 0xff, 0xff, 0xff, 0xed, 0xff, 0xff, 
	0xff, 0xf0, 0xff, 0xff, 0xff, 0xf5, 0xff, 0xff, 
	0xff, 0xf5, 0xff, 0xff, 0xff, 0xfb, 0xff, 0xff, 
	0xff, 0xf9, 0xff, 0xff, 0xff, 0xfc, 0xff, 0xff, 
	0xff, 0xf9, 0xff, 0xff, 0xff, 0xfc, 0xff, 0xff, 
	0xff, 0xe0, 0xfc, 0xff, 0xff, 0xe0, 0xfc, 0xff, 
	0xff, 0xe0, 0xfc, 0xff, 0xff, 0xe0, 0xfc, 0xff, 
	0xff, 0xe3, 0xff, 0xff, 0xff, 0xe3, 0xff, 0xff, 
	0xff, 0xe3, 0xff, 0xff, 0xff, 0xe1, 0xfc, 0xff, 
	0xff, 0xdc, 0xff, 0xff, 0xff, 0xd9, 0xff, 0xff, 
	0xff, 0xd9, 0xff, 0xff, 0xff, 0xdc, 0xff, 0xff, 
	0xff, 0xdb, 0xff, 0xff, 0xff, 0xdb, 0xff, 0xff, 
	0xff, 0xdb, 0xff, 0xff, 0xff, 0xdb, 0xff, 0xff, 
	0xff, 0xdc, 0xfc, 0xff, 0xff, 0xdc, 0xfc, 0xff, 
	0xff, 0xd5, 0xf9, 0xff, 0xff, 0xcf, 0xf7, 0xff, 
	0xff, 0xd7, 0xfc, 0xff, 0xff, 0xd3, 0xf9, 0xff, 
	0xff, 0xd7, 0xfc, 0xff, 0xff, 0xd3, 0xf9, 0xff, 
	0xff, 0xd1, 0xf9, 0xff, 0xff, 0xd0, 0xf4, 0xff, 
	0xff, 0xcf, 0xef, 0xff, 0xff, 0xd0, 0xf4, 0xff, 
	0xff, 0xcb, 0xf7, 0xff, 0xff, 0xcb, 0xf7, 0xff, 
	0xff, 0xc7, 0xf7, 0xff, 0xff, 0xc7, 0xf7, 0xff, 
	0xff, 0xc3, 0xf9, 0xff, 0xff, 0xc3, 0xf9, 0xff, 
	0xff, 0xc3, 0xf9, 0xff, 0xff, 0xc3, 0xf9, 0xff, 
	0xff, 0xc3, 0xf7, 0xff, 0xff, 0xc3, 0xf1, 0xff, 
	0xff, 0xc3, 0xec, 0xff, 0xff, 0xc3, 0xec, 0xff, 
	0xff, 0xc4, 0xec, 0xff, 0xff, 0xc4, 0xec, 0xff, 
	0xff, 0xc5, 0xf1, 0xff, 0xff, 0xc5, 0xf1, 0xff, 
	0xff, 0xc9, 0xec, 0xff, 0xff, 0xc9, 0xec, 0xff, 
	0xff, 0xcb, 0xe7, 0xff, 0xff, 0xcb, 0xe7, 0xff, 
	0xff, 0xc9, 0xe3, 0xff, 0xff, 0xc9, 0xe3, 0xff, 
	0xff, 0xc9, 0xe3, 0xff, 0xff, 0xc7, 0xef, 0xff, 
	0xff, 0xc8, 0xe6, 0xff, 0xff, 0xc8, 0xe6, 0xff, 
	0xff, 0xc8, 0xe6, 0xff, 0xff, 0xcb, 0xde, 0xff, 
	0xff, 0xcb, 0xde, 0xff, 0xff, 0xcb, 0xe3, 0xff, 
	0xff, 0xcb, 0xe3, 0xff, 0xff, 0xcb, 0xe3, 0xff, 
	0xff, 0xcd, 0xe9, 0xff, 0xff, 0xcc, 0xe3, 0xff, 
	0xff, 0xcc, 0xe3, 0xff, 0xff, 0xcd, 0xe9, 0xff, 
	0xff, 0xcf, 0xec, 0xff, 0xff, 0xcf, 0xec, 0xff, 
	0xff, 0xcf, 0xec, 0xff, 0xff, 0xcf, 0xec, 0xff, 
	0xff, 0xd4, 0xec, 0xff, 0xff, 0xd4, 0xec, 0xff, 
	0xff, 0xd4, 0xec, 0xff, 0xff, 0xd7, 0xf7, 0xff, 
	0xff, 0xd7, 0xf7, 0xff, 0xff, 0xd3, 0xf7, 0xff, 
	0xff, 0xd7, 0xf7, 0xff, 0xff, 0xd3, 0xf7, 0xff, 
	0xfc, 0xd8, 0xff, 0xff, 0xfc, 0xd8, 0xff, 0xff, 
	0xff, 0xd7, 0xff, 0xff, 0xff, 0xd7, 0xff, 0xff, 
	0xff, 0xd9, 0xfc, 0xff, 0xff, 0xd8, 0xf9, 0xff, 
	0xff, 0xd8, 0xf9, 0xff, 0xff, 0xd8, 0xf9, 0xff, 
	0xff, 0xdb, 0xff, 0xff, 0xff, 0xdb, 0xff, 0xff, 
	0xff, 0xdf, 0xff, 0xff, 0xff, 0xe3, 0xff, 0xff, 
	0xff, 0xe0, 0xff, 0xff, 0xff, 0xdd, 0xff, 0xff, 
	0xff, 0xdd, 0xff, 0xff, 0xff, 0xdb, 0xff, 0xff, 
	0xff, 0xdf, 0xff, 0xff, 0xff, 0xdf, 0xff, 0xff, 
	0xff, 0xdf, 0xff, 0xff, 0xff, 0xe3, 0xff, 0xff, 
	0xff, 0xe5, 0xff, 0xff, 0xff, 0xe5, 0xff, 0xff, 
	0xff, 0xe8, 0xff, 0xff, 0xff, 0xe5, 0xff, 0xff, 
	0xff, 0xe4, 0xff, 0xff, 0xff, 0xe4, 0xff, 0xff, 
	0xff, 0xe5, 0xff, 0xff, 0xff, 0xe5, 0xff, 0xff, 
	0xff, 0xe5, 0xff, 0xff, 0xff, 0xe5, 0xff, 0xff, 
	0xff, 0xe8, 0xff, 0xff, 0xff, 0xe8, 0xff, 0xff, 
	0xff, 0xe7, 0xff, 0xff, 0xff, 0xe7, 0xff, 0xff, 
	0xff, 0xe7, 0xff, 0xff, 0xff, 0xec, 0xff, 0xff, 
	0xff, 0xeb, 0xff, 0xff, 0xff, 0xeb, 0xff, 0xff, 
	0xff, 0xeb, 0xff, 0xff, 0xff, 0xeb, 0xff, 0xff, 
	0xff, 0xec, 0xff, 0xff, 0xff, 0xec, 0xff, 0xff, 
	0xff, 0xec, 0xff, 0xff, 0xff, 0xec, 0xff, 0xff, 
	0xff, 0xf0, 0xff, 0xff, 0xff, 0xf5, 0xff, 0xff, 
	0xff, 0xf5, 0xff, 0xff, 0xff, 0xf5, 0xff, 0xff, 
	0xff, 0xf9, 0xff, 0xff, 0xff, 0xf7, 0xff, 0xff, 
	0xff, 0xf7, 0xff, 0xff, 0xff, 0xf7, 0xff, 0xff, 
	0xff, 0xe0, 0xfc, 0xff, 0xff, 0xe0, 0xfc, 0xff, 
	0xff, 0xe0, 0xfc, 0xff, 0xff, 0xe0, 0xfc, 0xff, 
	0xff, 0xe1, 0xfc, 0xff, 0xff, 0xe1, 0xfc, 0xff, 
	0xff, 0xe1, 0xfc, 0xff, 0xff, 0xe1, 0xfc, 0xff, 
	0xff, 0xdc, 0xff, 0xff, 0xff, 0xdc, 0xff, 0xff, 
	0xff, 0xd9, 0xff, 0xff, 0xff, 0xd9, 0xff, 0xff, 
	0xff, 0xdb, 0xff, 0xff, 0xff, 0xdb, 0xff, 0xff, 
	0xff, 0xdb, 0xff, 0xff, 0xff, 0xdb, 0xf9, 0xff, 
	0xff, 0xd5, 0xf9, 0xff, 0xff, 0xd5, 0xf9, 0xff, 
	0xff, 0xcf, 0xf7, 0xff, 0xff, 0xcf, 0xf7, 0xff, 
	0xff, 0xd3, 0xf9, 0xff, 0xff, 0xd3, 0xf9, 0xff, 
	0xff, 0xd3, 0xf9, 0xff, 0xff, 0xd3, 0xf9, 0xff, 
	0xff, 0xd0, 0xf4, 0xff, 0xff, 0xcf, 0xef, 0xff, 
	0xff, 0xd1, 0xf9, 0xff, 0xff, 0xd1, 0xf9, 0xff, 
	0xff, 0xcb, 0xf7, 0xff, 0xff, 0xc7, 0xf7, 0xff, 
	0xff, 0xc7, 0xf7, 0xff, 0xff, 0xc3, 0xf7, 0xff, 
	0xff, 0xc3, 0xf9, 0xff, 0xff, 0xc3, 0xf9, 0xff, 
	0xff, 0xc3, 0xf9, 0xff, 0xff, 0xc3, 0xf9, 0xff, 
	0xff, 0xc3, 0xf1, 0xff, 0xff, 0xc3, 0xf1, 0xff, 
	0xff, 0xc3, 0xf1, 0xff, 0xff, 0xc3, 0xec, 0xff, 
	0xff, 0xc4, 0xec, 0xff, 0xff, 0xc4, 0xec, 0xff, 
	0xff, 0xc5, 0xf1, 0xff, 0xff, 0xc5, 0xf1, 0xff, 
	0xff, 0xc9, 0xec, 0xff, 0xff, 0xc9, 0xec, 0xff, 
	0xff, 0xc9, 0xec, 0xff, 0xff, 0xcb, 0xe7, 0xff, 
	0xff, 0xc9, 0xe3, 0xff, 0xff, 0xc9, 0xe3, 0xff, 
	0xff, 0xc8, 0xe9, 0xff, 0xff, 0xc7, 0xef, 0xff, 
	0xff, 0xc5, 0xee, 0xff, 0xff, 0xc8, 0xe6, 0xff, 
	0xff, 0xc8, 0xe6, 0xff, 0xff, 0xc8, 0xe6, 0xff, 
	0xff, 0xcb, 0xde, 0xff, 0xff, 0xcb, 0xe3, 0xff, 
	0xff, 0xcb, 0xe9, 0xff, 0xff, 0xcb, 0xe9, 0xff, 
	0xff, 0xcc, 0xe3, 0xff, 0xff, 0xcd, 0xe9, 0xff, 
	0xff, 0xcd, 0xe9, 0xff, 0xff, 0xcd, 0xe9, 0xff, 
	0xff, 0xcf, 0xec, 0xff, 0xff, 0xcf, 0xf1, 0xff, 
	0xff, 0xcf, 0xf1, 0xff, 0xff, 0xcf, 0xf1, 0xff, 
	0xff, 0xd7, 0xf7, 0xff, 0xff, 0xd5, 0xf1, 0xff, 
	0xff, 0xd4, 0xec, 0xff, 0xff, 0xd5, 0xf1, 0xff, 
	0xff, 0xd7, 0xf7, 0xff, 0xff, 0xd7, 0xf7, 0xff, 
	0xff, 0xd7, 0xf7, 0xff, 0xff, 0xdb, 0xf7, 0xff, 
	0xf9, 0xd9, 0xff, 0xff, 0xf9, 0xd9, 0xff, 0xff, 
	0xfc, 0xd8, 0xff, 0xff, 0xff, 0xd7, 0xff, 0xff, 
	0xff, 0xd9, 0xfc, 0xff, 0xff, 0xd9, 0xfc, 0xff, 
	0xff, 0xd8, 0xf9, 0xff, 0xff, 0xd9, 0xfc, 0xff, 
	0xff, 0xdf, 0xff, 0xff, 0xff, 0xdf, 0xff, 0xff, 
	0xff, 0xdf, 0xff, 0xff, 0xff, 0xe3, 0xff, 0xff, 
	0xff, 0xe0, 0xff, 0xff, 0xff, 0xe0, 0xff, 0xff, 
	0xff, 0xdd, 0xff, 0xff, 0xff, 0xdd, 0xff, 0xff, 
	0xff, 0xdf, 0xff, 0xff, 0xff, 0xe3, 0xff, 0xff, 
	0xff, 0xe3, 0xff, 0xff, 0xff, 0xe3, 0xff, 0xff, 
	0xff, 0xe5, 0xff, 0xff, 0xff, 0xe5, 0xff, 0xff, 
	0xff, 0xe5, 0xff, 0xff, 0xff, 0xe8, 0xff, 0xff, 
	0xff, 0xe4, 0xff, 0xff, 0xff, 0xe4, 0xff, 0xff, 
	0xff, 0xe4, 0xff, 0xff, 0xff, 0xe5, 0xff, 0xff, 
	0xff, 0xe5, 0xff, 0xff, 0xff, 0xe8, 0xff, 0xff, 
	0xff, 0xe8, 0xff, 0xff, 0xff, 0xe8, 0xff, 0xff, 
	0xff, 0xe7, 0xff, 0xff, 0xff, 0xe7, 0xff, 0xff, 
	0xff, 0xe7, 0xff, 0xff, 0xff, 0xec, 0xff, 0xff, 
	0xff, 0xeb, 0xff, 0xff, 0xff, 0xeb, 0xff, 0xff, 
	0xff, 0xeb, 0xff, 0xff, 0xff, 0xeb, 0xff, 0xff, 
	0xff, 0xec, 0xff, 0xff, 0xff, 0xec, 0xff, 0xff, 
	0xff, 0xec, 0xff, 0xff, 0xff, 0xed, 0xff, 0xff, 
	0xff, 0xf0, 0xff, 0xff, 0xff, 0xf5, 0xff, 0xff, 
	0xff, 0xf5, 0xff, 0xff, 0xff, 0xf5, 0xff, 0xff, 
	0xff, 0xf9, 0xff, 0xff, 0xff, 0xf7, 0xff, 0xff, 
	0xff, 0xf7, 0xff, 0xff, 0xff, 0xf7, 0xff, 0xff, 
	0xff, 0xe0, 0xfc, 0xff, 0xff, 0xe0, 0xfc, 0xff, 
	0xff, 0xdd, 0xf9, 0xff, 0xff, 0xdd, 0xf9, 0xff, 
	0xff, 0xe1, 0xfc, 0xff, 0xff, 0xe1, 0xfc, 0xff, 
	0xff, 0xe1, 0xfc, 0xff, 0xff, 0xe1, 0xfc, 0xff, 
	0xff, 0xd9, 0xff, 0xff, 0xff, 0xd9, 0xff, 0xff, 
	0xff, 0xd9, 0xff, 0xff, 0xff, 0xd7, 0xff, 0xff, 
	0xff, 0xdb, 0xff, 0xff, 0xff, 0xdb, 0xff, 0xff, 
	0xff, 0xdb, 0xfc, 0xff, 0xff, 0xdb, 0xfc, 0xff, 
	0xff, 0xd5, 0xf9, 0xff, 0xff, 0xd5, 0xf9, 0xff, 
	0xff, 0xcf, 0xf7, 0xff, 0xff, 0xcf, 0xf7, 0xff, 
	0xff, 0xcf, 0xf7, 0xff, 0xff, 0xcf, 0xf7, 0xff, 
	0xff, 0xcf, 0xf7, 0xff, 0xff, 0xd3, 0xf9, 0xff, 
	0xff, 0xd1, 0xf9, 0xff, 0xff, 0xd1, 0xf9, 0xff, 
	0xff, 0xcf, 0xef, 0xff, 0xff, 0xd0, 0xf4, 0xff, 
	0xff, 0xcb, 0xf7, 0xff, 0xff, 0xc7, 0xf7, 0xff, 
	0xff, 0xc3, 0xf7, 0xff, 0xff, 0xc3, 0xf7, 0xff, 
	0xff, 0xc3, 0xef, 0xff, 0xff, 0xc3, 0xf9, 0xff, 
	0xff, 0xc3, 0xf9, 0xff, 0xff, 0xc3, 0xef, 0xff, 
	0xff, 0xc3, 0xec, 0xff, 0xff, 0xc3, 0xec, 0xff, 
	0xff, 0xc3, 0xec, 0xff, 0xff, 0xc3, 0xec, 0xff, 
	0xff, 0xc5, 0xf1, 0xff, 0xff, 0xc5, 0xf1, 0xff, 
	0xff, 0xc5, 0xf1, 0xff, 0xff, 0xc5, 0xf1, 0xff, 
	0xff, 0xc9, 0xec, 0xff, 0xff, 0xc9, 0xec, 0xff, 
	0xff, 0xcb, 0xe7, 0xff, 0xff, 0xcb, 0xe7, 0xff, 
	0xff, 0xc9, 0xe3, 0xff, 0xff, 0xc9, 0xe3, 0xff, 
	0xff, 0xc8, 0xe9, 0xff, 0xff, 0xc7, 0xef, 0xff, 
	0xff, 0xc5, 0xee, 0xff, 0xff, 0xc8, 0xe6, 0xff, 
	0xff, 0xc5, 0xee, 0xff, 0xff, 0xc8, 0xe6, 0xff, 
	0xff, 0xcb, 0xde, 0xff, 0xff, 0xcb, 0xe3, 0xff, 
	0xff, 0xcb, 0xe3, 0xff, 0xff, 0xcb, 0xe3, 0xff, 
	0xff, 0xcd, 0xe9, 0xff, 0xff, 0xcd, 0xe9, 0xff, 
	0xff, 0xcf, 0xef, 0xff, 0xff, 0xcd, 0xe9, 0xff, 
	0xff, 0xcf, 0xec, 0xff, 0xff, 0xcf, 0xf1, 0xff, 
	0xff, 0xcf, 0xf1, 0xff, 0xff, 0xcf, 0xf7, 0xff, 
	0xff, 0xd7, 0xf7, 0xff, 0xff, 0xd7, 0xf7, 0xff, 
	0xff, 0xd7, 0xf7, 0xff, 0xff, 0xd7, 0xf7, 0xff, 
	0xff, 0xd7, 0xf7, 0xff, 0xff, 0xd7, 0xf7, 0xff, 
	0xff, 0xd3, 0xf7, 0xff, 0xff, 0xd7, 0xf7, 0xff, 
	0xf9, 0xd9, 0xff, 0xff, 0xf9, 0xd9, 0xff, 0xff, 
	0xfc, 0xd8, 0xff, 0xff, 0xff, 0xd7, 0xff, 0xff, 
	0xff, 0xd9, 0xfc, 0xff, 0xff, 0xdb, 0xff, 0xff, 
	0xff, 0xdb, 0xff, 0xff, 0xff, 0xdb, 0xff, 0xff, 
	0xff, 0xdf, 0xff, 0xff, 0xff, 0xdf, 0xff, 0xff, 
	0xff, 0xdf, 0xff, 0xff, 0xff, 0xe3, 0xff, 0xff, 
	0xff, 0xdd, 0xff, 0xff, 0xff, 0xe0, 0xff, 0xff, 
	0xff, 0xdd, 0xff, 0xff, 0xff, 0xdd, 0xff, 0xff, 
	0xff, 0xdf, 0xff, 0xff, 0xff, 0xe3, 0xff, 0xff, 
	0xff, 0xe7, 0xff, 0xff, 0xff, 0xe3, 0xff, 0xff, 
	0xff, 0xe5, 0xff, 0xff, 0xff, 0xe5, 0xff, 0xff, 
	0xff, 0xe3, 0xff, 0xff, 0xff, 0xe5, 0xff, 0xff, 
	0xff, 0xe4, 0xff, 0xff, 0xff, 0xe4, 0xff, 0xff, 
	0xff, 0xe4, 0xff, 0xff, 0xff, 0xe4, 0xff, 0xff, 
	0xff, 0xe3, 0xff, 0xff, 0xff, 0xe8, 0xff, 0xff, 
	0xff, 0xe8, 0xff, 0xff, 0xff, 0xe3, 0xff, 0xff, 
	0xff, 0xe7, 0xff, 0xff, 0xff, 0xe7, 0xff, 0xff, 
	0xff, 0xe7, 0xff, 0xff, 0xff, 0xe7, 0xff, 0xff, 
	0xff, 0xeb, 0xff, 0xff, 0xff, 0xeb, 0xff, 0xff, 
	0xff, 0xeb, 0xff, 0xff, 0xff, 0xeb, 0xff, 0xff, 
	0xff, 0xec, 0xff, 0xff, 0xff, 0xec, 0xff, 0xff, 
	0xff, 0xec, 0xff, 0xff, 0xff, 0xed, 0xff, 0xff, 
	0xff, 0xf5, 0xff, 0xff, 0xff, 0xf5, 0xff, 0xff, 
	0xff, 0xf5, 0xff, 0xff, 0xff, 0xf5, 0xff, 0xff, 
	0xff, 0xf7, 0xff, 0xff, 0xff, 0xf7, 0xff, 0xff, 
	0xff, 0xf9, 0xff, 0xff, 0xff, 0xf9, 0xff, 0xff, 
	0xff, 0xdb, 0xfc, 0xff, 0xff, 0xdb, 0xfc, 0xff, 
	0xff, 0xdb, 0xfc, 0xff, 0xff, 0xdf, 0xf9, 0xff, 
	0xff, 0xdf, 0xf7, 0xff, 0xff, 0xdf, 0xf7, 0xff, 
	0xff, 0xdf, 0xf7, 0xff, 0xff, 0xd9, 0xfc, 0xff, 
	0xff, 0xd5, 0xfc, 0xff, 0xff, 0xd7, 0xff, 0xff, 
	0xff, 0xd7, 0xff, 0xff, 0xff, 0xd7, 0xff, 0xff, 
	0xff, 0xd7, 0xff, 0xff, 0xff, 0xd4, 0xff, 0xff, 
	0xff, 0xd4, 0xff, 0xff, 0xff, 0xcf, 0xff, 0xff, 
	0xff, 0xcf, 0xf9, 0xff, 0xff, 0xcf, 0xf9, 0xff, 
	0xff, 0xcf, 0xf7, 0xff, 0xff, 0xcf, 0xf7, 0xff, 
	0xff, 0xcb, 0xf4, 0xff, 0xff, 0xcb, 0xf4, 0xff, 
	0xff, 0xcb, 0xf4, 0xff, 0xff, 0xcb, 0xf9, 0xff, 
	0xff, 0xcf, 0xf7, 0xff, 0xff, 0xcf, 0xf7, 0xff, 
	0xff, 0xcf, 0xf7, 0xff, 0xff, 0xcf, 0xf7, 0xff, 
	0xff, 0xc5, 0xf1, 0xff, 0xff, 0xc5, 0xf1, 0xff, 
	0xff, 0xc4, 0xf4, 0xff, 0xff, 0xc5, 0xf1, 0xff, 
	0xff, 0xbf, 0xec, 0xff, 0xff, 0xbf, 0xec, 0xff, 
	0xff, 0xbf, 0xec, 0xff, 0xff, 0xbf, 0xec, 0xff, 
	0xff, 0xbe, 0xef, 0xff, 0xff, 0xbe, 0xef, 0xff, 
	0xff, 0xbe, 0xef, 0xff, 0xff, 0xbe, 0xef, 0xff, 
	0xff, 0xc4, 0xf1, 0xff, 0xff, 0xc4, 0xf1, 0xff, 
	0xff, 0xc4, 0xf1, 0xff, 0xff, 0xc4, 0xf1, 0xff, 
	0xff, 0xc7, 0xef, 0xff, 0xff, 0xc7, 0xef, 0xff, 
	0xff, 0xc4, 0xe3, 0xff, 0xff, 0xc4, 0xe3, 0xff, 
	0xff, 0xc8, 0xe3, 0xff, 0xff, 0xc8, 0xe3, 0xff, 
	0xff, 0xc9, 0xe9, 0xff, 0xff, 0xc9, 0xe9, 0xff, 
	0xff, 0xcd, 0xec, 0xff, 0xff, 0xcf, 0xef, 0xff, 
	0xff, 0xcc, 0xe9, 0xff, 0xff, 0xcb, 0xe7, 0xff, 
	0xff, 0xc7, 0xec, 0xff, 0xff, 0xc7, 0xec, 0xff, 
	0xff, 0xc7, 0xec, 0xff, 0xff, 0xc7, 0xec, 0xff, 
	0xff, 0xcd, 0xf1, 0xff, 0xff, 0xcc, 0xec, 0xff, 
	0xff, 0xcd, 0xf1, 0xff, 0xff, 0xcc, 0xec, 0xff, 
	0xff, 0xcf, 0xef, 0xff, 0xff, 0xcf, 0xef, 0xff, 
	0xff, 0xd1, 0xf1, 0xff, 0xff, 0xd4, 0xf4, 0xff, 
	0xff, 0xd7, 0xf9, 0xff, 0xff, 0xdb, 0xf7, 0xff, 
	0xff, 0xdb, 0xf7, 0xff, 0xff, 0xd7, 0xf9, 0xff, 
	0xff, 0xd5, 0xf9, 0xff, 0xff, 0xd5, 0xf9, 0xff, 
	0xff, 0xd5, 0xf9, 0xff, 0xff, 0xd3, 0xff, 0xff, 
	0xff, 0xdb, 0xff, 0xff, 0xff, 0xd5, 0xff, 0xff, 
	0xff, 0xd8, 0xff, 0xff, 0xff, 0xd8, 0xff, 0xff, 
	0xff, 0xd8, 0xff, 0xff, 0xff, 0xd8, 0xff, 0xff, 
	0xff, 0xdd, 0xff, 0xff, 0xff, 0xdd, 0xff, 0xff, 
	0xff, 0xdf, 0xff, 0xff, 0xff, 0xdf, 0xff, 0xff, 
	0xff, 0xe0, 0xff, 0xff, 0xff, 0xe0, 0xff, 0xff, 
	0xff, 0xdb, 0xff, 0xff, 0xff, 0xdd, 0xff, 0xff, 
	0xff, 0xdd, 0xff, 0xff, 0xff, 0xe0, 0xff, 0xff, 
	0xff, 0xe1, 0xff, 0xff, 0xff, 0xe1, 0xff, 0xff, 
	0xff, 0xe4, 0xff, 0xff, 0xff, 0xe1, 0xff, 0xff, 
	0xff, 0xe4, 0xff, 0xff, 0xff, 0xdf, 0xff, 0xff, 
	0xff, 0xe1, 0xff, 0xff, 0xff, 0xe1, 0xff, 0xff, 
	0xff, 0xe3, 0xff, 0xff, 0xff, 0xe4, 0xff, 0xff, 
	0xff, 0xe5, 0xff, 0xff, 0xff, 0xe5, 0xff, 0xff, 
	0xff, 0xe3, 0xff, 0xff, 0xff, 0xe3, 0xff, 0xff, 
	0xff, 0xe3, 0xff, 0xff, 0xff, 0xe5, 0xff, 0xff, 
	0xff, 0xe8, 0xff, 0xff, 0xff, 0xe8, 0xff, 0xff, 
	0xff, 0xe8, 0xff, 0xff, 0xff, 0xe8, 0xff, 0xff, 
	0xff, 0xe9, 0xff, 0xff, 0xff, 0xe9, 0xff, 0xff, 
	0xff, 0xe9, 0xff, 0xff, 0xff, 0xe9, 0xff, 0xff, 
	0xff, 0xeb, 0xff, 0xff, 0xff, 0xf0, 0xff, 0xff, 
	0xff, 0xf0, 0xff, 0xff, 0xff, 0xf5, 0xff, 0xff, 
	0xff, 0xf5, 0xff, 0xff, 0xff, 0xf5, 0xff, 0xff, 
	0xff, 0xf5, 0xff, 0xff, 0xff, 0xf5, 0xff, 0xff, 
	0xff, 0xf7, 0xff, 0xff, 0xff, 0xf7, 0xff, 0xff, 
	0xff, 0xfb, 0xff, 0xff, 0xff, 0xfb, 0xff, 0xff, 
	0xff, 0xd7, 0xff, 0xff, 0xff, 0xd7, 0xff, 0xff, 
	0xff, 0xdb, 0xfc, 0xff, 0xff, 0xdb, 0xfc, 0xff, 
	0xff, 0xd9, 0xfc, 0xff, 0xff, 0xdc, 0xf9, 0xff, 
	0xff, 0xdc, 0xf9, 0xff, 0xff, 0xd9, 0xfc, 0xff, 
	0xff, 0xd5, 0xfc, 0xff, 0xff, 0xd5, 0xfc, 0xff, 
	0xff, 0xd5, 0xfc, 0xff, 0xff, 0xd5, 0xfc, 0xff, 
	0xff, 0xd4, 0xff, 0xff, 0xff, 0xd1, 0xff, 0xff, 
	0xff, 0xcf, 0xff, 0xff, 0xff, 0xcf, 0xff, 0xff, 
	0xff, 0xcf, 0xfc, 0xff, 0xff, 0xcf, 0xfc, 0xff, 
	0xff, 0xcf, 0xf7, 0xff, 0xff, 0xcf, 0xf7, 0xff, 
	0xff, 0xcb, 0xf4, 0xff, 0xff, 0xcb, 0xf4, 0xff, 
	0xff, 0xcb, 0xf4, 0xff, 0xff, 0xcb, 0xf4, 0xff, 
	0xff, 0xc8, 0xf9, 0xff, 0xff, 0xcf, 0xf7, 0xff, 
	0xff, 0xcf, 0xf7, 0xff, 0xff, 0xc8, 0xf9, 0xff, 
	0xff, 0xc3, 0xf7, 0xff, 0xff, 0xc4, 0xf4, 0xff, 
	0xff, 0xc4, 0xf4, 0xff, 0xff, 0xc5, 0xf1, 0xff, 
	0xff, 0xc1, 0xf1, 0xff, 0xff, 0xbf, 0xec, 0xff, 
	0xff, 0xbf, 0xec, 0xff, 0xff, 0xbf, 0xec, 0xff, 
	0xff, 0xbe, 0xef, 0xff, 0xff, 0xbe, 0xf1, 0xff, 
	0xff, 0xbe, 0xf1, 0xff, 0xff, 0xbe, 0xf1, 0xff, 
	0xff, 0xc4, 0xf1, 0xff, 0xff, 0xc4, 0xf1, 0xff, 
	0xff, 0xc4, 0xf1, 0xff, 0xff, 0xc4, 0xf1, 0xff, 
	0xff, 0xc7, 0xef, 0xff, 0xff, 0xc5, 0xe9, 0xff, 
	0xff, 0xc4, 0xe3, 0xff, 0xff, 0xc4, 0xe3, 0xff, 
	0xff, 0xc8, 0xe3, 0xff, 0xff, 0xc8, 0xe3, 0xff, 
	0xff, 0xc9, 0xe9, 0xff, 0xff, 0xc9, 0xe9, 0xff, 
	0xff, 0xcd, 0xec, 0xff, 0xff, 0xcc, 0xe9, 0xff, 
	0xff, 0xcc, 0xe9, 0xff, 0xff, 0xcb, 0xe7, 0xff, 
	0xff, 0xc7, 0xe7, 0xff, 0xff, 0xc7, 0xec, 0xff, 
	0xff, 0xc7, 0xec, 0xff, 0xff, 0xc7, 0xf1, 0xff, 
	0xff, 0xcc, 0xec, 0xff, 0xff, 0xcc, 0xec, 0xff, 
	0xff, 0xcd, 0xf1, 0xff, 0xff, 0xcd, 0xf1, 0xff, 
	0xff, 0xcf, 0xef, 0xff, 0xff, 0xcf, 0xef, 0xff, 
	0xff, 0xd4, 0xf4, 0xff, 0xff, 0xd4, 0xf4, 0xff, 
	0xff, 0xd7, 0xf9, 0xff, 0xff, 0xd7, 0xf9, 0xff, 
	0xff, 0xd7, 0xf9, 0xff, 0xff, 0xd7, 0xf9, 0xff, 
	0xff, 0xd8, 0xf4, 0xff, 0xff, 0xd3, 0xff, 0xff, 
	0xff, 0xd3, 0xff, 0xff, 0xff, 0xd3, 0xff, 0xff, 
	0xff, 0xd5, 0xff, 0xff, 0xff, 0xd5, 0xff, 0xff, 
	0xff, 0xd8, 0xff, 0xff, 0xff, 0xd8, 0xff, 0xff, 
	0xff, 0xd8, 0xff, 0xff, 0xff, 0xd8, 0xff, 0xff, 
	0xff, 0xd8, 0xff, 0xff, 0xff, 0xdd, 0xff, 0xff, 
	0xff, 0xe0, 0xff, 0xff, 0xff, 0xe1, 0xff, 0xff, 
	0xff, 0xe0, 0xff, 0xff, 0xff, 0xe0, 0xff, 0xff, 
	0xff, 0xdb, 0xff, 0xff, 0xff, 0xdb, 0xff, 0xff, 
	0xff, 0xdd, 0xff, 0xff, 0xff, 0xe0, 0xff, 0xff, 
	0xff, 0xe1, 0xff, 0xff, 0xff, 0xe4, 0xff, 0xff, 
	0xff, 0xdf, 0xff, 0xff, 0xff, 0xdf, 0xff, 0xff, 
	0xff, 0xe1, 0xff, 0xff, 0xff, 0xe1, 0xff, 0xff, 
	0xff, 0xe1, 0xff, 0xff, 0xff, 0xe1, 0xff, 0xff, 
	0xff, 0xe4, 0xff, 0xff, 0xff, 0xe5, 0xff, 0xff, 
	0xff, 0xe4, 0xff, 0xff, 0xff, 0xe5, 0xff, 0xff, 
	0xff, 0xe3, 0xff, 0xff, 0xff, 0xe3, 0xff, 0xff, 
	0xff, 0xe3, 0xff, 0xff, 0xff, 0xe3, 0xff, 0xff, 
	0xff, 0xe8, 0xff, 0xff, 0xff, 0xe5, 0xff, 0xff, 
	0xff, 0xe8, 0xff, 0xff, 0xff, 0xe8, 0xff, 0xff, 
	0xff, 0xe9, 0xff, 0xff, 0xff, 0xe9, 0xff, 0xff, 
	0xff, 0xe9, 0xff, 0xff, 0xff, 0xe9, 0xff, 0xff, 
	0xff, 0xf0, 0xff, 0xff, 0xff, 0xf0, 0xff, 0xff, 
	0xff, 0xf0, 0xff, 0xff, 0xff, 0xfb, 0xff, 0xff, 
	0xff, 0xf8, 0xff, 0xff, 0xff, 0xf8, 0xff, 0xff, 
	0xff, 0xf5, 0xff, 0xff, 0xff, 0xf5, 0xff, 0xff, 
	0xff, 0xf7, 0xff, 0xff, 0xff, 0xf7, 0xff, 0xff, 
	0xff, 0xf7, 0xff, 0xff, 0xff, 0xfb, 0xff, 0xff, 
	0xff, 0xdb, 0xfc, 0xff, 0xff, 0xd7, 0xff, 0xff, 
	0xff, 0xd7, 0xff, 0xff, 0xff, 0xd7, 0xff, 0xff, 
	0xff, 0xd9, 0xfc, 0xff, 0xff, 0xdc, 0xf9, 0xff, 
	0xff, 0xd7, 0xff, 0xff, 0xff, 0xd9, 0xfc, 0xff, 
	0xff, 0xd5, 0xfc, 0xff, 0xff, 0xd4, 0xf9, 0xff, 
	0xff, 0xd5, 0xfc, 0xff, 0xff, 0xd5, 0xfc, 0xff, 
	0xff, 0xd1, 0xff, 0xff, 0xff, 0xd1, 0xff, 0xff, 
	0xff, 0xcf, 0xff, 0xff, 0xff, 0xd1, 0xff, 0xff, 
	0xff, 0xcf, 0xfc, 0xff, 0xff, 0xcf, 0xfc, 0xff, 
	0xff, 0xcf, 0xf9, 0xff, 0xff, 0xcf, 0xf7, 0xff, 
	0xff, 0xcb, 0xf4, 0xff, 0xff, 0xcb, 0xf4, 0xff, 
	0xff, 0xcb, 0xf9, 0xff, 0xff, 0xcb, 0xf9, 0xff, 
	0xff, 0xc8, 0xf9, 0xff, 0xff, 0xc8, 0xf9, 0xff, 
	0xff, 0xc8, 0xf9, 0xff, 0xff, 0xc8, 0xf9, 0xff, 
	0xff, 0xc4, 0xf4, 0xff, 0xff, 0xc4, 0xf4, 0xff, 
	0xff, 0xc4, 0xf4, 0xff, 0xff, 0xc4, 0xf4, 0xff, 
	0xff, 0xc1, 0xf1, 0xff, 0xff, 0xc1, 0xf1, 0xff, 
	0xff, 0xbf, 0xec, 0xff, 0xff, 0xbf, 0xec, 0xff, 
	0xff, 0xbe, 0xf4, 0xff, 0xff, 0xbe, 0xf1, 0xff, 
	0xff, 0xbe, 0xf1, 0xff, 0xff, 0xbe, 0xf4, 0xff, 
	0xff, 0xc1, 0xf4, 0xff, 0xff, 0xc1, 0xf4, 0xff, 
	0xff, 0xc4, 0xf1, 0xff, 0xff, 0xc4, 0xf1, 0xff, 
	0xff, 0xc7, 0xef, 0xff, 0xff, 0xc5, 0xe9, 0xff, 
	0xff, 0xc4, 0xe3, 0xff, 0xff, 0xc4, 0xe3, 0xff, 
	0xff, 0xc8, 0xe3, 0xff, 0xff, 0xc8, 0xe3, 0xff, 
	0xff, 0xc8, 0xe3, 0xff, 0xff, 0xc9, 0xe9, 0xff, 
	0xff, 0xcd, 0xec, 0xff, 0xff, 0xcc, 0xe9, 0xff, 
	0xff, 0xcc, 0xe9, 0xff, 0xff, 0xcb, 0xe7, 0xff, 
	0xff, 0xc7, 0xec, 0xff, 0xff, 0xc7, 0xec, 0xff, 
	0xff, 0xc7, 0xf1, 0xff, 0xff, 0xc7, 0xf1, 0xff, 
	0xff, 0xcc, 0xec, 0xff, 0xff, 0xcd, 0xf1, 0xff, 
	0xff, 0xcd, 0xf1, 0xff, 0xff, 0xcd, 0xf1, 0xff, 
	0xff, 0xd1, 0xf1, 0xff, 0xff, 0xd1, 0xf1, 0xff, 
	0xff, 0xd1, 0xf1, 0xff, 0xff, 0xd7, 0xf7, 0xff, 
	0xff, 0xd7, 0xf9, 0xff, 0xff, 0xd3, 0xfc, 0xff, 
	0xff, 0xd7, 0xf9, 0xff, 0xff, 0xdb, 0xf7, 0xff, 
	0xff, 0xd5, 0xf9, 0xff, 0xff, 0xd3, 0xff, 0xff, 
	0xff, 0xd3, 0xff, 0xff, 0xff, 0xd3, 0xff, 0xff, 
	0xff, 0xd5, 0xff, 0xff, 0xff, 0xd5, 0xff, 0xff, 
	0xff, 0xd5, 0xff, 0xff, 0xff, 0xd3, 0xff, 0xff, 
	0xff, 0xd8, 0xff, 0xff, 0xff, 0xd8, 0xff, 0xff, 
	0xff, 0xdd, 0xff, 0xff, 0xff, 0xdd, 0xff, 0xff, 
	0xff, 0xe1, 0xff, 0xff, 0xff, 0xe3, 0xff, 0xff, 
	0xff, 0xe1, 0xff, 0xff, 0xff, 0xe0, 0xff, 0xff, 
	0xff, 0xdb, 0xff, 0xff, 0xff, 0xdd, 0xff, 0xff, 
	0xff, 0xe0, 0xff, 0xff, 0xff, 0xe0, 0xff, 0xff, 
	0xff, 0xe1, 0xff, 0xff, 0xff, 0xe4, 0xff, 0xff, 
	0xff, 0xe4, 0xff, 0xff, 0xff, 0xe1, 0xff, 0xff, 
	0xff, 0xe1, 0xff, 0xff, 0xff, 0xe4, 0xff, 0xff, 
	0xff, 0xe4, 0xff, 0xff, 0xff, 0xe4, 0xff, 0xff, 
	0xff, 0xe4, 0xff, 0xff, 0xff, 0xe4, 0xff, 0xff, 
	0xff, 0xe5, 0xff, 0xff, 0xff, 0xe5, 0xff, 0xff, 
	0xff, 0xeb, 0xff, 0xff, 0xff, 0xeb, 0xff, 0xff, 
	0xff, 0xeb, 0xff, 0xff, 0xff, 0xe5, 0xff, 0xff, 
	0xff, 0xe8, 0xff, 0xff, 0xff, 0xe8, 0xff, 0xff, 
	0xff, 0xe8, 0xff, 0xff, 0xff, 0xe8, 0xff, 0xff, 
	0xff, 0xe9, 0xff, 0xff, 0xff, 0xe9, 0xff, 0xff, 
	0xff, 0xe9, 0xff, 0xff, 0xff, 0xe9, 0xff, 0xff, 
	0xff, 0xeb, 0xff, 0xff, 0xff, 0xf5, 0xff, 0xff, 
	0xff, 0xfb, 0xff, 0xff, 0xff, 0xfb, 0xff, 0xff, 
	0xff, 0xf8, 0xff, 0xff, 0xff, 0xf8, 0xff, 0xff, 
	0xff, 0xf8, 0xff, 0xff, 0xff, 0xf5, 0xff, 0xff, 
	0xff, 0xf7, 0xff, 0xff, 0xff, 0xf7, 0xff, 0xff, 
	0xff, 0xfb, 0xff, 0xff, 0xff, 0xfb, 0xff, 0xff, 
	0xff, 0xd7, 0xff, 0xff, 0xff, 0xd7, 0xff, 0xff, 
	0xff, 0xd7, 0xff, 0xff, 0xff, 0xd7, 0xff, 0xff, 
	0xff, 0xd7, 0xff, 0xff, 0xff, 0xd7, 0xff, 0xff, 
	0xff, 0xd7, 0xff, 0xff, 0xff, 0xd9, 0xfc, 0xff, 
	0xff, 0xd5, 0xfc, 0xff, 0xff, 0xd4, 0xf9, 0xff, 
	0xff, 0xd4, 0xf9, 0xff, 0xff, 0xd3, 0xf7, 0xff, 
	0xff, 0xd1, 0xff, 0xff, 0xff, 0xd1, 0xff, 0xff, 
	0xff, 0xd4, 0xff, 0xff, 0xff, 0xd1, 0xff, 0xff, 
	0xff, 0xcf, 0xff, 0xff, 0xff, 0xcf, 0xfc, 0xff, 
	0xff, 0xcf, 0xfc, 0xff, 0xff, 0xcf, 0xfc, 0xff, 
	0xff, 0xcb, 0xf9, 0xff, 0xff, 0xcb, 0xf9, 0xff, 
	0xff, 0xcb, 0xf9, 0xff, 0xff, 0xcb, 0xf9, 0xff, 
	0xff, 0xc8, 0xf9, 0xff, 0xff, 0xc8, 0xf9, 0xff, 
	0xff, 0xc8, 0xf9, 0xff, 0xff, 0xc8, 0xf9, 0xff, 
	0xff, 0xc4, 0xf4, 0xff, 0xff, 0xc3, 0xf7, 0xff, 
	0xff, 0xc3, 0xf7, 0xff, 0xff, 0xc4, 0xf4, 0xff, 
	0xff, 0xc3, 0xf7, 0xff, 0xff, 0xc1, 0xf1, 0xff, 
	0xff, 0xc1, 0xf1, 0xff, 0xff, 0xc1, 0xf1, 0xff, 
	0xff, 0xbe, 0xf4, 0xff, 0xff, 0xbe, 0xf1, 0xff, 
	0xff, 0xbe, 0xf4, 0xff, 0xff, 0xbe, 0xf7, 0xff, 
	0xff, 0xbe, 0xf7, 0xff, 0xff, 0xc1, 0xf4, 0xff, 
	0xff, 0xc4, 0xf1, 0xff, 0xff, 0xc4, 0xf1, 0xff, 
	0xff, 0xc5, 0xe9, 0xff, 0xff, 0xc5, 0xe9, 0xff, 
	0xff, 0xc4, 0xe3, 0xff, 0xff, 0xc5, 0xe9, 0xff, 
	0xff, 0xc8, 0xe3, 0xff, 0xff, 0xc8, 0xe3, 0xff, 
	0xff, 0xc9, 0xe9, 0xff, 0xff, 0xcb, 0xef, 0xff, 
	0xff, 0xcc, 0xe9, 0xff, 0xff, 0xcb, 0xe7, 0xff, 
	0xff, 0xcc, 0xe9, 0xff, 0xff, 0xcd, 0xec, 0xff, 
	0xff, 0xc7, 0xec, 0xff, 0xff, 0xc7, 0xf1, 0xff, 
	0xff, 0xc7, 0xec, 0xff, 0xff, 0xc7, 0xf1, 0xff, 
	0xff, 0xcd, 0xf1, 0xff, 0xff, 0xcd, 0xf1, 0xff, 
	0xff, 0xcd, 0xf1, 0xff, 0xff, 0xcd, 0xf1, 0xff, 
	0xff, 0xd4, 0xf4, 0xff, 0xff, 0xd4, 0xf4, 0xff, 
	0xff, 0xd4, 0xf4, 0xff, 0xff, 0xd7, 0xf7, 0xff, 
	0xff, 0xd7, 0xf9, 0xff, 0xff, 0xd7, 0xf9, 0xff, 
	0xff, 0xd3, 0xfc, 0xff, 0xff, 0xdb, 0xf7, 0xff, 
	0xff, 0xd5, 0xf9, 0xff, 0xff, 0xd3, 0xff, 0xff, 
	0xff, 0xd3, 0xff, 0xff, 0xff, 0xd3, 0xff, 0xff, 
	0xff, 0xd3, 0xff, 0xff, 0xff, 0xd3, 0xff, 0xff, 
	0xff, 0xd8, 0xff, 0xff, 0xff, 0xd8, 0xff, 0xff, 
	0xff, 0xd8, 0xff, 0xff, 0xff, 0xdd, 0xff, 0xff, 
	0xff, 0xdd, 0xff, 0xff, 0xff, 0xdd, 0xff, 0xff, 
	0xff, 0xe1, 0xff, 0xff, 0xff, 0xe3, 0xff, 0xff, 
	0xff, 0xe3, 0xff, 0xff, 0xff, 0xe1, 0xff, 0xff, 
	0xff, 0xdb, 0xff, 0xff, 0xff, 0xdd, 0xff, 0xff, 
	0xff, 0xe0, 0xff, 0xff, 0xff, 0xe3, 0xff, 0xff, 
	0xff, 0xe1, 0xff, 0xff, 0xff, 0xe4, 0xff, 0xff, 
	0xff, 0xe4, 0xff, 0xff, 0xff, 0xe4, 0xff, 0xff, 
	0xff, 0xe4, 0xff, 0xff, 0xff, 0xe4, 0xff, 0xff, 
	0xff, 0xe1, 0xff, 0xff, 0xff, 0xe4, 0xff, 0xff, 
	0xff, 0xe7, 0xff, 0xff, 0xff, 0xe5, 0xff, 0xff, 
	0xff, 0xe5, 0xff, 0xff, 0xff, 0xe7, 0xff, 0xff, 
	0xff, 0xe5, 0xff, 0xff, 0xff, 0xe8, 0xff, 0xff, 
	0xff, 0xeb, 0xff, 0xff, 0xff, 0xeb, 0xff, 0xff, 
	0xff, 0xeb, 0xff, 0xff, 0xff, 0xe8, 0xff, 0xff, 
	0xff, 0xe8, 0xff, 0xff, 0xff, 0xe8, 0xff, 0xff, 
	0xff, 0xe9, 0xff, 0xff, 0xff, 0xe9, 0xff, 0xff, 
	0xff, 0xf0, 0xff, 0xff, 0xff, 0xf0, 0xff, 0xff, 
	0xff, 0xf5, 0xff, 0xff, 0xff, 0xf0, 0xff, 0xff, 
	0xff, 0xfb, 0xff, 0xff, 0xff, 0xfb, 0xff, 0xff, 
	0xff, 0xfb, 0xff, 0xff, 0xff, 0xf8, 0xff, 0xff, 
	0xff, 0xf8, 0xff, 0xff, 0xff, 0xf5, 0xff, 0xff, 
	0xff, 0xf7, 0xff, 0xff, 0xff, 0xfb, 0xff, 0xff, 
	0xff, 0xfb, 0xff, 0xff, 0xff, 0xfb, 0xff, 0xff, 
	0xff, 0xd5, 0xff, 0xff, 0xff, 0xd5, 0xff, 0xff, 
	0xff, 0xd5, 0xff, 0xff, 0xff, 0xd5, 0xff, 0xff, 
	0xff, 0xd7, 0xff, 0xff, 0xff, 0xd7, 0xff, 0xff, 
	0xff, 0xd4, 0xff, 0xff, 0xff, 0xd4, 0xff, 0xff, 
	0xff, 0xd7, 0xf7, 0xff, 0xff, 0xd7, 0xf7, 0xff, 
	0xff, 0xd7, 0xf7, 0xff, 0xff, 0xd7, 0xf7, 0xff, 
	0xff, 0xd0, 0xf9, 0xff, 0xff, 0xd3, 0xff, 0xff, 
	0xff, 0xd3, 0xff, 0xff, 0xff, 0xd3, 0xff, 0xff, 
	0xff, 0xd3, 0xff, 0xff, 0xff, 0xd3, 0xff, 0xff, 
	0xff, 0xcf, 0xf9, 0xff, 0xff, 0xcf, 0xf9, 0xff, 
	0xff, 0xcc, 0xf9, 0xff, 0xff, 0xc9, 0xf4, 0xff, 
	0xff, 0xcc, 0xf9, 0xff, 0xff, 0xcf, 0xff, 0xff, 
	0xff, 0xc5, 0xf9, 0xff, 0xff, 0xc5, 0xf9, 0xff, 
	0xff, 0xc5, 0xf9, 0xff, 0xff, 0xc3, 0xef, 0xff, 
	0xff, 0xc3, 0xf7, 0xff, 0xff, 0xc3, 0xf7, 0xff, 
	0xff, 0xc1, 0xf1, 0xff, 0xff, 0xc1, 0xf1, 0xff, 
	0xff, 0xbc, 0xf1, 0xff, 0xff, 0xbc, 0xf1, 0xff, 
	0xff, 0xbc, 0xf1, 0xff, 0xff, 0xbb, 0xec, 0xff, 
	0xff, 0xc3, 0xf7, 0xff, 0xff, 0xc1, 0xf1, 0xff, 
	0xff, 0xc1, 0xf1, 0xff, 0xff, 0xc3, 0xf7, 0xff, 
	0xff, 0xc5, 0xef, 0xff, 0xff, 0xbf, 0xef, 0xff, 
	0xff, 0xbf, 0xef, 0xff, 0xff, 0xc5, 0xef, 0xff, 
	0xff, 0xc7, 0xe7, 0xff, 0xff, 0xc7, 0xe7, 0xff, 
	0xff, 0xc7, 0xe7, 0xff, 0xff, 0xc8, 0xe9, 0xff, 
	0xff, 0xc7, 0xe7, 0xff, 0xff, 0xc7, 0xec, 0xff, 
	0xff, 0xc7, 0xe7, 0xff, 0xff, 0xc7, 0xec, 0xff, 
	0xff, 0xc8, 0xec, 0xff, 0xff, 0xc8, 0xec, 0xff, 
	0xff, 0xc8, 0xec, 0xff, 0xff, 0xc8, 0xec, 0xff, 
	0xff, 0xc7, 0xef, 0xff, 0xff, 0xc8, 0xf1, 0xff, 
	0xff, 0xc8, 0xf1, 0xff, 0xff, 0xc7, 0xef, 0xff, 
	0xff, 0xcb, 0xf1, 0xff, 0xff, 0xcb, 0xf1, 0xff, 
	0xff, 0xcb, 0xf1, 0xff, 0xff, 0xcb, 0xf1, 0xff, 
	0xff, 0xd1, 0xf4, 0xff, 0xff, 0xd1, 0xf4, 0xff, 
	0xff, 0xd4, 0xf9, 0xff, 0xff, 0xd4, 0xf9, 0xff, 
	0xff, 0xd7, 0xf9, 0xff, 0xff, 0xd7, 0xfc, 0xff, 
	0xff, 0xd7, 0xf9, 0xff, 0xff, 0xd7, 0xf7, 0xff, 
	0xff, 0xd9, 0xf9, 0xff, 0xff, 0xd7, 0xff, 0xff, 
	0xff, 0xd7, 0xff, 0xff, 0xff, 0xd7, 0xff, 0xff, 
	0xff, 0xd9, 0xff, 0xff, 0xff, 0xd7, 0xff, 0xff, 
	0xff, 0xd9, 0xff, 0xff, 0xff, 0xdc, 0xff, 0xff, 
	0xff, 0xdb, 0xff, 0xff, 0xff, 0xdd, 0xff, 0xff, 
	0xff, 0xdd, 0xff, 0xff, 0xff, 0xe0, 0xff, 0xff, 
	0xff, 0xe1, 0xff, 0xff, 0xff, 0xe3, 0xff, 0xff, 
	0xff, 0xe3, 0xff, 0xff, 0xff, 0xe1, 0xff, 0xff, 
	0xff, 0xe1, 0xff, 0xff, 0xff, 0xe1, 0xff, 0xff, 
	0xff, 0xe1, 0xff, 0xff, 0xff, 0xe1, 0xff, 0xff, 
	0xff, 0xe4, 0xff, 0xff, 0xff, 0xe4, 0xff, 0xff, 
	0xff, 0xe4, 0xff, 0xff, 0xff, 0xe4, 0xff, 0xff, 
	0xff, 0xe3, 0xff, 0xff, 0xff, 0xe3, 0xff, 0xff, 
	0xff, 0xe5, 0xff, 0xff, 0xff, 0xe5, 0xff, 0xff, 
	0xff, 0xe5, 0xff, 0xff, 0xff, 0xe5, 0xff, 0xff, 
	0xff, 0xe5, 0xff, 0xff, 0xff, 0xe5, 0xff, 0xff, 
	0xff, 0xe7, 0xff, 0xff, 0xff, 0xe9, 0xff, 0xff, 
	0xff, 0xe9, 0xff, 0xff, 0xff, 0xec, 0xff, 0xff, 
	0xff, 0xef, 0xff, 0xff, 0xff, 0xec, 0xff, 0xff, 
	0xff, 0xec, 0xff, 0xff, 0xff, 0xec, 0xff, 0xff, 
	0xff, 0xe9, 0xff, 0xff, 0xff, 0xe9, 0xff, 0xff, 
	0xff, 0xe9, 0xff, 0xff, 0xff, 0xef, 0xff, 0xff, 
	0xff, 0xf5, 0xff, 0xff, 0xff, 0xf5, 0xff, 0xff, 
	0xff, 0xf8, 0xff, 0xff, 0xff, 0xf8, 0xff, 0xff, 
	0xff, 0xf9, 0xff, 0xff, 0xff, 0xf8, 0xff, 0xff, 
	0xff, 0xf8, 0xff, 0xff, 0xff, 0xf8, 0xff, 0xff, 
	0xff, 0xf9, 0xff, 0xff, 0xff, 0xfc, 0xff, 0xff, 
	0xff, 0xff, 0xff, 0xff, 0xff, 0xff, 0xff, 0xff, 
	0xff, 0xd5, 0xff, 0xff, 0xff, 0xd5, 0xff, 0xff, 
	0xff, 0xd5, 0xff, 0xff, 0xff, 0xd5, 0xff, 0xff, 
	0xff, 0xd7, 0xff, 0xff, 0xff, 0xd4, 0xff, 0xff, 
	0xff, 0xd4, 0xff, 0xff, 0xff, 0xd1, 0xff, 0xff, 
	0xff, 0xd7, 0xf7, 0xff, 0xff, 0xd7, 0xf7, 0xff, 
	0xff, 0xd7, 0xf7, 0xff, 0xff, 0xcf, 0xf7, 0xff, 
	0xff, 0xcf, 0xf7, 0xff, 0xff, 0xd3, 0xff, 0xff, 
	0xff, 0xd3, 0xff, 0xff, 0xff, 0xd3, 0xff, 0xff, 
	0xff, 0xd3, 0xff, 0xff, 0xff, 0xcf, 0xf9, 0xff, 
	0xff, 0xcb, 0xf4, 0xff, 0xff, 0xcf, 0xf9, 0xff, 
	0xff, 0xcc, 0xf9, 0xff, 0xff, 0xcf, 0xff, 0xff, 
	0xff, 0xcf, 0xff, 0xff, 0xff, 0xcf, 0xff, 0xff, 
	0xff, 0xc5, 0xf9, 0xff, 0xff, 0xc5, 0xf9, 0xff, 
	0xff, 0xc5, 0xf9, 0xff, 0xff, 0xc3, 0xef, 0xff, 
	0xff, 0xbf, 0xec, 0xff, 0xff, 0xc1, 0xf1, 0xff, 
	0xff, 0xc1, 0xf1, 0xff, 0xff, 0xc1, 0xf1, 0xff, 
	0xff, 0xbc, 0xf1, 0xff, 0xff, 0xbc, 0xf1, 0xff, 
	0xff, 0xbc, 0xf1, 0xff, 0xff, 0xbc, 0xf1, 0xff, 
	0xff, 0xc1, 0xf1, 0xff, 0xff, 0xc1, 0xf1, 0xff, 
	0xff, 0xc1, 0xf1, 0xff, 0xff, 0xc1, 0xf1, 0xff, 
	0xff, 0xc5, 0xef, 0xff, 0xff, 0xc5, 0xef, 0xff, 
	0xff, 0xbf, 0xef, 0xff, 0xff, 0xc5, 0xef, 0xff, 
	0xff, 0xc9, 0xec, 0xff, 0xff, 0xc9, 0xec, 0xff, 
	0xff, 0xc8, 0xe9, 0xff, 0xff, 0xc9, 0xec, 0xff, 
	0xff, 0xc7, 0xe7, 0xff, 0xff, 0xc7, 0xec, 0xff, 
	0xff, 0xc7, 0xec, 0xff, 0xff, 0xc7, 0xec, 0xff, 
	0xff, 0xc8, 0xec, 0xff, 0xff, 0xc8, 0xec, 0xff, 
	0xff, 0xcb, 0xe7, 0xff, 0xff, 0xc8, 0xec, 0xff, 
	0xff, 0xc7, 0xef, 0xff, 0xff, 0xc9, 0xf4, 0xff, 
	0xff, 0xc9, 0xf4, 0xff, 0xff, 0xc8, 0xf1, 0xff, 
	0xff, 0xc7, 0xef, 0xff, 0xff, 0xcb, 0xf1, 0xff, 
	0xff, 0xcb, 0xf1, 0xff, 0xff, 0xcb, 0xf1, 0xff, 
	0xff, 0xd1, 0xf4, 0xff, 0xff, 0xd1, 0xf4, 0xff, 
	0xff, 0xd4, 0xf9, 0xff, 0xff, 0xd4, 0xf9, 0xff, 
	0xff, 0xd7, 0xf9, 0xff, 0xff, 0xd7, 0xfc, 0xff, 
	0xff, 0xd7, 0xfc, 0xff, 0xff, 0xd7, 0xfc, 0xff, 
	0xff, 0xdb, 0xf7, 0xff, 0xff, 0xd7, 0xff, 0xff, 
	0xff, 0xd7, 0xff, 0xff, 0xff, 0xd7, 0xff, 0xff, 
	0xff, 0xd9, 0xff, 0xff, 0xff, 0xd9, 0xff, 0xff, 
	0xff, 0xd9, 0xff, 0xff, 0xff, 0xd9, 0xff, 0xff, 
	0xff, 0xdd, 0xff, 0xff, 0xff, 0xdd, 0xff, 0xff, 
	0xff, 0xdd, 0xff, 0xff, 0xff, 0xdd, 0xff, 0xff, 
	0xff, 0xe0, 0xff, 0xff, 0xff, 0xe1, 0xff, 0xff, 
	0xff, 0xe1, 0xff, 0xff, 0xff, 0xe1, 0xff, 0xff, 
	0xff, 0xe1, 0xff, 0xff, 0xff, 0xe1, 0xff, 0xff, 
	0xff, 0xe1, 0xff, 0xff, 0xff, 0xe4, 0xff, 0xff, 
	0xff, 0xe4, 0xff, 0xff, 0xff, 0xe4, 0xff, 0xff, 
	0xff, 0xe4, 0xff, 0xff, 0xff, 0xe4, 0xff, 0xff, 
	0xff, 0xe3, 0xff, 0xff, 0xff, 0xe3, 0xff, 0xff, 
	0xff, 0xe8, 0xff, 0xff, 0xff, 0xe8, 0xff, 0xff, 
	0xff, 0xe5, 0xff, 0xff, 0xff, 0xe5, 0xff, 0xff, 
	0xff, 0xe5, 0xff, 0xff, 0xff, 0xe5, 0xff, 0xff, 
	0xff, 0xe7, 0xff, 0xff, 0xff, 0xe9, 0xff, 0xff, 
	0xff, 0xec, 0xff, 0xff, 0xff, 0xef, 0xff, 0xff, 
	0xff, 0xef, 0xff, 0xff, 0xff, 0xec, 0xff, 0xff, 
	0xff, 0xec, 0xff, 0xff, 0xff, 0xe9, 0xff, 0xff, 
	0xff, 0xe9, 0xff, 0xff, 0xff, 0xec, 0xff, 0xff, 
	0xff, 0xec, 0xff, 0xff, 0xff, 0xef, 0xff, 0xff, 
	0xff, 0xf3, 0xff, 0xff, 0xff, 0xf5, 0xff, 0xff, 
	0xff, 0xf8, 0xff, 0xff, 0xff, 0xf8, 0xff, 0xff, 
	0xff, 0xf9, 0xff, 0xff, 0xff, 0xf9, 0xff, 0xff, 
	0xff, 0xf9, 0xff, 0xff, 0xff, 0xf8, 0xff, 0xff, 
	0xff, 0xfc, 0xff, 0xff, 0xff, 0xff, 0xff, 0xff, 
	0xff, 0xff, 0xff, 0xff, 0xff, 0xff, 0xff, 0xff, 
	0xff, 0xd5, 0xff, 0xff, 0xff, 0xd5, 0xff, 0xff, 
	0xff, 0xd5, 0xff, 0xff, 0xff, 0xd5, 0xff, 0xff, 
	0xff, 0xd4, 0xff, 0xff, 0xff, 0xd4, 0xff, 0xff, 
	0xff, 0xd4, 0xff, 0xff, 0xff, 0xd1, 0xff, 0xff, 
	0xff, 0xcf, 0xf7, 0xff, 0xff, 0xcf, 0xf7, 0xff, 
	0xff, 0xcf, 0xf7, 0xff, 0xff, 0xcf, 0xf7, 0xff, 
	0xff, 0xcf, 0xf7, 0xff, 0xff, 0xd0, 0xf9, 0xff, 
	0xff, 0xcf, 0xf7, 0xff, 0xff, 0xd0, 0xf9, 0xff, 
	0xff, 0xcf, 0xf9, 0xff, 0xff, 0xcb, 0xf4, 0xff, 
	0xff, 0xc7, 0xef, 0xff, 0xff, 0xcb, 0xf4, 0xff, 
	0xff, 0xc9, 0xf4, 0xff, 0xff, 0xcc, 0xf9, 0xff, 
	0xff, 0xcf, 0xff, 0xff, 0xff, 0xcf, 0xff, 0xff, 
	0xff, 0xc5, 0xf9, 0xff, 0xff, 0xc4, 0xf4, 0xff, 
	0xff, 0xc4, 0xf4, 0xff, 0xff, 0xc4, 0xf4, 0xff, 
	0xff, 0xbf, 0xec, 0xff, 0xff, 0xbe, 0xe7, 0xff, 
	0xff, 0xbf, 0xec, 0xff, 0xff, 0xc1, 0xf1, 0xff, 
	0xff, 0xbc, 0xf1, 0xff, 0xff, 0xbb, 0xec, 0xff, 
	0xff, 0xba, 0xe7, 0xff, 0xff, 0xba, 0xe7, 0xff, 
	0xff, 0xbf, 0xec, 0xff, 0xff, 0xbe, 0xe7, 0xff, 
	0xff, 0xbe, 0xe7, 0xff, 0xff, 0xbf, 0xec, 0xff, 
	0xff, 0xbf, 0xef, 0xff, 0xff, 0xbf, 0xef, 0xff, 
	0xff, 0xbf, 0xef, 0xff, 0xff, 0xbf, 0xef, 0xff, 
	0xff, 0xc9, 0xec, 0xff, 0xff, 0xc9, 0xec, 0xff, 
	0xff, 0xc9, 0xec, 0xff, 0xff, 0xc9, 0xec, 0xff, 
	0xff, 0xc7, 0xec, 0xff, 0xff, 0xc7, 0xec, 0xff, 
	0xff, 0xc7, 0xec, 0xff, 0xff, 0xc7, 0xe7, 0xff, 
	0xff, 0xc8, 0xec, 0xff, 0xff, 0xc8, 0xec, 0xff, 
	0xff, 0xc8, 0xec, 0xff, 0xff, 0xc5, 0xf1, 0xff, 
	0xff, 0xc9, 0xf4, 0xff, 0xff, 0xcb, 0xf7, 0xff, 
	0xff, 0xc9, 0xf4, 0xff, 0xff, 0xc7, 0xef, 0xff, 
	0xff, 0xc7, 0xef, 0xff, 0xff, 0xcb, 0xf1, 0xff, 
	0xff, 0xcb, 0xf1, 0xff, 0xff, 0xcb, 0xf1, 0xff, 
	0xff, 0xcf, 0xef, 0xff, 0xff, 0xd1, 0xf4, 0xff, 
	0xff, 0xd1, 0xf4, 0xff, 0xff, 0xd1, 0xf4, 0xff, 
	0xff, 0xd7, 0xfc, 0xff, 0xff, 0xd7, 0xfc, 0xff, 
	0xff, 0xd7, 0xfc, 0xff, 0xff, 0xd7, 0xf9, 0xff, 
	0xff, 0xd9, 0xf9, 0xff, 0xff, 0xd7, 0xff, 0xff, 
	0xff, 0xd7, 0xff, 0xff, 0xff, 0xd7, 0xff, 0xff, 
	0xff, 0xd9, 0xff, 0xff, 0xff, 0xdc, 0xff, 0xff, 
	0xff, 0xdc, 0xff, 0xff, 0xff, 0xdc, 0xff, 0xff, 
	0xff, 0xe0, 0xff, 0xff, 0xff, 0xdd, 0xff, 0xff, 
	0xff, 0xdd, 0xff, 0xff, 0xff, 0xdd, 0xff, 0xff, 
	0xff, 0xe0, 0xff, 0xff, 0xff, 0xe0, 0xff, 0xff, 
	0xff, 0xe0, 0xff, 0xff, 0xff, 0xe0, 0xff, 0xff, 
	0xff, 0xe1, 0xff, 0xff, 0xff, 0xe1, 0xff, 0xff, 
	0xff, 0xe1, 0xff, 0xff, 0xff, 0xe4, 0xff, 0xff, 
	0xff, 0xe4, 0xff, 0xff, 0xff, 0xe4, 0xff, 0xff, 
	0xff, 0xe4, 0xff, 0xff, 0xff, 0xe4, 0xff, 0xff, 
	0xff, 0xe8, 0xff, 0xff, 0xff, 0xe8, 0xff, 0xff, 
	0xff, 0xe8, 0xff, 0xff, 0xff, 0xe8, 0xff, 0xff, 
	0xff, 0xe3, 0xff, 0xff, 0xff, 0xe5, 0xff, 0xff, 
	0xff, 0xe5, 0xff, 0xff, 0xff, 0xe3, 0xff, 0xff, 
	0xff, 0xe7, 0xff, 0xff, 0xff, 0xec, 0xff, 0xff, 
	0xff, 0xec, 0xff, 0xff, 0xff, 0xef, 0xff, 0xff, 
	0xff, 0xec, 0xff, 0xff, 0xff, 0xec, 0xff, 0xff, 
	0xff, 0xec, 0xff, 0xff, 0xff, 0xe9, 0xff, 0xff, 
	0xff, 0xe9, 0xff, 0xff, 0xff, 0xef, 0xff, 0xff, 
	0xff, 0xef, 0xff, 0xff, 0xff, 0xef, 0xff, 0xff, 
	0xff, 0xf3, 0xff, 0xff, 0xff, 0xf5, 0xff, 0xff, 
	0xff, 0xf8, 0xff, 0xff, 0xff, 0xf8, 0xff, 0xff, 
	0xff, 0xf9, 0xff, 0xff, 0xff, 0xf9, 0xff, 0xff, 
	0xff, 0xf9, 0xff, 0xff, 0xff, 0xf9, 0xff, 0xff, 
	0xff, 0xfc, 0xff, 0xff, 0xff, 0xff, 0xff, 0xff, 
	0xff, 0xff, 0xff, 0xff, 0xff, 0xff, 0xff, 0xff, 
	0xff, 0xd5, 0xff, 0xff, 0xff, 0xd5, 0xff, 0xff, 
	0xff, 0xd3, 0xff, 0xff, 0xff, 0xd5, 0xff, 0xff, 
	0xff, 0xd4, 0xff, 0xff, 0xff, 0xd4, 0xff, 0xff, 
	0xff, 0xcf, 0xff, 0xff, 0xff, 0xcf, 0xff, 0xff, 
	0xff, 0xcf, 0xf7, 0xff, 0xff, 0xc7, 0xf7, 0xff, 
	0xff, 0xc7, 0xf7, 0xff, 0xff, 0xc7, 0xf7, 0xff, 
	0xff, 0xcf, 0xf7, 0xff, 0xff, 0xcf, 0xf7, 0xff, 
	0xff, 0xcf, 0xf7, 0xff, 0xff, 0xcf, 0xf7, 0xff, 
	0xff, 0xcf, 0xf9, 0xff, 0xff, 0xcb, 0xf4, 0xff, 
	0xff, 0xc7, 0xef, 0xff, 0xff, 0xc7, 0xef, 0xff, 
	0xff, 0xc9, 0xf4, 0xff, 0xff, 0xc9, 0xf4, 0xff, 
	0xff, 0xcc, 0xf9, 0xff, 0xff, 0xc9, 0xf4, 0xff, 
	0xff, 0xc5, 0xf9, 0xff, 0xff, 0xc4, 0xf4, 0xff, 
	0xff, 0xc4, 0xf4, 0xff, 0xff, 0xc4, 0xf4, 0xff, 
	0xff, 0xbf, 0xec, 0xff, 0xff, 0xbf, 0xec, 0xff, 
	0xff, 0xbe, 0xe7, 0xff, 0xff, 0xbe, 0xe7, 0xff, 
	0xff, 0xbc, 0xf1, 0xff, 0xff, 0xbc, 0xf1, 0xff, 
	0xff, 0xba, 0xe7, 0xff, 0xff, 0xba, 0xe7, 0xff, 
	0xff, 0xbe, 0xe7, 0xff, 0xff, 0xbe, 0xe7, 0xff, 
	0xff, 0xbe, 0xe7, 0xff, 0xff, 0xbf, 0xec, 0xff, 
	0xff, 0xba, 0xef, 0xff, 0xff, 0xbf, 0xef, 0xff, 
	0xff, 0xbf, 0xef, 0xff, 0xff, 0xbf, 0xef, 0xff, 
	0xff, 0xc9, 0xec, 0xff, 0xff, 0xc9, 0xec, 0xff, 
	0xff, 0xc9, 0xec, 0xff, 0xff, 0xc9, 0xec, 0xff, 
	0xff, 0xc7, 0xec, 0xff, 0xff, 0xc7, 0xec, 0xff, 
	0xff, 0xc7, 0xec, 0xff, 0xff, 0xc7, 0xec, 0xff, 
	0xff, 0xc5, 0xf1, 0xff, 0xff, 0xc8, 0xec, 0xff, 
	0xff, 0xc5, 0xf1, 0xff, 0xff, 0xc5, 0xf1, 0xff, 
	0xff, 0xcb, 0xf7, 0xff, 0xff, 0xc9, 0xf4, 0xff, 
	0xff, 0xc9, 0xf4, 0xff, 0xff, 0xc8, 0xf1, 0xff, 
	0xff, 0xc7, 0xef, 0xff, 0xff, 0xc7, 0xef, 0xff, 
	0xff, 0xcb, 0xf1, 0xff, 0xff, 0xcb, 0xf1, 0xff, 
	0xff, 0xcf, 0xef, 0xff, 0xff, 0xcf, 0xef, 0xff, 
	0xff, 0xd1, 0xf4, 0xff, 0xff, 0xd1, 0xf4, 0xff, 
	0xff, 0xd7, 0xfc, 0xff, 0xff, 0xd7, 0xfc, 0xff, 
	0xff, 0xd7, 0xff, 0xff, 0xff, 0xd7, 0xfc, 0xff, 
	0xff, 0xd7, 0xff, 0xff, 0xff, 0xd7, 0xff, 0xff, 
	0xff, 0xd7, 0xff, 0xff, 0xff, 0xd7, 0xff, 0xff, 
	0xff, 0xd9, 0xff, 0xff, 0xff, 0xdc, 0xff, 0xff, 
	0xff, 0xdc, 0xff, 0xff, 0xff, 0xdf, 0xff, 0xff, 
	0xff, 0xe0, 0xff, 0xff, 0xff, 0xdd, 0xff, 0xff, 
	0xff, 0xdd, 0xff, 0xff, 0xff, 0xdd, 0xff, 0xff, 
	0xff, 0xe0, 0xff, 0xff, 0xff, 0xe0, 0xff, 0xff, 
	0xff, 0xe0, 0xff, 0xff, 0xff, 0xe0, 0xff, 0xff, 
	0xff, 0xe1, 0xff, 0xff, 0xff, 0xe1, 0xff, 0xff, 
	0xff, 0xe1, 0xff, 0xff, 0xff, 0xe4, 0xff, 0xff, 
	0xff, 0xe9, 0xff, 0xff, 0xff, 0xe9, 0xff, 0xff, 
	0xff, 0xe4, 0xff, 0xff, 0xff, 0xe9, 0xff, 0xff, 
	0xff, 0xe8, 0xff, 0xff, 0xff, 0xe3, 0xff, 0xff, 
	0xff, 0xe3, 0xff, 0xff, 0xff, 0xe8, 0xff, 0xff, 
	0xff, 0xe5, 0xff, 0xff, 0xff, 0xe5, 0xff, 0xff, 
	0xff, 0xe5, 0xff, 0xff, 0xff, 0xe3, 0xff, 0xff, 
	0xff, 0xe7, 0xff, 0xff, 0xff, 0xe7, 0xff, 0xff, 
	0xff, 0xe9, 0xff, 0xff, 0xff, 0xe9, 0xff, 0xff, 
	0xff, 0xec, 0xff, 0xff, 0xff, 0xec, 0xff, 0xff, 
	0xff, 0xe7, 0xff, 0xff, 0xff, 0xe7, 0xff, 0xff, 
	0xff, 0xec, 0xff, 0xff, 0xff, 0xef, 0xff, 0xff, 
	0xff, 0xef, 0xff, 0xff, 0xff, 0xef, 0xff, 0xff, 
	0xff, 0xf5, 0xff, 0xff, 0xff, 0xf3, 0xff, 0xff, 
	0xff, 0xf3, 0xff, 0xff, 0xff, 0xf8, 0xff, 0xff, 
	0xff, 0xf9, 0xff, 0xff, 0xff, 0xfb, 0xff, 0xff, 
	0xff, 0xfb, 0xff, 0xff, 0xff, 0xfb, 0xff, 0xff, 
	0xff, 0xfc, 0xff, 0xff, 0xff, 0xff, 0xff, 0xff, 
	0xff, 0xff, 0xff, 0xff, 0xff, 0xff, 0xff, 0xff, 
	0xff, 0xd3, 0xff, 0xff, 0xff, 0xd3, 0xff, 0xff, 
	0xff, 0xd3, 0xff, 0xff, 0xff, 0xd4, 0xfc, 0xff, 
	0xff, 0xcb, 0xff, 0xff, 0xff, 0xcd, 0xf9, 0xff, 
	0xff, 0xcb, 0xff, 0xff, 0xff, 0xcb, 0xff, 0xff, 
	0xff, 0xcb, 0xff, 0xff, 0xff, 0xc8, 0xf4, 0xff, 
	0xff, 0xc8, 0xf4, 0xff, 0xff, 0xc7, 0xef, 0xff, 
	0xff, 0xc7, 0xf7, 0xff, 0xff, 0xc7, 0xf7, 0xff, 
	0xff, 0xc7, 0xf7, 0xff, 0xff, 0xc7, 0xf7, 0xff, 
	0xff, 0xc3, 0xff, 0xff, 0xff, 0xc1, 0xf7, 0xff, 
	0xff, 0xc1, 0xf7, 0xff, 0xff, 0xc1, 0xf7, 0xff, 
	0xff, 0xbc, 0xf1, 0xff, 0xff, 0xbc, 0xf1, 0xff, 
	0xff, 0xbe, 0xf7, 0xff, 0xff, 0xbe, 0xf7, 0xff, 
	0xff, 0xc3, 0xf7, 0xff, 0xff, 0xc0, 0xee, 0xff, 
	0xff, 0xc0, 0xee, 0xff, 0xff, 0xc0, 0xee, 0xff, 
	0xff, 0xba, 0xe7, 0xff, 0xfc, 0xbb, 0xec, 0xff, 
	0xff, 0xba, 0xe7, 0xff, 0xfc, 0xbb, 0xec, 0xff, 
	0xff, 0xb7, 0xe6, 0xff, 0xff, 0xb8, 0xee, 0xff, 
	0xff, 0xb8, 0xee, 0xff, 0xff, 0xb8, 0xee, 0xff, 
	0xff, 0xb6, 0xe3, 0xff, 0xff, 0xb6, 0xe3, 0xff, 
	0xff, 0xb6, 0xe3, 0xff, 0xff, 0xb6, 0xe9, 0xff, 
	0xff, 0xba, 0xe9, 0xff, 0xff, 0xba, 0xe9, 0xff, 
	0xff, 0xba, 0xe9, 0xff, 0xff, 0xba, 0xe9, 0xff, 
	0xff, 0xc5, 0xe3, 0xff, 0xff, 0xc8, 0xe9, 0xff, 
	0xff, 0xc8, 0xe9, 0xff, 0xff, 0xc8, 0xe9, 0xff, 
	0xff, 0xc9, 0xec, 0xff, 0xff, 0xc9, 0xec, 0xff, 
	0xff, 0xc9, 0xec, 0xff, 0xff, 0xcb, 0xe7, 0xff, 
	0xff, 0xc7, 0xef, 0xff, 0xff, 0xc7, 0xef, 0xff, 
	0xff, 0xc7, 0xf4, 0xff, 0xff, 0xc7, 0xf4, 0xff, 
	0xff, 0xc7, 0xef, 0xff, 0xff, 0xc4, 0xf4, 0xff, 
	0xff, 0xc4, 0xf4, 0xff, 0xff, 0xc4, 0xf4, 0xff, 
	0xff, 0xc1, 0xf4, 0xff, 0xff, 0xc4, 0xf1, 0xff, 
	0xff, 0xc7, 0xef, 0xff, 0xff, 0xc7, 0xef, 0xff, 
	0xff, 0xcb, 0xef, 0xff, 0xff, 0xcb, 0xef, 0xff, 
	0xff, 0xd3, 0xf1, 0xff, 0xff, 0xd3, 0xf1, 0xff, 
	0xff, 0xd7, 0xff, 0xff, 0xff, 0xd7, 0xff, 0xff, 
	0xff, 0xd7, 0xff, 0xff, 0xff, 0xd4, 0xf9, 0xff, 
	0xff, 0xd3, 0xff, 0xff, 0xff, 0xd3, 0xf9, 0xff, 
	0xff, 0xd3, 0xff, 0xff, 0xff, 0xd3, 0xff, 0xff, 
	0xff, 0xd7, 0xff, 0xff, 0xff, 0xd7, 0xff, 0xff, 
	0xff, 0xdf, 0xf9, 0xff, 0xff, 0xdf, 0xf9, 0xff, 
	0xff, 0xdd, 0xff, 0xff, 0xff, 0xdd, 0xff, 0xff, 
	0xff, 0xdf, 0xff, 0xff, 0xff, 0xdf, 0xff, 0xff, 
	0xff, 0xe0, 0xff, 0xff, 0xff, 0xe0, 0xff, 0xff, 
	0xff, 0xe0, 0xff, 0xff, 0xff, 0xdd, 0xff, 0xff, 
	0xff, 0xdd, 0xff, 0xff, 0xff, 0xdd, 0xff, 0xff, 
	0xff, 0xdf, 0xff, 0xff, 0xff, 0xdf, 0xff, 0xff, 
	0xff, 0xe0, 0xff, 0xff, 0xff, 0xe1, 0xff, 0xff, 
	0xff, 0xe1, 0xff, 0xff, 0xff, 0xe1, 0xff, 0xff, 
	0xff, 0xe7, 0xff, 0xff, 0xff, 0xe1, 0xff, 0xff, 
	0xff, 0xe1, 0xff, 0xff, 0xff, 0xe4, 0xff, 0xff, 
	0xff, 0xe1, 0xff, 0xff, 0xff, 0xe1, 0xff, 0xff, 
	0xff, 0xe1, 0xff, 0xff, 0xff, 0xe1, 0xff, 0xff, 
	0xff, 0xe3, 0xff, 0xff, 0xff, 0xe5, 0xff, 0xff, 
	0xff, 0xe3, 0xff, 0xff, 0xff, 0xe5, 0xff, 0xff, 
	0xff, 0xe4, 0xff, 0xff, 0xff, 0xe4, 0xff, 0xff, 
	0xff, 0xe4, 0xff, 0xff, 0xff, 0xe4, 0xff, 0xff, 
	0xff, 0xeb, 0xff, 0xff, 0xff, 0xed, 0xff, 0xff, 
	0xff, 0xef, 0xff, 0xff, 0xff, 0xef, 0xff, 0xff, 
	0xff, 0xf1, 0xff, 0xff, 0xff, 0xf1, 0xff, 0xff, 
	0xff, 0xf4, 0xff, 0xff, 0xff, 0xf7, 0xff, 0xff, 
	0xff, 0xf8, 0xff, 0xff, 0xff, 0xf8, 0xff, 0xff, 
	0xff, 0xf9, 0xff, 0xff, 0xff, 0xf9, 0xff, 0xff, 
	0xff, 0xfb, 0xff, 0xff, 0xff, 0xfb, 0xff, 0xff, 
	0xff, 0xff, 0xff, 0xff, 0xff, 0xff, 0xff, 0xff, 
	0xff, 0xd4, 0xfc, 0xff, 0xff, 0xd3, 0xff, 0xff, 
	0xff, 0xd4, 0xfc, 0xff, 0xff, 0xd4, 0xfc, 0xff, 
	0xff, 0xcd, 0xf9, 0xff, 0xff, 0xcd, 0xf9, 0xff, 
	0xff, 0xcd, 0xf9, 0xff, 0xff, 0xcb, 0xff, 0xff, 
	0xff, 0xc9, 0xf9, 0xff, 0xff, 0xc8, 0xf4, 0xff, 
	0xff, 0xc9, 0xf9, 0xff, 0xff, 0xc8, 0xf4, 0xff, 
	0xff, 0xc1, 0xf1, 0xff, 0xff, 0xc4, 0xf4, 0xff, 
	0xff, 0xc7, 0xf7, 0xff, 0xff, 0xc1, 0xf1, 0xff, 
	0xff, 0xc1, 0xf7, 0xff, 0xff, 0xc1, 0xf7, 0xff, 
	0xff, 0xbf, 0xef, 0xff, 0xff, 0xbf, 0xef, 0xff, 
	0xff, 0xbc, 0xf1, 0xff, 0xff, 0xbc, 0xf1, 0xff, 
	0xff, 0xbc, 0xf1, 0xff, 0xff, 0xbc, 0xf1, 0xff, 
	0xff, 0xc0, 0xee, 0xff, 0xff, 0xc0, 0xee, 0xff, 
	0xff, 0xc0, 0xee, 0xff, 0xff, 0xbd, 0xe6, 0xff, 
	0xff, 0xba, 0xe7, 0xff, 0xf9, 0xbc, 0xf1, 0xff, 
	0xfc, 0xbb, 0xec, 0xff, 0xfc, 0xbb, 0xec, 0xff, 
	0xff, 0xb8, 0xee, 0xff, 0xff, 0xb8, 0xee, 0xff, 
	0xff, 0xb8, 0xee, 0xff, 0xff, 0xb7, 0xe6, 0xff, 
	0xff, 0xb6, 0xe3, 0xff, 0xff, 0xb6, 0xe9, 0xff, 
	0xff, 0xb6, 0xe9, 0xff, 0xff, 0xb6, 0xe9, 0xff, 
	0xff, 0xba, 0xe3, 0xff, 0xff, 0xba, 0xe9, 0xff, 
	0xff, 0xba, 0xe9, 0xff, 0xff, 0xba, 0xe9, 0xff, 
	0xff, 0xc5, 0xe3, 0xff, 0xff, 0xc5, 0xe3, 0xff, 
	0xff, 0xc8, 0xe9, 0xff, 0xff, 0xcb, 0xef, 0xff, 
	0xff, 0xc9, 0xec, 0xff, 0xff, 0xc9, 0xec, 0xff, 
	0xff, 0xc9, 0xec, 0xff, 0xff, 0xc9, 0xec, 0xff, 
	0xff, 0xc7, 0xf4, 0xff, 0xff, 0xc7, 0xf4, 0xff, 
	0xff, 0xc7, 0xef, 0xff, 0xff, 0xc7, 0xf4, 0xff, 
	0xff, 0xc4, 0xf4, 0xff, 0xff, 0xc4, 0xf4, 0xff, 
	0xff, 0xc4, 0xf4, 0xff, 0xff, 0xc4, 0xf4, 0xff, 
	0xff, 0xc4, 0xf1, 0xff, 0xff, 0xc4, 0xf1, 0xff, 
	0xff, 0xc4, 0xf1, 0xff, 0xff, 0xc7, 0xef, 0xff, 
	0xff, 0xcb, 0xef, 0xff, 0xff, 0xcb, 0xef, 0xff, 
	0xff, 0xd3, 0xf1, 0xff, 0xff, 0xd3, 0xf1, 0xff, 
	0xff, 0xd1, 0xf4, 0xff, 0xff, 0xd4, 0xf9, 0xff, 
	0xff, 0xd4, 0xf9, 0xff, 0xff, 0xd4, 0xf9, 0xff, 
	0xff, 0xd3, 0xf7, 0xff, 0xff, 0xd3, 0xfc, 0xff, 
	0xff, 0xd3, 0xfc, 0xff, 0xff, 0xd3, 0xff, 0xff, 
	0xff, 0xd7, 0xff, 0xff, 0xff, 0xdb, 0xfc, 0xff, 
	0xff, 0xdb, 0xfc, 0xff, 0xff, 0xdf, 0xf9, 0xff, 
	0xff, 0xdc, 0xff, 0xff, 0xff, 0xdc, 0xff, 0xff, 
	0xff, 0xdf, 0xff, 0xff, 0xff, 0xdf, 0xff, 0xff, 
	0xff, 0xe0, 0xff, 0xff, 0xff, 0xe0, 0xff, 0xff, 
	0xff, 0xdd, 0xff, 0xff, 0xff, 0xdb, 0xff, 0xff, 
	0xff, 0xdb, 0xff, 0xff, 0xff, 0xdb, 0xff, 0xff, 
	0xff, 0xdb, 0xff, 0xff, 0xff, 0xdb, 0xff, 0xff, 
	0xff, 0xdf, 0xff, 0xff, 0xff, 0xdf, 0xff, 0xff, 
	0xff, 0xdf, 0xff, 0xff, 0xff, 0xe1, 0xff, 0xff, 
	0xff, 0xe1, 0xff, 0xff, 0xff, 0xe1, 0xff, 0xff, 
	0xff, 0xe1, 0xff, 0xff, 0xff, 0xe1, 0xff, 0xff, 
	0xff, 0xdf, 0xff, 0xff, 0xff, 0xe1, 0xff, 0xff, 
	0xff, 0xe7, 0xff, 0xff, 0xff, 0xe1, 0xff, 0xff, 
	0xff, 0xe5, 0xff, 0xff, 0xff, 0xe3, 0xff, 0xff, 
	0xff, 0xe5, 0xff, 0xff, 0xff, 0xe5, 0xff, 0xff, 
	0xff, 0xe4, 0xff, 0xff, 0xff, 0xe4, 0xff, 0xff, 
	0xff, 0xe4, 0xff, 0xff, 0xff, 0xe9, 0xff, 0xff, 
	0xff, 0xeb, 0xff, 0xff, 0xff, 0xec, 0xff, 0xff, 
	0xff, 0xed, 0xff, 0xff, 0xff, 0xef, 0xff, 0xff, 
	0xff, 0xf1, 0xff, 0xff, 0xff, 0xf1, 0xff, 0xff, 
	0xff, 0xf4, 0xff, 0xff, 0xff, 0xf7, 0xff, 0xff, 
	0xff, 0xf8, 0xff, 0xff, 0xff, 0xf8, 0xff, 0xff, 
	0xff, 0xf9, 0xff, 0xff, 0xff, 0xf9, 0xff, 0xff, 
	0xff, 0xff, 0xff, 0xff, 0xff, 0xf7, 0xff, 0xff, 
	0xff, 0xf3, 0xff, 0xff, 0xff, 0xf7, 0xff, 0xff, 
	0xff, 0xd4, 0xfc, 0xff, 0xff, 0xd4, 0xfc, 0xff, 
	0xff, 0xd4, 0xfc, 0xff, 0xff, 0xd5, 0xf9, 0xff, 
	0xff, 0xcd, 0xf9, 0xff, 0xff, 0xd0, 0xf4, 0xff, 
	0xff, 0xcd, 0xf9, 0xff, 0xff, 0xcd, 0xf9, 0xff, 
	0xff, 0xc9, 0xf9, 0xff, 0xff, 0xc8, 0xf4, 0xff, 
	0xff, 0xc8, 0xf4, 0xff, 0xff, 0xc7, 0xef, 0xff, 
	0xff, 0xc4, 0xf4, 0xff, 0xff, 0xc4, 0xf4, 0xff, 
	0xff, 0xc4, 0xf4, 0xff, 0xff, 0xc1, 0xf1, 0xff, 
	0xff, 0xc1, 0xf7, 0xff, 0xff, 0xbf, 0xef, 0xff, 
	0xff, 0xbf, 0xef, 0xff, 0xff, 0xbe, 0xe7, 0xff, 
	0xff, 0xba, 0xe7, 0xff, 0xff, 0xba, 0xe7, 0xff, 
	0xff, 0xbb, 0xec, 0xff, 0xff, 0xba, 0xe7, 0xff, 
	0xff, 0xc0, 0xee, 0xff, 0xff, 0xbd, 0xe6, 0xff, 
	0xff, 0xbd, 0xe6, 0xff, 0xff, 0xbd, 0xe6, 0xff, 
	0xff, 0xba, 0xe7, 0xff, 0xff, 0xba, 0xe7, 0xff, 
	0xfc, 0xbb, 0xec, 0xff, 0xf9, 0xbc, 0xf1, 0xff, 
	0xff, 0xb8, 0xee, 0xff, 0xff, 0xb8, 0xee, 0xff, 
	0xff, 0xb7, 0xe6, 0xff, 0xff, 0xb7, 0xe6, 0xff, 
	0xff, 0xb6, 0xe3, 0xff, 0xff, 0xb6, 0xe9, 0xff, 
	0xff, 0xb6, 0xe9, 0xff, 0xff, 0xb6, 0xe9, 0xff, 
	0xff, 0xba, 0xe9, 0xff, 0xff, 0xba, 0xde, 0xff, 
	0xff, 0xba, 0xde, 0xff, 0xff, 0xba, 0xde, 0xff, 
	0xff, 0xc3, 0xde, 0xff, 0xff, 0xc3, 0xde, 0xff, 
	0xff, 0xc5, 0xe3, 0xff, 0xff, 0xcb, 0xef, 0xff, 
	0xff, 0xc9, 0xec, 0xff, 0xff, 0xc8, 0xf1, 0xff, 
	0xff, 0xc8, 0xf1, 0xff, 0xff, 0xc9, 0xec, 0xff, 
	0xff, 0xc7, 0xf4, 0xff, 0xff, 0xc7, 0xf4, 0xff, 
	0xff, 0xc7, 0xef, 0xff, 0xff, 0xc7, 0xef, 0xff, 
	0xff, 0xc7, 0xef, 0xff, 0xff, 0xc7, 0xef, 0xff, 
	0xff, 0xc7, 0xef, 0xff, 0xff, 0xc5, 0xf1, 0xff, 
	0xff, 0xc4, 0xf1, 0xff, 0xff, 0xc4, 0xf1, 0xff, 
	0xff, 0xc7, 0xef, 0xff, 0xff, 0xc7, 0xef, 0xff, 
	0xff, 0xcb, 0xef, 0xff, 0xff, 0xcb, 0xef, 0xff, 
	0xff, 0xd3, 0xf1, 0xff, 0xff, 0xcb, 0xef, 0xff, 
	0xff, 0xd1, 0xf4, 0xff, 0xff, 0xd1, 0xf4, 0xff, 
	0xff, 0xd1, 0xf4, 0xff, 0xff, 0xcf, 0xef, 0xff, 
	0xff, 0xd3, 0xf7, 0xff, 0xff, 0xd3, 0xf9, 0xff, 
	0xff, 0xd3, 0xff, 0xff, 0xff, 0xd3, 0xff, 0xff, 
	0xff, 0xd7, 0xff, 0xff, 0xff, 0xd7, 0xff, 0xff, 
	0xff, 0xd7, 0xff, 0xff, 0xff, 0xdb, 0xfc, 0xff, 
	0xff, 0xdc, 0xff, 0xff, 0xff, 0xdc, 0xff, 0xff, 
	0xff, 0xdd, 0xff, 0xff, 0xff, 0xdd, 0xff, 0xff, 
	0xff, 0xdd, 0xff, 0xff, 0xff, 0xdd, 0xff, 0xff, 
	0xff, 0xdb, 0xff, 0xff, 0xff, 0xdb, 0xff, 0xff, 
	0xff, 0xdb, 0xff, 0xff, 0xff, 0xdb, 0xff, 0xff, 
	0xff, 0xdc, 0xff, 0xff, 0xff, 0xdc, 0xff, 0xff, 
	0xff, 0xdf, 0xff, 0xff, 0xff, 0xe0, 0xff, 0xff, 
	0xff, 0xdf, 0xff, 0xff, 0xff, 0xdf, 0xff, 0xff, 
	0xff, 0xe1, 0xff, 0xff, 0xff, 0xe1, 0xff, 0xff, 
	0xff, 0xe1, 0xff, 0xff, 0xff, 0xe1, 0xff, 0xff, 
	0xff, 0xe1, 0xff, 0xff, 0xff, 0xe1, 0xff, 0xff, 
	0xff, 0xe7, 0xff, 0xff, 0xff, 0xe1, 0xff, 0xff, 
	0xff, 0xe3, 0xff, 0xff, 0xff, 0xe5, 0xff, 0xff, 
	0xff, 0xe5, 0xff, 0xff, 0xff, 0xe5, 0xff, 0xff, 
	0xff, 0xe4, 0xff, 0xff, 0xff, 0xe4, 0xff, 0xff, 
	0xff, 0xe4, 0xff, 0xff, 0xff, 0xe9, 0xff, 0xff, 
	0xff, 0xeb, 0xff, 0xff, 0xff, 0xec, 0xff, 0xff, 
	0xff, 0xed, 0xff, 0xff, 0xff, 0xef, 0xff, 0xff, 
	0xff, 0xf4, 0xff, 0xff, 0xff, 0xf7, 0xff, 0xff, 
	0xff, 0xf7, 0xff, 0xff, 0xff, 0xf7, 0xff, 0xff, 
	0xff, 0xf8, 0xff, 0xff, 0xff, 0xf9, 0xff, 0xff, 
	0xff, 0xf9, 0xff, 0xff, 0xff, 0xf9, 0xff, 0xff, 
	0xff, 0xf7, 0xff, 0xff, 0xff, 0xff, 0xff, 0xff, 
	0xff, 0xf7, 0xff, 0xff, 0xff, 0xf3, 0xff, 0xff, 
	0xff, 0xd7, 0xf7, 0xff, 0xff, 0xd5, 0xf9, 0xff, 
	0xff, 0xd5, 0xf9, 0xff, 0xff, 0xd5, 0xf9, 0xff, 
	0xff, 0xd0, 0xf4, 0xff, 0xff, 0xd0, 0xf4, 0xff, 
	0xff, 0xd0, 0xf4, 0xff, 0xff, 0xcd, 0xf9, 0xff, 
	0xff, 0xc8, 0xf4, 0xff, 0xff, 0xc8, 0xf4, 0xff, 
	0xff, 0xc7, 0xef, 0xff, 0xff, 0xc7, 0xef, 0xff, 
	0xff, 0xc1, 0xf1, 0xff, 0xff, 0xbe, 0xef, 0xff, 
	0xff, 0xbe, 0xef, 0xff, 0xff, 0xbe, 0xef, 0xff, 
	0xff, 0xc1, 0xf7, 0xff, 0xff, 0xbf, 0xef, 0xff, 
	0xff, 0xbe, 0xe7, 0xff, 0xff, 0xbe, 0xe7, 0xff, 
	0xff, 0xba, 0xe7, 0xff, 0xff, 0xba, 0xe7, 0xff, 
	0xff, 0xba, 0xe7, 0xff, 0xff, 0xba, 0xe7, 0xff, 
	0xff, 0xba, 0xde, 0xff, 0xff, 0xba, 0xde, 0xff, 
	0xff, 0xba, 0xde, 0xff, 0xff, 0xbd, 0xe6, 0xff, 
	0xff, 0xba, 0xe7, 0xff, 0xff, 0xba, 0xe7, 0xff, 
	0xff, 0xba, 0xe7, 0xff, 0xff, 0xba, 0xe7, 0xff, 
	0xff, 0xb7, 0xe6, 0xff, 0xff, 0xb7, 0xe6, 0xff, 
	0xff, 0xb7, 0xe6, 0xff, 0xff, 0xb6, 0xde, 0xff, 
	0xff, 0xb6, 0xe9, 0xff, 0xff, 0xb6, 0xe9, 0xff, 
	0xff, 0xb6, 0xe9, 0xff, 0xff, 0xb6, 0xe3, 0xff, 
	0xff, 0xba, 0xe3, 0xff, 0xff, 0xba, 0xde, 0xff, 
	0xff, 0xba, 0xde, 0xff, 0xff, 0xba, 0xde, 0xff, 
	0xff, 0xc3, 0xde, 0xff, 0xff, 0xc3, 0xde, 0xff, 
	0xff, 0xc3, 0xde, 0xff, 0xff, 0xc8, 0xe9, 0xff, 
	0xff, 0xc9, 0xec, 0xff, 0xff, 0xc8, 0xf1, 0xff, 
	0xff, 0xc8, 0xf1, 0xff, 0xff, 0xc9, 0xec, 0xff, 
	0xff, 0xc7, 0xf4, 0xff, 0xff, 0xc7, 0xef, 0xff, 
	0xff, 0xc7, 0xef, 0xff, 0xff, 0xc7, 0xef, 0xff, 
	0xff, 0xc7, 0xef, 0xff, 0xff, 0xc7, 0xef, 0xff, 
	0xff, 0xc7, 0xef, 0xff, 0xff, 0xc7, 0xef, 0xff, 
	0xff, 0xc7, 0xef, 0xff, 0xff, 0xc7, 0xef, 0xff, 
	0xff, 0xc7, 0xef, 0xff, 0xff, 0xc7, 0xef, 0xff, 
	0xff, 0xcb, 0xef, 0xff, 0xff, 0xcb, 0xef, 0xff, 
	0xff, 0xcb, 0xef, 0xff, 0xff, 0xcb, 0xef, 0xff, 
	0xff, 0xcf, 0xef, 0xff, 0xff, 0xd1, 0xf4, 0xff, 
	0xff, 0xd1, 0xf4, 0xff, 0xff, 0xd1, 0xf4, 0xff, 
	0xff, 0xd3, 0xf7, 0xff, 0xff, 0xd3, 0xf7, 0xff, 
	0xff, 0xd3, 0xfc, 0xff, 0xff, 0xd3, 0xff, 0xff, 
	0xff, 0xd7, 0xff, 0xff, 0xff, 0xd7, 0xff, 0xff, 
	0xff, 0xd7, 0xff, 0xff, 0xff, 0xdb, 0xfc, 0xff, 
	0xff, 0xdc, 0xff, 0xff, 0xff, 0xdc, 0xff, 0xff, 
	0xff, 0xdc, 0xff, 0xff, 0xff, 0xdd, 0xff, 0xff, 
	0xff, 0xdd, 0xff, 0xff, 0xff, 0xdd, 0xff, 0xff, 
	0xff, 0xdb, 0xff, 0xff, 0xff, 0xdb, 0xff, 0xff, 
	0xff, 0xdb, 0xff, 0xff, 0xff, 0xdb, 0xff, 0xff, 
	0xff, 0xdd, 0xff, 0xff, 0xff, 0xdd, 0xff, 0xff, 
	0xff, 0xdf, 0xff, 0xff, 0xff, 0xe0, 0xff, 0xff, 
	0xff, 0xdf, 0xff, 0xff, 0xff, 0xdf, 0xff, 0xff, 
	0xff, 0xe1, 0xff, 0xff, 0xff, 0xe1, 0xff, 0xff, 
	0xff, 0xe1, 0xff, 0xff, 0xff, 0xe1, 0xff, 0xff, 
	0xff, 0xe1, 0xff, 0xff, 0xff, 0xe1, 0xff, 0xff, 
	0xff, 0xe1, 0xff, 0xff, 0xff, 0xe4, 0xff, 0xff, 
	0xff, 0xe3, 0xff, 0xff, 0xff, 0xe8, 0xff, 0xff, 
	0xff, 0xe8, 0xff, 0xff, 0xff, 0xe5, 0xff, 0xff, 
	0xff, 0xe4, 0xff, 0xff, 0xff, 0xe4, 0xff, 0xff, 
	0xff, 0xe4, 0xff, 0xff, 0xff, 0xe9, 0xff, 0xff, 
	0xff, 0xeb, 0xff, 0xff, 0xff, 0xec, 0xff, 0xff, 
	0xff, 0xec, 0xff, 0xff, 0xff, 0xec, 0xff, 0xff, 
	0xff, 0xf7, 0xff, 0xff, 0xff, 0xf7, 0xff, 0xff, 
	0xff, 0xf7, 0xff, 0xff, 0xff, 0xf7, 0xff, 0xff, 
	0xff, 0xf9, 0xff, 0xff, 0xff, 0xf9, 0xff, 0xff, 
	0xff, 0xfb, 0xff, 0xff, 0xff, 0xf9, 0xff, 0xff, 
	0xff, 0xff, 0xff, 0xff, 0xff, 0xff, 0xff, 0xff, 
	0xff, 0xff, 0xff, 0xff, 0xff, 0xf7, 0xff, 0xff, 
	0xff, 0xdb, 0xf7, 0xff, 0xff, 0xdb, 0xf7, 0xff, 
	0xff, 0xdb, 0xf7, 0xff, 0xff, 0xdb, 0xf7, 0xff, 
	0xff, 0xd4, 0xef, 0xff, 0xff, 0xcd, 0xef, 0xff, 
	0xff, 0xcd, 0xef, 0xff, 0xff, 0xc7, 0xef, 0xff, 
	0xff, 0xc7, 0xef, 0xff, 0xff, 0xc7, 0xef, 0xff, 
	0xff, 0xc7, 0xef, 0xff, 0xff, 0xc4, 0xec, 0xff, 
	0xff, 0xbe, 0xe9, 0xff, 0xff, 0xbe, 0xe9, 0xff, 
	0xff, 0xbe, 0xe9, 0xff, 0xff, 0xba, 0xe7, 0xff, 
	0xff, 0xba, 0xe9, 0xff, 0xff, 0xba, 0xe9, 0xff, 
	0xff, 0xba, 0xe9, 0xff, 0xff, 0xba, 0xe9, 0xff, 
	0xff, 0xb7, 0xe1, 0xff, 0xff, 0xb7, 0xe1, 0xff, 
	0xff, 0xb7, 0xe1, 0xff, 0xff, 0xb2, 0xde, 0xff, 
	0xff, 0xb4, 0xe1, 0xff, 0xff, 0xb4, 0xe1, 0xff, 
	0xff, 0xb4, 0xe1, 0xff, 0xff, 0xb4, 0xe1, 0xff, 
	0xff, 0xb6, 0xe7, 0xff, 0xff, 0xb6, 0xe7, 0xff, 
	0xff, 0xb2, 0xe4, 0xff, 0xff, 0xb2, 0xe4, 0xff, 
	0xff, 0xae, 0xde, 0xff, 0xff, 0xae, 0xde, 0xff, 
	0xff, 0xae, 0xde, 0xff, 0xff, 0xae, 0xde, 0xff, 
	0xff, 0xb2, 0xe7, 0xff, 0xff, 0xb2, 0xe7, 0xff, 
	0xff, 0xb2, 0xe7, 0xff, 0xff, 0xb2, 0xe7, 0xff, 
	0xff, 0xb8, 0xe6, 0xff, 0xff, 0xb7, 0xde, 0xff, 
	0xff, 0xb7, 0xde, 0xff, 0xff, 0xb7, 0xde, 0xff, 
	0xff, 0xc5, 0xe3, 0xff, 0xff, 0xc5, 0xe3, 0xff, 
	0xff, 0xc5, 0xe3, 0xff, 0xff, 0xc5, 0xe3, 0xff, 
	0xff, 0xc7, 0xef, 0xff, 0xff, 0xc7, 0xef, 0xff, 
	0xff, 0xc7, 0xef, 0xff, 0xff, 0xc7, 0xef, 0xff, 
	0xff, 0xc7, 0xef, 0xff, 0xff, 0xc1, 0xec, 0xff, 
	0xff, 0xc1, 0xec, 0xff, 0xff, 0xc1, 0xec, 0xff, 
	0xff, 0xc6, 0xe9, 0xff, 0xff, 0xc2, 0xec, 0xff, 
	0xff, 0xc6, 0xe9, 0xff, 0xff, 0xc6, 0xe9, 0xff, 
	0xff, 0xc7, 0xe9, 0xff, 0xff, 0xc7, 0xe7, 0xff, 
	0xff, 0xc7, 0xec, 0xff, 0xff, 0xc7, 0xec, 0xff, 
	0xff, 0xc6, 0xef, 0xff, 0xff, 0xc6, 0xef, 0xff, 
	0xff, 0xcb, 0xef, 0xff, 0xff, 0xcb, 0xef, 0xff, 
	0xff, 0xcb, 0xf7, 0xff, 0xff, 0xd3, 0xf7, 0xff, 
	0xff, 0xd3, 0xf7, 0xff, 0xff, 0xd3, 0xf7, 0xff, 
	0xff, 0xd3, 0xf7, 0xff, 0xff, 0xd3, 0xf7, 0xff, 
	0xff, 0xd3, 0xfc, 0xff, 0xff, 0xd3, 0xfc, 0xff, 
	0xff, 0xd7, 0xff, 0xff, 0xff, 0xd7, 0xff, 0xff, 
	0xff, 0xd7, 0xff, 0xff, 0xff, 0xd7, 0xfc, 0xff, 
	0xff, 0xd7, 0xff, 0xff, 0xff, 0xd7, 0xff, 0xff, 
	0xff, 0xdc, 0xff, 0xff, 0xff, 0xdc, 0xff, 0xff, 
	0xff, 0xdc, 0xff, 0xff, 0xff, 0xdc, 0xff, 0xff, 
	0xff, 0xd9, 0xff, 0xff, 0xff, 0xd9, 0xff, 0xff, 
	0xff, 0xdb, 0xff, 0xff, 0xff, 0xdc, 0xff, 0xff, 
	0xff, 0xdd, 0xff, 0xff, 0xff, 0xdf, 0xff, 0xff, 
	0xff, 0xe0, 0xff, 0xff, 0xff, 0xe0, 0xff, 0xff, 
	0xff, 0xe0, 0xff, 0xff, 0xff, 0xdd, 0xff, 0xff, 
	0xff, 0xe0, 0xff, 0xff, 0xff, 0xe0, 0xff, 0xff, 
	0xff, 0xe1, 0xff, 0xff, 0xff, 0xe1, 0xff, 0xff, 
	0xff, 0xe1, 0xff, 0xff, 0xff, 0xe1, 0xff, 0xff, 
	0xff, 0xe4, 0xff, 0xff, 0xff, 0xe4, 0xff, 0xff, 
	0xff, 0xe7, 0xff, 0xff, 0xff, 0xe9, 0xff, 0xff, 
	0xff, 0xe9, 0xff, 0xff, 0xff, 0xec, 0xff, 0xff, 
	0xff, 0xe5, 0xff, 0xff, 0xff, 0xe5, 0xff, 0xff, 
	0xff, 0xe5, 0xff, 0xff, 0xff, 0xe8, 0xff, 0xff, 
	0xff, 0xe9, 0xff, 0xff, 0xff, 0xe9, 0xff, 0xff, 
	0xff, 0xe9, 0xff, 0xff, 0xff, 0xef, 0xff, 0xff, 
	0xff, 0xf3, 0xff, 0xff, 0xff, 0xf5, 0xff, 0xff, 
	0xff, 0xf8, 0xff, 0xff, 0xff, 0xf8, 0xff, 0xff, 
	0xff, 0xfc, 0xff, 0xff, 0xff, 0xff, 0xff, 0xff, 
	0xff, 0xff, 0xff, 0xff, 0xff, 0xff, 0xff, 0xff, 
	0xff, 0xff, 0xff, 0xff, 0xff, 0xff, 0xff, 0xff, 
	0xff, 0xff, 0xff, 0xff, 0xff, 0xff, 0xff, 0xff, 
	0xff, 0xdb, 0xf4, 0xff, 0xff, 0xdb, 0xf4, 0xff, 
	0xff, 0xdb, 0xf1, 0xff, 0xff, 0xdb, 0xf1, 0xff, 
	0xff, 0xdb, 0xef, 0xff, 0xff, 0xd4, 0xef, 0xff, 
	0xff, 0xcd, 0xef, 0xff, 0xff, 0xc7, 0xef, 0xff, 
	0xff, 0xc7, 0xef, 0xff, 0xff, 0xc7, 0xef, 0xff, 
	0xff, 0xc4, 0xec, 0xff, 0xff, 0xc1, 0xe9, 0xff, 
	0xff, 0xbe, 0xe9, 0xff, 0xff, 0xbe, 0xe9, 0xff, 
	0xff, 0xbe, 0xe9, 0xff, 0xff, 0xba, 0xe7, 0xff, 
	0xff, 0xba, 0xe9, 0xff, 0xff, 0xba, 0xe9, 0xff, 
	0xff, 0xba, 0xe9, 0xff, 0xff, 0xba, 0xe9, 0xff, 
	0xff, 0xbd, 0xe4, 0xff, 0xff, 0xbd, 0xe4, 0xff, 
	0xff, 0xb7, 0xe1, 0xff, 0xff, 0xb2, 0xde, 0xff, 
	0xff, 0xb3, 0xe4, 0xff, 0xff, 0xb3, 0xe4, 0xff, 
	0xff, 0xb3, 0xe4, 0xff, 0xff, 0xb4, 0xe1, 0xff, 
	0xff, 0xb2, 0xe4, 0xff, 0xff, 0xb6, 0xe7, 0xff, 
	0xff, 0xb2, 0xe4, 0xff, 0xff, 0xb2, 0xe4, 0xff, 
	0xff, 0xae, 0xde, 0xff, 0xff, 0xb0, 0xdb, 0xff, 
	0xff, 0xb0, 0xdb, 0xff, 0xff, 0xb0, 0xdb, 0xff, 
	0xff, 0xb4, 0xdb, 0xff, 0xff, 0xb3, 0xe1, 0xff, 
	0xff, 0xb2, 0xe7, 0xff, 0xff, 0xb3, 0xe1, 0xff, 
	0xff, 0xb7, 0xde, 0xff, 0xff, 0xb7, 0xde, 0xff, 
	0xff, 0xb7, 0xde, 0xff, 0xff, 0xb7, 0xde, 0xff, 
	0xff, 0xc5, 0xe3, 0xff, 0xff, 0xc5, 0xe3, 0xff, 
	0xff, 0xc5, 0xe3, 0xff, 0xff, 0xc5, 0xe3, 0xff, 
	0xff, 0xc2, 0xec, 0xff, 0xff, 0xbe, 0xe9, 0xff, 
	0xff, 0xc7, 0xef, 0xff, 0xff, 0xc7, 0xef, 0xff, 
	0xff, 0xc7, 0xef, 0xff, 0xff, 0xc1, 0xec, 0xff, 
	0xff, 0xc1, 0xec, 0xff, 0xff, 0xc1, 0xec, 0xff, 
	0xff, 0xc6, 0xe9, 0xff, 0xff, 0xc2, 0xec, 0xff, 
	0xff, 0xc2, 0xec, 0xff, 0xff, 0xc2, 0xec, 0xff, 
	0xff, 0xc7, 0xe9, 0xff, 0xff, 0xc7, 0xe9, 0xff, 
	0xff, 0xc7, 0xe9, 0xff, 0xff, 0xc7, 0xec, 0xff, 
	0xff, 0xc6, 0xef, 0xff, 0xff, 0xc6, 0xef, 0xff, 
	0xff, 0xcb, 0xef, 0xff, 0xff, 0xcb, 0xef, 0xff, 
	0xff, 0xcb, 0xf7, 0xff, 0xff, 0xcf, 0xf7, 0xff, 
	0xff, 0xd3, 0xf7, 0xff, 0xff, 0xd3, 0xf7, 0xff, 
	0xff, 0xd3, 0xf7, 0xff, 0xff, 0xd3, 0xf9, 0xff, 
	0xff, 0xd3, 0xf9, 0xff, 0xff, 0xd3, 0xfc, 0xff, 
	0xff, 0xd7, 0xff, 0xff, 0xff, 0xd7, 0xff, 0xff, 
	0xff, 0xd7, 0xff, 0xff, 0xff, 0xd7, 0xff, 0xff, 
	0xff, 0xd9, 0xff, 0xff, 0xff, 0xd9, 0xff, 0xff, 
	0xff, 0xdc, 0xff, 0xff, 0xff, 0xdc, 0xff, 0xff, 
	0xff, 0xd9, 0xff, 0xff, 0xff, 0xd9, 0xff, 0xff, 
	0xff, 0xd9, 0xff, 0xff, 0xff, 0xd9, 0xff, 0xff, 
	0xff, 0xdc, 0xff, 0xff, 0xff, 0xdc, 0xff, 0xff, 
	0xff, 0xdd, 0xff, 0xff, 0xff, 0xdd, 0xff, 0xff, 
	0xff, 0xe0, 0xff, 0xff, 0xff, 0xe0, 0xff, 0xff, 
	0xff, 0xe0, 0xff, 0xff, 0xff, 0xdd, 0xff, 0xff, 
	0xff, 0xe0, 0xff, 0xff, 0xff, 0xe0, 0xff, 0xff, 
	0xff, 0xe1, 0xff, 0xff, 0xff, 0xe1, 0xff, 0xff, 
	0xff, 0xe1, 0xff, 0xff, 0xff, 0xe1, 0xff, 0xff, 
	0xff, 0xe4, 0xff, 0xff, 0xff, 0xe4, 0xff, 0xff, 
	0xff, 0xe9, 0xff, 0xff, 0xff, 0xe9, 0xff, 0xff, 
	0xff, 0xe9, 0xff, 0xff, 0xff, 0xe9, 0xff, 0xff, 
	0xff, 0xe5, 0xff, 0xff, 0xff, 0xe5, 0xff, 0xff, 
	0xff, 0xe5, 0xff, 0xff, 0xff, 0xe8, 0xff, 0xff, 
	0xff, 0xe9, 0xff, 0xff, 0xff, 0xec, 0xff, 0xff, 
	0xff, 0xec, 0xff, 0xff, 0xff, 0xef, 0xff, 0xff, 
	0xff, 0xf3, 0xff, 0xff, 0xff, 0xf5, 0xff, 0xff, 
	0xff, 0xf8, 0xff, 0xff, 0xff, 0xf8, 0xff, 0xff, 
	0xff, 0xf9, 0xff, 0xff, 0xff, 0xf9, 0xff, 0xff, 
	0xff, 0xfc, 0xff, 0xff, 0xff, 0xff, 0xff, 0xff, 
	0xff, 0xff, 0xff, 0xff, 0xff, 0xfb, 0xff, 0xff, 
	0xff, 0xfb, 0xff, 0xff, 0xff, 0xff, 0xff, 0xff, 
	0xff, 0xdb, 0xf4, 0xff, 0xff, 0xdb, 0xf4, 0xff, 
	0xff, 0xdb, 0xf4, 0xff, 0xff, 0xdb, 0xf1, 0xff, 
	0xff, 0xdb, 0xef, 0xff, 0xff, 0xd4, 0xef, 0xff, 
	0xff, 0xcd, 0xef, 0xff, 0xff, 0xc7, 0xef, 0xff, 
	0xff, 0xc7, 0xef, 0xff, 0xff, 0xc4, 0xec, 0xff, 
	0xff, 0xc1, 0xe9, 0xff, 0xff, 0xc1, 0xe9, 0xff, 
	0xff, 0xbe, 0xe9, 0xff, 0xff, 0xbe, 0xe9, 0xff, 
	0xff, 0xba, 0xe7, 0xff, 0xff, 0xba, 0xe7, 0xff, 
	0xff, 0xba, 0xe9, 0xff, 0xff, 0xba, 0xe9, 0xff, 
	0xff, 0xba, 0xe9, 0xff, 0xff, 0xba, 0xe9, 0xff, 
	0xff, 0xbd, 0xe4, 0xff, 0xff, 0xb7, 0xe1, 0xff, 
	0xff, 0xb7, 0xe1, 0xff, 0xff, 0xb7, 0xe1, 0xff, 
	0xff, 0xb3, 0xe4, 0xff, 0xff, 0xb3, 0xe4, 0xff, 
	0xff, 0xb3, 0xe4, 0xff, 0xff, 0xb3, 0xe4, 0xff, 
	0xff, 0xb2, 0xe4, 0xff, 0xff, 0xb2, 0xe4, 0xff, 
	0xff, 0xae, 0xe1, 0xff, 0xff, 0xae, 0xe1, 0xff, 
	0xff, 0xae, 0xde, 0xff, 0xff, 0xae, 0xde, 0xff, 
	0xff, 0xb0, 0xdb, 0xff, 0xff, 0xb3, 0xd8, 0xff, 
	0xff, 0xb6, 0xd6, 0xff, 0xff, 0xb3, 0xe1, 0xff, 
	0xff, 0xb3, 0xe1, 0xff, 0xff, 0xb3, 0xe1, 0xff, 
	0xff, 0xb6, 0xd6, 0xff, 0xff, 0xb6, 0xd6, 0xff, 
	0xff, 0xb7, 0xde, 0xff, 0xff, 0xb7, 0xde, 0xff, 
	0xff, 0xbf, 0xe9, 0xff, 0xff, 0xbf, 0xe9, 0xff, 
	0xff, 0xba, 0xef, 0xff, 0xff, 0xbf, 0xe9, 0xff, 
	0xff, 0xbe, 0xe9, 0xff, 0xff, 0xbe, 0xe9, 0xff, 
	0xff, 0xbe, 0xe9, 0xff, 0xff, 0xc2, 0xec, 0xff, 
	0xff, 0xc1, 0xec, 0xff, 0xff, 0xc1, 0xec, 0xff, 
	0xff, 0xbb, 0xe9, 0xff, 0xff, 0xc1, 0xec, 0xff, 
	0xff, 0xc2, 0xec, 0xff, 0xff, 0xc2, 0xec, 0xff, 
	0xff, 0xc2, 0xec, 0xff, 0xff, 0xc2, 0xec, 0xff, 
	0xff, 0xc7, 0xec, 0xff, 0xff, 0xc7, 0xe9, 0xff, 
	0xff, 0xc7, 0xe7, 0xff, 0xff, 0xc7, 0xec, 0xff, 
	0xff, 0xc6, 0xef, 0xff, 0xff, 0xc2, 0xef, 0xff, 
	0xff, 0xc6, 0xef, 0xff, 0xff, 0xcb, 0xef, 0xff, 
	0xff, 0xcb, 0xf7, 0xff, 0xff, 0xcb, 0xf7, 0xff, 
	0xff, 0xcf, 0xf7, 0xff, 0xff, 0xd3, 0xf7, 0xff, 
	0xff, 0xd3, 0xf7, 0xff, 0xff, 0xd3, 0xf7, 0xff, 
	0xff, 0xd3, 0xf7, 0xff, 0xff, 0xd3, 0xf9, 0xff, 
	0xff, 0xd7, 0xfc, 0xff, 0xff, 0xd7, 0xfc, 0xff, 
	0xff, 0xd7, 0xfc, 0xff, 0xff, 0xd7, 0xfc, 0xff, 
	0xff, 0xd9, 0xff, 0xff, 0xff, 0xdc, 0xff, 0xff, 
	0xff, 0xdc, 0xff, 0xff, 0xff, 0xdc, 0xff, 0xff, 
	0xff, 0xd9, 0xff, 0xff, 0xff, 0xd9, 0xff, 0xff, 
	0xff, 0xd9, 0xff, 0xff, 0xff, 0xd9, 0xff, 0xff, 
	0xff, 0xdc, 0xff, 0xff, 0xff, 0xdc, 0xff, 0xff, 
	0xff, 0xdc, 0xff, 0xff, 0xff, 0xdd, 0xff, 0xff, 
	0xff, 0xdd, 0xff, 0xff, 0xff, 0xe0, 0xff, 0xff, 
	0xff, 0xe0, 0xff, 0xff, 0xff, 0xe0, 0xff, 0xff, 
	0xff, 0xe0, 0xff, 0xff, 0xff, 0xe0, 0xff, 0xff, 
	0xff, 0xe0, 0xff, 0xff, 0xff, 0xdf, 0xff, 0xff, 
	0xff, 0xe1, 0xff, 0xff, 0xff, 0xe1, 0xff, 0xff, 
	0xff, 0xe1, 0xff, 0xff, 0xff, 0xe4, 0xff, 0xff, 
	0xff, 0xec, 0xff, 0xff, 0xff, 0xe9, 0xff, 0xff, 
	0xff, 0xe9, 0xff, 0xff, 0xff, 0xe9, 0xff, 0xff, 
	0xff, 0xe8, 0xff, 0xff, 0xff, 0xe8, 0xff, 0xff, 
	0xff, 0xe8, 0xff, 0xff, 0xff, 0xeb, 0xff, 0xff, 
	0xff, 0xe9, 0xff, 0xff, 0xff, 0xef, 0xff, 0xff, 
	0xff, 0xef, 0xff, 0xff, 0xff, 0xef, 0xff, 0xff, 
	0xff, 0xf5, 0xff, 0xff, 0xff, 0xf5, 0xff, 0xff, 
	0xff, 0xf8, 0xff, 0xff, 0xff, 0xf8, 0xff, 0xff, 
	0xff, 0xf9, 0xff, 0xff, 0xff, 0xf9, 0xff, 0xff, 
	0xff, 0xf9, 0xff, 0xff, 0xff, 0xf9, 0xff, 0xff, 
	0xff, 0xfb, 0xff, 0xff, 0xff, 0xfb, 0xff, 0xff, 
	0xff, 0xff, 0xff, 0xff, 0xff, 0xff, 0xff, 0xff, 
	0xff, 0xdb, 0xf4, 0xff, 0xff, 0xdb, 0xf4, 0xff, 
	0xff, 0xdb, 0xf4, 0xff, 0xff, 0xdb, 0xf1, 0xff, 
	0xff, 0xdb, 0xef, 0xff, 0xff, 0xd4, 0xef, 0xff, 
	0xff, 0xcd, 0xef, 0xff, 0xff, 0xc7, 0xef, 0xff, 
	0xff, 0xc4, 0xec, 0xff, 0xff, 0xbe, 0xe7, 0xff, 
	0xff, 0xbe, 0xe7, 0xff, 0xff, 0xbe, 0xe7, 0xff, 
	0xff, 0xba, 0xe7, 0xff, 0xff, 0xba, 0xe7, 0xff, 
	0xff, 0xba, 0xe7, 0xff, 0xff, 0xba, 0xe7, 0xff, 
	0xff, 0xba, 0xde, 0xff, 0xff, 0xba, 0xde, 0xff, 
	0xff, 0xba, 0xde, 0xff, 0xff, 0xba, 0xde, 0xff, 
	0xff, 0xb7, 0xe1, 0xff, 0xff, 0xb7, 0xe1, 0xff, 
	0xff, 0xb7, 0xe1, 0xff, 0xff, 0xb2, 0xde, 0xff, 
	0xff, 0xb4, 0xe1, 0xff, 0xff, 0xb4, 0xe1, 0xff, 
	0xff, 0xb4, 0xe1, 0xff, 0xff, 0xb3, 0xe4, 0xff, 
	0xff, 0xb2, 0xe4, 0xff, 0xff, 0xae, 0xe1, 0xff, 
	0xff, 0xae, 0xe1, 0xff, 0xff, 0xae, 0xe1, 0xff, 
	0xff, 0xae, 0xde, 0xff, 0xff, 0xae, 0xde, 0xff, 
	0xff, 0xb3, 0xd8, 0xff, 0xff, 0xb3, 0xd8, 0xff, 
	0xff, 0xb6, 0xd6, 0xff, 0xff, 0xb6, 0xd6, 0xff, 
	0xff, 0xb3, 0xe1, 0xff, 0xff, 0xb4, 0xdb, 0xff, 
	0xff, 0xb6, 0xd6, 0xff, 0xff, 0xb7, 0xde, 0xff, 
	0xff, 0xb7, 0xde, 0xff, 0xff, 0xba, 0xef, 0xff, 
	0xff, 0xba, 0xef, 0xff, 0xff, 0xba, 0xef, 0xff, 
	0xff, 0xbf, 0xe9, 0xff, 0xff, 0xba, 0xef, 0xff, 
	0xff, 0xba, 0xe7, 0xff, 0xff, 0xba, 0xe7, 0xff, 
	0xff, 0xbe, 0xe9, 0xff, 0xff, 0xbe, 0xe9, 0xff, 
	0xff, 0xbb, 0xe9, 0xff, 0xff, 0xbb, 0xe9, 0xff, 
	0xff, 0xbb, 0xe9, 0xff, 0xff, 0xbb, 0xe9, 0xff, 
	0xff, 0xbe, 0xef, 0xff, 0xff, 0xbe, 0xef, 0xff, 
	0xff, 0xc2, 0xec, 0xff, 0xff, 0xc2, 0xec, 0xff, 
	0xff, 0xc7, 0xec, 0xff, 0xff, 0xc7, 0xe7, 0xff, 
	0xff, 0xc7, 0xe7, 0xff, 0xff, 0xc7, 0xec, 0xff, 
	0xff, 0xbe, 0xef, 0xff, 0xff, 0xbe, 0xef, 0xff, 
	0xff, 0xbe, 0xef, 0xff, 0xff, 0xbe, 0xef, 0xff, 
	0xff, 0xc7, 0xf7, 0xff, 0xff, 0xcb, 0xf7, 0xff, 
	0xff, 0xcf, 0xf7, 0xff, 0xff, 0xd3, 0xf7, 0xff, 
	0xff, 0xd3, 0xf7, 0xff, 0xff, 0xd3, 0xf7, 0xff, 
	0xff, 0xd3, 0xf7, 0xff, 0xff, 0xd3, 0xf9, 0xff, 
	0xff, 0xd7, 0xf7, 0xff, 0xff, 0xd7, 0xf9, 0xff, 
	0xff, 0xd7, 0xff, 0xff, 0xff, 0xd7, 0xff, 0xff, 
	0xff, 0xd9, 0xff, 0xff, 0xff, 0xd9, 0xff, 0xff, 
	0xff, 0xd9, 0xff, 0xff, 0xff, 0xdc, 0xff, 0xff, 
	0xff, 0xd9, 0xff, 0xff, 0xff, 0xd9, 0xff, 0xff, 
	0xff, 0xd9, 0xff, 0xff, 0xff, 0xd9, 0xff, 0xff, 
	0xff, 0xdc, 0xff, 0xff, 0xff, 0xdc, 0xff, 0xff, 
	0xff, 0xdc, 0xff, 0xff, 0xff, 0xdc, 0xff, 0xff, 
	0xff, 0xdb, 0xff, 0xff, 0xff, 0xdd, 0xff, 0xff, 
	0xff, 0xe3, 0xff, 0xff, 0xff, 0xe0, 0xff, 0xff, 
	0xff, 0xdf, 0xff, 0xff, 0xff, 0xe0, 0xff, 0xff, 
	0xff, 0xdf, 0xff, 0xff, 0xff, 0xdf, 0xff, 0xff, 
	0xff, 0xe1, 0xff, 0xff, 0xff, 0xe1, 0xff, 0xff, 
	0xff, 0xe4, 0xff, 0xff, 0xff, 0xe7, 0xff, 0xff, 
	0xff, 0xec, 0xff, 0xff, 0xff, 0xe9, 0xff, 0xff, 
	0xff, 0xe9, 0xff, 0xff, 0xff, 0xe9, 0xff, 0xff, 
	0xff, 0xe8, 0xff, 0xff, 0xff, 0xe8, 0xff, 0xff, 
	0xff, 0xeb, 0xff, 0xff, 0xff, 0xeb, 0xff, 0xff, 
	0xff, 0xec, 0xff, 0xff, 0xff, 0xef, 0xff, 0xff, 
	0xff, 0xef, 0xff, 0xff, 0xff, 0xef, 0xff, 0xff, 
	0xff, 0xf5, 0xff, 0xff, 0xff, 0xf5, 0xff, 0xff, 
	0xff, 0xf8, 0xff, 0xff, 0xff, 0xf8, 0xff, 0xff, 
	0xff, 0xf9, 0xff, 0xff, 0xff, 0xf9, 0xff, 0xff, 
	0xff, 0xf9, 0xff, 0xff, 0xff, 0xf7, 0xff, 0xff, 
	0xff, 0xf7, 0xff, 0xff, 0xff, 0xff, 0xff, 0xff, 
	0xff, 0xff, 0xff, 0xff, 0xff, 0xff, 0xff, 0xff, 
	0xff, 0xe4, 0xf1, 0xff, 0xff, 0xe4, 0xf1, 0xff, 
	0xff, 0xdd, 0xf4, 0xff, 0xff, 0xdd, 0xf4, 0xff, 
	0xff, 0xdb, 0xf4, 0xff, 0xff, 0xdb, 0xf4, 0xff, 
	0xff, 0xcb, 0xef, 0xff, 0xff, 0xcb, 0xef, 0xff, 
	0xff, 0xc4, 0xe7, 0xff, 0xff, 0xbd, 0xe7, 0xff, 
	0xff, 0xbd, 0xe7, 0xff, 0xff, 0xb6, 0xe7, 0xff, 
	0xff, 0xb6, 0xe4, 0xff, 0xff, 0xb6, 0xe4, 0xff, 
	0xff, 0xb6, 0xe4, 0xff, 0xff, 0xb6, 0xe4, 0xff, 
	0xff, 0xb6, 0xde, 0xff, 0xff, 0xb6, 0xde, 0xff, 
	0xff, 0xb6, 0xde, 0xff, 0xff, 0xb6, 0xde, 0xff, 
	0xff, 0xba, 0xde, 0xff, 0xff, 0xba, 0xde, 0xff, 
	0xff, 0xb4, 0xde, 0xff, 0xff, 0xaf, 0xde, 0xff, 
	0xff, 0xaf, 0xe1, 0xff, 0xff, 0xaf, 0xe1, 0xff, 
	0xff, 0xb2, 0xe7, 0xff, 0xff, 0xb2, 0xe7, 0xff, 
	0xff, 0xac, 0xde, 0xff, 0xff, 0xac, 0xde, 0xff, 
	0xff, 0xac, 0xde, 0xff, 0xff, 0xac, 0xde, 0xff, 
	0xff, 0xaa, 0xde, 0xff, 0xff, 0xaa, 0xde, 0xff, 
	0xff, 0xac, 0xd3, 0xff, 0xff, 0xac, 0xd3, 0xff, 
	0xff, 0xb6, 0xd6, 0xff, 0xff, 0xb6, 0xd6, 0xff, 
	0xff, 0xb6, 0xd6, 0xff, 0xff, 0xb6, 0xd6, 0xff, 
	0xff, 0xb7, 0xd8, 0xff, 0xff, 0xb7, 0xd8, 0xff, 
	0xff, 0xba, 0xde, 0xff, 0xff, 0xba, 0xde, 0xff, 
	0xff, 0xba, 0xef, 0xff, 0xff, 0xba, 0xef, 0xff, 
	0xff, 0xba, 0xef, 0xff, 0xff, 0xba, 0xef, 0xff, 
	0xff, 0xba, 0xe3, 0xff, 0xff, 0xba, 0xe3, 0xff, 
	0xff, 0xba, 0xe9, 0xff, 0xff, 0xba, 0xe9, 0xff, 
	0xff, 0xb7, 0xe9, 0xff, 0xff, 0xb7, 0xe9, 0xff, 
	0xff, 0xb7, 0xe9, 0xff, 0xff, 0xb8, 0xe3, 0xff, 
	0xff, 0xba, 0xec, 0xff, 0xff, 0xba, 0xec, 0xff, 
	0xff, 0xbe, 0xef, 0xff, 0xff, 0xbe, 0xef, 0xff, 
	0xff, 0xc3, 0xe9, 0xff, 0xff, 0xc3, 0xe7, 0xff, 
	0xff, 0xc3, 0xe7, 0xff, 0xff, 0xc3, 0xe9, 0xff, 
	0xff, 0xbe, 0xef, 0xff, 0xff, 0xbe, 0xef, 0xff, 
	0xff, 0xbe, 0xef, 0xff, 0xff, 0xc2, 0xf1, 0xff, 
	0xff, 0xc7, 0xf7, 0xff, 0xff, 0xcb, 0xf9, 0xff, 
	0xff, 0xcf, 0xfc, 0xff, 0xff, 0xd3, 0xff, 0xff, 
	0xff, 0xd3, 0xf7, 0xff, 0xff, 0xd3, 0xf7, 0xff, 
	0xff, 0xd3, 0xf7, 0xff, 0xff, 0xd0, 0xfc, 0xff, 
	0xff, 0xd4, 0xfc, 0xff, 0xff, 0xd4, 0xfc, 0xff, 
	0xff, 0xd7, 0xff, 0xff, 0xff, 0xd7, 0xff, 0xff, 
	0xff, 0xd7, 0xff, 0xff, 0xff, 0xd7, 0xff, 0xff, 
	0xff, 0xd7, 0xff, 0xff, 0xff, 0xd7, 0xff, 0xff, 
	0xff, 0xdc, 0xff, 0xff, 0xff, 0xdb, 0xff, 0xff, 
	0xff, 0xdb, 0xff, 0xff, 0xff, 0xdc, 0xff, 0xff, 
	0xff, 0xdb, 0xff, 0xff, 0xff, 0xdc, 0xff, 0xff, 
	0xff, 0xdc, 0xff, 0xff, 0xff, 0xdc, 0xff, 0xff, 
	0xff, 0xd7, 0xff, 0xff, 0xff, 0xdb, 0xff, 0xff, 
	0xff, 0xe3, 0xff, 0xff, 0xff, 0xe3, 0xff, 0xff, 
	0xff, 0xe1, 0xff, 0xff, 0xff, 0xdf, 0xff, 0xff, 
	0xff, 0xdf, 0xff, 0xff, 0xff, 0xdf, 0xff, 0xff, 
	0xff, 0xe3, 0xff, 0xff, 0xff, 0xe3, 0xff, 0xff, 
	0xff, 0xe5, 0xff, 0xff, 0xff, 0xeb, 0xff, 0xff, 
	0xff, 0xec, 0xff, 0xff, 0xff, 0xec, 0xff, 0xff, 
	0xff, 0xec, 0xff, 0xff, 0xff, 0xf1, 0xff, 0xff, 
	0xff, 0xf1, 0xff, 0xff, 0xff, 0xf1, 0xff, 0xff, 
	0xff, 0xf1, 0xff, 0xff, 0xff, 0xef, 0xff, 0xff, 
	0xff, 0xef, 0xff, 0xff, 0xff, 0xf1, 0xff, 0xff, 
	0xff, 0xf1, 0xff, 0xff, 0xff, 0xf1, 0xff, 0xff, 
	0xff, 0xf7, 0xff, 0xff, 0xff, 0xf7, 0xff, 0xff, 
	0xff, 0xf9, 0xff, 0xff, 0xff, 0xfc, 0xff, 0xff, 
	0xff, 0xfb, 0xff, 0xff, 0xff, 0xfb, 0xff, 0xff, 
	0xff, 0xfc, 0xff, 0xff, 0xff, 0xfb, 0xff, 0xff, 
	0xff, 0xfb, 0xff, 0xff, 0xff, 0xfb, 0xff, 0xff, 
	0xff, 0xff, 0xff, 0xff, 0xff, 0xff, 0xff, 0xff, 
	0xff, 0xe4, 0xf1, 0xff, 0xff, 0xeb, 0xef, 0xff, 
	0xff, 0xe4, 0xf1, 0xff, 0xff, 0xdd, 0xf4, 0xff, 
	0xff, 0xdb, 0xf4, 0xff, 0xff, 0xd3, 0xf1, 0xff, 
	0xff, 0xcb, 0xef, 0xff, 0xff, 0xcb, 0xef, 0xff, 
	0xff, 0xc4, 0xe7, 0xff, 0xff, 0xbd, 0xe7, 0xff, 
	0xff, 0xb6, 0xe7, 0xff, 0xff, 0xb6, 0xe7, 0xff, 
	0xff, 0xb6, 0xe4, 0xff, 0xff, 0xb2, 0xe1, 0xff, 
	0xff, 0xb6, 0xe4, 0xff, 0xff, 0xb2, 0xe1, 0xff, 
	0xff, 0xb6, 0xde, 0xff, 0xff, 0xb6, 0xde, 0xff, 
	0xff, 0xb6, 0xde, 0xff, 0xff, 0xb2, 0xd8, 0xff, 
	0xff, 0xb4, 0xde, 0xff, 0xff, 0xb4, 0xde, 0xff, 
	0xff, 0xb4, 0xde, 0xff, 0xff, 0xaf, 0xde, 0xff, 
	0xff, 0xaf, 0xe1, 0xff, 0xff, 0xaf, 0xe1, 0xff, 
	0xff, 0xaf, 0xe1, 0xff, 0xff, 0xaf, 0xe1, 0xff, 
	0xff, 0xac, 0xde, 0xff, 0xff, 0xac, 0xde, 0xff, 
	0xff, 0xac, 0xde, 0xff, 0xff, 0xac, 0xde, 0xff, 
	0xff, 0xaa, 0xde, 0xff, 0xff, 0xab, 0xd8, 0xff, 
	0xff, 0xac, 0xd3, 0xff, 0xff, 0xae, 0xce, 0xff, 
	0xff, 0xb3, 0xd0, 0xff, 0xff, 0xb3, 0xd0, 0xff, 
	0xff, 0xb3, 0xd0, 0xff, 0xff, 0xb3, 0xd0, 0xff, 
	0xff, 0xb7, 0xd8, 0xff, 0xff, 0xb7, 0xd8, 0xff, 
	0xff, 0xb7, 0xd8, 0xff, 0xff, 0xba, 0xde, 0xff, 
	0xff, 0xba, 0xef, 0xff, 0xff, 0xba, 0xef, 0xff, 
	0xff, 0xba, 0xef, 0xff, 0xff, 0xb8, 0xe6, 0xff, 
	0xff, 0xba, 0xe3, 0xff, 0xff, 0xba, 0xde, 0xff, 
	0xff, 0xba, 0xe3, 0xff, 0xff, 0xba, 0xe9, 0xff, 
	0xff, 0xb7, 0xe9, 0xff, 0xff, 0xb7, 0xe9, 0xff, 
	0xff, 0xb8, 0xe3, 0xff, 0xff, 0xb8, 0xe3, 0xff, 
	0xff, 0xba, 0xec, 0xff, 0xff, 0xbe, 0xef, 0xff, 
	0xff, 0xbe, 0xef, 0xff, 0xff, 0xbe, 0xef, 0xff, 
	0xff, 0xc3, 0xec, 0xff, 0xff, 0xc3, 0xe9, 0xff, 
	0xff, 0xc3, 0xef, 0xff, 0xff, 0xc3, 0xec, 0xff, 
	0xff, 0xbe, 0xef, 0xff, 0xff, 0xbe, 0xef, 0xff, 
	0xff, 0xc2, 0xf1, 0xff, 0xff, 0xc2, 0xf1, 0xff, 
	0xff, 0xcb, 0xf9, 0xff, 0xff, 0xcb, 0xf9, 0xff, 
	0xff, 0xcf, 0xfc, 0xff, 0xff, 0xcf, 0xfc, 0xff, 
	0xff, 0xd3, 0xf7, 0xff, 0xff, 0xd3, 0xf7, 0xff, 
	0xff, 0xd3, 0xf7, 0xff, 0xff, 0xd0, 0xfc, 0xff, 
	0xff, 0xd4, 0xfc, 0xff, 0xff, 0xd4, 0xfc, 0xff, 
	0xff, 0xd7, 0xff, 0xff, 0xff, 0xd7, 0xff, 0xff, 
	0xff, 0xd7, 0xff, 0xff, 0xff, 0xd7, 0xff, 0xff, 
	0xff, 0xd7, 0xff, 0xff, 0xff, 0xdb, 0xff, 0xff, 
	0xff, 0xdc, 0xff, 0xff, 0xff, 0xdb, 0xff, 0xff, 
	0xff, 0xdc, 0xff, 0xff, 0xff, 0xdc, 0xff, 0xff, 
	0xff, 0xdb, 0xff, 0xff, 0xff, 0xdb, 0xff, 0xff, 
	0xff, 0xdb, 0xff, 0xff, 0xff, 0xdc, 0xff, 0xff, 
	0xff, 0xdf, 0xff, 0xff, 0xff, 0xe3, 0xff, 0xff, 
	0xff, 0xe3, 0xff, 0xff, 0xff, 0xe3, 0xff, 0xff, 
	0xff, 0xe1, 0xff, 0xff, 0xff, 0xe1, 0xff, 0xff, 
	0xff, 0xe1, 0xff, 0xff, 0xff, 0xdf, 0xff, 0xff, 
	0xff, 0xe3, 0xff, 0xff, 0xff, 0xe3, 0xff, 0xff, 
	0xff, 0xe8, 0xff, 0xff, 0xff, 0xeb, 0xff, 0xff, 
	0xff, 0xec, 0xff, 0xff, 0xff, 0xec, 0xff, 0xff, 
	0xff, 0xec, 0xff, 0xff, 0xff, 0xf1, 0xff, 0xff, 
	0xff, 0xf1, 0xff, 0xff, 0xff, 0xf1, 0xff, 0xff, 
	0xff, 0xf4, 0xff, 0xff, 0xff, 0xf4, 0xff, 0xff, 
	0xff, 0xef, 0xff, 0xff, 0xff, 0xf7, 0xff, 0xff, 
	0xff, 0xf7, 0xff, 0xff, 0xff, 0xf1, 0xff, 0xff, 
	0xff, 0xf7, 0xff, 0xff, 0xff, 0xf7, 0xff, 0xff, 
	0xff, 0xf9, 0xff, 0xff, 0xff, 0xfc, 0xff, 0xff, 
	0xff, 0xfd, 0xff, 0xff, 0xff, 0xfd, 0xff, 0xff, 
	0xff, 0xfd, 0xff, 0xff, 0xff, 0xfd, 0xff, 0xff, 
	0xff, 0xff, 0xff, 0xff, 0xff, 0xff, 0xff, 0xff, 
	0xff, 0xff, 0xff, 0xff, 0xff, 0xff, 0xff, 0xff, 
	0xff, 0xeb, 0xef, 0xff, 0xff, 0xeb, 0xef, 0xff, 
	0xff, 0xeb, 0xef, 0xff, 0xff, 0xe4, 0xf1, 0xff, 
	0xff, 0xdb, 0xf4, 0xff, 0xff, 0xd3, 0xf1, 0xff, 
	0xff, 0xcb, 0xef, 0xff, 0xff, 0xcb, 0xef, 0xff, 
	0xff, 0xc4, 0xe7, 0xff, 0xff, 0xbd, 0xe7, 0xff, 
	0xff, 0xb6, 0xe7, 0xff, 0xff, 0xb6, 0xe7, 0xff, 
	0xff, 0xb2, 0xe1, 0xff, 0xff, 0xb2, 0xe1, 0xff, 
	0xff, 0xb2, 0xe1, 0xff, 0xff, 0xb2, 0xe1, 0xff, 
	0xff, 0xb6, 0xde, 0xff, 0xff, 0xb6, 0xde, 0xff, 
	0xff, 0xae, 0xd3, 0xff, 0xff, 0xb2, 0xd8, 0xff, 
	0xff, 0xaa, 0xde, 0xff, 0xff, 0xaa, 0xde, 0xff, 
	0xff, 0xaf, 0xde, 0xff, 0xff, 0xaa, 0xde, 0xff, 
	0xff, 0xaa, 0xd6, 0xff, 0xff, 0xaa, 0xd6, 0xff, 
	0xff, 0xac, 0xdb, 0xff, 0xff, 0xaa, 0xd6, 0xff, 
	0xff, 0xac, 0xde, 0xff, 0xff, 0xab, 0xd6, 0xff, 
	0xff, 0xac, 0xde, 0xff, 0xff, 0xab, 0xd6, 0xff, 
	0xff, 0xac, 0xd3, 0xff, 0xff, 0xae, 0xce, 0xff, 
	0xff, 0xae, 0xce, 0xff, 0xff, 0xae, 0xce, 0xff, 
	0xff, 0xb3, 0xd0, 0xff, 0xff, 0xb3, 0xd0, 0xff, 
	0xff, 0xb3, 0xd0, 0xff, 0xff, 0xb6, 0xd6, 0xff, 
	0xff, 0xb4, 0xd3, 0xff, 0xff, 0xb4, 0xd3, 0xff, 
	0xff, 0xb4, 0xd3, 0xff, 0xff, 0xb7, 0xd8, 0xff, 
	0xff, 0xb7, 0xde, 0xff, 0xff, 0xb7, 0xde, 0xff, 
	0xff, 0xb8, 0xe6, 0xff, 0xff, 0xb7, 0xde, 0xff, 
	0xff, 0xba, 0xde, 0xff, 0xff, 0xba, 0xde, 0xff, 
	0xff, 0xba, 0xe3, 0xff, 0xff, 0xba, 0xe3, 0xff, 
	0xff, 0xb8, 0xe3, 0xff, 0xff, 0xb8, 0xe3, 0xff, 
	0xff, 0xb8, 0xe3, 0xff, 0xff, 0xba, 0xde, 0xff, 
	0xff, 0xb2, 0xe7, 0xff, 0xff, 0xba, 0xec, 0xff, 
	0xff, 0xbe, 0xef, 0xff, 0xff, 0xbe, 0xef, 0xff, 
	0xff, 0xc3, 0xef, 0xff, 0xff, 0xc3, 0xef, 0xff, 
	0xff, 0xc3, 0xec, 0xff, 0xff, 0xc3, 0xec, 0xff, 
	0xff, 0xc2, 0xf1, 0xff, 0xff, 0xc2, 0xf1, 0xff, 
	0xff, 0xc2, 0xf1, 0xff, 0xff, 0xc6, 0xf4, 0xff, 
	0xff, 0xcb, 0xf9, 0xff, 0xff, 0xcb, 0xf9, 0xff, 
	0xff, 0xcf, 0xfc, 0xff, 0xff, 0xcf, 0xfc, 0xff, 
	0xff, 0xd0, 0xfc, 0xff, 0xff, 0xd3, 0xf7, 0xff, 
	0xff, 0xd1, 0xf9, 0xff, 0xff, 0xd0, 0xfc, 0xff, 
	0xff, 0xd4, 0xfc, 0xff, 0xff, 0xd7, 0xff, 0xff, 
	0xff, 0xd4, 0xfc, 0xff, 0xff, 0xd7, 0xff, 0xff, 
	0xff, 0xd7, 0xff, 0xff, 0xff, 0xd7, 0xff, 0xff, 
	0xff, 0xd7, 0xff, 0xff, 0xff, 0xdb, 0xff, 0xff, 
	0xff, 0xdc, 0xff, 0xff, 0xff, 0xdc, 0xff, 0xff, 
	0xff, 0xdc, 0xff, 0xff, 0xff, 0xdc, 0xff, 0xff, 
	0xff, 0xdc, 0xff, 0xff, 0xff, 0xdb, 0xff, 0xff, 
	0xff, 0xdc, 0xff, 0xff, 0xff, 0xdc, 0xff, 0xff, 
	0xff, 0xe3, 0xff, 0xff, 0xff, 0xe3, 0xff, 0xff, 
	0xff, 0xe3, 0xff, 0xff, 0xff, 0xe3, 0xff, 0xff, 
	0xff, 0xe1, 0xff, 0xff, 0xff, 0xe1, 0xff, 0xff, 
	0xff, 0xe1, 0xff, 0xff, 0xff, 0xe1, 0xff, 0xff, 
	0xff, 0xe8, 0xff, 0xff, 0xff, 0xe8, 0xff, 0xff, 
	0xff, 0xe8, 0xff, 0xff, 0xff, 0xeb, 0xff, 0xff, 
	0xff, 0xec, 0xff, 0xff, 0xff, 0xec, 0xff, 0xff, 
	0xff, 0xec, 0xff, 0xff, 0xff, 0xf1, 0xff, 0xff, 
	0xff, 0xf4, 0xff, 0xff, 0xff, 0xf4, 0xff, 0xff, 
	0xff, 0xf4, 0xff, 0xff, 0xff, 0xf7, 0xff, 0xff, 
	0xff, 0xf7, 0xff, 0xff, 0xff, 0xf7, 0xff, 0xff, 
	0xff, 0xf7, 0xff, 0xff, 0xff, 0xf4, 0xff, 0xff, 
	0xff, 0xf7, 0xff, 0xff, 0xff, 0xfc, 0xff, 0xff, 
	0xff, 0xff, 0xff, 0xff, 0xff, 0xfc, 0xff, 0xff, 
	0xff, 0xfd, 0xff, 0xff, 0xff, 0xfd, 0xff, 0xff, 
	0xff, 0xfd, 0xff, 0xff, 0xff, 0xff, 0xff, 0xff, 
	0xff, 0xff, 0xff, 0xff, 0xff, 0xff, 0xff, 0xff, 
	0xff, 0xff, 0xff, 0xff, 0xff, 0xff, 0xff, 0xff, 
	0xff, 0xeb, 0xef, 0xff, 0xff, 0xeb, 0xef, 0xff, 
	0xff, 0xeb, 0xef, 0xff, 0xff, 0xeb, 0xef, 0xff, 
	0xff, 0xdb, 0xf4, 0xff, 0xff, 0xd3, 0xf1, 0xff, 
	0xff, 0xd3, 0xf1, 0xff, 0xff, 0xcb, 0xef, 0xff, 
	0xff, 0xcb, 0xe7, 0xff, 0xff, 0xc4, 0xe7, 0xff, 
	0xff, 0xbd, 0xe7, 0xff, 0xff, 0xb6, 0xe7, 0xff, 
	0xff, 0xb2, 0xe1, 0xff, 0xff, 0xae, 0xde, 0xff, 
	0xff, 0xae, 0xde, 0xff, 0xff, 0xae, 0xde, 0xff, 
	0xff, 0xae, 0xd3, 0xff, 0xff, 0xae, 0xd3, 0xff, 
	0xff, 0xaa, 0xce, 0xff, 0xff, 0xaa, 0xce, 0xff, 
	0xff, 0xaa, 0xde, 0xff, 0xff, 0xaa, 0xde, 0xff, 
	0xff, 0xaa, 0xde, 0xff, 0xff, 0xaa, 0xde, 0xff, 
	0xff, 0xaa, 0xd6, 0xff, 0xff, 0xaa, 0xd6, 0xff, 
	0xff, 0xaa, 0xd6, 0xff, 0xff, 0xaa, 0xd6, 0xff, 
	0xff, 0xab, 0xd6, 0xff, 0xff, 0xab, 0xd6, 0xff, 
	0xff, 0xab, 0xd6, 0xff, 0xff, 0xaa, 0xce, 0xff, 
	0xff, 0xae, 0xce, 0xff, 0xff, 0xae, 0xce, 0xff, 
	0xff, 0xae, 0xce, 0xff, 0xff, 0xae, 0xce, 0xff, 
	0xff, 0xb0, 0xcb, 0xff, 0xff, 0xb0, 0xcb, 0xff, 
	0xff, 0xb3, 0xd0, 0xff, 0xff, 0xb3, 0xd0, 0xff, 
	0xff, 0xb4, 0xd3, 0xff, 0xff, 0xb4, 0xd3, 0xff, 
	0xff, 0xb4, 0xd3, 0xff, 0xff, 0xb4, 0xd3, 0xff, 
	0xff, 0xb6, 0xd6, 0xff, 0xff, 0xb6, 0xd6, 0xff, 
	0xff, 0xb6, 0xd6, 0xff, 0xff, 0xb6, 0xd6, 0xff, 
	0xff, 0xba, 0xde, 0xff, 0xff, 0xba, 0xe3, 0xff, 
	0xff, 0xba, 0xe3, 0xff, 0xff, 0xba, 0xe3, 0xff, 
	0xff, 0xba, 0xde, 0xff, 0xff, 0xb8, 0xe3, 0xff, 
	0xff, 0xb8, 0xe3, 0xff, 0xff, 0xb7, 0xe9, 0xff, 
	0xff, 0xb2, 0xe7, 0xff, 0xff, 0xb6, 0xe9, 0xff, 
	0xff, 0xba, 0xec, 0xff, 0xff, 0xbe, 0xef, 0xff, 
	0xff, 0xc3, 0xec, 0xff, 0xff, 0xc3, 0xec, 0xff, 
	0xff, 0xc3, 0xef, 0xff, 0xff, 0xc3, 0xef, 0xff, 
	0xff, 0xbe, 0xef, 0xff, 0xff, 0xc2, 0xf1, 0xff, 
	0xff, 0xc2, 0xf1, 0xff, 0xff, 0xcb, 0xf7, 0xff, 
	0xff, 0xcb, 0xf9, 0xff, 0xff, 0xcb, 0xf9, 0xff, 
	0xff, 0xcf, 0xfc, 0xff, 0xff, 0xcf, 0xfc, 0xff, 
	0xff, 0xd1, 0xf9, 0xff, 0xff, 0xd3, 0xf7, 0xff, 
	0xff, 0xd0, 0xfc, 0xff, 0xff, 0xcf, 0xff, 0xff, 
	0xff, 0xd4, 0xfc, 0xff, 0xff, 0xd7, 0xff, 0xff, 
	0xff, 0xd4, 0xfc, 0xff, 0xff, 0xd7, 0xff, 0xff, 
	0xff, 0xd7, 0xff, 0xff, 0xff, 0xd7, 0xff, 0xff, 
	0xff, 0xdb, 0xff, 0xff, 0xff, 0xdb, 0xff, 0xff, 
	0xff, 0xdc, 0xff, 0xff, 0xff, 0xdc, 0xff, 0xff, 
	0xff, 0xdc, 0xff, 0xff, 0xff, 0xdc, 0xff, 0xff, 
	0xff, 0xdc, 0xff, 0xff, 0xff, 0xdd, 0xff, 0xff, 
	0xff, 0xdd, 0xff, 0xff, 0xff, 0xdd, 0xff, 0xff, 
	0xff, 0xdf, 0xff, 0xff, 0xff, 0xdf, 0xff, 0xff, 
	0xff, 0xe3, 0xff, 0xff, 0xff, 0xdf, 0xff, 0xff, 
	0xff, 0xe1, 0xff, 0xff, 0xff, 0xe1, 0xff, 0xff, 
	0xff, 0xe1, 0xff, 0xff, 0xff, 0xe7, 0xff, 0xff, 
	0xff, 0xe8, 0xff, 0xff, 0xff, 0xe8, 0xff, 0xff, 
	0xff, 0xeb, 0xff, 0xff, 0xff, 0xeb, 0xff, 0xff, 
	0xff, 0xec, 0xff, 0xff, 0xff, 0xec, 0xff, 0xff, 
	0xff, 0xec, 0xff, 0xff, 0xff, 0xf1, 0xff, 0xff, 
	0xff, 0xef, 0xff, 0xff, 0xff, 0xf4, 0xff, 0xff, 
	0xff, 0xf4, 0xff, 0xff, 0xff, 0xf4, 0xff, 0xff, 
	0xff, 0xf7, 0xff, 0xff, 0xff, 0xf7, 0xff, 0xff, 
	0xff, 0xf7, 0xff, 0xff, 0xff, 0xf4, 0xff, 0xff, 
	0xff, 0xf9, 0xff, 0xff, 0xff, 0xfc, 0xff, 0xff, 
	0xff, 0xff, 0xff, 0xff, 0xff, 0xff, 0xff, 0xff, 
	0xff, 0xfd, 0xff, 0xff, 0xff, 0xfd, 0xff, 0xff, 
	0xff, 0xfd, 0xff, 0xff, 0xff, 0xfd, 0xff, 0xff, 
	0xff, 0xff, 0xff, 0xff, 0xff, 0xff, 0xff, 0xff, 
	0xff, 0xff, 0xff, 0xff, 0xff, 0xff, 0xff, 0xff, 
	0xff, 0xed, 0xf4, 0xff, 0xff, 0xed, 0xf4, 0xff, 
	0xff, 0xeb, 0xef, 0xff, 0xff, 0xeb, 0xef, 0xff, 
	0xff, 0xd8, 0xf1, 0xff, 0xff, 0xd8, 0xf1, 0xff, 
	0xff, 0xd3, 0xef, 0xff, 0xff, 0xd3, 0xef, 0xff, 
	0xff, 0xcf, 0xe7, 0xff, 0xff, 0xc5, 0xe4, 0xff, 
	0xff, 0xbb, 0xe1, 0xff, 0xff, 0xbb, 0xe1, 0xff, 
	0xff, 0xb4, 0xde, 0xff, 0xff, 0xaf, 0xde, 0xff, 
	0xff, 0xaf, 0xde, 0xff, 0xff, 0xaf, 0xde, 0xff, 
	0xff, 0xa7, 0xd3, 0xff, 0xff, 0xa7, 0xd3, 0xff, 
	0xff, 0xa7, 0xd3, 0xff, 0xff, 0xa7, 0xd3, 0xff, 
	0xff, 0xa7, 0xd3, 0xff, 0xff, 0xa6, 0xce, 0xff, 
	0xff, 0xa8, 0xd8, 0xff, 0xff, 0xa8, 0xd8, 0xff, 
	0xff, 0xa6, 0xd6, 0xff, 0xff, 0xa4, 0xd0, 0xff, 
	0xff, 0xa4, 0xd0, 0xff, 0xff, 0xa4, 0xd0, 0xff, 
	0xff, 0xaa, 0xce, 0xff, 0xff, 0xaa, 0xce, 0xff, 
	0xff, 0xaa, 0xce, 0xff, 0xff, 0xaa, 0xce, 0xff, 
	0xff, 0xa7, 0xc8, 0xff, 0xff, 0xa7, 0xc8, 0xff, 
	0xff, 0xa7, 0xc8, 0xff, 0xff, 0xa7, 0xc8, 0xff, 
	0xff, 0xaa, 0xd0, 0xff, 0xff, 0xaa, 0xd0, 0xff, 
	0xff, 0xaa, 0xd0, 0xff, 0xff, 0xaa, 0xd0, 0xff, 
	0xff, 0xac, 0xd6, 0xff, 0xff, 0xb2, 0xd6, 0xff, 
	0xff, 0xb2, 0xd6, 0xff, 0xff, 0xb2, 0xd6, 0xff, 
	0xff, 0xb2, 0xd6, 0xff, 0xff, 0xb2, 0xd6, 0xff, 
	0xff, 0xb2, 0xd6, 0xff, 0xff, 0xb2, 0xd6, 0xff, 
	0xff, 0xb2, 0xdb, 0xff, 0xff, 0xb6, 0xe1, 0xff, 
	0xff, 0xba, 0xe7, 0xff, 0xff, 0xba, 0xe7, 0xff, 
	0xff, 0xba, 0xe7, 0xff, 0xff, 0xba, 0xe7, 0xff, 
	0xff, 0xb7, 0xe1, 0xff, 0xff, 0xba, 0xe7, 0xff, 
	0xff, 0xb7, 0xe9, 0xff, 0xff, 0xb7, 0xe9, 0xff, 
	0xff, 0xb7, 0xe9, 0xff, 0xff, 0xb6, 0xef, 0xff, 
	0xff, 0xc0, 0xf1, 0xff, 0xff, 0xc0, 0xf1, 0xff, 
	0xff, 0xc0, 0xf1, 0xff, 0xff, 0xc0, 0xf1, 0xff, 
	0xff, 0xbe, 0xef, 0xff, 0xff, 0xbe, 0xef, 0xff, 
	0xff, 0xc5, 0xef, 0xff, 0xff, 0xc5, 0xef, 0xff, 
	0xff, 0xcb, 0xf4, 0xff, 0xff, 0xcb, 0xf4, 0xff, 
	0xff, 0xcb, 0xf9, 0xff, 0xff, 0xcb, 0xf9, 0xff, 
	0xff, 0xcb, 0xf9, 0xff, 0xff, 0xcb, 0xf9, 0xff, 
	0xff, 0xcf, 0xfc, 0xff, 0xff, 0xd3, 0xff, 0xff, 
	0xff, 0xd3, 0xff, 0xff, 0xff, 0xd3, 0xff, 0xff, 
	0xff, 0xd5, 0xfc, 0xff, 0xff, 0xd5, 0xfc, 0xff, 
	0xff, 0xd5, 0xff, 0xff, 0xff, 0xd8, 0xff, 0xff, 
	0xff, 0xdb, 0xff, 0xff, 0xff, 0xdb, 0xff, 0xff, 
	0xff, 0xdb, 0xff, 0xff, 0xff, 0xdc, 0xff, 0xff, 
	0xff, 0xdc, 0xff, 0xff, 0xff, 0xdc, 0xff, 0xff, 
	0xff, 0xdc, 0xff, 0xff, 0xff, 0xd9, 0xff, 0xff, 
	0xff, 0xd9, 0xff, 0xff, 0xff, 0xdc, 0xff, 0xff, 
	0xff, 0xdc, 0xff, 0xff, 0xff, 0xdc, 0xff, 0xff, 
	0xff, 0xdc, 0xff, 0xff, 0xff, 0xdc, 0xff, 0xff, 
	0xff, 0xdf, 0xff, 0xff, 0xff, 0xdf, 0xff, 0xff, 
	0xff, 0xe7, 0xff, 0xff, 0xff, 0xeb, 0xff, 0xff, 
	0xff, 0xeb, 0xff, 0xff, 0xff, 0xeb, 0xff, 0xff, 
	0xff, 0xec, 0xff, 0xff, 0xff, 0xeb, 0xff, 0xff, 
	0xff, 0xed, 0xff, 0xff, 0xff, 0xed, 0xff, 0xff, 
	0xff, 0xed, 0xff, 0xff, 0xff, 0xed, 0xff, 0xff, 
	0xff, 0xf1, 0xff, 0xff, 0xff, 0xf4, 0xff, 0xff, 
	0xff, 0xf4, 0xff, 0xff, 0xff, 0xf7, 0xff, 0xff, 
	0xff, 0xf8, 0xff, 0xff, 0xff, 0xf8, 0xff, 0xff, 
	0xff, 0xf5, 0xff, 0xff, 0xff, 0xf5, 0xff, 0xff, 
	0xff, 0xf9, 0xff, 0xff, 0xff, 0xff, 0xff, 0xff, 
	0xff, 0xff, 0xff, 0xff, 0xff, 0xff, 0xff, 0xff, 
	0xff, 0xfd, 0xff, 0xff, 0xff, 0xfd, 0xff, 0xff, 
	0xff, 0xfd, 0xff, 0xff, 0xff, 0xff, 0xff, 0xff, 
	0xff, 0xfd, 0xff, 0xff, 0xff, 0xfd, 0xff, 0xff, 
	0xff, 0xfd, 0xff, 0xff, 0xff, 0xff, 0xff, 0xff, 
	0xff, 0xed, 0xf4, 0xff, 0xff, 0xed, 0xf4, 0xff, 
	0xff, 0xf0, 0xf9, 0xff, 0xff, 0xed, 0xf4, 0xff, 
	0xff, 0xdd, 0xf4, 0xff, 0xff, 0xd8, 0xf1, 0xff, 
	0xff, 0xd3, 0xef, 0xff, 0xff, 0xd3, 0xef, 0xff, 
	0xff, 0xcf, 0xe7, 0xff, 0xff, 0xc5, 0xe4, 0xff, 
	0xff, 0xc5, 0xe4, 0xff, 0xff, 0xbb, 0xe1, 0xff, 
	0xff, 0xba, 0xde, 0xff, 0xff, 0xb4, 0xde, 0xff, 
	0xff, 0xaf, 0xde, 0xff, 0xff, 0xaf, 0xde, 0xff, 
	0xff, 0xa8, 0xd8, 0xff, 0xff, 0xa8, 0xd8, 0xff, 
	0xff, 0xa7, 0xd3, 0xff, 0xff, 0xa7, 0xd3, 0xff, 
	0xff, 0xa6, 0xce, 0xff, 0xff, 0xa6, 0xce, 0xff, 
	0xff, 0xa7, 0xd3, 0xff, 0xff, 0xa6, 0xce, 0xff, 
	0xff, 0xa4, 0xd0, 0xff, 0xff, 0xa4, 0xd0, 0xff, 
	0xff, 0xa4, 0xd0, 0xff, 0xff, 0xa3, 0xcb, 0xff, 
	0xff, 0xaa, 0xce, 0xff, 0xff, 0xa6, 0xc8, 0xff, 
	0xff, 0xaa, 0xce, 0xff, 0xff, 0xa6, 0xc8, 0xff, 
	0xff, 0xa7, 0xc8, 0xff, 0xff, 0xa7, 0xc8, 0xff, 
	0xff, 0xa7, 0xc8, 0xff, 0xff, 0xa7, 0xc8, 0xff, 
	0xff, 0xaa, 0xd0, 0xff, 0xff, 0xaa, 0xd0, 0xff, 
	0xff, 0xaa, 0xd0, 0xff, 0xff, 0xae, 0xd3, 0xff, 
	0xff, 0xaa, 0xd6, 0xff, 0xff, 0xac, 0xd6, 0xff, 
	0xff, 0xb2, 0xd6, 0xff, 0xff, 0xb2, 0xd6, 0xff, 
	0xff, 0xb2, 0xd6, 0xff, 0xff, 0xb2, 0xd6, 0xff, 
	0xff, 0xb2, 0xde, 0xff, 0xff, 0xb2, 0xd6, 0xff, 
	0xff, 0xb2, 0xdb, 0xff, 0xff, 0xb2, 0xdb, 0xff, 
	0xff, 0xb2, 0xdb, 0xff, 0xff, 0xb6, 0xe1, 0xff, 
	0xff, 0xba, 0xe7, 0xff, 0xff, 0xb7, 0xe1, 0xff, 
	0xff, 0xb7, 0xe1, 0xff, 0xff, 0xb7, 0xe1, 0xff, 
	0xff, 0xb8, 0xe3, 0xff, 0xff, 0xb7, 0xe9, 0xff, 
	0xff, 0xb7, 0xe9, 0xff, 0xff, 0xb7, 0xe9, 0xff, 
	0xff, 0xc0, 0xf1, 0xff, 0xff, 0xc0, 0xf1, 0xff, 
	0xff, 0xc0, 0xf1, 0xff, 0xff, 0xc0, 0xf1, 0xff, 
	0xff, 0xbe, 0xef, 0xff, 0xff, 0xc5, 0xef, 0xff, 
	0xff, 0xc5, 0xef, 0xff, 0xff, 0xcc, 0xef, 0xff, 
	0xff, 0xcb, 0xef, 0xff, 0xff, 0xcb, 0xef, 0xff, 
	0xff, 0xcb, 0xf4, 0xff, 0xff, 0xcb, 0xf9, 0xff, 
	0xff, 0xcb, 0xf9, 0xff, 0xff, 0xcb, 0xf9, 0xff, 
	0xff, 0xd3, 0xff, 0xff, 0xff, 0xcf, 0xfc, 0xff, 
	0xff, 0xd3, 0xff, 0xff, 0xff, 0xd5, 0xfc, 0xff, 
	0xff, 0xd5, 0xfc, 0xff, 0xff, 0xd5, 0xfc, 0xff, 
	0xff, 0xd3, 0xff, 0xff, 0xff, 0xd5, 0xff, 0xff, 
	0xff, 0xd8, 0xff, 0xff, 0xff, 0xdb, 0xff, 0xff, 
	0xff, 0xdb, 0xff, 0xff, 0xff, 0xdd, 0xff, 0xff, 
	0xff, 0xdc, 0xff, 0xff, 0xff, 0xdc, 0xff, 0xff, 
	0xff, 0xdc, 0xff, 0xff, 0xff, 0xd9, 0xff, 0xff, 
	0xff, 0xd9, 0xff, 0xff, 0xff, 0xd9, 0xff, 0xff, 
	0xff, 0xdc, 0xff, 0xff, 0xff, 0xdc, 0xff, 0xff, 
	0xff, 0xdc, 0xff, 0xff, 0xff, 0xdc, 0xff, 0xff, 
	0xff, 0xdf, 0xff, 0xff, 0xff, 0xdf, 0xff, 0xff, 
	0xff, 0xe7, 0xff, 0xff, 0xff, 0xeb, 0xff, 0xff, 
	0xff, 0xeb, 0xff, 0xff, 0xff, 0xed, 0xff, 0xff, 
	0xff, 0xed, 0xff, 0xff, 0xff, 0xeb, 0xff, 0xff, 
	0xff, 0xed, 0xff, 0xff, 0xff, 0xed, 0xff, 0xff, 
	0xff, 0xed, 0xff, 0xff, 0xff, 0xed, 0xff, 0xff, 
	0xff, 0xef, 0xff, 0xff, 0xff, 0xf1, 0xff, 0xff, 
	0xff, 0xf4, 0xff, 0xff, 0xff, 0xf7, 0xff, 0xff, 
	0xff, 0xfb, 0xff, 0xff, 0xff, 0xf8, 0xff, 0xff, 
	0xff, 0xf5, 0xff, 0xff, 0xff, 0xf5, 0xff, 0xff, 
	0xff, 0xf7, 0xff, 0xff, 0xff, 0xf9, 0xff, 0xff, 
	0xff, 0xff, 0xff, 0xff, 0xff, 0xff, 0xff, 0xff, 
	0xff, 0xff, 0xff, 0xff, 0xff, 0xff, 0xff, 0xff, 
	0xff, 0xff, 0xff, 0xff, 0xff, 0xff, 0xff, 0xff, 
	0xff, 0xff, 0xff, 0xff, 0xff, 0xff, 0xff, 0xff, 
	0xff, 0xff, 0xff, 0xff, 0xff, 0xff, 0xff, 0xff, 
	0xff, 0xf3, 0xff, 0xff, 0xff, 0xf3, 0xff, 0xff, 
	0xff, 0xf3, 0xff, 0xff, 0xff, 0xed, 0xf4, 0xff, 
	0xff, 0xe3, 0xf7, 0xff, 0xff, 0xdd, 0xf4, 0xff, 
	0xff, 0xd8, 0xf1, 0xff, 0xff, 0xd3, 0xef, 0xff, 
	0xff, 0xcf, 0xe7, 0xff, 0xff, 0xc5, 0xe4, 0xff, 
	0xff, 0xbb, 0xe1, 0xff, 0xff, 0xbb, 0xe1, 0xff, 
	0xff, 0xba, 0xde, 0xff, 0xff, 0xb4, 0xde, 0xff, 
	0xff, 0xaf, 0xde, 0xff, 0xff, 0xaf, 0xde, 0xff, 
	0xff, 0xa8, 0xd8, 0xff, 0xff, 0xa8, 0xd8, 0xff, 
	0xff, 0xa7, 0xd3, 0xff, 0xff, 0xa7, 0xd3, 0xff, 
	0xff, 0xa6, 0xce, 0xff, 0xff, 0xa6, 0xce, 0xff, 
	0xff, 0xa8, 0xd8, 0xff, 0xff, 0xa7, 0xd3, 0xff, 
	0xff, 0xa4, 0xd0, 0xff, 0xff, 0xa3, 0xcb, 0xff, 
	0xff, 0xa3, 0xcb, 0xff, 0xff, 0xa3, 0xcb, 0xff, 
	0xff, 0xa6, 0xc8, 0xff, 0xff, 0xa6, 0xc8, 0xff, 
	0xff, 0xa2, 0xc2, 0xff, 0xff, 0xa2, 0xc2, 0xff, 
	0xff, 0xa2, 0xbd, 0xff, 0xff, 0xa7, 0xc8, 0xff, 
	0xff, 0xa4, 0xc2, 0xff, 0xff, 0xa7, 0xc8, 0xff, 
	0xff, 0xaa, 0xd0, 0xff, 0xff, 0xaa, 0xd0, 0xff, 
	0xff, 0xaa, 0xd0, 0xff, 0xff, 0xaa, 0xd0, 0xff, 
	0xff, 0xaa, 0xd6, 0xff, 0xff, 0xaf, 0xd6, 0xff, 
	0xff, 0xb2, 0xd6, 0xff, 0xff, 0xb2, 0xd6, 0xff, 
	0xff, 0xb2, 0xd6, 0xff, 0xff, 0xb2, 0xd6, 0xff, 
	0xff, 0xb2, 0xde, 0xff, 0xff, 0xb2, 0xde, 0xff, 
	0xff, 0xb2, 0xdb, 0xff, 0xff, 0xb2, 0xdb, 0xff, 
	0xff, 0xb6, 0xe1, 0xff, 0xff, 0xb6, 0xe1, 0xff, 
	0xff, 0xb4, 0xdb, 0xff, 0xff, 0xb2, 0xd6, 0xff, 
	0xff, 0xba, 0xe7, 0xff, 0xff, 0xb7, 0xe1, 0xff, 
	0xff, 0xb8, 0xe3, 0xff, 0xff, 0xb8, 0xe3, 0xff, 
	0xff, 0xb7, 0xe9, 0xff, 0xff, 0xb8, 0xe3, 0xff, 
	0xff, 0xba, 0xe7, 0xff, 0xff, 0xbd, 0xec, 0xff, 
	0xff, 0xc0, 0xf1, 0xff, 0xff, 0xc0, 0xf1, 0xff, 
	0xff, 0xbe, 0xef, 0xff, 0xff, 0xc5, 0xef, 0xff, 
	0xff, 0xcc, 0xef, 0xff, 0xff, 0xcc, 0xef, 0xff, 
	0xff, 0xcb, 0xef, 0xff, 0xff, 0xcb, 0xef, 0xff, 
	0xff, 0xcb, 0xef, 0xff, 0xff, 0xcb, 0xf4, 0xff, 
	0xff, 0xcf, 0xfc, 0xff, 0xff, 0xcf, 0xfc, 0xff, 
	0xff, 0xd3, 0xff, 0xff, 0xff, 0xd3, 0xff, 0xff, 
	0xff, 0xd3, 0xff, 0xff, 0xff, 0xd3, 0xff, 0xff, 
	0xff, 0xd5, 0xfc, 0xff, 0xff, 0xd8, 0xf9, 0xff, 
	0xff, 0xd3, 0xff, 0xff, 0xff, 0xd5, 0xff, 0xff, 
	0xff, 0xd5, 0xff, 0xff, 0xff, 0xd8, 0xff, 0xff, 
	0xff, 0xdb, 0xff, 0xff, 0xff, 0xdb, 0xff, 0xff, 
	0xff, 0xdb, 0xff, 0xff, 0xff, 0xdb, 0xff, 0xff, 
	0xff, 0xdf, 0xff, 0xff, 0xff, 0xdc, 0xff, 0xff, 
	0xff, 0xd9, 0xff, 0xff, 0xff, 0xdc, 0xff, 0xff, 
	0xff, 0xdc, 0xff, 0xff, 0xff, 0xdc, 0xff, 0xff, 
	0xff, 0xdc, 0xff, 0xff, 0xff, 0xdc, 0xff, 0xff, 
	0xff, 0xe3, 0xff, 0xff, 0xff, 0xe3, 0xff, 0xff, 
	0xff, 0xe7, 0xff, 0xff, 0xff, 0xeb, 0xff, 0xff, 
	0xff, 0xeb, 0xff, 0xff, 0xff, 0xed, 0xff, 0xff, 
	0xff, 0xec, 0xff, 0xff, 0xff, 0xec, 0xff, 0xff, 
	0xff, 0xf0, 0xff, 0xff, 0xff, 0xf0, 0xff, 0xff, 
	0xff, 0xf0, 0xff, 0xff, 0xff, 0xed, 0xff, 0xff, 
	0xff, 0xef, 0xff, 0xff, 0xff, 0xf1, 0xff, 0xff, 
	0xff, 0xf4, 0xff, 0xff, 0xff, 0xf7, 0xff, 0xff, 
	0xff, 0xfb, 0xff, 0xff, 0xff, 0xf8, 0xff, 0xff, 
	0xff, 0xf5, 0xff, 0xff, 0xff, 0xf3, 0xff, 0xff, 
	0xff, 0xf7, 0xff, 0xff, 0xff, 0xfc, 0xff, 0xff, 
	0xff, 0xff, 0xff, 0xff, 0xff, 0xff, 0xff, 0xff, 
	0xff, 0xff, 0xff, 0xff, 0xff, 0xff, 0xff, 0xff, 
	0xff, 0xff, 0xff, 0xff, 0xff, 0xff, 0xff, 0xff, 
	0xff, 0xff, 0xff, 0xff, 0xff, 0xff, 0xff, 0xff, 
	0xff, 0xff, 0xff, 0xff, 0xff, 0xff, 0xff, 0xff, 
	0xff, 0xf3, 0xff, 0xff, 0xff, 0xf3, 0xff, 0xff, 
	0xff, 0xf3, 0xff, 0xff, 0xff, 0xed, 0xf4, 0xff, 
	0xff, 0xe3, 0xf7, 0xff, 0xff, 0xe3, 0xf7, 0xff, 
	0xff, 0xdd, 0xf4, 0xff, 0xff, 0xd3, 0xef, 0xff, 
	0xff, 0xcf, 0xe7, 0xff, 0xff, 0xc5, 0xe4, 0xff, 
	0xff, 0xc5, 0xe4, 0xff, 0xff, 0xbb, 0xe1, 0xff, 
	0xff, 0xba, 0xde, 0xff, 0xff, 0xb4, 0xde, 0xff, 
	0xff, 0xaf, 0xde, 0xff, 0xff, 0xaf, 0xde, 0xff, 
	0xff, 0xaa, 0xde, 0xff, 0xff, 0xa8, 0xd8, 0xff, 
	0xff, 0xa7, 0xd3, 0xff, 0xff, 0xa7, 0xd3, 0xff, 
	0xff, 0xa6, 0xce, 0xff, 0xff, 0xa6, 0xce, 0xff, 
	0xff, 0xa6, 0xce, 0xff, 0xff, 0xa6, 0xce, 0xff, 
	0xff, 0xa2, 0xc6, 0xff, 0xff, 0xa2, 0xc6, 0xff, 
	0xff, 0xa2, 0xc6, 0xff, 0xff, 0xa3, 0xcb, 0xff, 
	0xff, 0xa2, 0xc2, 0xff, 0xff, 0xa6, 0xc8, 0xff, 
	0xff, 0xa2, 0xc2, 0xff, 0xff, 0x9e, 0xbd, 0xff, 
	0xff, 0xa2, 0xbd, 0xff, 0xff, 0xa2, 0xbd, 0xff, 
	0xff, 0xa4, 0xc2, 0xff, 0xff, 0xa7, 0xc8, 0xff, 
	0xff, 0xa6, 0xce, 0xff, 0xff, 0xa6, 0xce, 0xff, 
	0xff, 0xaa, 0xd0, 0xff, 0xff, 0xaa, 0xd0, 0xff, 
	0xff, 0xaa, 0xd6, 0xff, 0xff, 0xaf, 0xd6, 0xff, 
	0xff, 0xb2, 0xd6, 0xff, 0xff, 0xaf, 0xd6, 0xff, 
	0xff, 0xb2, 0xd6, 0xff, 0xff, 0xb2, 0xce, 0xff, 
	0xff, 0xb2, 0xde, 0xff, 0xff, 0xb2, 0xde, 0xff, 
	0xff, 0xb2, 0xdb, 0xff, 0xff, 0xae, 0xd6, 0xff, 
	0xff, 0xb2, 0xdb, 0xff, 0xff, 0xae, 0xd6, 0xff, 
	0xff, 0xb2, 0xd6, 0xff, 0xff, 0xb2, 0xd6, 0xff, 
	0xff, 0xb4, 0xdb, 0xff, 0xff, 0xb7, 0xe1, 0xff, 
	0xff, 0xb8, 0xe3, 0xff, 0xff, 0xba, 0xde, 0xff, 
	0xff, 0xba, 0xde, 0xff, 0xff, 0xba, 0xde, 0xff, 
	0xff, 0xba, 0xe7, 0xff, 0xff, 0xbd, 0xec, 0xff, 
	0xff, 0xbd, 0xec, 0xff, 0xff, 0xc0, 0xf1, 0xff, 
	0xff, 0xc5, 0xef, 0xff, 0xff, 0xc5, 0xef, 0xff, 
	0xff, 0xcc, 0xef, 0xff, 0xff, 0xcc, 0xef, 0xff, 
	0xff, 0xcb, 0xef, 0xff, 0xff, 0xcb, 0xf4, 0xff, 
	0xff, 0xcb, 0xef, 0xff, 0xff, 0xcb, 0xf9, 0xff, 
	0xff, 0xcf, 0xfc, 0xff, 0xff, 0xcf, 0xfc, 0xff, 
	0xff, 0xd3, 0xff, 0xff, 0xff, 0xd3, 0xff, 0xff, 
	0xff, 0xd5, 0xfc, 0xff, 0xff, 0xd5, 0xfc, 0xff, 
	0xff, 0xd5, 0xfc, 0xff, 0xff, 0xd3, 0xff, 0xff, 
	0xff, 0xd3, 0xff, 0xff, 0xff, 0xd3, 0xff, 0xff, 
	0xff, 0xd3, 0xff, 0xff, 0xff, 0xd5, 0xff, 0xff, 
	0xff, 0xdb, 0xff, 0xff, 0xff, 0xdb, 0xff, 0xff, 
	0xff, 0xdb, 0xff, 0xff, 0xff, 0xdb, 0xff, 0xff, 
	0xff, 0xdc, 0xff, 0xff, 0xff, 0xd9, 0xff, 0xff, 
	0xff, 0xd9, 0xff, 0xff, 0xff, 0xd9, 0xff, 0xff, 
	0xff, 0xdc, 0xff, 0xff, 0xff, 0xdc, 0xff, 0xff, 
	0xff, 0xdc, 0xff, 0xff, 0xff, 0xdf, 0xff, 0xff, 
	0xff, 0xe3, 0xff, 0xff, 0xff, 0xe3, 0xff, 0xff, 
	0xff, 0xe7, 0xff, 0xff, 0xff, 0xe7, 0xff, 0xff, 
	0xff, 0xed, 0xff, 0xff, 0xff, 0xed, 0xff, 0xff, 
	0xff, 0xef, 0xff, 0xff, 0xff, 0xed, 0xff, 0xff, 
	0xff, 0xf0, 0xff, 0xff, 0xff, 0xf3, 0xff, 0xff, 
	0xff, 0xf3, 0xff, 0xff, 0xff, 0xf0, 0xff, 0xff, 
	0xff, 0xef, 0xff, 0xff, 0xff, 0xf1, 0xff, 0xff, 
	0xff, 0xf4, 0xff, 0xff, 0xff, 0xf4, 0xff, 0xff, 
	0xff, 0xfb, 0xff, 0xff, 0xff, 0xfb, 0xff, 0xff, 
	0xff, 0xfb, 0xff, 0xff, 0xff, 0xf5, 0xff, 0xff, 
	0xff, 0xf7, 0xff, 0xff, 0xff, 0xfc, 0xff, 0xff, 
	0xff, 0xff, 0xff, 0xff, 0xff, 0xfc, 0xff, 0xff, 
	0xff, 0xff, 0xff, 0xff, 0xff, 0xff, 0xff, 0xff, 
	0xff, 0xff, 0xff, 0xff, 0xff, 0xff, 0xff, 0xff, 
	0xff, 0xff, 0xff, 0xff, 0xff, 0xff, 0xff, 0xff, 
	0xff, 0xff, 0xff, 0xff, 0xff, 0xff, 0xff, 0xff, 
	0xff, 0xf7, 0xff, 0xff, 0xff, 0xf7, 0xff, 0xff, 
	0xff, 0xf7, 0xff, 0xff, 0xff, 0xf7, 0xff, 0xff, 
	0xff, 0xe8, 0xf1, 0xff, 0xff, 0xe8, 0xf1, 0xff, 
	0xff, 0xdf, 0xef, 0xff, 0xff, 0xdf, 0xef, 0xff, 
	0xff, 0xd4, 0xe4, 0xff, 0xff, 0xc9, 0xe1, 0xff, 
	0xff, 0xc9, 0xe1, 0xff, 0xff, 0xbe, 0xde, 0xff, 
	0xff, 0xc0, 0xdb, 0xff, 0xff, 0xb5, 0xd8, 0xff, 
	0xff, 0xb5, 0xd8, 0xff, 0xff, 0xb5, 0xd8, 0xff, 
	0xff, 0xb2, 0xd6, 0xff, 0xff, 0xa6, 0xce, 0xff, 
	0xff, 0xaa, 0xd0, 0xff, 0xff, 0xa6, 0xce, 0xff, 
	0xff, 0x9e, 0xcb, 0xff, 0xff, 0x9e, 0xcb, 0xff, 
	0xff, 0x9e, 0xcb, 0xff, 0xff, 0x9e, 0xc0, 0xff, 
	0xff, 0x9b, 0xc0, 0xff, 0xff, 0x9b, 0xc0, 0xff, 
	0xff, 0x9e, 0xc6, 0xff, 0xff, 0x9e, 0xc6, 0xff, 
	0xff, 0x9a, 0xc6, 0xff, 0xff, 0x98, 0xc0, 0xff, 
	0xff, 0x98, 0xc0, 0xff, 0xff, 0x98, 0xc0, 0xff, 
	0xff, 0x9b, 0xc3, 0xff, 0xff, 0x9b, 0xc3, 0xff, 
	0xff, 0x9e, 0xc6, 0xff, 0xff, 0x9e, 0xc6, 0xff, 
	0xff, 0xa6, 0xc6, 0xff, 0xff, 0xa6, 0xc6, 0xff, 
	0xff, 0xa6, 0xc6, 0xff, 0xff, 0xa0, 0xc3, 0xff, 
	0xff, 0xaa, 0xc6, 0xff, 0xff, 0xaa, 0xc6, 0xff, 
	0xff, 0xaa, 0xc6, 0xff, 0xff, 0xb2, 0xc6, 0xff, 
	0xff, 0xb0, 0xcb, 0xff, 0xff, 0xb0, 0xcb, 0xff, 
	0xff, 0xb0, 0xcb, 0xff, 0xff, 0xb3, 0xd0, 0xff, 
	0xff, 0xb2, 0xd6, 0xff, 0xff, 0xb2, 0xd6, 0xff, 
	0xff, 0xaf, 0xd0, 0xff, 0xff, 0xaf, 0xd0, 0xff, 
	0xfc, 0xb2, 0xd0, 0xff, 0xff, 0xb6, 0xd6, 0xff, 
	0xfc, 0xb2, 0xd0, 0xff, 0xfc, 0xb2, 0xd0, 0xff, 
	0xff, 0xbc, 0xd3, 0xff, 0xff, 0xbb, 0xd8, 0xff, 
	0xff, 0xbb, 0xd8, 0xff, 0xff, 0xbb, 0xd8, 0xff, 
	0xff, 0xbc, 0xe6, 0xff, 0xff, 0xbe, 0xef, 0xff, 
	0xff, 0xbe, 0xef, 0xff, 0xff, 0xbe, 0xef, 0xff, 
	0xff, 0xc5, 0xe6, 0xff, 0xff, 0xcb, 0xef, 0xff, 
	0xff, 0xcb, 0xef, 0xff, 0xff, 0xcb, 0xef, 0xff, 
	0xff, 0xc9, 0xec, 0xff, 0xff, 0xcb, 0xf7, 0xff, 
	0xff, 0xcb, 0xf7, 0xff, 0xff, 0xcb, 0xf7, 0xff, 
	0xff, 0xd3, 0xff, 0xff, 0xff, 0xd3, 0xff, 0xff, 
	0xff, 0xd3, 0xff, 0xff, 0xff, 0xd3, 0xff, 0xff, 
	0xff, 0xd8, 0xff, 0xff, 0xff, 0xd8, 0xff, 0xff, 
	0xff, 0xd5, 0xff, 0xff, 0xff, 0xd5, 0xff, 0xff, 
	0xff, 0xd5, 0xff, 0xff, 0xff, 0xd5, 0xff, 0xff, 
	0xff, 0xd4, 0xff, 0xff, 0xff, 0xd3, 0xff, 0xff, 
	0xff, 0xdc, 0xff, 0xff, 0xff, 0xdc, 0xff, 0xff, 
	0xff, 0xdc, 0xff, 0xff, 0xff, 0xdc, 0xff, 0xff, 
	0xff, 0xdb, 0xff, 0xff, 0xff, 0xdb, 0xff, 0xff, 
	0xff, 0xdb, 0xff, 0xff, 0xff, 0xdb, 0xff, 0xff, 
	0xff, 0xdf, 0xff, 0xff, 0xff, 0xe3, 0xff, 0xff, 
	0xff, 0xe7, 0xff, 0xff, 0xff, 0xeb, 0xff, 0xff, 
	0xff, 0xe9, 0xff, 0xff, 0xff, 0xe9, 0xff, 0xff, 
	0xff, 0xe9, 0xff, 0xff, 0xff, 0xe7, 0xff, 0xff, 
	0xff, 0xeb, 0xff, 0xff, 0xff, 0xeb, 0xff, 0xff, 
	0xff, 0xef, 0xff, 0xff, 0xff, 0xf3, 0xff, 0xff, 
	0xff, 0xf3, 0xff, 0xff, 0xff, 0xf3, 0xff, 0xff, 
	0xff, 0xf5, 0xff, 0xff, 0xff, 0xf8, 0xff, 0xff, 
	0xff, 0xf4, 0xff, 0xff, 0xff, 0xf9, 0xff, 0xff, 
	0xff, 0xf9, 0xff, 0xff, 0xff, 0xf9, 0xff, 0xff, 
	0xff, 0xfb, 0xff, 0xff, 0xff, 0xfb, 0xff, 0xff, 
	0xff, 0xfb, 0xff, 0xff, 0xff, 0xfb, 0xff, 0xff, 
	0xff, 0xfb, 0xff, 0xff, 0xff, 0xfc, 0xff, 0xff, 
	0xff, 0xfd, 0xff, 0xff, 0xff, 0xff, 0xff, 0xff, 
	0xff, 0xfd, 0xff, 0xff, 0xff, 0xfd, 0xff, 0xff, 
	0xff, 0xfd, 0xff, 0xff, 0xff, 0xff, 0xff, 0xff, 
	0xff, 0xfd, 0xff, 0xff, 0xff, 0xfd, 0xff, 0xff, 
	0xff, 0xfd, 0xff, 0xff, 0xff, 0xff, 0xff, 0xff, 
	0xff, 0xfb, 0xff, 0xff, 0xff, 0xfb, 0xff, 0xff, 
	0xff, 0xf7, 0xff, 0xff, 0xff, 0xf7, 0xff, 0xff, 
	0xff, 0xf1, 0xf4, 0xff, 0xff, 0xe8, 0xf1, 0xff, 
	0xff, 0xe8, 0xf1, 0xff, 0xff, 0xdf, 0xef, 0xff, 
	0xff, 0xdf, 0xe7, 0xff, 0xff, 0xc9, 0xe1, 0xff, 
	0xff, 0xc9, 0xe1, 0xff, 0xff, 0xc9, 0xe1, 0xff, 
	0xff, 0xc0, 0xdb, 0xff, 0xff, 0xb5, 0xd8, 0xff, 
	0xff, 0xb5, 0xd8, 0xff, 0xff, 0xb5, 0xd8, 0xff, 
	0xff, 0xb2, 0xd6, 0xff, 0xff, 0xaa, 0xd0, 0xff, 
	0xff, 0xaa, 0xd0, 0xff, 0xff, 0xa6, 0xce, 0xff, 
	0xff, 0x9e, 0xcb, 0xff, 0xff, 0x9e, 0xcb, 0xff, 
	0xff, 0x9e, 0xcb, 0xff, 0xff, 0x9e, 0xc0, 0xff, 
	0xff, 0x9b, 0xc0, 0xff, 0xff, 0x9b, 0xc0, 0xff, 
	0xff, 0x9b, 0xc0, 0xff, 0xff, 0x9e, 0xc6, 0xff, 
	0xff, 0x9a, 0xc6, 0xff, 0xff, 0x9a, 0xc6, 0xff, 
	0xff, 0x9a, 0xc6, 0xff, 0xff, 0x98, 0xc0, 0xff, 
	0xff, 0x98, 0xc0, 0xff, 0xff, 0x9b, 0xc3, 0xff, 
	0xff, 0x9b, 0xc3, 0xff, 0xff, 0x9b, 0xc3, 0xff, 
	0xff, 0x9b, 0xc0, 0xff, 0xff, 0x9b, 0xc0, 0xff, 
	0xff, 0xa0, 0xc3, 0xff, 0xff, 0xa0, 0xc3, 0xff, 
	0xff, 0xaa, 0xc6, 0xff, 0xff, 0xaa, 0xc6, 0xff, 
	0xff, 0xaa, 0xc6, 0xff, 0xff, 0xaa, 0xc6, 0xff, 
	0xff, 0xae, 0xc6, 0xff, 0xff, 0xae, 0xc6, 0xff, 
	0xff, 0xb0, 0xcb, 0xff, 0xff, 0xb0, 0xcb, 0xff, 
	0xff, 0xaf, 0xd0, 0xff, 0xff, 0xaf, 0xd0, 0xff, 
	0xff, 0xaf, 0xd0, 0xff, 0xff, 0xaf, 0xd0, 0xff, 
	0xfc, 0xb2, 0xd0, 0xff, 0xfc, 0xb2, 0xd0, 0xff, 
	0xff, 0xb6, 0xd6, 0xff, 0xff, 0xb6, 0xd6, 0xff, 
	0xff, 0xbb, 0xd8, 0xff, 0xff, 0xbb, 0xd8, 0xff, 
	0xff, 0xbb, 0xd8, 0xff, 0xff, 0xbc, 0xd3, 0xff, 
	0xff, 0xbb, 0xde, 0xff, 0xff, 0xba, 0xd6, 0xff, 
	0xff, 0xbb, 0xde, 0xff, 0xff, 0xbc, 0xe6, 0xff, 
	0xff, 0xc5, 0xe6, 0xff, 0xff, 0xc5, 0xe6, 0xff, 
	0xff, 0xc5, 0xe6, 0xff, 0xff, 0xcb, 0xef, 0xff, 
	0xff, 0xc9, 0xec, 0xff, 0xff, 0xc9, 0xec, 0xff, 
	0xff, 0xc9, 0xec, 0xff, 0xff, 0xcb, 0xf7, 0xff, 
	0xff, 0xcf, 0xf9, 0xff, 0xff, 0xd3, 0xff, 0xff, 
	0xff, 0xd3, 0xff, 0xff, 0xff, 0xd3, 0xff, 0xff, 
	0xff, 0xd8, 0xff, 0xff, 0xff, 0xd8, 0xff, 0xff, 
	0xff, 0xd5, 0xff, 0xff, 0xff, 0xd5, 0xff, 0xff, 
	0xff, 0xd5, 0xff, 0xff, 0xff, 0xd5, 0xff, 0xff, 
	0xff, 0xd5, 0xff, 0xff, 0xff, 0xd7, 0xff, 0xff, 
	0xff, 0xdc, 0xff, 0xff, 0xff, 0xdc, 0xff, 0xff, 
	0xff, 0xdd, 0xff, 0xff, 0xff, 0xdc, 0xff, 0xff, 
	0xff, 0xdb, 0xff, 0xff, 0xff, 0xdf, 0xff, 0xff, 
	0xff, 0xdf, 0xff, 0xff, 0xff, 0xdf, 0xff, 0xff, 
	0xff, 0xe3, 0xff, 0xff, 0xff, 0xe7, 0xff, 0xff, 
	0xff, 0xeb, 0xff, 0xff, 0xff, 0xeb, 0xff, 0xff, 
	0xff, 0xe9, 0xff, 0xff, 0xff, 0xec, 0xff, 0xff, 
	0xff, 0xe9, 0xff, 0xff, 0xff, 0xe7, 0xff, 0xff, 
	0xff, 0xeb, 0xff, 0xff, 0xff, 0xeb, 0xff, 0xff, 
	0xff, 0xef, 0xff, 0xff, 0xff, 0xef, 0xff, 0xff, 
	0xff, 0xf3, 0xff, 0xff, 0xff, 0xf5, 0xff, 0xff, 
	0xff, 0xf5, 0xff, 0xff, 0xff, 0xf5, 0xff, 0xff, 
	0xff, 0xf9, 0xff, 0xff, 0xff, 0xf9, 0xff, 0xff, 
	0xff, 0xf9, 0xff, 0xff, 0xff, 0xff, 0xff, 0xff, 
	0xff, 0xfd, 0xff, 0xff, 0xff, 0xfc, 0xff, 0xff, 
	0xff, 0xfb, 0xff, 0xff, 0xff, 0xfc, 0xff, 0xff, 
	0xff, 0xfc, 0xff, 0xff, 0xff, 0xfd, 0xff, 0xff, 
	0xff, 0xff, 0xff, 0xff, 0xff, 0xff, 0xff, 0xff, 
	0xff, 0xff, 0xff, 0xff, 0xff, 0xff, 0xff, 0xff, 
	0xff, 0xff, 0xff, 0xff, 0xff, 0xff, 0xff, 0xff, 
	0xff, 0xff, 0xff, 0xff, 0xff, 0xff, 0xff, 0xff, 
	0xff, 0xff, 0xff, 0xff, 0xff, 0xff, 0xff, 0xff, 
	0xff, 0xff, 0xff, 0xff, 0xff, 0xfb, 0xff, 0xff, 
	0xff, 0xfb, 0xff, 0xff, 0xff, 0xfb, 0xff, 0xff, 
	0xff, 0xfb, 0xf7, 0xff, 0xff, 0xf1, 0xf4, 0xff, 
	0xff, 0xe8, 0xf1, 0xff, 0xff, 0xdf, 0xef, 0xff, 
	0xff, 0xdf, 0xe7, 0xff, 0xff, 0xd4, 0xe4, 0xff, 
	0xff, 0xd4, 0xe4, 0xff, 0xff, 0xc9, 0xe1, 0xff, 
	0xff, 0xcb, 0xde, 0xff, 0xff, 0xc0, 0xdb, 0xff, 
	0xff, 0xb5, 0xd8, 0xff, 0xff, 0xb5, 0xd8, 0xff, 
	0xff, 0xae, 0xd3, 0xff, 0xff, 0xaa, 0xd0, 0xff, 
	0xff, 0xa6, 0xce, 0xff, 0xff, 0xa6, 0xce, 0xff, 
	0xff, 0x9e, 0xcb, 0xff, 0xff, 0x9e, 0xcb, 0xff, 
	0xff, 0x9e, 0xcb, 0xff, 0xff, 0x9e, 0xc0, 0xff, 
	0xff, 0x98, 0xba, 0xff, 0xff, 0x98, 0xba, 0xff, 
	0xff, 0x98, 0xba, 0xff, 0xff, 0x9b, 0xc0, 0xff, 
	0xff, 0x9a, 0xc6, 0xff, 0xff, 0x9a, 0xc6, 0xff, 
	0xff, 0x98, 0xc0, 0xff, 0xff, 0x98, 0xc0, 0xff, 
	0xff, 0x96, 0xbd, 0xff, 0xff, 0x98, 0xc0, 0xff, 
	0xff, 0x98, 0xc0, 0xff, 0xff, 0x9b, 0xc3, 0xff, 
	0xff, 0x9b, 0xc0, 0xff, 0xff, 0x96, 0xbd, 0xff, 
	0xff, 0x9b, 0xc0, 0xff, 0xff, 0x9b, 0xc0, 0xff, 
	0xff, 0xa2, 0xc6, 0xff, 0xff, 0xaa, 0xc6, 0xff, 
	0xff, 0xaa, 0xc6, 0xff, 0xff, 0xaa, 0xc6, 0xff, 
	0xff, 0xb0, 0xcb, 0xff, 0xff, 0xae, 0xc6, 0xff, 
	0xff, 0xae, 0xc6, 0xff, 0xff, 0xae, 0xc6, 0xff, 
	0xff, 0xaf, 0xd0, 0xff, 0xff, 0xaf, 0xd0, 0xff, 
	0xff, 0xaf, 0xd0, 0xff, 0xff, 0xaf, 0xd0, 0xff, 
	0xfc, 0xb2, 0xd0, 0xff, 0xfc, 0xb2, 0xd0, 0xff, 
	0xff, 0xb6, 0xd6, 0xff, 0xff, 0xb6, 0xd6, 0xff, 
	0xff, 0xba, 0xde, 0xff, 0xff, 0xbb, 0xd8, 0xff, 
	0xff, 0xba, 0xde, 0xff, 0xff, 0xbb, 0xd8, 0xff, 
	0xff, 0xba, 0xd6, 0xff, 0xff, 0xba, 0xd6, 0xff, 
	0xff, 0xbb, 0xde, 0xff, 0xff, 0xbb, 0xde, 0xff, 
	0xff, 0xbf, 0xde, 0xff, 0xff, 0xbf, 0xde, 0xff, 
	0xff, 0xc5, 0xe6, 0xff, 0xff, 0xc5, 0xe6, 0xff, 
	0xff, 0xc9, 0xec, 0xff, 0xff, 0xc9, 0xec, 0xff, 
	0xff, 0xc9, 0xec, 0xff, 0xff, 0xc9, 0xec, 0xff, 
	0xff, 0xc7, 0xef, 0xff, 0xff, 0xcb, 0xf4, 0xff, 
	0xff, 0xd3, 0xff, 0xff, 0xff, 0xd3, 0xff, 0xff, 
	0xff, 0xd3, 0xff, 0xff, 0xff, 0xd3, 0xff, 0xff, 
	0xff, 0xd5, 0xff, 0xff, 0xff, 0xd5, 0xff, 0xff, 
	0xff, 0xd4, 0xff, 0xff, 0xff, 0xd4, 0xff, 0xff, 
	0xff, 0xd4, 0xff, 0xff, 0xff, 0xd4, 0xff, 0xff, 
	0xff, 0xdc, 0xff, 0xff, 0xff, 0xdc, 0xff, 0xff, 
	0xff, 0xdd, 0xff, 0xff, 0xff, 0xdd, 0xff, 0xff, 
	0xff, 0xe3, 0xff, 0xff, 0xff, 0xdf, 0xff, 0xff, 
	0xff, 0xdf, 0xff, 0xff, 0xff, 0xe3, 0xff, 0xff, 
	0xff, 0xe7, 0xff, 0xff, 0xff, 0xeb, 0xff, 0xff, 
	0xff, 0xeb, 0xff, 0xff, 0xff, 0xeb, 0xff, 0xff, 
	0xff, 0xe9, 0xff, 0xff, 0xff, 0xec, 0xff, 0xff, 
	0xff, 0xec, 0xff, 0xff, 0xff, 0xec, 0xff, 0xff, 
	0xff, 0xef, 0xff, 0xff, 0xff, 0xef, 0xff, 0xff, 
	0xff, 0xef, 0xff, 0xff, 0xff, 0xf7, 0xff, 0xff, 
	0xff, 0xf5, 0xff, 0xff, 0xff, 0xf5, 0xff, 0xff, 
	0xff, 0xf5, 0xff, 0xff, 0xff, 0xf5, 0xff, 0xff, 
	0xff, 0xf9, 0xff, 0xff, 0xff, 0xff, 0xff, 0xff, 
	0xff, 0xf9, 0xff, 0xff, 0xff, 0xf9, 0xff, 0xff, 
	0xff, 0xff, 0xff, 0xff, 0xff, 0xfc, 0xff, 0xff, 
	0xff, 0xfc, 0xff, 0xff, 0xff, 0xfc, 0xff, 0xff, 
	0xff, 0xfd, 0xff, 0xff, 0xff, 0xff, 0xff, 0xff, 
	0xff, 0xff, 0xff, 0xff, 0xff, 0xff, 0xff, 0xff, 
	0xff, 0xff, 0xff, 0xff, 0xff, 0xff, 0xff, 0xff, 
	0xff, 0xff, 0xff, 0xff, 0xff, 0xff, 0xff, 0xff, 
	0xff, 0xff, 0xff, 0xff, 0xff, 0xff, 0xff, 0xff, 
	0xff, 0xff, 0xff, 0xff, 0xff, 0xff, 0xff, 0xff, 
	0xff, 0xff, 0xff, 0xff, 0xff, 0xff, 0xff, 0xff, 
	0xff, 0xff, 0xff, 0xff, 0xff, 0xff, 0xff, 0xff, 
	0xff, 0xfb, 0xf7, 0xff, 0xff, 0xfb, 0xf7, 0xff, 
	0xff, 0xfb, 0xf7, 0xff, 0xff, 0xe8, 0xf1, 0xff, 
	0xff, 0xdf, 0xe7, 0xff, 0xff, 0xdf, 0xe7, 0xff, 
	0xff, 0xd4, 0xe4, 0xff, 0xff, 0xd4, 0xe4, 0xff, 
	0xff, 0xcb, 0xde, 0xff, 0xff, 0xcb, 0xde, 0xff, 
	0xff, 0xc0, 0xdb, 0xff, 0xff, 0xb5, 0xd8, 0xff, 
	0xff, 0xb2, 0xd6, 0xff, 0xff, 0xae, 0xd3, 0xff, 
	0xff, 0xa6, 0xce, 0xff, 0xff, 0xa6, 0xce, 0xff, 
	0xff, 0x9e, 0xd6, 0xff, 0xff, 0x9e, 0xcb, 0xff, 
	0xff, 0x9e, 0xcb, 0xff, 0xff, 0x9e, 0xc0, 0xff, 
	0xff, 0x98, 0xba, 0xff, 0xff, 0x98, 0xba, 0xff, 
	0xff, 0x98, 0xba, 0xff, 0xff, 0x98, 0xba, 0xff, 
	0xff, 0x98, 0xc0, 0xff, 0xff, 0x98, 0xc0, 0xff, 
	0xff, 0x97, 0xba, 0xff, 0xff, 0x96, 0xb5, 0xff, 
	0xff, 0x96, 0xbd, 0xff, 0xff, 0x96, 0xbd, 0xff, 
	0xff, 0x98, 0xc0, 0xff, 0xff, 0x96, 0xbd, 0xff, 
	0xff, 0x96, 0xbd, 0xff, 0xff, 0x96, 0xbd, 0xff, 
	0xff, 0x96, 0xbd, 0xff, 0xff, 0x9b, 0xc0, 0xff, 
	0xff, 0x9a, 0xc6, 0xff, 0xff, 0xa2, 0xc6, 0xff, 
	0xff, 0xa2, 0xc6, 0xff, 0xff, 0xa2, 0xc6, 0xff, 
	0xff, 0xae, 0xc6, 0xff, 0xff, 0xae, 0xc6, 0xff, 
	0xff, 0xae, 0xc6, 0xff, 0xff, 0xae, 0xc6, 0xff, 
	0xff, 0xaa, 0xc6, 0xff, 0xff, 0xac, 0xcb, 0xff, 
	0xff, 0xaf, 0xd0, 0xff, 0xff, 0xaf, 0xd0, 0xff, 
	0xf9, 0xae, 0xcb, 0xff, 0xfc, 0xb2, 0xd0, 0xff, 
	0xfc, 0xb2, 0xd0, 0xff, 0xff, 0xb6, 0xd6, 0xff, 
	0xff, 0xbb, 0xd8, 0xff, 0xff, 0xbb, 0xd8, 0xff, 
	0xff, 0xba, 0xde, 0xff, 0xff, 0xba, 0xde, 0xff, 
	0xff, 0xba, 0xd6, 0xff, 0xff, 0xba, 0xd6, 0xff, 
	0xff, 0xbb, 0xde, 0xff, 0xff, 0xbb, 0xde, 0xff, 
	0xff, 0xbf, 0xde, 0xff, 0xff, 0xbf, 0xde, 0xff, 
	0xff, 0xc5, 0xe6, 0xff, 0xff, 0xc5, 0xe6, 0xff, 
	0xff, 0xc9, 0xec, 0xff, 0xff, 0xc9, 0xec, 0xff, 
	0xff, 0xc9, 0xec, 0xff, 0xff, 0xc9, 0xec, 0xff, 
	0xff, 0xc7, 0xef, 0xff, 0xff, 0xc7, 0xef, 0xff, 
	0xff, 0xcf, 0xf9, 0xff, 0xff, 0xcb, 0xf4, 0xff, 
	0xff, 0xd3, 0xff, 0xff, 0xff, 0xd3, 0xff, 0xff, 
	0xff, 0xd3, 0xff, 0xff, 0xff, 0xd3, 0xff, 0xff, 
	0xff, 0xd3, 0xff, 0xff, 0xff, 0xd4, 0xff, 0xff, 
	0xff, 0xd3, 0xff, 0xff, 0xff, 0xd3, 0xff, 0xff, 
	0xff, 0xdc, 0xff, 0xff, 0xff, 0xdb, 0xff, 0xff, 
	0xff, 0xdd, 0xff, 0xff, 0xff, 0xdd, 0xff, 0xff, 
	0xff, 0xe3, 0xff, 0xff, 0xff, 0xdf, 0xff, 0xff, 
	0xff, 0xe3, 0xff, 0xff, 0xff, 0xe7, 0xff, 0xff, 
	0xff, 0xe7, 0xff, 0xff, 0xff, 0xeb, 0xff, 0xff, 
	0xff, 0xeb, 0xff, 0xff, 0xff, 0xeb, 0xff, 0xff, 
	0xff, 0xec, 0xff, 0xff, 0xff, 0xec, 0xff, 0xff, 
	0xff, 0xec, 0xff, 0xff, 0xff, 0xec, 0xff, 0xff, 
	0xff, 0xef, 0xff, 0xff, 0xff, 0xf3, 0xff, 0xff, 
	0xff, 0xf3, 0xff, 0xff, 0xff, 0xf3, 0xff, 0xff, 
	0xff, 0xf5, 0xff, 0xff, 0xff, 0xf3, 0xff, 0xff, 
	0xff, 0xf5, 0xff, 0xff, 0xff, 0xfb, 0xff, 0xff, 
	0xff, 0xff, 0xff, 0xff, 0xff, 0xff, 0xff, 0xff, 
	0xff, 0xf9, 0xff, 0xff, 0xff, 0xff, 0xff, 0xff, 
	0xff, 0xff, 0xff, 0xff, 0xff, 0xff, 0xff, 0xff, 
	0xff, 0xfc, 0xff, 0xff, 0xff, 0xfd, 0xff, 0xff, 
	0xff, 0xfd, 0xff, 0xff, 0xff, 0xff, 0xff, 0xff, 
	0xff, 0xff, 0xff, 0xff, 0xff, 0xff, 0xff, 0xff, 
	0xff, 0xff, 0xff, 0xff, 0xff, 0xff, 0xff, 0xff, 
	0xff, 0xff, 0xff, 0xff, 0xff, 0xff, 0xff, 0xff, 
	0xff, 0xff, 0xff, 0xff, 0xff, 0xff, 0xff, 0xff, 
	0xff, 0xff, 0xff, 0xff, 0xff, 0xff, 0xff, 0xff, 
	0xff, 0xfd, 0xff, 0xff, 0xff, 0xfd, 0xff, 0xff, 
	0xff, 0xfd, 0xff, 0xff, 0xff, 0xff, 0xff, 0xff, 
	0xff, 0xff, 0xff, 0xff, 0xff, 0xff, 0xff, 0xff, 
	0xff, 0xfc, 0xfc, 0xff, 0xff, 0xf7, 0xf7, 0xff, 
	0xff, 0xe9, 0xe9, 0xff, 0xff, 0xe9, 0xe9, 0xff, 
	0xff, 0xe3, 0xde, 0xff, 0xff, 0xe3, 0xde, 0xff, 
	0xff, 0xcf, 0xdb, 0xff, 0xff, 0xcf, 0xdb, 0xff, 
	0xff, 0xcf, 0xdb, 0xff, 0xff, 0xc3, 0xd6, 0xff, 
	0xff, 0xb5, 0xd8, 0xff, 0xff, 0xa6, 0xd6, 0xff, 
	0xff, 0xa6, 0xd6, 0xff, 0xff, 0xa6, 0xd6, 0xff, 
	0xff, 0xa2, 0xce, 0xff, 0xff, 0xa2, 0xce, 0xff, 
	0xff, 0x9a, 0xc2, 0xff, 0xff, 0x9a, 0xc2, 0xff, 
	0xff, 0x96, 0xba, 0xff, 0xff, 0x96, 0xba, 0xff, 
	0xff, 0x96, 0xba, 0xff, 0xff, 0x96, 0xba, 0xff, 
	0xff, 0x96, 0xb5, 0xff, 0xff, 0x96, 0xb5, 0xff, 
	0xff, 0x96, 0xb5, 0xff, 0xff, 0x96, 0xb5, 0xff, 
	0xff, 0x92, 0xb7, 0xff, 0xff, 0x92, 0xb7, 0xff, 
	0xff, 0x92, 0xb7, 0xff, 0xff, 0x92, 0xb7, 0xff, 
	0xff, 0x93, 0xbd, 0xff, 0xff, 0x93, 0xbd, 0xff, 
	0xff, 0x96, 0xc6, 0xff, 0xff, 0x96, 0xc6, 0xff, 
	0xfc, 0x9f, 0xc5, 0xff, 0xfc, 0x9f, 0xc5, 0xff, 
	0xfc, 0x9f, 0xc5, 0xff, 0xfc, 0x9f, 0xc5, 0xff, 
	0xfc, 0xa6, 0xc5, 0xff, 0xfc, 0xa6, 0xc5, 0xff, 
	0xfc, 0xa6, 0xc5, 0xff, 0xfc, 0xa6, 0xc5, 0xff, 
	0xfc, 0xaa, 0xc2, 0xff, 0xf9, 0xaa, 0xc8, 0xff, 
	0xf9, 0xaa, 0xc8, 0xff, 0xf9, 0xaa, 0xc8, 0xff, 
	0xfc, 0xaf, 0xcd, 0xff, 0xfc, 0xaf, 0xcd, 0xff, 
	0xff, 0xb2, 0xd6, 0xff, 0xff, 0xb2, 0xd6, 0xff, 
	0xff, 0xb6, 0xde, 0xff, 0xff, 0xb4, 0xd6, 0xff, 
	0xff, 0xb4, 0xd6, 0xff, 0xff, 0xb6, 0xde, 0xff, 
	0xff, 0xb7, 0xdb, 0xff, 0xff, 0xba, 0xde, 0xff, 
	0xff, 0xb7, 0xdb, 0xff, 0xff, 0xba, 0xde, 0xff, 
	0xff, 0xc3, 0xde, 0xff, 0xff, 0xbc, 0xdb, 0xff, 
	0xff, 0xbc, 0xdb, 0xff, 0xff, 0xc3, 0xde, 0xff, 
	0xff, 0xbd, 0xe3, 0xff, 0xff, 0xc0, 0xe9, 0xff, 
	0xff, 0xc3, 0xef, 0xff, 0xff, 0xc3, 0xef, 0xff, 
	0xff, 0xc3, 0xef, 0xff, 0xff, 0xc4, 0xf1, 0xff, 
	0xff, 0xc5, 0xf4, 0xff, 0xff, 0xc5, 0xf4, 0xff, 
	0xff, 0xcd, 0xf9, 0xff, 0xff, 0xd0, 0xfc, 0xff, 
	0xff, 0xd3, 0xff, 0xff, 0xff, 0xd3, 0xff, 0xff, 
	0xff, 0xd1, 0xff, 0xff, 0xff, 0xd4, 0xff, 0xff, 
	0xff, 0xd1, 0xff, 0xff, 0xff, 0xd4, 0xff, 0xff, 
	0xff, 0xdb, 0xff, 0xff, 0xff, 0xdf, 0xff, 0xff, 
	0xff, 0xdf, 0xff, 0xff, 0xff, 0xe3, 0xff, 0xff, 
	0xff, 0xe3, 0xff, 0xff, 0xff, 0xe3, 0xff, 0xff, 
	0xff, 0xe5, 0xff, 0xff, 0xff, 0xeb, 0xff, 0xff, 
	0xff, 0xeb, 0xff, 0xff, 0xff, 0xf0, 0xff, 0xff, 
	0xff, 0xf0, 0xff, 0xff, 0xff, 0xf0, 0xff, 0xff, 
	0xff, 0xef, 0xff, 0xff, 0xff, 0xef, 0xff, 0xff, 
	0xff, 0xf1, 0xff, 0xff, 0xff, 0xf4, 0xff, 0xff, 
	0xff, 0xf5, 0xff, 0xff, 0xff, 0xf7, 0xff, 0xff, 
	0xff, 0xf4, 0xff, 0xff, 0xff, 0xf3, 0xff, 0xff, 
	0xff, 0xf7, 0xff, 0xff, 0xff, 0xf7, 0xff, 0xff, 
	0xff, 0xfc, 0xff, 0xff, 0xff, 0xfc, 0xff, 0xff, 
	0xff, 0xfd, 0xff, 0xff, 0xff, 0xfd, 0xff, 0xff, 
	0xff, 0xfd, 0xff, 0xff, 0xff, 0xff, 0xff, 0xff, 
	0xff, 0xfd, 0xff, 0xff, 0xff, 0xfd, 0xff, 0xff, 
	0xff, 0xfd, 0xff, 0xff, 0xff, 0xff, 0xff, 0xff, 
	0xff, 0xfd, 0xff, 0xff, 0xff, 0xfd, 0xff, 0xff, 
	0xff, 0xfd, 0xff, 0xff, 0xff, 0xff, 0xff, 0xff, 
	0xff, 0xfd, 0xff, 0xff, 0xff, 0xfd, 0xff, 0xff, 
	0xff, 0xfd, 0xff, 0xff, 0xff, 0xff, 0xff, 0xff, 
	0xff, 0xff, 0xff, 0xff, 0xff, 0xff, 0xff, 0xff, 
	0xff, 0xff, 0xff, 0xff, 0xff, 0xff, 0xff, 0xff, 
	0xff, 0xff, 0xff, 0xff, 0xff, 0xff, 0xff, 0xff, 
	0xff, 0xff, 0xff, 0xff, 0xff, 0xff, 0xff, 0xff, 
	0xff, 0xff, 0xff, 0xff, 0xff, 0xff, 0xff, 0xff, 
	0xff, 0xff, 0xff, 0xff, 0xff, 0xfc, 0xfc, 0xff, 
	0xff, 0xf7, 0xff, 0xff, 0xff, 0xe9, 0xe9, 0xff, 
	0xff, 0xe9, 0xe9, 0xff, 0xff, 0xe3, 0xde, 0xff, 
	0xff, 0xdb, 0xe1, 0xff, 0xff, 0xcf, 0xdb, 0xff, 
	0xff, 0xcf, 0xdb, 0xff, 0xff, 0xcf, 0xdb, 0xff, 
	0xff, 0xb5, 0xd8, 0xff, 0xff, 0xa6, 0xd6, 0xff, 
	0xff, 0xa6, 0xd6, 0xff, 0xff, 0xa6, 0xd6, 0xff, 
	0xff, 0xa2, 0xce, 0xff, 0xff, 0x9e, 0xc8, 0xff, 
	0xff, 0x9a, 0xc2, 0xff, 0xff, 0x96, 0xbd, 0xff, 
	0xff, 0x96, 0xba, 0xff, 0xff, 0x92, 0xb7, 0xff, 
	0xff, 0x92, 0xb7, 0xff, 0xff, 0x92, 0xb7, 0xff, 
	0xff, 0x96, 0xb5, 0xff, 0xff, 0x96, 0xb5, 0xff, 
	0xff, 0x96, 0xb5, 0xff, 0xff, 0x8b, 0xb2, 0xff, 
	0xff, 0x92, 0xb7, 0xff, 0xff, 0x92, 0xb7, 0xff, 
	0xff, 0x92, 0xb7, 0xff, 0xff, 0x92, 0xb7, 0xff, 
	0xff, 0x90, 0xb5, 0xff, 0xff, 0x93, 0xbd, 0xff, 
	0xff, 0x93, 0xbd, 0xff, 0xff, 0x93, 0xbd, 0xff, 
	0xf9, 0x98, 0xbd, 0xff, 0xfc, 0x9f, 0xc5, 0xff, 
	0xfc, 0x9f, 0xc5, 0xff, 0xfc, 0x9f, 0xc5, 0xff, 
	0xfc, 0xa6, 0xc5, 0xff, 0xfc, 0xa6, 0xc5, 0xff, 
	0xfc, 0xa6, 0xc5, 0xff, 0xfc, 0xa6, 0xc5, 0xff, 
	0xfc, 0xaa, 0xc2, 0xff, 0xfc, 0xaa, 0xc2, 0xff, 
	0xfc, 0xaa, 0xc2, 0xff, 0xf9, 0xaa, 0xc8, 0xff, 
	0xfc, 0xaf, 0xcd, 0xff, 0xfc, 0xaf, 0xcd, 0xff, 
	0xfc, 0xaf, 0xcd, 0xff, 0xff, 0xb2, 0xd6, 0xff, 
	0xff, 0xb4, 0xd6, 0xff, 0xff, 0xb6, 0xde, 0xff, 
	0xff, 0xb4, 0xd6, 0xff, 0xff, 0xb4, 0xd6, 0xff, 
	0xff, 0xb7, 0xdb, 0xff, 0xff, 0xb7, 0xdb, 0xff, 
	0xff, 0xb7, 0xdb, 0xff, 0xff, 0xba, 0xde, 0xff, 
	0xff, 0xbc, 0xdb, 0xff, 0xff, 0xbc, 0xdb, 0xff, 
	0xff, 0xbc, 0xdb, 0xff, 0xff, 0xbc, 0xdb, 0xff, 
	0xff, 0xbd, 0xe3, 0xff, 0xff, 0xc0, 0xe9, 0xff, 
	0xff, 0xc0, 0xe9, 0xff, 0xff, 0xc0, 0xe9, 0xff, 
	0xff, 0xc3, 0xef, 0xff, 0xff, 0xc4, 0xf1, 0xff, 
	0xff, 0xc4, 0xf1, 0xff, 0xff, 0xc7, 0xf7, 0xff, 
	0xff, 0xcb, 0xf7, 0xff, 0xff, 0xcd, 0xf9, 0xff, 
	0xff, 0xd0, 0xfc, 0xff, 0xff, 0xd3, 0xff, 0xff, 
	0xff, 0xd1, 0xff, 0xff, 0xff, 0xd1, 0xff, 0xff, 
	0xff, 0xd4, 0xff, 0xff, 0xff, 0xd4, 0xff, 0xff, 
	0xff, 0xdb, 0xff, 0xff, 0xff, 0xdb, 0xff, 0xff, 
	0xff, 0xdf, 0xff, 0xff, 0xff, 0xe3, 0xff, 0xff, 
	0xff, 0xe3, 0xff, 0xff, 0xff, 0xe3, 0xff, 0xff, 
	0xff, 0xe8, 0xff, 0xff, 0xff, 0xeb, 0xff, 0xff, 
	0xff, 0xf0, 0xff, 0xff, 0xff, 0xeb, 0xff, 0xff, 
	0xff, 0xf0, 0xff, 0xff, 0xff, 0xf0, 0xff, 0xff, 
	0xff, 0xf1, 0xff, 0xff, 0xff, 0xf1, 0xff, 0xff, 
	0xff, 0xf4, 0xff, 0xff, 0xff, 0xf4, 0xff, 0xff, 
	0xff, 0xf5, 0xff, 0xff, 0xff, 0xf7, 0xff, 0xff, 
	0xff, 0xf7, 0xff, 0xff, 0xff, 0xf4, 0xff, 0xff, 
	0xff, 0xf7, 0xff, 0xff, 0xff, 0xf9, 0xff, 0xff, 
	0xff, 0xfc, 0xff, 0xff, 0xff, 0xff, 0xff, 0xff, 
	0xff, 0xff, 0xff, 0xff, 0xff, 0xff, 0xff, 0xff, 
	0xff, 0xff, 0xff, 0xff, 0xff, 0xff, 0xff, 0xff, 
	0xff, 0xff, 0xff, 0xff, 0xff, 0xff, 0xff, 0xff, 
	0xff, 0xff, 0xff, 0xff, 0xff, 0xff, 0xff, 0xff, 
	0xff, 0xff, 0xff, 0xff, 0xff, 0xff, 0xff, 0xff, 
	0xff, 0xff, 0xff, 0xff, 0xff, 0xff, 0xff, 0xff, 
	0xff, 0xff, 0xff, 0xff, 0xff, 0xff, 0xff, 0xff, 
	0xff, 0xff, 0xff, 0xff, 0xff, 0xff, 0xff, 0xff, 
	0xff, 0xff, 0xff, 0xff, 0xff, 0xff, 0xff, 0xff, 
	0xff, 0xff, 0xff, 0xff, 0xff, 0xff, 0xff, 0xff, 
	0xff, 0xff, 0xff, 0xff, 0xff, 0xff, 0xff, 0xff, 
	0xff, 0xff, 0xff, 0xff, 0xff, 0xff, 0xff, 0xff, 
	0xff, 0xff, 0xff, 0xff, 0xff, 0xff, 0xff, 0xff, 
	0xff, 0xff, 0xff, 0xff, 0xff, 0xff, 0xff, 0xff, 
	0xff, 0xf7, 0xff, 0xff, 0xff, 0xf0, 0xf4, 0xff, 
	0xff, 0xe9, 0xe9, 0xff, 0xff, 0xe9, 0xe9, 0xff, 
	0xff, 0xe7, 0xe7, 0xff, 0xff, 0xdb, 0xe1, 0xff, 
	0xff, 0xdb, 0xe1, 0xff, 0xff, 0xcf, 0xdb, 0xff, 
	0xff, 0xc4, 0xdb, 0xff, 0xff, 0xb5, 0xd8, 0xff, 
	0xff, 0xb5, 0xd8, 0xff, 0xff, 0xa6, 0xd6, 0xff, 
	0xff, 0xa2, 0xce, 0xff, 0xff, 0x9e, 0xc8, 0xff, 
	0xff, 0x9a, 0xc2, 0xff, 0xff, 0x96, 0xbd, 0xff, 
	0xff, 0x96, 0xba, 0xff, 0xff, 0x8e, 0xb5, 0xff, 
	0xff, 0x8e, 0xb5, 0xff, 0xff, 0x8e, 0xb5, 0xff, 
	0xff, 0x8b, 0xb2, 0xff, 0xff, 0x8b, 0xb2, 0xff, 
	0xff, 0x8b, 0xb2, 0xff, 0xff, 0x8b, 0xb2, 0xff, 
	0xff, 0x8e, 0xb2, 0xff, 0xff, 0x8e, 0xb2, 0xff, 
	0xff, 0x8a, 0xad, 0xff, 0xff, 0x8e, 0xb2, 0xff, 
	0xff, 0x8e, 0xad, 0xff, 0xff, 0x90, 0xb5, 0xff, 
	0xff, 0x90, 0xb5, 0xff, 0xff, 0x93, 0xbd, 0xff, 
	0xf9, 0x98, 0xbd, 0xff, 0xf9, 0x98, 0xbd, 0xff, 
	0xf9, 0x98, 0xbd, 0xff, 0xf9, 0x98, 0xbd, 0xff, 
	0xfc, 0xa6, 0xc5, 0xff, 0xfc, 0xa6, 0xc5, 0xff, 
	0xfc, 0xa6, 0xc5, 0xff, 0xfc, 0xa6, 0xc5, 0xff, 
	0xfc, 0xaa, 0xc2, 0xff, 0xfc, 0xaa, 0xc2, 0xff, 
	0xfc, 0xaa, 0xc2, 0xff, 0xf9, 0xaa, 0xc8, 0xff, 
	0xf9, 0xac, 0xc5, 0xff, 0xfc, 0xaf, 0xcd, 0xff, 
	0xf9, 0xac, 0xc5, 0xff, 0xfc, 0xaf, 0xcd, 0xff, 
	0xff, 0xb2, 0xc6, 0xff, 0xff, 0xb4, 0xd6, 0xff, 
	0xff, 0xb4, 0xd6, 0xff, 0xff, 0xb4, 0xd6, 0xff, 
	0xff, 0xb7, 0xdb, 0xff, 0xff, 0xb4, 0xd8, 0xff, 
	0xff, 0xb7, 0xdb, 0xff, 0xff, 0xba, 0xde, 0xff, 
	0xff, 0xbc, 0xdb, 0xff, 0xff, 0xbc, 0xdb, 0xff, 
	0xff, 0xbc, 0xdb, 0xff, 0xff, 0xbc, 0xdb, 0xff, 
	0xff, 0xba, 0xde, 0xff, 0xff, 0xc0, 0xe9, 0xff, 
	0xff, 0xc0, 0xe9, 0xff, 0xff, 0xc0, 0xe9, 0xff, 
	0xff, 0xc3, 0xef, 0xff, 0xff, 0xc4, 0xf1, 0xff, 
	0xff, 0xc5, 0xf4, 0xff, 0xff, 0xc5, 0xf4, 0xff, 
	0xff, 0xcb, 0xf7, 0xff, 0xff, 0xcb, 0xf7, 0xff, 
	0xff, 0xcd, 0xf9, 0xff, 0xff, 0xd0, 0xfc, 0xff, 
	0xff, 0xd1, 0xff, 0xff, 0xff, 0xd1, 0xff, 0xff, 
	0xff, 0xd4, 0xff, 0xff, 0xff, 0xd4, 0xff, 0xff, 
	0xff, 0xdb, 0xff, 0xff, 0xff, 0xdf, 0xff, 0xff, 
	0xff, 0xe3, 0xff, 0xff, 0xff, 0xe3, 0xff, 0xff, 
	0xff, 0xe8, 0xff, 0xff, 0xff, 0xe8, 0xff, 0xff, 
	0xff, 0xe8, 0xff, 0xff, 0xff, 0xeb, 0xff, 0xff, 
	0xff, 0xeb, 0xff, 0xff, 0xff, 0xeb, 0xff, 0xff, 
	0xff, 0xf5, 0xff, 0xff, 0xff, 0xf5, 0xff, 0xff, 
	0xff, 0xf4, 0xff, 0xff, 0xff, 0xf4, 0xff, 0xff, 
	0xff, 0xf7, 0xff, 0xff, 0xff, 0xf4, 0xff, 0xff, 
	0xff, 0xf5, 0xff, 0xff, 0xff, 0xf5, 0xff, 0xff, 
	0xff, 0xf5, 0xff, 0xff, 0xff, 0xf5, 0xff, 0xff, 
	0xff, 0xfc, 0xff, 0xff, 0xff, 0xff, 0xff, 0xff, 
	0xff, 0xff, 0xff, 0xff, 0xff, 0xff, 0xff, 0xff, 
	0xff, 0xff, 0xff, 0xff, 0xff, 0xff, 0xff, 0xff, 
	0xff, 0xff, 0xff, 0xff, 0xff, 0xff, 0xff, 0xff, 
	0xff, 0xff, 0xff, 0xff, 0xff, 0xff, 0xff, 0xff, 
	0xff, 0xff, 0xff, 0xff, 0xff, 0xff, 0xff, 0xff, 
	0xff, 0xff, 0xff, 0xff, 0xff, 0xff, 0xff, 0xff, 
	0xff, 0xff, 0xff, 0xff, 0xff, 0xff, 0xff, 0xff, 
	0xff, 0xff, 0xff, 0xff, 0xff, 0xff, 0xff, 0xff, 
	0xff, 0xff, 0xff, 0xff, 0xff, 0xff, 0xff, 0xff, 
	0xff, 0xff, 0xff, 0xff, 0xff, 0xff, 0xff, 0xff, 
	0xff, 0xff, 0xff, 0xff, 0xff, 0xff, 0xff, 0xff, 
	0xff, 0xff, 0xff, 0xff, 0xff, 0xff, 0xff, 0xff, 
	0xff, 0xff, 0xff, 0xff, 0xff, 0xff, 0xff, 0xff, 
	0xff, 0xff, 0xff, 0xff, 0xff, 0xff, 0xff, 0xff, 
	0xff, 0xff, 0xff, 0xff, 0xff, 0xff, 0xff, 0xff, 
	0xff, 0xf7, 0xff, 0xff, 0xff, 0xf7, 0xff, 0xff, 
	0xff, 0xf0, 0xf4, 0xff, 0xff, 0xe9, 0xe9, 0xff, 
	0xff, 0xe7, 0xe7, 0xff, 0xff, 0xe7, 0xe7, 0xff, 
	0xff, 0xdb, 0xe1, 0xff, 0xff, 0xdb, 0xe1, 0xff, 
	0xff, 0xd3, 0xde, 0xff, 0xff, 0xc4, 0xdb, 0xff, 
	0xff, 0xb5, 0xd8, 0xff, 0xff, 0xb5, 0xd8, 0xff, 
	0xff, 0xa2, 0xce, 0xff, 0xff, 0x9e, 0xc8, 0xff, 
	0xff, 0x9a, 0xc2, 0xff, 0xff, 0x96, 0xbd, 0xff, 
	0xff, 0x9a, 0xbd, 0xff, 0xff, 0x8e, 0xb5, 0xff, 
	0xff, 0x8e, 0xb5, 0xff, 0xff, 0x8e, 0xb5, 0xff, 
	0xff, 0x8b, 0xb2, 0xff, 0xff, 0x8b, 0xb2, 0xff, 
	0xff, 0x8b, 0xb2, 0xff, 0xff, 0x8b, 0xb2, 0xff, 
	0xff, 0x8a, 0xad, 0xff, 0xff, 0x8a, 0xad, 0xff, 
	0xff, 0x8e, 0xb2, 0xff, 0xff, 0x8a, 0xad, 0xff, 
	0xff, 0x8e, 0xad, 0xff, 0xff, 0x8e, 0xad, 0xff, 
	0xff, 0x90, 0xb5, 0xff, 0xff, 0x8e, 0xad, 0xff, 
	0xf7, 0x92, 0xb5, 0xff, 0xf7, 0x92, 0xb5, 0xff, 
	0xf7, 0x92, 0xb5, 0xff, 0xf9, 0x98, 0xbd, 0xff, 
	0xf9, 0x96, 0xbd, 0xff, 0xf9, 0x96, 0xbd, 0xff, 
	0xfc, 0xa6, 0xc5, 0xff, 0xfc, 0xa6, 0xc5, 0xff, 
	0xfc, 0xaa, 0xc2, 0xff, 0xfc, 0xaa, 0xc2, 0xff, 
	0xff, 0xaa, 0xbd, 0xff, 0xfc, 0xaa, 0xc2, 0xff, 
	0xf7, 0xaa, 0xbd, 0xff, 0xf9, 0xac, 0xc5, 0xff, 
	0xf9, 0xac, 0xc5, 0xff, 0xf9, 0xac, 0xc5, 0xff, 
	0xff, 0xb2, 0xc6, 0xff, 0xff, 0xb2, 0xc6, 0xff, 
	0xff, 0xb3, 0xce, 0xff, 0xff, 0xb3, 0xce, 0xff, 
	0xff, 0xb4, 0xd8, 0xff, 0xff, 0xb7, 0xdb, 0xff, 
	0xff, 0xb4, 0xd8, 0xff, 0xff, 0xb4, 0xd8, 0xff, 
	0xff, 0xb5, 0xd8, 0xff, 0xff, 0xbc, 0xdb, 0xff, 
	0xff, 0xbc, 0xdb, 0xff, 0xff, 0xbc, 0xdb, 0xff, 
	0xff, 0xba, 0xde, 0xff, 0xff, 0xbd, 0xe3, 0xff, 
	0xff, 0xbd, 0xe3, 0xff, 0xff, 0xc0, 0xe9, 0xff, 
	0xff, 0xc4, 0xf1, 0xff, 0xff, 0xc4, 0xf1, 0xff, 
	0xff, 0xc5, 0xf4, 0xff, 0xff, 0xc5, 0xf4, 0xff, 
	0xff, 0xcb, 0xf7, 0xff, 0xff, 0xcb, 0xf7, 0xff, 
	0xff, 0xcd, 0xf9, 0xff, 0xff, 0xd0, 0xfc, 0xff, 
	0xff, 0xd4, 0xff, 0xff, 0xff, 0xd4, 0xff, 0xff, 
	0xff, 0xd7, 0xff, 0xff, 0xff, 0xd7, 0xff, 0xff, 
	0xff, 0xdb, 0xff, 0xff, 0xff, 0xdf, 0xff, 0xff, 
	0xff, 0xe3, 0xff, 0xff, 0xff, 0xe7, 0xff, 0xff, 
	0xff, 0xe8, 0xff, 0xff, 0xff, 0xe8, 0xff, 0xff, 
	0xff, 0xeb, 0xff, 0xff, 0xff, 0xeb, 0xff, 0xff, 
	0xff, 0xeb, 0xff, 0xff, 0xff, 0xf0, 0xff, 0xff, 
	0xff, 0xf5, 0xff, 0xff, 0xff, 0xf5, 0xff, 0xff, 
	0xff, 0xf4, 0xff, 0xff, 0xff, 0xf7, 0xff, 0xff, 
	0xff, 0xf7, 0xff, 0xff, 0xff, 0xf4, 0xff, 0xff, 
	0xff, 0xf4, 0xff, 0xff, 0xff, 0xf5, 0xff, 0xff, 
	0xff, 0xf3, 0xff, 0xff, 0xff, 0xf5, 0xff, 0xff, 
	0xff, 0xff, 0xff, 0xff, 0xff, 0xff, 0xff, 0xff, 
	0xff, 0xff, 0xff, 0xff, 0xff, 0xff, 0xff, 0xff, 
	0xff, 0xff, 0xff, 0xff, 0xff, 0xff, 0xff, 0xff, 
	0xff, 0xff, 0xff, 0xff, 0xff, 0xff, 0xff, 0xff, 
	0xff, 0xff, 0xff, 0xff, 0xff, 0xff, 0xff, 0xff, 
	0xff, 0xff, 0xff, 0xff, 0xff, 0xff, 0xff, 0xff, 
	0xff, 0xff, 0xff, 0xff, 0xff, 0xff, 0xff, 0xff, 
	0xff, 0xff, 0xff, 0xff, 0xff, 0xff, 0xff, 0xff, 
	0xff, 0xff, 0xff, 0xff, 0xff, 0xff, 0xff, 0xff, 
	0xff, 0xff, 0xff, 0xff, 0xff, 0xff, 0xff, 0xff, 
	0xff, 0xff, 0xff, 0xff, 0xff, 0xff, 0xff, 0xff, 
	0xff, 0xff, 0xff, 0xff, 0xfc, 0xff, 0xff, 0xff, 
	0xff, 0xfd, 0xff, 0xff, 0xff, 0xfd, 0xff, 0xff, 
	0xff, 0xfd, 0xff, 0xff, 0xff, 0xff, 0xff, 0xff, 
	0xff, 0xfd, 0xff, 0xff, 0xff, 0xfd, 0xff, 0xff, 
	0xff, 0xfd, 0xff, 0xff, 0xff, 0xff, 0xff, 0xff, 
	0xff, 0xff, 0xff, 0xff, 0xff, 0xf9, 0xff, 0xff, 
	0xff, 0xf4, 0xff, 0xff, 0xff, 0xf4, 0xff, 0xff, 
	0xff, 0xef, 0xff, 0xff, 0xff, 0xe7, 0xf4, 0xff, 
	0xff, 0xe7, 0xf4, 0xff, 0xff, 0xe3, 0xef, 0xff, 
	0xff, 0xd8, 0xe6, 0xff, 0xff, 0xd8, 0xe6, 0xff, 
	0xff, 0xc9, 0xde, 0xff, 0xff, 0xba, 0xd6, 0xff, 
	0xff, 0xb5, 0xcd, 0xff, 0xff, 0xa7, 0xc5, 0xff, 
	0xff, 0xa7, 0xc5, 0xff, 0xff, 0x9a, 0xbd, 0xff, 
	0xff, 0x96, 0xba, 0xff, 0xff, 0x92, 0xb7, 0xff, 
	0xff, 0x92, 0xb7, 0xff, 0xff, 0x8e, 0xb5, 0xff, 
	0xff, 0x8a, 0xb5, 0xff, 0xff, 0x8a, 0xaf, 0xff, 
	0xff, 0x8a, 0xaf, 0xff, 0xff, 0x8a, 0xaa, 0xff, 
	0xff, 0x8a, 0xaa, 0xff, 0xff, 0x8a, 0xaa, 0xff, 
	0xff, 0x8a, 0xb5, 0xff, 0xff, 0x8a, 0xb5, 0xff, 
	0xff, 0x8e, 0xb5, 0xff, 0xf9, 0x88, 0xaf, 0xff, 
	0xfc, 0x8b, 0xb2, 0xff, 0xfc, 0x8b, 0xb2, 0xff, 
	0xf7, 0x96, 0xb5, 0xff, 0xf9, 0x8f, 0xaf, 0xff, 
	0xf7, 0x96, 0xb5, 0xff, 0xf7, 0x96, 0xb5, 0xff, 
	0xf9, 0x97, 0xb5, 0xff, 0xf9, 0x97, 0xb5, 0xff, 
	0xf7, 0x9a, 0xbd, 0xff, 0xf7, 0x9a, 0xbd, 0xff, 
	0xf7, 0xa2, 0xb7, 0xff, 0xf7, 0xa6, 0xbd, 0xff, 
	0xf7, 0xa6, 0xbd, 0xff, 0xf7, 0xa6, 0xbd, 0xff, 
	0xfc, 0xa0, 0xbd, 0xff, 0xfc, 0xa0, 0xbd, 0xff, 
	0xff, 0xa2, 0xc6, 0xff, 0xff, 0xa2, 0xc6, 0xff, 
	0xff, 0xaf, 0xc8, 0xff, 0xff, 0xaf, 0xc8, 0xff, 
	0xff, 0xb6, 0xce, 0xff, 0xff, 0xb6, 0xce, 0xff, 
	0xff, 0xaf, 0xd0, 0xff, 0xff, 0xb2, 0xd6, 0xff, 
	0xff, 0xb2, 0xd6, 0xff, 0xff, 0xb2, 0xd6, 0xff, 
	0xff, 0xb5, 0xd8, 0xff, 0xff, 0xb5, 0xd8, 0xff, 
	0xff, 0xb5, 0xd8, 0xff, 0xff, 0xb5, 0xd8, 0xff, 
	0xff, 0xba, 0xd6, 0xff, 0xff, 0xbb, 0xde, 0xff, 
	0xff, 0xbb, 0xde, 0xff, 0xff, 0xbe, 0xef, 0xff, 
	0xff, 0xbe, 0xef, 0xff, 0xff, 0xc4, 0xf4, 0xff, 
	0xff, 0xc7, 0xf7, 0xff, 0xff, 0xc7, 0xf7, 0xff, 
	0xff, 0xc7, 0xf7, 0xff, 0xff, 0xcf, 0xf7, 0xff, 
	0xff, 0xcf, 0xf7, 0xff, 0xff, 0xd7, 0xf7, 0xff, 
	0xff, 0xdf, 0xff, 0xff, 0xff, 0xdf, 0xff, 0xff, 
	0xff, 0xdf, 0xff, 0xff, 0xff, 0xdf, 0xff, 0xff, 
	0xff, 0xdf, 0xff, 0xff, 0xff, 0xe1, 0xff, 0xff, 
	0xff, 0xe1, 0xff, 0xff, 0xff, 0xe7, 0xff, 0xff, 
	0xff, 0xe8, 0xff, 0xff, 0xff, 0xe9, 0xff, 0xff, 
	0xff, 0xeb, 0xff, 0xff, 0xff, 0xeb, 0xff, 0xff, 
	0xff, 0xeb, 0xff, 0xff, 0xff, 0xef, 0xff, 0xff, 
	0xff, 0xf3, 0xff, 0xff, 0xff, 0xf7, 0xff, 0xff, 
	0xff, 0xf3, 0xff, 0xff, 0xff, 0xf7, 0xff, 0xff, 
	0xff, 0xf3, 0xff, 0xff, 0xff, 0xf3, 0xff, 0xff, 
	0xff, 0xf5, 0xff, 0xff, 0xff, 0xf5, 0xff, 0xff, 
	0xff, 0xf5, 0xff, 0xff, 0xff, 0xf8, 0xff, 0xff, 
	0xff, 0xff, 0xff, 0xff, 0xff, 0xff, 0xff, 0xff, 
	0xff, 0xff, 0xff, 0xff, 0xff, 0xff, 0xff, 0xff, 
	0xff, 0xff, 0xff, 0xff, 0xff, 0xff, 0xff, 0xff, 
	0xff, 0xff, 0xff, 0xff, 0xff, 0xff, 0xff, 0xff, 
	0xff, 0xfd, 0xff, 0xff, 0xff, 0xfd, 0xff, 0xff, 
	0xff, 0xfd, 0xff, 0xff, 0xff, 0xff, 0xff, 0xff, 
	0xff, 0xfd, 0xff, 0xff, 0xff, 0xfd, 0xff, 0xff, 
	0xff, 0xfd, 0xff, 0xff, 0xff, 0xff, 0xff, 0xff, 
	0xff, 0xfd, 0xff, 0xff, 0xff, 0xfd, 0xff, 0xff, 
	0xff, 0xfd, 0xff, 0xff, 0xff, 0xff, 0xff, 0xff, 
	0xff, 0xff, 0xff, 0xff, 0xff, 0xff, 0xff, 0xff, 
	0xff, 0xff, 0xff, 0xff, 0xff, 0xff, 0xff, 0xff, 
	0xff, 0xff, 0xff, 0xff, 0xff, 0xff, 0xff, 0xff, 
	0xff, 0xff, 0xff, 0xff, 0xff, 0xff, 0xff, 0xff, 
	0xff, 0xff, 0xff, 0xff, 0xff, 0xff, 0xff, 0xff, 
	0xff, 0xff, 0xff, 0xff, 0xff, 0xff, 0xff, 0xff, 
	0xff, 0xff, 0xff, 0xff, 0xff, 0xf9, 0xff, 0xff, 
	0xff, 0xf9, 0xff, 0xff, 0xff, 0xf4, 0xff, 0xff, 
	0xff, 0xef, 0xff, 0xff, 0xff, 0xef, 0xff, 0xff, 
	0xff, 0xe7, 0xf4, 0xff, 0xff, 0xe3, 0xef, 0xff, 
	0xff, 0xe7, 0xef, 0xff, 0xff, 0xd8, 0xe6, 0xff, 
	0xff, 0xc9, 0xde, 0xff, 0xff, 0xc9, 0xde, 0xff, 
	0xff, 0xc3, 0xd6, 0xff, 0xff, 0xb5, 0xcd, 0xff, 
	0xff, 0xa7, 0xc5, 0xff, 0xff, 0xa7, 0xc5, 0xff, 
	0xff, 0x9a, 0xbd, 0xff, 0xff, 0x96, 0xba, 0xff, 
	0xff, 0x92, 0xb7, 0xff, 0xff, 0x8e, 0xb5, 0xff, 
	0xff, 0x8a, 0xaf, 0xff, 0xff, 0x8a, 0xaf, 0xff, 
	0xff, 0x8a, 0xaf, 0xff, 0xff, 0x8a, 0xaa, 0xff, 
	0xff, 0x8a, 0xaa, 0xff, 0xff, 0x8a, 0xaa, 0xff, 
	0xff, 0x8a, 0xaf, 0xff, 0xff, 0x8a, 0xb5, 0xff, 
	0xfc, 0x8b, 0xb2, 0xff, 0xfc, 0x8b, 0xb2, 0xff, 
	0xf9, 0x88, 0xaf, 0xff, 0xf7, 0x86, 0xad, 0xff, 
	0xf9, 0x8f, 0xaf, 0xff, 0xf9, 0x8f, 0xaf, 0xff, 
	0xf9, 0x8f, 0xaf, 0xff, 0xf9, 0x8f, 0xaf, 0xff, 
	0xfc, 0x94, 0xad, 0xff, 0xf9, 0x97, 0xb5, 0xff, 
	0xf9, 0x97, 0xb5, 0xff, 0xf9, 0x97, 0xb5, 0xff, 
	0xf7, 0xa2, 0xb7, 0xff, 0xf7, 0xa2, 0xb7, 0xff, 
	0xf7, 0xa2, 0xb7, 0xff, 0xf7, 0xa2, 0xb7, 0xff, 
	0xf9, 0x9f, 0xb5, 0xff, 0xfc, 0xa0, 0xbd, 0xff, 
	0xff, 0xa2, 0xc6, 0xff, 0xff, 0xa2, 0xc6, 0xff, 
	0xff, 0xa8, 0xc2, 0xff, 0xff, 0xaf, 0xc8, 0xff, 
	0xff, 0xaf, 0xc8, 0xff, 0xff, 0xaf, 0xc8, 0xff, 
	0xff, 0xaf, 0xd0, 0xff, 0xff, 0xaf, 0xd0, 0xff, 
	0xff, 0xaf, 0xd0, 0xff, 0xff, 0xb2, 0xd6, 0xff, 
	0xff, 0xae, 0xd6, 0xff, 0xff, 0xb5, 0xd8, 0xff, 
	0xff, 0xb5, 0xd8, 0xff, 0xff, 0xb5, 0xd8, 0xff, 
	0xff, 0xba, 0xd6, 0xff, 0xff, 0xbb, 0xde, 0xff, 
	0xff, 0xbb, 0xde, 0xff, 0xff, 0xbe, 0xef, 0xff, 
	0xff, 0xbe, 0xef, 0xff, 0xff, 0xc1, 0xf1, 0xff, 
	0xff, 0xc4, 0xf4, 0xff, 0xff, 0xc7, 0xf7, 0xff, 
	0xff, 0xc7, 0xf7, 0xff, 0xff, 0xcf, 0xf7, 0xff, 
	0xff, 0xcf, 0xf7, 0xff, 0xff, 0xd7, 0xf7, 0xff, 
	0xff, 0xdf, 0xff, 0xff, 0xff, 0xdf, 0xff, 0xff, 
	0xff, 0xdf, 0xff, 0xff, 0xff, 0xdf, 0xff, 0xff, 
	0xff, 0xdf, 0xff, 0xff, 0xff, 0xe1, 0xff, 0xff, 
	0xff, 0xe1, 0xff, 0xff, 0xff, 0xe4, 0xff, 0xff, 
	0xff, 0xe8, 0xff, 0xff, 0xff, 0xe9, 0xff, 0xff, 
	0xff, 0xeb, 0xff, 0xff, 0xff, 0xeb, 0xff, 0xff, 
	0xff, 0xef, 0xff, 0xff, 0xff, 0xef, 0xff, 0xff, 
	0xff, 0xf3, 0xff, 0xff, 0xff, 0xf3, 0xff, 0xff, 
	0xff, 0xf3, 0xff, 0xff, 0xff, 0xf7, 0xff, 0xff, 
	0xff, 0xfb, 0xff, 0xff, 0xff, 0xf7, 0xff, 0xff, 
	0xff, 0xf5, 0xff, 0xff, 0xff, 0xf5, 0xff, 0xff, 
	0xff, 0xf5, 0xff, 0xff, 0xff, 0xf8, 0xff, 0xff, 
	0xff, 0xff, 0xff, 0xff, 0xff, 0xff, 0xff, 0xff, 
	0xff, 0xff, 0xff, 0xff, 0xff, 0xff, 0xff, 0xff, 
	0xff, 0xff, 0xff, 0xff, 0xff, 0xff, 0xff, 0xff, 
	0xff, 0xff, 0xff, 0xff, 0xff, 0xff, 0xff, 0xff, 
	0xff, 0xff, 0xff, 0xff, 0xff, 0xff, 0xff, 0xff, 
	0xff, 0xff, 0xff, 0xff, 0xff, 0xff, 0xff, 0xff, 
	0xff, 0xff, 0xff, 0xff, 0xff, 0xff, 0xff, 0xff, 
	0xff, 0xff, 0xff, 0xff, 0xff, 0xff, 0xff, 0xff, 
	0xff, 0xff, 0xff, 0xff, 0xff, 0xff, 0xff, 0xff, 
	0xff, 0xff, 0xff, 0xff, 0xff, 0xff, 0xff, 0xff, 
	0xff, 0xff, 0xff, 0xff, 0xff, 0xff, 0xff, 0xff, 
	0xff, 0xff, 0xff, 0xff, 0xff, 0xff, 0xff, 0xff, 
	0xff, 0xff, 0xff, 0xff, 0xff, 0xff, 0xff, 0xff, 
	0xff, 0xff, 0xff, 0xff, 0xff, 0xff, 0xff, 0xff, 
	0xff, 0xff, 0xff, 0xff, 0xff, 0xff, 0xff, 0xff, 
	0xff, 0xff, 0xff, 0xff, 0xff, 0xff, 0xff, 0xff, 
	0xff, 0xff, 0xff, 0xff, 0xff, 0xf9, 0xff, 0xff, 
	0xff, 0xf4, 0xff, 0xff, 0xff, 0xf4, 0xff, 0xff, 
	0xff, 0xef, 0xff, 0xff, 0xff, 0xef, 0xff, 0xff, 
	0xff, 0xeb, 0xf9, 0xff, 0xff, 0xe7, 0xf4, 0xff, 
	0xff, 0xe7, 0xef, 0xff, 0xff, 0xd8, 0xe6, 0xff, 
	0xff, 0xd8, 0xe6, 0xff, 0xff, 0xc9, 0xde, 0xff, 
	0xff, 0xc3, 0xd6, 0xff, 0xff, 0xb5, 0xcd, 0xff, 
	0xff, 0xa7, 0xc5, 0xff, 0xff, 0xa7, 0xc5, 0xff, 
	0xff, 0x9a, 0xbd, 0xff, 0xff, 0x96, 0xba, 0xff, 
	0xff, 0x92, 0xb7, 0xff, 0xff, 0x8e, 0xb5, 0xff, 
	0xff, 0x8a, 0xb5, 0xff, 0xff, 0x8a, 0xaf, 0xff, 
	0xff, 0x8a, 0xaa, 0xff, 0xff, 0x8a, 0xa5, 0xff, 
	0xff, 0x8a, 0xaa, 0xff, 0xff, 0x8a, 0xaa, 0xff, 
	0xff, 0x8a, 0xaf, 0xff, 0xff, 0x8a, 0xb5, 0xff, 
	0xfc, 0x8b, 0xb2, 0xff, 0xf9, 0x88, 0xaf, 0xff, 
	0xf7, 0x86, 0xad, 0xff, 0xf7, 0x86, 0xad, 0xff, 
	0xfc, 0x88, 0xaa, 0xff, 0xfc, 0x88, 0xaa, 0xff, 
	0xfc, 0x88, 0xaa, 0xff, 0xf9, 0x8f, 0xaf, 0xff, 
	0xfc, 0x94, 0xad, 0xff, 0xfc, 0x94, 0xad, 0xff, 
	0xf9, 0x97, 0xb5, 0xff, 0xfc, 0x94, 0xad, 0xff, 
	0xf7, 0x9a, 0xad, 0xff, 0xf7, 0x9e, 0xb2, 0xff, 
	0xf7, 0x9e, 0xb2, 0xff, 0xf7, 0xa2, 0xb7, 0xff, 
	0xf9, 0x9f, 0xb5, 0xff, 0xf9, 0x9f, 0xb5, 0xff, 
	0xfc, 0xa0, 0xbd, 0xff, 0xfc, 0xa0, 0xbd, 0xff, 
	0xff, 0xa2, 0xbd, 0xff, 0xff, 0xa8, 0xc2, 0xff, 
	0xff, 0xa8, 0xc2, 0xff, 0xff, 0xaf, 0xc8, 0xff, 
	0xff, 0xac, 0xcb, 0xff, 0xff, 0xaf, 0xd0, 0xff, 
	0xff, 0xaf, 0xd0, 0xff, 0xff, 0xaf, 0xd0, 0xff, 
	0xff, 0xae, 0xd6, 0xff, 0xff, 0xae, 0xd6, 0xff, 
	0xff, 0xb5, 0xd8, 0xff, 0xff, 0xb5, 0xd8, 0xff, 
	0xff, 0xba, 0xd6, 0xff, 0xff, 0xba, 0xd6, 0xff, 
	0xff, 0xbb, 0xde, 0xff, 0xff, 0xbc, 0xe6, 0xff, 
	0xff, 0xbe, 0xef, 0xff, 0xff, 0xc1, 0xf1, 0xff, 
	0xff, 0xc4, 0xf4, 0xff, 0xff, 0xc7, 0xf7, 0xff, 
	0xff, 0xc7, 0xf7, 0xff, 0xff, 0xcf, 0xf7, 0xff, 
	0xff, 0xcf, 0xf7, 0xff, 0xff, 0xd7, 0xf7, 0xff, 
	0xff, 0xdf, 0xf7, 0xff, 0xff, 0xdf, 0xff, 0xff, 
	0xff, 0xdf, 0xff, 0xff, 0xff, 0xdf, 0xff, 0xff, 
	0xff, 0xdf, 0xff, 0xff, 0xff, 0xe7, 0xff, 0xff, 
	0xff, 0xe4, 0xff, 0xff, 0xff, 0xe1, 0xff, 0xff, 
	0xff, 0xe8, 0xff, 0xff, 0xff, 0xe9, 0xff, 0xff, 
	0xff, 0xe9, 0xff, 0xff, 0xff, 0xeb, 0xff, 0xff, 
	0xff, 0xef, 0xff, 0xff, 0xff, 0xef, 0xff, 0xff, 
	0xff, 0xef, 0xff, 0xff, 0xff, 0xf3, 0xff, 0xff, 
	0xff, 0xf7, 0xff, 0xff, 0xff, 0xf7, 0xff, 0xff, 
	0xff, 0xf7, 0xff, 0xff, 0xff, 0xf7, 0xff, 0xff, 
	0xff, 0xf5, 0xff, 0xff, 0xff, 0xf5, 0xff, 0xff, 
	0xff, 0xf5, 0xff, 0xff, 0xff, 0xf8, 0xff, 0xff, 
	0xff, 0xf7, 0xff, 0xff, 0xff, 0xff, 0xff, 0xff, 
	0xff, 0xff, 0xff, 0xff, 0xff, 0xff, 0xff, 0xff, 
	0xff, 0xfb, 0xff, 0xff, 0xff, 0xfc, 0xff, 0xff, 
	0xff, 0xff, 0xff, 0xff, 0xff, 0xff, 0xff, 0xff, 
	0xff, 0xff, 0xff, 0xff, 0xff, 0xff, 0xff, 0xff, 
	0xff, 0xff, 0xff, 0xff, 0xff, 0xff, 0xff, 0xff, 
	0xff, 0xff, 0xff, 0xff, 0xff, 0xff, 0xff, 0xff, 
	0xff, 0xff, 0xff, 0xff, 0xff, 0xff, 0xff, 0xff, 
	0xff, 0xff, 0xff, 0xff, 0xff, 0xff, 0xff, 0xff, 
	0xff, 0xff, 0xff, 0xff, 0xff, 0xff, 0xff, 0xff, 
	0xff, 0xff, 0xff, 0xff, 0xff, 0xff, 0xff, 0xff, 
	0xff, 0xff, 0xff, 0xff, 0xff, 0xff, 0xff, 0xff, 
	0xff, 0xff, 0xff, 0xff, 0xff, 0xff, 0xff, 0xff, 
	0xff, 0xff, 0xff, 0xff, 0xff, 0xff, 0xff, 0xff, 
	0xff, 0xff, 0xff, 0xff, 0xff, 0xff, 0xff, 0xff, 
	0xff, 0xff, 0xff, 0xff, 0xff, 0xff, 0xff, 0xff, 
	0xff, 0xff, 0xff, 0xff, 0xff, 0xf9, 0xff, 0xff, 
	0xff, 0xf9, 0xff, 0xff, 0xff, 0xf4, 0xff, 0xff, 
	0xff, 0xef, 0xff, 0xff, 0xff, 0xef, 0xff, 0xff, 
	0xff, 0xef, 0xff, 0xff, 0xff, 0xeb, 0xf9, 0xff, 
	0xff, 0xe7, 0xef, 0xff, 0xff, 0xd8, 0xe6, 0xff, 
	0xff, 0xd8, 0xe6, 0xff, 0xff, 0xc9, 0xde, 0xff, 
	0xff, 0xc3, 0xd6, 0xff, 0xff, 0xc3, 0xd6, 0xff, 
	0xff, 0xa7, 0xc5, 0xff, 0xff, 0xa7, 0xc5, 0xff, 
	0xff, 0x9a, 0xbd, 0xff, 0xff, 0x96, 0xba, 0xff, 
	0xff, 0x92, 0xb7, 0xff, 0xff, 0x8e, 0xb5, 0xff, 
	0xff, 0x8a, 0xaf, 0xff, 0xff, 0x8a, 0xaa, 0xff, 
	0xff, 0x8a, 0xa5, 0xff, 0xff, 0x8a, 0xa5, 0xff, 
	0xff, 0x8a, 0xaa, 0xff, 0xff, 0x8a, 0xaf, 0xff, 
	0xff, 0x8a, 0xaf, 0xff, 0xff, 0x8a, 0xb5, 0xff, 
	0xf9, 0x88, 0xaf, 0xff, 0xf9, 0x88, 0xaf, 0xff, 
	0xf7, 0x86, 0xad, 0xff, 0xf9, 0x88, 0xaf, 0xff, 
	0xfc, 0x88, 0xaa, 0xff, 0xfc, 0x88, 0xaa, 0xff, 
	0xfc, 0x88, 0xaa, 0xff, 0xf9, 0x8f, 0xaf, 0xff, 
	0xfc, 0x94, 0xad, 0xff, 0xfc, 0x94, 0xad, 0xff, 
	0xfc, 0x94, 0xad, 0xff, 0xf9, 0x97, 0xb5, 0xff, 
	0xf7, 0x9a, 0xad, 0xff, 0xf7, 0x9e, 0xb2, 0xff, 
	0xf7, 0x9e, 0xb2, 0xff, 0xf7, 0x9e, 0xb2, 0xff, 
	0xf7, 0x9e, 0xad, 0xff, 0xf7, 0x9e, 0xad, 0xff, 
	0xf9, 0x9f, 0xb5, 0xff, 0xfc, 0xa0, 0xbd, 0xff, 
	0xff, 0xa2, 0xbd, 0xff, 0xff, 0xa2, 0xbd, 0xff, 
	0xff, 0xa8, 0xc2, 0xff, 0xff, 0xa2, 0xbd, 0xff, 
	0xff, 0xaa, 0xc6, 0xff, 0xff, 0xac, 0xcb, 0xff, 
	0xff, 0xac, 0xcb, 0xff, 0xff, 0xaf, 0xd0, 0xff, 
	0xff, 0xae, 0xd6, 0xff, 0xff, 0xae, 0xd6, 0xff, 
	0xff, 0xb5, 0xd8, 0xff, 0xff, 0xb5, 0xd8, 0xff, 
	0xff, 0xba, 0xd6, 0xff, 0xff, 0xba, 0xd6, 0xff, 
	0xff, 0xbb, 0xde, 0xff, 0xff, 0xbc, 0xe6, 0xff, 
	0xff, 0xbe, 0xef, 0xff, 0xff, 0xc1, 0xf1, 0xff, 
	0xff, 0xc1, 0xf1, 0xff, 0xff, 0xc1, 0xf1, 0xff, 
	0xff, 0xc7, 0xf7, 0xff, 0xff, 0xc7, 0xf7, 0xff, 
	0xff, 0xcf, 0xf7, 0xff, 0xff, 0xd7, 0xf7, 0xff, 
	0xff, 0xdf, 0xf7, 0xff, 0xff, 0xdf, 0xff, 0xff, 
	0xff, 0xdf, 0xff, 0xff, 0xff, 0xdf, 0xff, 0xff, 
	0xff, 0xe1, 0xff, 0xff, 0xff, 0xe4, 0xff, 0xff, 
	0xff, 0xe4, 0xff, 0xff, 0xff, 0xe4, 0xff, 0xff, 
	0xff, 0xe7, 0xff, 0xff, 0xff, 0xe8, 0xff, 0xff, 
	0xff, 0xe9, 0xff, 0xff, 0xff, 0xe9, 0xff, 0xff, 
	0xff, 0xef, 0xff, 0xff, 0xff, 0xef, 0xff, 0xff, 
	0xff, 0xef, 0xff, 0xff, 0xff, 0xef, 0xff, 0xff, 
	0xff, 0xef, 0xff, 0xff, 0xff, 0xf7, 0xff, 0xff, 
	0xff, 0xfb, 0xff, 0xff, 0xff, 0xf7, 0xff, 0xff, 
	0xff, 0xf5, 0xff, 0xff, 0xff, 0xf5, 0xff, 0xff, 
	0xff, 0xf5, 0xff, 0xff, 0xff, 0xf8, 0xff, 0xff, 
	0xff, 0xff, 0xff, 0xff, 0xff, 0xff, 0xff, 0xff, 
	0xff, 0xff, 0xff, 0xff, 0xff, 0xf3, 0xff, 0xff, 
	0xff, 0xfb, 0xff, 0xff, 0xff, 0xfb, 0xff, 0xff, 
	0xff, 0xfd, 0xff, 0xff, 0xff, 0xfd, 0xff, 0xff, 
	0xff, 0xff, 0xff, 0xff, 0xff, 0xff, 0xff, 0xff, 
	0xff, 0xff, 0xff, 0xff, 0xff, 0xff, 0xff, 0xff, 
	0xff, 0xff, 0xff, 0xff, 0xff, 0xff, 0xff, 0xff, 
	0xff, 0xff, 0xff, 0xff, 0xff, 0xff, 0xff, 0xff, 
	0xff, 0xff, 0xff, 0xff, 0xff, 0xff, 0xff, 0xff, 
	0xff, 0xff, 0xff, 0xff, 0xff, 0xff, 0xff, 0xff, 
	0xff, 0xff, 0xff, 0xff, 0xff, 0xff, 0xff, 0xff, 
	0xff, 0xfc, 0xfc, 0xff, 0xff, 0xfc, 0xfc, 0xff, 
	
};

Texture r64planet_Ring1_diff_rgba32[] = {
	0x5d, 0x2f, 0xc6, 0xff, 0x5d, 0x2f, 0xc6, 0xff, 
	0x5d, 0x2f, 0xc6, 0xff, 0x5d, 0x2f, 0xc6, 0xff, 
	0x5d, 0x2f, 0xc6, 0xff, 0x5d, 0x2f, 0xc6, 0xff, 
	0x5d, 0x2f, 0xc6, 0xff, 0x5d, 0x2f, 0xc6, 0xff, 
	0x5d, 0x2f, 0xc6, 0xff, 0x5d, 0x2f, 0xc6, 0xff, 
	0x5d, 0x2f, 0xc6, 0xff, 0x5d, 0x2f, 0xc6, 0xff, 
	0x5d, 0x2f, 0xc6, 0xff, 0x5d, 0x2f, 0xc6, 0xff, 
	0x5d, 0x2f, 0xc6, 0xff, 0x5d, 0x2f, 0xc6, 0xff, 
	0x5d, 0x2f, 0xc6, 0xff, 0x5d, 0x2f, 0xc6, 0xff, 
	0x5d, 0x2f, 0xc6, 0xff, 0x5d, 0x2f, 0xc6, 0xff, 
	0x5d, 0x2f, 0xc6, 0xff, 0x5d, 0x2f, 0xc6, 0xff, 
	0x5d, 0x2f, 0xc6, 0xff, 0x5d, 0x2f, 0xc6, 0xff, 
	0x5d, 0x2f, 0xc6, 0xff, 0x5d, 0x2f, 0xc6, 0xff, 
	0x5d, 0x2f, 0xc6, 0xff, 0x5d, 0x2f, 0xc6, 0xff, 
	0x5d, 0x2f, 0xc6, 0xff, 0x5d, 0x2f, 0xc6, 0xff, 
	0x5d, 0x2f, 0xc6, 0xff, 0x5d, 0x2f, 0xc6, 0xff, 
	0x5d, 0x2f, 0xc6, 0xff, 0x5d, 0x2f, 0xc6, 0xff, 
	0x5d, 0x2f, 0xc6, 0xff, 0x5d, 0x2f, 0xc6, 0xff, 
	0x5d, 0x2f, 0xc6, 0xff, 0x5d, 0x2f, 0xc6, 0xff, 
	0x5d, 0x2f, 0xc6, 0xff, 0x5d, 0x2f, 0xc6, 0xff, 
	0x5d, 0x2f, 0xc6, 0xff, 0x5d, 0x2f, 0xc6, 0xff, 
	0x5d, 0x2f, 0xc6, 0xff, 0x5d, 0x2f, 0xc6, 0xff, 
	0x5d, 0x2f, 0xc6, 0xff, 0x5d, 0x2f, 0xc6, 0xff, 
	0x5d, 0x2f, 0xc6, 0xff, 0x5d, 0x2f, 0xc6, 0xff, 
	0x5d, 0x2f, 0xc6, 0xff, 0x5d, 0x2f, 0xc6, 0xff, 
	0x5d, 0x2f, 0xc6, 0xff, 0x5d, 0x2f, 0xc6, 0xff, 
	0x5d, 0x2f, 0xc6, 0xff, 0x5d, 0x2f, 0xc6, 0xff, 
	0x5d, 0x2f, 0xc6, 0xff, 0x5d, 0x2f, 0xc6, 0xff, 
	0x5d, 0x2f, 0xc6, 0xff, 0x5d, 0x2f, 0xc6, 0xff, 
	0x5d, 0x2f, 0xc6, 0xff, 0x5d, 0x2f, 0xc6, 0xff, 
	0x5d, 0x2f, 0xc6, 0xff, 0x5d, 0x2f, 0xc6, 0xff, 
	0x5d, 0x2f, 0xc6, 0xff, 0x5d, 0x2f, 0xc6, 0xff, 
	0x5d, 0x2f, 0xc6, 0xff, 0x5d, 0x2f, 0xc6, 0xff, 
	0x5d, 0x2f, 0xc6, 0xff, 0x5d, 0x2f, 0xc6, 0xff, 
	0x5d, 0x2f, 0xc6, 0xff, 0x5d, 0x2f, 0xc6, 0xff, 
	0x5d, 0x2f, 0xc6, 0xff, 0x5d, 0x2f, 0xc6, 0xff, 
	0x5d, 0x2f, 0xc6, 0xff, 0x5d, 0x2f, 0xc6, 0xff, 
	0x5d, 0x2f, 0xc6, 0xff, 0x5d, 0x2f, 0xc6, 0xff, 
	0x5d, 0x2f, 0xc6, 0xff, 0x5d, 0x2f, 0xc6, 0xff, 
	0x5d, 0x2f, 0xc6, 0xff, 0x5d, 0x2f, 0xc6, 0xff, 
	0x5d, 0x2f, 0xc6, 0xff, 0x5d, 0x2f, 0xc6, 0xff, 
	0x5d, 0x2f, 0xc6, 0xff, 0x5d, 0x2f, 0xc6, 0xff, 
	0x5d, 0x2f, 0xc6, 0xff, 0x5d, 0x2f, 0xc6, 0xff, 
	0x5d, 0x2f, 0xc6, 0xff, 0x5d, 0x2f, 0xc6, 0xff, 
	0x5d, 0x2f, 0xc6, 0xff, 0x5d, 0x2f, 0xc6, 0xff, 
	0x5d, 0x2f, 0xc6, 0xff, 0x5d, 0x2f, 0xc6, 0xff, 
	0x5d, 0x2f, 0xc6, 0xff, 0x5d, 0x2f, 0xc6, 0xff, 
	0x5d, 0x2f, 0xc6, 0xff, 0x5d, 0x2f, 0xc6, 0xff, 
	0x5d, 0x2f, 0xc6, 0xff, 0x5d, 0x2f, 0xc6, 0xff, 
	0x5d, 0x2f, 0xc6, 0xff, 0x5d, 0x2f, 0xc6, 0xff, 
	0x5d, 0x2f, 0xc6, 0xff, 0x5d, 0x2f, 0xc6, 0xff, 
	0x5d, 0x2f, 0xc6, 0xff, 0x5d, 0x2f, 0xc6, 0xff, 
	0x5d, 0x2f, 0xc6, 0xff, 0x5d, 0x2f, 0xc6, 0xff, 
	0x5d, 0x2f, 0xc6, 0xff, 0x5d, 0x2f, 0xc6, 0xff, 
	0x5d, 0x2f, 0xc6, 0xff, 0x5d, 0x2f, 0xc6, 0xff, 
	0x5d, 0x2f, 0xc6, 0xff, 0x5d, 0x2f, 0xc6, 0xff, 
	0x5d, 0x2f, 0xc6, 0xff, 0x5d, 0x2f, 0xc6, 0xff, 
	0x5d, 0x2f, 0xc6, 0xff, 0x5d, 0x2f, 0xc6, 0xff, 
	0x5d, 0x2f, 0xc6, 0xff, 0x5d, 0x2f, 0xc6, 0xff, 
	0x5d, 0x2f, 0xc6, 0xff, 0x5d, 0x2f, 0xc6, 0xff, 
	0x5d, 0x2f, 0xc6, 0xff, 0x5d, 0x2f, 0xc6, 0xff, 
	0x5d, 0x2f, 0xc6, 0xff, 0x5d, 0x2f, 0xc6, 0xff, 
	0x5d, 0x2f, 0xc6, 0xff, 0x5d, 0x2f, 0xc6, 0xff, 
	0x5d, 0x2f, 0xc6, 0xff, 0x5d, 0x2f, 0xc6, 0xff, 
	0x5d, 0x2f, 0xc6, 0xff, 0x5d, 0x2f, 0xc6, 0xff, 
	0x5d, 0x2f, 0xc6, 0xff, 0x5d, 0x2f, 0xc6, 0xff, 
	0x5d, 0x2f, 0xc6, 0xff, 0x5d, 0x2f, 0xc6, 0xff, 
	0x5d, 0x2f, 0xc6, 0xff, 0x5d, 0x2f, 0xc6, 0xff, 
	0x5d, 0x2f, 0xc6, 0xff, 0x5d, 0x2f, 0xc6, 0xff, 
	0x5d, 0x2f, 0xc6, 0xff, 0x5d, 0x2f, 0xc6, 0xff, 
	0x5d, 0x2f, 0xc6, 0xff, 0x5d, 0x2f, 0xc6, 0xff, 
	0x5d, 0x2f, 0xc6, 0xff, 0x5d, 0x2f, 0xc6, 0xff, 
	0x5d, 0x2f, 0xc6, 0xff, 0x5d, 0x2f, 0xc6, 0xff, 
	0x5d, 0x2f, 0xc6, 0xff, 0x5d, 0x2f, 0xc6, 0xff, 
	0x5d, 0x2f, 0xc6, 0xff, 0x5d, 0x2f, 0xc6, 0xff, 
	0x5d, 0x2f, 0xc6, 0xff, 0x5d, 0x2f, 0xc6, 0xff, 
	0x5d, 0x2f, 0xc6, 0xff, 0x5d, 0x2f, 0xc6, 0xff, 
	0x5d, 0x2f, 0xc6, 0xff, 0x5d, 0x2f, 0xc6, 0xff, 
	0x5d, 0x2f, 0xc6, 0xff, 0x5d, 0x2f, 0xc6, 0xff, 
	0x5d, 0x2f, 0xc6, 0xff, 0x5d, 0x2f, 0xc6, 0xff, 
	0x5d, 0x2f, 0xc6, 0xff, 0x5d, 0x2f, 0xc6, 0xff, 
	0x5d, 0x2f, 0xc6, 0xff, 0x5d, 0x2f, 0xc6, 0xff, 
	0x5d, 0x2f, 0xc6, 0xff, 0x5d, 0x2f, 0xc6, 0xff, 
	0x5d, 0x2f, 0xc6, 0xff, 0x5d, 0x2f, 0xc6, 0xff, 
	0x5d, 0x2f, 0xc6, 0xff, 0x5d, 0x2f, 0xc6, 0xff, 
	0x5d, 0x2f, 0xc6, 0xff, 0x5d, 0x2f, 0xc6, 0xff, 
	0x5d, 0x2f, 0xc6, 0xff, 0x5d, 0x2f, 0xc6, 0xff, 
	0x5d, 0x2f, 0xc6, 0xff, 0x5d, 0x2f, 0xc6, 0xff, 
	0x5d, 0x2f, 0xc6, 0xff, 0x5d, 0x2f, 0xc6, 0xff, 
	0x5d, 0x2f, 0xc6, 0xff, 0x5d, 0x2f, 0xc6, 0xff, 
	0x5d, 0x2f, 0xc6, 0xff, 0x5d, 0x2f, 0xc6, 0xff, 
	0x5d, 0x2f, 0xc6, 0xff, 0x5d, 0x2f, 0xc6, 0xff, 
	0x5d, 0x2f, 0xc6, 0xff, 0x5d, 0x2f, 0xc6, 0xff, 
	0x5d, 0x2f, 0xc6, 0xff, 0x5d, 0x2f, 0xc6, 0xff, 
	0x5d, 0x2f, 0xc6, 0xff, 0x5d, 0x2f, 0xc6, 0xff, 
	0x5d, 0x2f, 0xc6, 0xff, 0x5d, 0x2f, 0xc6, 0xff, 
	0x5d, 0x2f, 0xc6, 0xff, 0x5d, 0x2f, 0xc6, 0xff, 
	0x5d, 0x2f, 0xc6, 0xff, 0x5d, 0x2f, 0xc6, 0xff, 
	0x5d, 0x2f, 0xc6, 0xff, 0x5d, 0x2f, 0xc6, 0xff, 
	0x5d, 0x2f, 0xc6, 0xff, 0x5d, 0x2f, 0xc6, 0xff, 
	0x5d, 0x2f, 0xc6, 0xff, 0x5d, 0x2f, 0xc6, 0xff, 
	0x5d, 0x2f, 0xc6, 0xff, 0x5d, 0x2f, 0xc6, 0xff, 
	0x5d, 0x2f, 0xc6, 0xff, 0x5d, 0x2f, 0xc6, 0xff, 
	0x5d, 0x2f, 0xc6, 0xff, 0x5d, 0x2f, 0xc6, 0xff, 
	0x5d, 0x2f, 0xc6, 0xff, 0x5d, 0x2f, 0xc6, 0xff, 
	0x5d, 0x2f, 0xc6, 0xff, 0x5d, 0x2f, 0xc6, 0xff, 
	0x5d, 0x2f, 0xc6, 0xff, 0x5d, 0x2f, 0xc6, 0xff, 
	0x5d, 0x2f, 0xc6, 0xff, 0x5d, 0x2f, 0xc6, 0xff, 
	0x5d, 0x2f, 0xc6, 0xff, 0x5d, 0x2f, 0xc6, 0xff, 
	0x5d, 0x2f, 0xc6, 0xff, 0x5d, 0x2f, 0xc6, 0xff, 
	0x5d, 0x2f, 0xc6, 0xff, 0x5d, 0x2f, 0xc6, 0xff, 
	0x5d, 0x2f, 0xc6, 0xff, 0x5d, 0x2f, 0xc6, 0xff, 
	0x5d, 0x2f, 0xc6, 0xff, 0x5d, 0x2f, 0xc6, 0xff, 
	0x5d, 0x2f, 0xc6, 0xff, 0x5d, 0x2f, 0xc6, 0xff, 
	0x5d, 0x2f, 0xc6, 0xff, 0x5d, 0x2f, 0xc6, 0xff, 
	0x5d, 0x2f, 0xc6, 0xff, 0x5d, 0x2f, 0xc6, 0xff, 
	0x5d, 0x2f, 0xc6, 0xff, 0x5d, 0x2f, 0xc6, 0xff, 
	0x5d, 0x2f, 0xc6, 0xff, 0x5d, 0x2f, 0xc6, 0xff, 
	0x5d, 0x2f, 0xc6, 0xff, 0x5d, 0x2f, 0xc6, 0xff, 
	0x5d, 0x2f, 0xc6, 0xff, 0x5d, 0x2f, 0xc6, 0xff, 
	0x5d, 0x2f, 0xc6, 0xff, 0x5d, 0x2f, 0xc6, 0xff, 
	0x5d, 0x2f, 0xc6, 0xff, 0x5d, 0x2f, 0xc6, 0xff, 
	0x5d, 0x2f, 0xc6, 0xff, 0x5d, 0x2f, 0xc6, 0xff, 
	0x5d, 0x2f, 0xc6, 0xff, 0x5d, 0x2f, 0xc6, 0xff, 
	0x5d, 0x2f, 0xc6, 0xff, 0x5d, 0x2f, 0xc6, 0xff, 
	0x5d, 0x2f, 0xc6, 0xff, 0x5d, 0x2f, 0xc6, 0xff, 
	0x5d, 0x2f, 0xc6, 0xff, 0x5d, 0x2f, 0xc6, 0xff, 
	0x5d, 0x2f, 0xc6, 0xff, 0x5d, 0x2f, 0xc6, 0xff, 
	0x5d, 0x2f, 0xc6, 0xff, 0x5d, 0x2f, 0xc6, 0xff, 
	0x5d, 0x2f, 0xc6, 0xff, 0x5d, 0x2f, 0xc6, 0xff, 
	0x5d, 0x2f, 0xc6, 0xff, 0x5d, 0x2f, 0xc6, 0xff, 
	0x5d, 0x2f, 0xc6, 0xff, 0x5d, 0x2f, 0xc6, 0xff, 
	0x5d, 0x2f, 0xc6, 0xff, 0x5d, 0x2f, 0xc6, 0xff, 
	0x5d, 0x2f, 0xc6, 0xff, 0x5d, 0x2f, 0xc6, 0xff, 
	0x5d, 0x2f, 0xc6, 0xff, 0x5d, 0x2f, 0xc6, 0xff, 
	0x5d, 0x2f, 0xc6, 0xff, 0x5d, 0x2f, 0xc6, 0xff, 
	0x5d, 0x2f, 0xc6, 0xff, 0x5d, 0x2f, 0xc6, 0xff, 
	0x5d, 0x2f, 0xc6, 0xff, 0x5d, 0x2f, 0xc6, 0xff, 
	0x5d, 0x2f, 0xc6, 0xff, 0x5d, 0x2f, 0xc6, 0xff, 
	0x5d, 0x2f, 0xc6, 0xff, 0x5d, 0x2f, 0xc6, 0xff, 
	0x5d, 0x2f, 0xc6, 0xff, 0x5d, 0x2f, 0xc6, 0xff, 
	0x5d, 0x2f, 0xc6, 0xff, 0x5d, 0x2f, 0xc6, 0xff, 
	0x5d, 0x2f, 0xc6, 0xff, 0x5d, 0x2f, 0xc6, 0xff, 
	0x5d, 0x2f, 0xc6, 0xff, 0x5d, 0x2f, 0xc6, 0xff, 
	0x5d, 0x2f, 0xc6, 0xff, 0x5d, 0x2f, 0xc6, 0xff, 
	0x5d, 0x2f, 0xc6, 0xff, 0x5d, 0x2f, 0xc6, 0xff, 
	0x5d, 0x2f, 0xc6, 0xff, 0x5d, 0x2f, 0xc6, 0xff, 
	0x5d, 0x2f, 0xc6, 0xff, 0x5d, 0x2f, 0xc6, 0xff, 
	0x5d, 0x2f, 0xc6, 0xff, 0x5d, 0x2f, 0xc6, 0xff, 
	0x5d, 0x2f, 0xc6, 0xff, 0x5d, 0x2f, 0xc6, 0xff, 
	0x5d, 0x2f, 0xc6, 0xff, 0x5d, 0x2f, 0xc6, 0xff, 
	0x5d, 0x2f, 0xc6, 0xff, 0x5d, 0x2f, 0xc6, 0xff, 
	0x5d, 0x2f, 0xc6, 0xff, 0x5d, 0x2f, 0xc6, 0xff, 
	0x5d, 0x2f, 0xc6, 0xff, 0x5d, 0x2f, 0xc6, 0xff, 
	0x5d, 0x2f, 0xc6, 0xff, 0x5d, 0x2f, 0xc6, 0xff, 
	0x5d, 0x2f, 0xc6, 0xff, 0x5d, 0x2f, 0xc6, 0xff, 
	0x5d, 0x2f, 0xc6, 0xff, 0x5d, 0x2f, 0xc6, 0xff, 
	0x5d, 0x2f, 0xc6, 0xff, 0x5d, 0x2f, 0xc6, 0xff, 
	0x5d, 0x2f, 0xc6, 0xff, 0x5d, 0x2f, 0xc6, 0xff, 
	0x5d, 0x2f, 0xc6, 0xff, 0x5d, 0x2f, 0xc6, 0xff, 
	0x5d, 0x2f, 0xc6, 0xff, 0x5d, 0x2f, 0xc6, 0xff, 
	0x5d, 0x2f, 0xc6, 0xff, 0x5d, 0x2f, 0xc6, 0xff, 
	0x5d, 0x2f, 0xc6, 0xff, 0x5d, 0x2f, 0xc6, 0xff, 
	0x5d, 0x2f, 0xc6, 0xff, 0x5d, 0x2f, 0xc6, 0xff, 
	0x5d, 0x2f, 0xc6, 0xff, 0x5d, 0x2f, 0xc6, 0xff, 
	0x5d, 0x2f, 0xc6, 0xff, 0x5d, 0x2f, 0xc6, 0xff, 
	0x5d, 0x2f, 0xc6, 0xff, 0x5d, 0x2f, 0xc6, 0xff, 
	0x5d, 0x2f, 0xc6, 0xff, 0x5d, 0x2f, 0xc6, 0xff, 
	0x5d, 0x2f, 0xc6, 0xff, 0x5d, 0x2f, 0xc6, 0xff, 
	0x5d, 0x2f, 0xc6, 0xff, 0x5d, 0x2f, 0xc6, 0xff, 
	0x5d, 0x2f, 0xc6, 0xff, 0x5d, 0x2f, 0xc6, 0xff, 
	0x5d, 0x2f, 0xc6, 0xff, 0x5d, 0x2f, 0xc6, 0xff, 
	0x5d, 0x2f, 0xc6, 0xff, 0x5d, 0x2f, 0xc6, 0xff, 
	0x5d, 0x2f, 0xc6, 0xff, 0x5d, 0x2f, 0xc6, 0xff, 
	0x5d, 0x2f, 0xc6, 0xff, 0x5d, 0x2f, 0xc6, 0xff, 
	0x5d, 0x2f, 0xc6, 0xff, 0x5d, 0x2f, 0xc6, 0xff, 
	0x5d, 0x2f, 0xc6, 0xff, 0x5d, 0x2f, 0xc6, 0xff, 
	0x5d, 0x2f, 0xc6, 0xff, 0x5d, 0x2f, 0xc6, 0xff, 
	0x5d, 0x2f, 0xc6, 0xff, 0x5d, 0x2f, 0xc6, 0xff, 
	0x5d, 0x2f, 0xc6, 0xff, 0x5d, 0x2f, 0xc6, 0xff, 
	0x5d, 0x2f, 0xc6, 0xff, 0x5d, 0x2f, 0xc6, 0xff, 
	0x5d, 0x2f, 0xc6, 0xff, 0x5d, 0x2f, 0xc6, 0xff, 
	0x5d, 0x2f, 0xc6, 0xff, 0x5d, 0x2f, 0xc6, 0xff, 
	0x5d, 0x2f, 0xc6, 0xff, 0x5d, 0x2f, 0xc6, 0xff, 
	0x5d, 0x2f, 0xc6, 0xff, 0x5d, 0x2f, 0xc6, 0xff, 
	0x5d, 0x2f, 0xc6, 0xff, 0x5d, 0x2f, 0xc6, 0xff, 
	0x5d, 0x2f, 0xc6, 0xff, 0x5d, 0x2f, 0xc6, 0xff, 
	0x5d, 0x2f, 0xc6, 0xff, 0x5d, 0x2f, 0xc6, 0xff, 
	0x5d, 0x2f, 0xc6, 0xff, 0x5d, 0x2f, 0xc6, 0xff, 
	0x5d, 0x2f, 0xc6, 0xff, 0x5d, 0x2f, 0xc6, 0xff, 
	0x5d, 0x2f, 0xc6, 0xff, 0x5d, 0x2f, 0xc6, 0xff, 
	0x5d, 0x2f, 0xc6, 0xff, 0x5d, 0x2f, 0xc6, 0xff, 
	0x5d, 0x2f, 0xc6, 0xff, 0x5d, 0x2f, 0xc6, 0xff, 
	0x5d, 0x2f, 0xc6, 0xff, 0x5d, 0x2f, 0xc6, 0xff, 
	0x5d, 0x2f, 0xc6, 0xff, 0x5d, 0x2f, 0xc6, 0xff, 
	0x5d, 0x2f, 0xc6, 0xff, 0x5d, 0x2f, 0xc6, 0xff, 
	0x5d, 0x2f, 0xc6, 0xff, 0x5d, 0x2f, 0xc6, 0xff, 
	0x5d, 0x2f, 0xc6, 0xff, 0x5d, 0x2f, 0xc6, 0xff, 
	0x5d, 0x2f, 0xc6, 0xff, 0x5d, 0x2f, 0xc6, 0xff, 
	0x5d, 0x2f, 0xc6, 0xff, 0x5d, 0x2f, 0xc6, 0xff, 
	0x5d, 0x2f, 0xc6, 0xff, 0x5d, 0x2f, 0xc6, 0xff, 
	0x5d, 0x2f, 0xc6, 0xff, 0x5d, 0x2f, 0xc6, 0xff, 
	0x5d, 0x2f, 0xc6, 0xff, 0x5d, 0x2f, 0xc6, 0xff, 
	0x5d, 0x2f, 0xc6, 0xff, 0x5d, 0x2f, 0xc6, 0xff, 
	0x5d, 0x2f, 0xc6, 0xff, 0x5d, 0x2f, 0xc6, 0xff, 
	0x5d, 0x2f, 0xc6, 0xff, 0x5d, 0x2f, 0xc6, 0xff, 
	0x5d, 0x2f, 0xc6, 0xff, 0x5d, 0x2f, 0xc6, 0xff, 
	0x5d, 0x2f, 0xc6, 0xff, 0x5d, 0x2f, 0xc6, 0xff, 
	0x5d, 0x2f, 0xc6, 0xff, 0x5d, 0x2f, 0xc6, 0xff, 
	0x5d, 0x2f, 0xc6, 0xff, 0x5d, 0x2f, 0xc6, 0xff, 
	0x5d, 0x2f, 0xc6, 0xff, 0x5d, 0x2f, 0xc6, 0xff, 
	0x5d, 0x2f, 0xc6, 0xff, 0x5d, 0x2f, 0xc6, 0xff, 
	0x5d, 0x2f, 0xc6, 0xff, 0x5d, 0x2f, 0xc6, 0xff, 
	0x5d, 0x2f, 0xc6, 0xff, 0x5d, 0x2f, 0xc6, 0xff, 
	0x5d, 0x2f, 0xc6, 0xff, 0x5d, 0x2f, 0xc6, 0xff, 
	0x5d, 0x2f, 0xc6, 0xff, 0x5d, 0x2f, 0xc6, 0xff, 
	0x5d, 0x2f, 0xc6, 0xff, 0x5d, 0x2f, 0xc6, 0xff, 
	0x5d, 0x2f, 0xc6, 0xff, 0x5d, 0x2f, 0xc6, 0xff, 
	0x5d, 0x2f, 0xc6, 0xff, 0x5d, 0x2f, 0xc6, 0xff, 
	0x5d, 0x2f, 0xc6, 0xff, 0x5d, 0x2f, 0xc6, 0xff, 
	0x5d, 0x2f, 0xc6, 0xff, 0x5d, 0x2f, 0xc6, 0xff, 
	0x5d, 0x2f, 0xc6, 0xff, 0x5d, 0x2f, 0xc6, 0xff, 
	0x5d, 0x2f, 0xc6, 0xff, 0x5d, 0x2f, 0xc6, 0xff, 
	0x5d, 0x2f, 0xc6, 0xff, 0x5d, 0x2f, 0xc6, 0xff, 
	0x5d, 0x2f, 0xc6, 0xff, 0x5d, 0x2f, 0xc6, 0xff, 
	0x5d, 0x2f, 0xc6, 0xff, 0x5d, 0x2f, 0xc6, 0xff, 
	0x5d, 0x2f, 0xc6, 0xff, 0x5d, 0x2f, 0xc6, 0xff, 
	0x5d, 0x2f, 0xc6, 0xff, 0x5d, 0x2f, 0xc6, 0xff, 
	0x5d, 0x2f, 0xc6, 0xff, 0x5d, 0x2f, 0xc6, 0xff, 
	0x5d, 0x2f, 0xc6, 0xff, 0x5d, 0x2f, 0xc6, 0xff, 
	0x5d, 0x2f, 0xc6, 0xff, 0x5d, 0x2f, 0xc6, 0xff, 
	0x5d, 0x2f, 0xc6, 0xff, 0x5d, 0x2f, 0xc6, 0xff, 
	0x5d, 0x2f, 0xc6, 0xff, 0x5d, 0x2f, 0xc6, 0xff, 
	0x5d, 0x2f, 0xc6, 0xff, 0x5d, 0x2f, 0xc6, 0xff, 
	0x5d, 0x2f, 0xc6, 0xff, 0x5d, 0x2f, 0xc6, 0xff, 
	0x5d, 0x2f, 0xc6, 0xff, 0x5d, 0x2f, 0xc6, 0xff, 
	0x5d, 0x2f, 0xc6, 0xff, 0x5d, 0x2f, 0xc6, 0xff, 
	0x5d, 0x2f, 0xc6, 0xff, 0x5d, 0x2f, 0xc6, 0xff, 
	0x5d, 0x2f, 0xc6, 0xff, 0x5d, 0x2f, 0xc6, 0xff, 
	0x5d, 0x2f, 0xc6, 0xff, 0x5d, 0x2f, 0xc6, 0xff, 
	0x5d, 0x2f, 0xc6, 0xff, 0x5d, 0x2f, 0xc6, 0xff, 
	0x5d, 0x2f, 0xc6, 0xff, 0x5d, 0x2f, 0xc6, 0xff, 
	0x5d, 0x2f, 0xc6, 0xff, 0x5d, 0x2f, 0xc6, 0xff, 
	0x5d, 0x2f, 0xc6, 0xff, 0x5d, 0x2f, 0xc6, 0xff, 
	0x5d, 0x2f, 0xc6, 0xff, 0x5d, 0x2f, 0xc6, 0xff, 
	0x5d, 0x2f, 0xc6, 0xff, 0x5d, 0x2f, 0xc6, 0xff, 
	0x5d, 0x2f, 0xc6, 0xff, 0x5d, 0x2f, 0xc6, 0xff, 
	0x5d, 0x2f, 0xc6, 0xff, 0x5d, 0x2f, 0xc6, 0xff, 
	0x5d, 0x2f, 0xc6, 0xff, 0x5d, 0x2f, 0xc6, 0xff, 
	0x5d, 0x2f, 0xc6, 0xff, 0x5d, 0x2f, 0xc6, 0xff, 
	0x5d, 0x2f, 0xc6, 0xff, 0x5d, 0x2f, 0xc6, 0xff, 
	0x5d, 0x2f, 0xc6, 0xff, 0x5d, 0x2f, 0xc6, 0xff, 
	0x5d, 0x2f, 0xc6, 0xff, 0x5d, 0x2f, 0xc6, 0xff, 
	0x5d, 0x2f, 0xc6, 0xff, 0x5d, 0x2f, 0xc6, 0xff, 
	0x5d, 0x2f, 0xc6, 0xff, 0x5d, 0x2f, 0xc6, 0xff, 
	0x5d, 0x2f, 0xc6, 0xff, 0x5d, 0x2f, 0xc6, 0xff, 
	0x5d, 0x2f, 0xc6, 0xff, 0x5d, 0x2f, 0xc6, 0xff, 
	0x5d, 0x2f, 0xc6, 0xff, 0x5d, 0x2f, 0xc6, 0xff, 
	0x5d, 0x2f, 0xc6, 0xff, 0x5d, 0x2f, 0xc6, 0xff, 
	0x5d, 0x2f, 0xc6, 0xff, 0x5d, 0x2f, 0xc6, 0xff, 
	0x5d, 0x2f, 0xc6, 0xff, 0x5d, 0x2f, 0xc6, 0xff, 
	0x5d, 0x2f, 0xc6, 0xff, 0x5d, 0x2f, 0xc6, 0xff, 
	0x5d, 0x2f, 0xc6, 0xff, 0x5d, 0x2f, 0xc6, 0xff, 
	0x5d, 0x2f, 0xc6, 0xff, 0x5d, 0x2f, 0xc6, 0xff, 
	0x5d, 0x2f, 0xc6, 0xff, 0x5d, 0x2f, 0xc6, 0xff, 
	0x5d, 0x2f, 0xc6, 0xff, 0x5d, 0x2f, 0xc6, 0xff, 
	0x5d, 0x2f, 0xc6, 0xff, 0x5d, 0x2f, 0xc6, 0xff, 
	0x5d, 0x2f, 0xc6, 0xff, 0x5d, 0x2f, 0xc6, 0xff, 
	0x5d, 0x2f, 0xc6, 0xff, 0x5d, 0x2f, 0xc6, 0xff, 
	0x5d, 0x2f, 0xc6, 0xff, 0x5d, 0x2f, 0xc6, 0xff, 
	0x5d, 0x2f, 0xc6, 0xff, 0x5d, 0x2f, 0xc6, 0xff, 
	0x5d, 0x2f, 0xc6, 0xff, 0x5d, 0x2f, 0xc6, 0xff, 
	0x5d, 0x2f, 0xc6, 0xff, 0x5d, 0x2f, 0xc6, 0xff, 
	0x5d, 0x2f, 0xc6, 0xff, 0x5d, 0x2f, 0xc6, 0xff, 
	0x5d, 0x2f, 0xc6, 0xff, 0x5d, 0x2f, 0xc6, 0xff, 
	0x5d, 0x2f, 0xc6, 0xff, 0x5d, 0x2f, 0xc6, 0xff, 
	0x5d, 0x2f, 0xc6, 0xff, 0x5d, 0x2f, 0xc6, 0xff, 
	0x5d, 0x2f, 0xc6, 0xff, 0x5d, 0x2f, 0xc6, 0xff, 
	0x5d, 0x2f, 0xc6, 0xff, 0x5d, 0x2f, 0xc6, 0xff, 
	0x5d, 0x2f, 0xc6, 0xff, 0x5d, 0x2f, 0xc6, 0xff, 
	0x5d, 0x2e, 0xc6, 0xff, 0x5d, 0x2e, 0xc6, 0xff, 
	0x5d, 0x2e, 0xc6, 0xff, 0x5d, 0x2e, 0xc6, 0xff, 
	0x5f, 0x2d, 0xc6, 0xff, 0x5f, 0x2d, 0xc6, 0xff, 
	0x5f, 0x2d, 0xc6, 0xff, 0x5f, 0x2d, 0xc6, 0xff, 
	0x5f, 0x2d, 0xc6, 0xff, 0x5f, 0x2d, 0xc6, 0xff, 
	0x5f, 0x2d, 0xc6, 0xff, 0x5f, 0x2d, 0xc6, 0xff, 
	0x5a, 0x2c, 0xc6, 0xff, 0x5a, 0x2c, 0xc6, 0xff, 
	0x5a, 0x2c, 0xc6, 0xff, 0x5a, 0x2c, 0xc6, 0xff, 
	0x5a, 0x2c, 0xc6, 0xff, 0x5a, 0x2c, 0xc6, 0xff, 
	0x5a, 0x2c, 0xc6, 0xff, 0x5a, 0x2c, 0xc6, 0xff, 
	0x5a, 0x2c, 0xc6, 0xff, 0x5a, 0x2c, 0xc6, 0xff, 
	0x5a, 0x2c, 0xc6, 0xff, 0x5a, 0x2c, 0xc6, 0xff, 
	0x5d, 0x2d, 0xc6, 0xff, 0x5d, 0x2d, 0xc6, 0xff, 
	0x5d, 0x2d, 0xc6, 0xff, 0x5d, 0x2d, 0xc6, 0xff, 
	0x5d, 0x2f, 0xc5, 0xff, 0x5d, 0x2f, 0xc5, 0xff, 
	0x5d, 0x2f, 0xc5, 0xff, 0x5d, 0x2f, 0xc5, 0xff, 
	0x5d, 0x2f, 0xc5, 0xff, 0x5d, 0x2f, 0xc5, 0xff, 
	0x5d, 0x2f, 0xc5, 0xff, 0x5d, 0x2f, 0xc5, 0xff, 
	0x5d, 0x2f, 0xc5, 0xff, 0x5d, 0x2f, 0xc5, 0xff, 
	0x5d, 0x2f, 0xc5, 0xff, 0x5d, 0x2f, 0xc5, 0xff, 
	0x5d, 0x2f, 0xc5, 0xff, 0x5d, 0x2f, 0xc5, 0xff, 
	0x5d, 0x2f, 0xc5, 0xff, 0x5d, 0x2f, 0xc5, 0xff, 
	0x5d, 0x2f, 0xc5, 0xff, 0x5d, 0x2f, 0xc5, 0xff, 
	0x5d, 0x2f, 0xc5, 0xff, 0x5d, 0x2f, 0xc5, 0xff, 
	0x5d, 0x2f, 0xc5, 0xff, 0x5d, 0x2f, 0xc5, 0xff, 
	0x5d, 0x2f, 0xc5, 0xff, 0x5d, 0x2f, 0xc5, 0xff, 
	0x5d, 0x2f, 0xc5, 0xff, 0x5d, 0x2f, 0xc5, 0xff, 
	0x5d, 0x2f, 0xc5, 0xff, 0x5d, 0x2f, 0xc5, 0xff, 
	0x5d, 0x2f, 0xc5, 0xff, 0x5d, 0x2f, 0xc5, 0xff, 
	0x5d, 0x2f, 0xc5, 0xff, 0x5d, 0x2f, 0xc5, 0xff, 
	0x5d, 0x2f, 0xc5, 0xff, 0x5d, 0x2f, 0xc5, 0xff, 
	0x5d, 0x2f, 0xc5, 0xff, 0x5d, 0x2f, 0xc5, 0xff, 
	0x5d, 0x2f, 0xc5, 0xff, 0x5d, 0x2f, 0xc5, 0xff, 
	0x5d, 0x2f, 0xc5, 0xff, 0x5d, 0x2f, 0xc5, 0xff, 
	0x5d, 0x2f, 0xc5, 0xff, 0x5d, 0x2f, 0xc5, 0xff, 
	0x5d, 0x2f, 0xc5, 0xff, 0x5d, 0x2f, 0xc5, 0xff, 
	0x5d, 0x2f, 0xc5, 0xff, 0x5d, 0x2f, 0xc5, 0xff, 
	0x5d, 0x2f, 0xc5, 0xff, 0x5d, 0x2f, 0xc5, 0xff, 
	0x5d, 0x2f, 0xc5, 0xff, 0x5d, 0x2f, 0xc5, 0xff, 
	0x5d, 0x2f, 0xc5, 0xff, 0x5d, 0x2f, 0xc5, 0xff, 
	0x5d, 0x2f, 0xc6, 0xff, 0x5d, 0x2f, 0xc6, 0xff, 
	0x5d, 0x2f, 0xc6, 0xff, 0x5d, 0x2f, 0xc6, 0xff, 
	0x5d, 0x2f, 0xc6, 0xff, 0x5d, 0x2f, 0xc6, 0xff, 
	0x5d, 0x2f, 0xc6, 0xff, 0x5d, 0x2f, 0xc6, 0xff, 
	0x5d, 0x2f, 0xc6, 0xff, 0x5d, 0x2f, 0xc6, 0xff, 
	0x5d, 0x2f, 0xc6, 0xff, 0x5d, 0x2f, 0xc6, 0xff, 
	0x5d, 0x2f, 0xc6, 0xff, 0x5d, 0x2f, 0xc6, 0xff, 
	0x5d, 0x2f, 0xc6, 0xff, 0x5d, 0x2f, 0xc6, 0xff, 
	0x5d, 0x2f, 0xc6, 0xff, 0x5d, 0x2f, 0xc6, 0xff, 
	0x5d, 0x2f, 0xc6, 0xff, 0x5d, 0x2f, 0xc6, 0xff, 
	0x5d, 0x2f, 0xc6, 0xff, 0x5d, 0x2f, 0xc6, 0xff, 
	0x5d, 0x2f, 0xc6, 0xff, 0x5d, 0x2f, 0xc6, 0xff, 
	0x5d, 0x2f, 0xc6, 0xff, 0x5d, 0x2f, 0xc6, 0xff, 
	0x5d, 0x2f, 0xc6, 0xff, 0x5d, 0x2f, 0xc6, 0xff, 
	0x5d, 0x2f, 0xc6, 0xff, 0x5d, 0x2f, 0xc6, 0xff, 
	0x5d, 0x2f, 0xc6, 0xff, 0x5d, 0x2f, 0xc6, 0xff, 
	0x5d, 0x2f, 0xc6, 0xff, 0x5d, 0x2f, 0xc6, 0xff, 
	0x5d, 0x2f, 0xc6, 0xff, 0x5d, 0x2f, 0xc6, 0xff, 
	0x5d, 0x2f, 0xc6, 0xff, 0x5d, 0x2f, 0xc6, 0xff, 
	0x5d, 0x2f, 0xc6, 0xff, 0x5d, 0x2f, 0xc6, 0xff, 
	0x5d, 0x2f, 0xc6, 0xff, 0x5d, 0x2f, 0xc6, 0xff, 
	0x5d, 0x2f, 0xc6, 0xff, 0x5d, 0x2f, 0xc6, 0xff, 
	0x5d, 0x2f, 0xc6, 0xff, 0x5d, 0x2f, 0xc6, 0xff, 
	0x5d, 0x2f, 0xc6, 0xff, 0x5d, 0x2f, 0xc6, 0xff, 
	0x5d, 0x2e, 0xc6, 0xff, 0x5d, 0x2e, 0xc6, 0xff, 
	0x5d, 0x2e, 0xc6, 0xff, 0x5d, 0x2e, 0xc6, 0xff, 
	0x5f, 0x2d, 0xc6, 0xff, 0x5f, 0x2d, 0xc6, 0xff, 
	0x5f, 0x2d, 0xc6, 0xff, 0x5f, 0x2d, 0xc6, 0xff, 
	0x5f, 0x2d, 0xc6, 0xff, 0x5f, 0x2d, 0xc6, 0xff, 
	0x5f, 0x2d, 0xc6, 0xff, 0x5f, 0x2d, 0xc6, 0xff, 
	0x62, 0x2e, 0xc3, 0xff, 0x62, 0x2e, 0xc3, 0xff, 
	0x62, 0x2e, 0xc3, 0xff, 0x62, 0x2e, 0xc3, 0xff, 
	0x62, 0x2e, 0xc3, 0xff, 0x62, 0x2e, 0xc3, 0xff, 
	0x62, 0x2e, 0xc3, 0xff, 0x62, 0x2e, 0xc3, 0xff, 
	0x5f, 0x2d, 0xc6, 0xff, 0x5f, 0x2d, 0xc6, 0xff, 
	0x5f, 0x2d, 0xc6, 0xff, 0x5f, 0x2d, 0xc6, 0xff, 
	0x5d, 0x2d, 0xc6, 0xff, 0x5d, 0x2d, 0xc6, 0xff, 
	0x5d, 0x2d, 0xc6, 0xff, 0x5d, 0x2d, 0xc6, 0xff, 
	0x5d, 0x2f, 0xc5, 0xff, 0x5d, 0x2f, 0xc5, 0xff, 
	0x5d, 0x2f, 0xc5, 0xff, 0x5d, 0x2f, 0xc5, 0xff, 
	0x5d, 0x2f, 0xc5, 0xff, 0x5d, 0x2f, 0xc5, 0xff, 
	0x5d, 0x2f, 0xc5, 0xff, 0x5d, 0x2f, 0xc5, 0xff, 
	0x5d, 0x2f, 0xc5, 0xff, 0x5d, 0x2f, 0xc5, 0xff, 
	0x5d, 0x2f, 0xc5, 0xff, 0x5d, 0x2f, 0xc5, 0xff, 
	0x5d, 0x2f, 0xc5, 0xff, 0x5d, 0x2f, 0xc5, 0xff, 
	0x5d, 0x2f, 0xc5, 0xff, 0x5d, 0x2f, 0xc5, 0xff, 
	0x5d, 0x2f, 0xc5, 0xff, 0x5d, 0x2f, 0xc5, 0xff, 
	0x5d, 0x2f, 0xc5, 0xff, 0x5d, 0x2f, 0xc5, 0xff, 
	0x5d, 0x2f, 0xc5, 0xff, 0x5d, 0x2f, 0xc5, 0xff, 
	0x5d, 0x2f, 0xc5, 0xff, 0x5d, 0x2f, 0xc5, 0xff, 
	0x5d, 0x2f, 0xc5, 0xff, 0x5d, 0x2f, 0xc5, 0xff, 
	0x5d, 0x2f, 0xc5, 0xff, 0x5d, 0x2f, 0xc5, 0xff, 
	0x5d, 0x2f, 0xc5, 0xff, 0x5d, 0x2f, 0xc5, 0xff, 
	0x5d, 0x2f, 0xc5, 0xff, 0x5d, 0x2f, 0xc5, 0xff, 
	0x5d, 0x2f, 0xc5, 0xff, 0x5d, 0x2f, 0xc5, 0xff, 
	0x5d, 0x2f, 0xc5, 0xff, 0x5d, 0x2f, 0xc5, 0xff, 
	0x5d, 0x2f, 0xc5, 0xff, 0x5d, 0x2f, 0xc5, 0xff, 
	0x5d, 0x2f, 0xc5, 0xff, 0x5d, 0x2f, 0xc5, 0xff, 
	0x5d, 0x2f, 0xc5, 0xff, 0x5d, 0x2f, 0xc5, 0xff, 
	0x5d, 0x2f, 0xc5, 0xff, 0x5d, 0x2f, 0xc5, 0xff, 
	0x5d, 0x2f, 0xc5, 0xff, 0x5d, 0x2f, 0xc5, 0xff, 
	0x5d, 0x2f, 0xc5, 0xff, 0x5d, 0x2f, 0xc5, 0xff, 
	0x5d, 0x2f, 0xc5, 0xff, 0x5d, 0x2f, 0xc5, 0xff, 
	0x5d, 0x2f, 0xc5, 0xff, 0x5d, 0x2f, 0xc5, 0xff, 
	0x5d, 0x2f, 0xc6, 0xff, 0x5d, 0x2f, 0xc6, 0xff, 
	0x5d, 0x2f, 0xc6, 0xff, 0x5d, 0x2f, 0xc6, 0xff, 
	0x5d, 0x2f, 0xc6, 0xff, 0x5d, 0x2f, 0xc6, 0xff, 
	0x5d, 0x2f, 0xc6, 0xff, 0x5d, 0x2f, 0xc6, 0xff, 
	0x5d, 0x2f, 0xc6, 0xff, 0x5d, 0x2f, 0xc6, 0xff, 
	0x5d, 0x2f, 0xc6, 0xff, 0x5d, 0x2f, 0xc6, 0xff, 
	0x5d, 0x2f, 0xc6, 0xff, 0x5d, 0x2f, 0xc6, 0xff, 
	0x5d, 0x2f, 0xc6, 0xff, 0x5d, 0x2f, 0xc6, 0xff, 
	0x5d, 0x2f, 0xc6, 0xff, 0x5d, 0x2f, 0xc6, 0xff, 
	0x5d, 0x2f, 0xc6, 0xff, 0x5d, 0x2f, 0xc6, 0xff, 
	0x5d, 0x2f, 0xc6, 0xff, 0x5d, 0x2f, 0xc6, 0xff, 
	0x5d, 0x2f, 0xc6, 0xff, 0x5d, 0x2f, 0xc6, 0xff, 
	0x5d, 0x2f, 0xc6, 0xff, 0x5d, 0x2f, 0xc6, 0xff, 
	0x5d, 0x2f, 0xc6, 0xff, 0x5d, 0x2f, 0xc6, 0xff, 
	0x5d, 0x2f, 0xc6, 0xff, 0x5d, 0x2f, 0xc6, 0xff, 
	0x5d, 0x2f, 0xc6, 0xff, 0x5d, 0x2f, 0xc6, 0xff, 
	0x5d, 0x2f, 0xc6, 0xff, 0x5d, 0x2f, 0xc6, 0xff, 
	0x5d, 0x2f, 0xc6, 0xff, 0x5d, 0x2f, 0xc6, 0xff, 
	0x5d, 0x2f, 0xc6, 0xff, 0x5d, 0x2f, 0xc6, 0xff, 
	0x5d, 0x2f, 0xc6, 0xff, 0x5d, 0x2f, 0xc6, 0xff, 
	0x5d, 0x2f, 0xc6, 0xff, 0x5d, 0x2f, 0xc6, 0xff, 
	0x5d, 0x2f, 0xc6, 0xff, 0x5d, 0x2f, 0xc6, 0xff, 
	0x5d, 0x2f, 0xc6, 0xff, 0x5d, 0x2f, 0xc6, 0xff, 
	0x5d, 0x2f, 0xc6, 0xff, 0x5d, 0x2f, 0xc6, 0xff, 
	0x5d, 0x2e, 0xc6, 0xff, 0x5d, 0x2e, 0xc6, 0xff, 
	0x5d, 0x2e, 0xc6, 0xff, 0x5d, 0x2e, 0xc6, 0xff, 
	0x5f, 0x2d, 0xc6, 0xff, 0x5f, 0x2d, 0xc6, 0xff, 
	0x5f, 0x2d, 0xc6, 0xff, 0x65, 0x2e, 0xc6, 0xff, 
	0x65, 0x2e, 0xc6, 0xff, 0x65, 0x2e, 0xc6, 0xff, 
	0x65, 0x2e, 0xc6, 0xff, 0x65, 0x2e, 0xc6, 0xff, 
	0x62, 0x2e, 0xc3, 0xff, 0x62, 0x2e, 0xc3, 0xff, 
	0x62, 0x2e, 0xc3, 0xff, 0x62, 0x2e, 0xc3, 0xff, 
	0x62, 0x2e, 0xc3, 0xff, 0x62, 0x2e, 0xc3, 0xff, 
	0x62, 0x2e, 0xc3, 0xff, 0x62, 0x2e, 0xc3, 0xff, 
	0x5f, 0x2d, 0xc6, 0xff, 0x5f, 0x2d, 0xc6, 0xff, 
	0x5f, 0x2d, 0xc6, 0xff, 0x5f, 0x2d, 0xc6, 0xff, 
	0x60, 0x2e, 0xc6, 0xff, 0x60, 0x2e, 0xc6, 0xff, 
	0x60, 0x2e, 0xc6, 0xff, 0x60, 0x2e, 0xc6, 0xff, 
	0x5d, 0x2f, 0xc5, 0xff, 0x5d, 0x2f, 0xc5, 0xff, 
	0x5d, 0x2f, 0xc5, 0xff, 0x5d, 0x2f, 0xc5, 0xff, 
	0x5d, 0x2f, 0xc5, 0xff, 0x5d, 0x2f, 0xc5, 0xff, 
	0x5d, 0x2f, 0xc5, 0xff, 0x5d, 0x2f, 0xc5, 0xff, 
	0x5d, 0x2f, 0xc5, 0xff, 0x5d, 0x2f, 0xc5, 0xff, 
	0x5d, 0x2f, 0xc5, 0xff, 0x5d, 0x2f, 0xc5, 0xff, 
	0x5d, 0x2f, 0xc5, 0xff, 0x5d, 0x2f, 0xc5, 0xff, 
	0x5d, 0x2f, 0xc5, 0xff, 0x5d, 0x2f, 0xc5, 0xff, 
	0x5d, 0x2f, 0xc5, 0xff, 0x5d, 0x2f, 0xc5, 0xff, 
	0x5d, 0x2f, 0xc5, 0xff, 0x5d, 0x2f, 0xc5, 0xff, 
	0x5d, 0x2f, 0xc5, 0xff, 0x5d, 0x2f, 0xc5, 0xff, 
	0x5d, 0x2f, 0xc5, 0xff, 0x5d, 0x2f, 0xc5, 0xff, 
	0x5d, 0x2f, 0xc5, 0xff, 0x5d, 0x2f, 0xc5, 0xff, 
	0x5d, 0x2f, 0xc5, 0xff, 0x5d, 0x2f, 0xc5, 0xff, 
	0x5d, 0x2f, 0xc5, 0xff, 0x5d, 0x2f, 0xc5, 0xff, 
	0x5d, 0x2f, 0xc5, 0xff, 0x5d, 0x2f, 0xc5, 0xff, 
	0x5d, 0x2f, 0xc5, 0xff, 0x5d, 0x2f, 0xc5, 0xff, 
	0x5d, 0x2f, 0xc5, 0xff, 0x5d, 0x2f, 0xc5, 0xff, 
	0x5d, 0x2f, 0xc5, 0xff, 0x5d, 0x2f, 0xc5, 0xff, 
	0x5d, 0x2f, 0xc5, 0xff, 0x5d, 0x2f, 0xc5, 0xff, 
	0x5d, 0x2f, 0xc5, 0xff, 0x5d, 0x2f, 0xc5, 0xff, 
	0x5d, 0x2f, 0xc5, 0xff, 0x5d, 0x2f, 0xc5, 0xff, 
	0x5d, 0x2f, 0xc5, 0xff, 0x5d, 0x2f, 0xc5, 0xff, 
	0x5d, 0x2f, 0xc5, 0xff, 0x5d, 0x2f, 0xc5, 0xff, 
	0x5d, 0x2f, 0xc5, 0xff, 0x5d, 0x2f, 0xc5, 0xff, 
	0x5d, 0x2f, 0xc5, 0xff, 0x5d, 0x2f, 0xc5, 0xff, 
	0x5d, 0x2f, 0xc6, 0xff, 0x5d, 0x2f, 0xc6, 0xff, 
	0x5d, 0x2f, 0xc6, 0xff, 0x5d, 0x2f, 0xc6, 0xff, 
	0x5d, 0x2f, 0xc6, 0xff, 0x5d, 0x2f, 0xc6, 0xff, 
	0x5d, 0x2f, 0xc6, 0xff, 0x5d, 0x2f, 0xc6, 0xff, 
	0x5d, 0x2f, 0xc6, 0xff, 0x5d, 0x2f, 0xc6, 0xff, 
	0x5d, 0x2f, 0xc6, 0xff, 0x5d, 0x2f, 0xc6, 0xff, 
	0x5d, 0x2f, 0xc6, 0xff, 0x5d, 0x2f, 0xc6, 0xff, 
	0x5d, 0x2f, 0xc6, 0xff, 0x5d, 0x2f, 0xc6, 0xff, 
	0x5d, 0x2f, 0xc6, 0xff, 0x5d, 0x2f, 0xc6, 0xff, 
	0x5d, 0x2f, 0xc6, 0xff, 0x5d, 0x2f, 0xc6, 0xff, 
	0x5d, 0x2f, 0xc6, 0xff, 0x5d, 0x2f, 0xc6, 0xff, 
	0x5d, 0x2f, 0xc6, 0xff, 0x5d, 0x2f, 0xc6, 0xff, 
	0x5d, 0x2f, 0xc6, 0xff, 0x5d, 0x2f, 0xc6, 0xff, 
	0x5d, 0x2f, 0xc6, 0xff, 0x5d, 0x2f, 0xc6, 0xff, 
	0x5d, 0x2f, 0xc6, 0xff, 0x5d, 0x2f, 0xc6, 0xff, 
	0x5d, 0x2f, 0xc6, 0xff, 0x5d, 0x2f, 0xc6, 0xff, 
	0x5d, 0x2f, 0xc6, 0xff, 0x5d, 0x2f, 0xc6, 0xff, 
	0x5d, 0x2f, 0xc6, 0xff, 0x5d, 0x2f, 0xc6, 0xff, 
	0x5d, 0x2f, 0xc6, 0xff, 0x5d, 0x2f, 0xc6, 0xff, 
	0x5d, 0x2f, 0xc6, 0xff, 0x5d, 0x2f, 0xc6, 0xff, 
	0x5d, 0x2f, 0xc6, 0xff, 0x5d, 0x2f, 0xc6, 0xff, 
	0x5d, 0x2f, 0xc6, 0xff, 0x5d, 0x2f, 0xc6, 0xff, 
	0x5d, 0x2f, 0xc6, 0xff, 0x5d, 0x2f, 0xc6, 0xff, 
	0x5d, 0x2f, 0xc6, 0xff, 0x5d, 0x2f, 0xc6, 0xff, 
	0x60, 0x2d, 0xc6, 0xff, 0x60, 0x2d, 0xc6, 0xff, 
	0x60, 0x2d, 0xc6, 0xff, 0x63, 0x2c, 0xc6, 0xff, 
	0x65, 0x2e, 0xc6, 0xff, 0x65, 0x2e, 0xc6, 0xff, 
	0x65, 0x2e, 0xc6, 0xff, 0x6b, 0x30, 0xc6, 0xff, 
	0x6b, 0x30, 0xc6, 0xff, 0x6b, 0x30, 0xc6, 0xff, 
	0x6b, 0x30, 0xc6, 0xff, 0x6b, 0x30, 0xc6, 0xff, 
	0x73, 0x34, 0xbd, 0xff, 0x73, 0x34, 0xbd, 0xff, 
	0x6a, 0x31, 0xc0, 0xff, 0x6a, 0x31, 0xc0, 0xff, 
	0x73, 0x34, 0xbd, 0xff, 0x73, 0x34, 0xbd, 0xff, 
	0x6a, 0x31, 0xc0, 0xff, 0x6a, 0x31, 0xc0, 0xff, 
	0x6b, 0x30, 0xc6, 0xff, 0x6b, 0x30, 0xc6, 0xff, 
	0x65, 0x2e, 0xc6, 0xff, 0x65, 0x2e, 0xc6, 0xff, 
	0x63, 0x30, 0xc6, 0xff, 0x63, 0x30, 0xc6, 0xff, 
	0x63, 0x30, 0xc6, 0xff, 0x63, 0x30, 0xc6, 0xff, 
	0x5d, 0x2f, 0xc5, 0xff, 0x5d, 0x2f, 0xc5, 0xff, 
	0x5d, 0x2f, 0xc5, 0xff, 0x5d, 0x2f, 0xc5, 0xff, 
	0x5d, 0x2f, 0xc5, 0xff, 0x5d, 0x2f, 0xc5, 0xff, 
	0x5d, 0x2f, 0xc5, 0xff, 0x5d, 0x2f, 0xc5, 0xff, 
	0x5d, 0x2f, 0xc5, 0xff, 0x5d, 0x2f, 0xc5, 0xff, 
	0x5d, 0x2f, 0xc5, 0xff, 0x5d, 0x2f, 0xc5, 0xff, 
	0x5d, 0x2f, 0xc5, 0xff, 0x5d, 0x2f, 0xc5, 0xff, 
	0x5d, 0x2f, 0xc5, 0xff, 0x5d, 0x2f, 0xc5, 0xff, 
	0x5d, 0x2f, 0xc5, 0xff, 0x5d, 0x2f, 0xc5, 0xff, 
	0x5d, 0x2f, 0xc5, 0xff, 0x5d, 0x2f, 0xc5, 0xff, 
	0x5d, 0x2f, 0xc5, 0xff, 0x5d, 0x2f, 0xc5, 0xff, 
	0x5d, 0x2f, 0xc5, 0xff, 0x5d, 0x2f, 0xc5, 0xff, 
	0x5d, 0x2f, 0xc5, 0xff, 0x5d, 0x2f, 0xc5, 0xff, 
	0x5d, 0x2f, 0xc5, 0xff, 0x5d, 0x2f, 0xc5, 0xff, 
	0x5d, 0x2f, 0xc5, 0xff, 0x5d, 0x2f, 0xc5, 0xff, 
	0x5d, 0x2f, 0xc5, 0xff, 0x5d, 0x2f, 0xc5, 0xff, 
	0x5d, 0x2f, 0xc5, 0xff, 0x5d, 0x2f, 0xc5, 0xff, 
	0x5d, 0x2f, 0xc5, 0xff, 0x5d, 0x2f, 0xc5, 0xff, 
	0x5d, 0x2f, 0xc5, 0xff, 0x5d, 0x2f, 0xc5, 0xff, 
	0x5d, 0x2f, 0xc5, 0xff, 0x5d, 0x2f, 0xc5, 0xff, 
	0x5d, 0x2f, 0xc5, 0xff, 0x5d, 0x2f, 0xc5, 0xff, 
	0x5d, 0x2f, 0xc5, 0xff, 0x5d, 0x2f, 0xc5, 0xff, 
	0x5d, 0x2f, 0xc5, 0xff, 0x5d, 0x2f, 0xc5, 0xff, 
	0x5d, 0x2f, 0xc5, 0xff, 0x5d, 0x2f, 0xc5, 0xff, 
	0x5d, 0x2f, 0xc5, 0xff, 0x5d, 0x2f, 0xc5, 0xff, 
	0x5d, 0x2f, 0xc5, 0xff, 0x5d, 0x2f, 0xc5, 0xff, 
	0x5d, 0x2f, 0xc5, 0xff, 0x5d, 0x2f, 0xc5, 0xff, 
	0x5d, 0x2f, 0xc5, 0xff, 0x5d, 0x2f, 0xc5, 0xff, 
	0x5d, 0x2f, 0xc5, 0xff, 0x5d, 0x2f, 0xc5, 0xff, 
	0x5d, 0x2f, 0xc5, 0xff, 0x5d, 0x2f, 0xc5, 0xff, 
	0x5d, 0x2f, 0xc5, 0xff, 0x5d, 0x2f, 0xc5, 0xff, 
	0x5d, 0x2f, 0xc5, 0xff, 0x5d, 0x2f, 0xc5, 0xff, 
	0x5d, 0x2f, 0xc5, 0xff, 0x5d, 0x2f, 0xc5, 0xff, 
	0x5d, 0x2f, 0xc5, 0xff, 0x5d, 0x2f, 0xc5, 0xff, 
	0x5d, 0x2f, 0xc5, 0xff, 0x5d, 0x2f, 0xc5, 0xff, 
	0x5d, 0x2f, 0xc5, 0xff, 0x5d, 0x2f, 0xc5, 0xff, 
	0x5d, 0x2f, 0xc5, 0xff, 0x5d, 0x2f, 0xc5, 0xff, 
	0x5d, 0x2f, 0xc5, 0xff, 0x5d, 0x2f, 0xc5, 0xff, 
	0x5d, 0x2f, 0xc5, 0xff, 0x5d, 0x2f, 0xc5, 0xff, 
	0x5d, 0x2f, 0xc5, 0xff, 0x5d, 0x2f, 0xc5, 0xff, 
	0x5d, 0x2f, 0xc5, 0xff, 0x5d, 0x2f, 0xc5, 0xff, 
	0x5d, 0x2f, 0xc5, 0xff, 0x5d, 0x2f, 0xc5, 0xff, 
	0x5d, 0x2f, 0xc6, 0xff, 0x5d, 0x2f, 0xc6, 0xff, 
	0x5d, 0x2f, 0xc6, 0xff, 0x5d, 0x2f, 0xc6, 0xff, 
	0x5f, 0x2d, 0xc6, 0xff, 0x5f, 0x2d, 0xc6, 0xff, 
	0x5f, 0x2d, 0xc6, 0xff, 0x5f, 0x2d, 0xc6, 0xff, 
	0x63, 0x2c, 0xc6, 0xff, 0x63, 0x2c, 0xc6, 0xff, 
	0x63, 0x2c, 0xc6, 0xff, 0x63, 0x2c, 0xc6, 0xff, 
	0x6b, 0x30, 0xc6, 0xff, 0x6b, 0x30, 0xc6, 0xff, 
	0x6b, 0x30, 0xc6, 0xff, 0x6b, 0x30, 0xc6, 0xff, 
	0x6b, 0x2c, 0xc6, 0xff, 0x6b, 0x2c, 0xc6, 0xff, 
	0x6b, 0x2c, 0xc6, 0xff, 0x6b, 0x2c, 0xc6, 0xff, 
	0x73, 0x2c, 0xc6, 0xff, 0x73, 0x2c, 0xc6, 0xff, 
	0x73, 0x2c, 0xc6, 0xff, 0x73, 0x2c, 0xc6, 0xff, 
	0x84, 0x30, 0xbd, 0xff, 0x84, 0x30, 0xbd, 0xff, 
	0x84, 0x30, 0xbd, 0xff, 0x84, 0x30, 0xbd, 0xff, 
	0x8c, 0x34, 0xbd, 0xff, 0x8c, 0x34, 0xbd, 0xff, 
	0x8c, 0x34, 0xbd, 0xff, 0x8c, 0x34, 0xbd, 0xff, 
	0x84, 0x38, 0xbd, 0xff, 0x84, 0x38, 0xbd, 0xff, 
	0x84, 0x38, 0xbd, 0xff, 0x84, 0x38, 0xbd, 0xff, 
	0x73, 0x30, 0xbd, 0xff, 0x73, 0x30, 0xbd, 0xff, 
	0x73, 0x30, 0xbd, 0xff, 0x73, 0x30, 0xbd, 0xff, 
	0x6b, 0x30, 0xc6, 0xff, 0x6b, 0x30, 0xc6, 0xff, 
	0x6b, 0x30, 0xc6, 0xff, 0x6b, 0x30, 0xc6, 0xff, 
	0x63, 0x30, 0xc6, 0xff, 0x63, 0x30, 0xc6, 0xff, 
	0x63, 0x30, 0xc6, 0xff, 0x63, 0x30, 0xc6, 0xff, 
	0x63, 0x30, 0xc6, 0xff, 0x63, 0x30, 0xc6, 0xff, 
	0x63, 0x30, 0xc6, 0xff, 0x63, 0x30, 0xc6, 0xff, 
	0x5f, 0x2e, 0xc6, 0xff, 0x5f, 0x2e, 0xc6, 0xff, 
	0x5f, 0x2e, 0xc6, 0xff, 0x5f, 0x2e, 0xc6, 0xff, 
	0x5d, 0x2e, 0xc6, 0xff, 0x5d, 0x2e, 0xc6, 0xff, 
	0x5d, 0x2e, 0xc6, 0xff, 0x5d, 0x2e, 0xc6, 0xff, 
	0x5d, 0x2f, 0xc5, 0xff, 0x5d, 0x2f, 0xc5, 0xff, 
	0x5d, 0x2f, 0xc5, 0xff, 0x5d, 0x2f, 0xc5, 0xff, 
	0x5d, 0x2f, 0xc5, 0xff, 0x5d, 0x2f, 0xc5, 0xff, 
	0x5d, 0x2f, 0xc5, 0xff, 0x5d, 0x2f, 0xc5, 0xff, 
	0x5d, 0x2f, 0xc5, 0xff, 0x5d, 0x2f, 0xc5, 0xff, 
	0x5d, 0x2f, 0xc5, 0xff, 0x5d, 0x2f, 0xc5, 0xff, 
	0x5d, 0x2f, 0xc5, 0xff, 0x5d, 0x2f, 0xc5, 0xff, 
	0x5d, 0x2f, 0xc5, 0xff, 0x5d, 0x2f, 0xc5, 0xff, 
	0x5d, 0x2f, 0xc5, 0xff, 0x5d, 0x2f, 0xc5, 0xff, 
	0x5d, 0x2f, 0xc5, 0xff, 0x5d, 0x2f, 0xc5, 0xff, 
	0x5d, 0x2f, 0xc5, 0xff, 0x5d, 0x2f, 0xc5, 0xff, 
	0x5d, 0x2f, 0xc5, 0xff, 0x5d, 0x2f, 0xc5, 0xff, 
	0x5d, 0x2f, 0xc5, 0xff, 0x5d, 0x2f, 0xc5, 0xff, 
	0x5d, 0x2f, 0xc5, 0xff, 0x5d, 0x2f, 0xc5, 0xff, 
	0x5d, 0x2f, 0xc5, 0xff, 0x5d, 0x2f, 0xc5, 0xff, 
	0x5d, 0x2f, 0xc5, 0xff, 0x5d, 0x2f, 0xc5, 0xff, 
	0x5d, 0x2f, 0xc5, 0xff, 0x5d, 0x2f, 0xc5, 0xff, 
	0x5d, 0x2f, 0xc5, 0xff, 0x5d, 0x2f, 0xc5, 0xff, 
	0x5d, 0x2f, 0xc5, 0xff, 0x5d, 0x2f, 0xc5, 0xff, 
	0x5d, 0x2f, 0xc5, 0xff, 0x5d, 0x2f, 0xc5, 0xff, 
	0x5d, 0x2f, 0xc5, 0xff, 0x5d, 0x2f, 0xc5, 0xff, 
	0x5d, 0x2f, 0xc5, 0xff, 0x5d, 0x2f, 0xc5, 0xff, 
	0x5d, 0x2f, 0xc5, 0xff, 0x5d, 0x2f, 0xc5, 0xff, 
	0x5d, 0x2f, 0xc5, 0xff, 0x5d, 0x2f, 0xc5, 0xff, 
	0x5d, 0x2f, 0xc5, 0xff, 0x5d, 0x2f, 0xc5, 0xff, 
	0x5d, 0x2f, 0xc5, 0xff, 0x5d, 0x2f, 0xc5, 0xff, 
	0x5d, 0x2f, 0xc5, 0xff, 0x5d, 0x2f, 0xc5, 0xff, 
	0x5d, 0x2f, 0xc5, 0xff, 0x5d, 0x2f, 0xc5, 0xff, 
	0x5d, 0x2f, 0xc5, 0xff, 0x5d, 0x2f, 0xc5, 0xff, 
	0x5d, 0x2f, 0xc5, 0xff, 0x5d, 0x2f, 0xc5, 0xff, 
	0x5d, 0x2f, 0xc5, 0xff, 0x5d, 0x2f, 0xc5, 0xff, 
	0x5d, 0x2f, 0xc5, 0xff, 0x5d, 0x2f, 0xc5, 0xff, 
	0x5d, 0x2f, 0xc5, 0xff, 0x5d, 0x2f, 0xc5, 0xff, 
	0x5d, 0x2f, 0xc5, 0xff, 0x5d, 0x2f, 0xc5, 0xff, 
	0x5d, 0x2f, 0xc6, 0xff, 0x5d, 0x2f, 0xc6, 0xff, 
	0x5d, 0x2f, 0xc6, 0xff, 0x5d, 0x2f, 0xc6, 0xff, 
	0x5f, 0x2d, 0xc6, 0xff, 0x5f, 0x2d, 0xc6, 0xff, 
	0x5f, 0x2d, 0xc6, 0xff, 0x5f, 0x2d, 0xc6, 0xff, 
	0x63, 0x2c, 0xc6, 0xff, 0x63, 0x2c, 0xc6, 0xff, 
	0x63, 0x2c, 0xc6, 0xff, 0x63, 0x2c, 0xc6, 0xff, 
	0x6b, 0x30, 0xc6, 0xff, 0x6b, 0x30, 0xc6, 0xff, 
	0x6b, 0x30, 0xc6, 0xff, 0x6b, 0x30, 0xc6, 0xff, 
	0x6b, 0x2c, 0xc6, 0xff, 0x83, 0x39, 0xb8, 0xff, 
	0x83, 0x39, 0xb8, 0xff, 0x83, 0x39, 0xb8, 0xff, 
	0x8e, 0x3f, 0xb2, 0xff, 0x8e, 0x3f, 0xb2, 0xff, 
	0x8e, 0x3f, 0xb2, 0xff, 0x8e, 0x3f, 0xb2, 0xff, 
	0x9f, 0x47, 0xa7, 0xff, 0x9f, 0x47, 0xa7, 0xff, 
	0x9f, 0x47, 0xa7, 0xff, 0x9f, 0x47, 0xa7, 0xff, 
	0xa7, 0x4b, 0xa4, 0xff, 0xa7, 0x4b, 0xa4, 0xff, 
	0xa7, 0x4b, 0xa4, 0xff, 0xa7, 0x4b, 0xa4, 0xff, 
	0xa2, 0x4c, 0xa7, 0xff, 0xa2, 0x4c, 0xa7, 0xff, 
	0xa2, 0x4c, 0xa7, 0xff, 0xa2, 0x4c, 0xa7, 0xff, 
	0x91, 0x41, 0xac, 0xff, 0x91, 0x41, 0xac, 0xff, 
	0x91, 0x41, 0xac, 0xff, 0x91, 0x41, 0xac, 0xff, 
	0x86, 0x3b, 0xb8, 0xff, 0x86, 0x3b, 0xb8, 0xff, 
	0x86, 0x3b, 0xb8, 0xff, 0x86, 0x3b, 0xb8, 0xff, 
	0x7b, 0x37, 0xbd, 0xff, 0x7b, 0x37, 0xbd, 0xff, 
	0x7b, 0x37, 0xbd, 0xff, 0x7b, 0x37, 0xbd, 0xff, 
	0x73, 0x32, 0xc0, 0xff, 0x63, 0x30, 0xc6, 0xff, 
	0x63, 0x30, 0xc6, 0xff, 0x63, 0x30, 0xc6, 0xff, 
	0x5f, 0x2e, 0xc6, 0xff, 0x5f, 0x2e, 0xc6, 0xff, 
	0x5f, 0x2e, 0xc6, 0xff, 0x5f, 0x2e, 0xc6, 0xff, 
	0x5d, 0x2e, 0xc6, 0xff, 0x5d, 0x2e, 0xc6, 0xff, 
	0x5d, 0x2e, 0xc6, 0xff, 0x5d, 0x2e, 0xc6, 0xff, 
	0x5d, 0x2f, 0xc5, 0xff, 0x5d, 0x2f, 0xc5, 0xff, 
	0x5d, 0x2f, 0xc5, 0xff, 0x5d, 0x2f, 0xc5, 0xff, 
	0x5d, 0x2f, 0xc5, 0xff, 0x5d, 0x2f, 0xc5, 0xff, 
	0x5d, 0x2f, 0xc5, 0xff, 0x5d, 0x2f, 0xc5, 0xff, 
	0x5d, 0x2f, 0xc5, 0xff, 0x5d, 0x2f, 0xc5, 0xff, 
	0x5d, 0x2f, 0xc5, 0xff, 0x5d, 0x2f, 0xc5, 0xff, 
	0x5d, 0x2f, 0xc5, 0xff, 0x5d, 0x2f, 0xc5, 0xff, 
	0x5d, 0x2f, 0xc5, 0xff, 0x5d, 0x2f, 0xc5, 0xff, 
	0x5d, 0x2f, 0xc5, 0xff, 0x5d, 0x2f, 0xc5, 0xff, 
	0x5d, 0x2f, 0xc5, 0xff, 0x5d, 0x2f, 0xc5, 0xff, 
	0x5d, 0x2f, 0xc5, 0xff, 0x5d, 0x2f, 0xc5, 0xff, 
	0x5d, 0x2f, 0xc5, 0xff, 0x5d, 0x2f, 0xc5, 0xff, 
	0x5d, 0x2f, 0xc5, 0xff, 0x5d, 0x2f, 0xc5, 0xff, 
	0x5d, 0x2f, 0xc5, 0xff, 0x5d, 0x2f, 0xc5, 0xff, 
	0x5d, 0x2f, 0xc5, 0xff, 0x5d, 0x2f, 0xc5, 0xff, 
	0x5d, 0x2f, 0xc5, 0xff, 0x5d, 0x2f, 0xc5, 0xff, 
	0x5d, 0x2f, 0xc5, 0xff, 0x5d, 0x2f, 0xc5, 0xff, 
	0x5d, 0x2f, 0xc5, 0xff, 0x5d, 0x2f, 0xc5, 0xff, 
	0x5d, 0x2f, 0xc5, 0xff, 0x5d, 0x2f, 0xc5, 0xff, 
	0x5d, 0x2f, 0xc5, 0xff, 0x5d, 0x2f, 0xc5, 0xff, 
	0x5d, 0x2f, 0xc5, 0xff, 0x5d, 0x2f, 0xc5, 0xff, 
	0x5d, 0x2f, 0xc5, 0xff, 0x5d, 0x2f, 0xc5, 0xff, 
	0x5d, 0x2f, 0xc5, 0xff, 0x5d, 0x2f, 0xc5, 0xff, 
	0x5d, 0x2f, 0xc5, 0xff, 0x5d, 0x2f, 0xc5, 0xff, 
	0x5d, 0x2f, 0xc5, 0xff, 0x5d, 0x2f, 0xc5, 0xff, 
	0x5d, 0x2f, 0xc5, 0xff, 0x5d, 0x2f, 0xc5, 0xff, 
	0x5d, 0x2f, 0xc5, 0xff, 0x5d, 0x2f, 0xc5, 0xff, 
	0x5d, 0x2f, 0xc5, 0xff, 0x5d, 0x2f, 0xc5, 0xff, 
	0x5d, 0x2f, 0xc5, 0xff, 0x5d, 0x2f, 0xc5, 0xff, 
	0x5d, 0x2f, 0xc5, 0xff, 0x5d, 0x2f, 0xc5, 0xff, 
	0x5d, 0x2f, 0xc5, 0xff, 0x5d, 0x2f, 0xc5, 0xff, 
	0x5d, 0x2f, 0xc5, 0xff, 0x5d, 0x2f, 0xc5, 0xff, 
	0x5d, 0x2f, 0xc5, 0xff, 0x5d, 0x2f, 0xc5, 0xff, 
	0x5d, 0x2f, 0xc5, 0xff, 0x5d, 0x2f, 0xc5, 0xff, 
	0x5d, 0x2f, 0xc6, 0xff, 0x5d, 0x2f, 0xc6, 0xff, 
	0x5d, 0x2f, 0xc6, 0xff, 0x5d, 0x2f, 0xc6, 0xff, 
	0x5f, 0x2d, 0xc6, 0xff, 0x5f, 0x2d, 0xc6, 0xff, 
	0x5f, 0x2d, 0xc6, 0xff, 0x65, 0x2e, 0xc6, 0xff, 
	0x6e, 0x30, 0xc3, 0xff, 0x6e, 0x30, 0xc3, 0xff, 
	0x6e, 0x30, 0xc3, 0xff, 0x79, 0x34, 0xc0, 0xff, 
	0x7e, 0x38, 0xbb, 0xff, 0x7e, 0x38, 0xbb, 0xff, 
	0x7e, 0x38, 0xbb, 0xff, 0x7e, 0x38, 0xbb, 0xff, 
	0x83, 0x39, 0xb8, 0xff, 0x9c, 0x47, 0xaa, 0xff, 
	0x9c, 0x47, 0xaa, 0xff, 0x9c, 0x47, 0xaa, 0xff, 
	0xaa, 0x52, 0x9f, 0xff, 0xaa, 0x52, 0x9f, 0xff, 
	0xaa, 0x52, 0x9f, 0xff, 0xaa, 0x52, 0x9f, 0xff, 
	0xba, 0x5e, 0x91, 0xff, 0xba, 0x5e, 0x91, 0xff, 
	0xba, 0x5e, 0x91, 0xff, 0xba, 0x5e, 0x91, 0xff, 
	0xc2, 0x62, 0x8b, 0xff, 0xc2, 0x62, 0x8b, 0xff, 
	0xc2, 0x62, 0x8b, 0xff, 0xc2, 0x62, 0x8b, 0xff, 
	0xc0, 0x60, 0x91, 0xff, 0xc0, 0x60, 0x91, 0xff, 
	0xc0, 0x60, 0x91, 0xff, 0xc0, 0x60, 0x91, 0xff, 
	0xaf, 0x53, 0x9c, 0xff, 0xaf, 0x53, 0x9c, 0xff, 
	0xaf, 0x53, 0x9c, 0xff, 0xaf, 0x53, 0x9c, 0xff, 
	0xa1, 0x46, 0xaa, 0xff, 0xa1, 0x46, 0xaa, 0xff, 
	0xa1, 0x46, 0xaa, 0xff, 0xa1, 0x46, 0xaa, 0xff, 
	0x94, 0x3e, 0xb5, 0xff, 0x94, 0x3e, 0xb5, 0xff, 
	0x94, 0x3e, 0xb5, 0xff, 0x7b, 0x37, 0xbd, 0xff, 
	0x83, 0x35, 0xba, 0xff, 0x73, 0x32, 0xc0, 0xff, 
	0x73, 0x32, 0xc0, 0xff, 0x73, 0x32, 0xc0, 0xff, 
	0x6d, 0x2d, 0xc6, 0xff, 0x5f, 0x2e, 0xc6, 0xff, 
	0x5f, 0x2e, 0xc6, 0xff, 0x5f, 0x2e, 0xc6, 0xff, 
	0x5d, 0x2e, 0xc6, 0xff, 0x5d, 0x2e, 0xc6, 0xff, 
	0x5d, 0x2e, 0xc6, 0xff, 0x5d, 0x2e, 0xc6, 0xff, 
	0x5d, 0x2f, 0xc5, 0xff, 0x5d, 0x2f, 0xc5, 0xff, 
	0x5d, 0x2f, 0xc5, 0xff, 0x5d, 0x2f, 0xc5, 0xff, 
	0x5d, 0x2f, 0xc5, 0xff, 0x5d, 0x2f, 0xc5, 0xff, 
	0x5d, 0x2f, 0xc5, 0xff, 0x5d, 0x2f, 0xc5, 0xff, 
	0x5d, 0x2f, 0xc5, 0xff, 0x5d, 0x2f, 0xc5, 0xff, 
	0x5d, 0x2f, 0xc5, 0xff, 0x5d, 0x2f, 0xc5, 0xff, 
	0x5d, 0x2f, 0xc5, 0xff, 0x5d, 0x2f, 0xc5, 0xff, 
	0x5d, 0x2f, 0xc5, 0xff, 0x5d, 0x2f, 0xc5, 0xff, 
	0x5d, 0x2f, 0xc5, 0xff, 0x5d, 0x2f, 0xc5, 0xff, 
	0x5d, 0x2f, 0xc5, 0xff, 0x5d, 0x2f, 0xc5, 0xff, 
	0x5d, 0x2f, 0xc5, 0xff, 0x5d, 0x2f, 0xc5, 0xff, 
	0x5d, 0x2f, 0xc5, 0xff, 0x5d, 0x2f, 0xc5, 0xff, 
	0x5d, 0x2f, 0xc5, 0xff, 0x5d, 0x2f, 0xc5, 0xff, 
	0x5d, 0x2f, 0xc5, 0xff, 0x5d, 0x2f, 0xc5, 0xff, 
	0x5d, 0x2f, 0xc5, 0xff, 0x5d, 0x2f, 0xc5, 0xff, 
	0x5d, 0x2f, 0xc5, 0xff, 0x5d, 0x2f, 0xc5, 0xff, 
	0x5d, 0x2f, 0xc5, 0xff, 0x5d, 0x2f, 0xc5, 0xff, 
	0x5d, 0x2f, 0xc5, 0xff, 0x5d, 0x2f, 0xc5, 0xff, 
	0x5d, 0x2f, 0xc5, 0xff, 0x5d, 0x2f, 0xc5, 0xff, 
	0x5d, 0x2f, 0xc5, 0xff, 0x5d, 0x2f, 0xc5, 0xff, 
	0x5d, 0x2f, 0xc5, 0xff, 0x5d, 0x2f, 0xc5, 0xff, 
	0x5d, 0x2f, 0xc5, 0xff, 0x5d, 0x2f, 0xc5, 0xff, 
	0x5d, 0x2f, 0xc5, 0xff, 0x5d, 0x2f, 0xc5, 0xff, 
	0x5d, 0x2f, 0xc5, 0xff, 0x5d, 0x2f, 0xc5, 0xff, 
	0x5d, 0x2f, 0xc5, 0xff, 0x5d, 0x2f, 0xc5, 0xff, 
	0x5d, 0x2f, 0xc5, 0xff, 0x5d, 0x2f, 0xc5, 0xff, 
	0x5d, 0x2f, 0xc5, 0xff, 0x5d, 0x2f, 0xc5, 0xff, 
	0x5d, 0x2f, 0xc5, 0xff, 0x5d, 0x2f, 0xc5, 0xff, 
	0x5d, 0x2f, 0xc5, 0xff, 0x5d, 0x2f, 0xc5, 0xff, 
	0x5d, 0x2f, 0xc5, 0xff, 0x5d, 0x2f, 0xc5, 0xff, 
	0x5d, 0x2f, 0xc5, 0xff, 0x5d, 0x2f, 0xc5, 0xff, 
	0x5d, 0x2f, 0xc5, 0xff, 0x5d, 0x2f, 0xc5, 0xff, 
	0x5d, 0x2f, 0xc5, 0xff, 0x5d, 0x2f, 0xc5, 0xff, 
	0x5d, 0x2f, 0xc5, 0xff, 0x5d, 0x2f, 0xc5, 0xff, 
	0x5d, 0x2f, 0xc6, 0xff, 0x5d, 0x2f, 0xc6, 0xff, 
	0x5d, 0x2f, 0xc6, 0xff, 0x5d, 0x2f, 0xc6, 0xff, 
	0x65, 0x2e, 0xc6, 0xff, 0x65, 0x2e, 0xc6, 0xff, 
	0x65, 0x2e, 0xc6, 0xff, 0x6b, 0x30, 0xc6, 0xff, 
	0x79, 0x34, 0xc0, 0xff, 0x79, 0x34, 0xc0, 0xff, 
	0x84, 0x38, 0xbd, 0xff, 0x84, 0x38, 0xbd, 0xff, 
	0x91, 0x40, 0xb0, 0xff, 0x91, 0x40, 0xb0, 0xff, 
	0xa5, 0x49, 0xa5, 0xff, 0xa5, 0x49, 0xa5, 0xff, 
	0xb5, 0x55, 0x9c, 0xff, 0xb5, 0x55, 0x9c, 0xff, 
	0xb5, 0x55, 0x9c, 0xff, 0xb5, 0x55, 0x9c, 0xff, 
	0xc6, 0x65, 0x8c, 0xff, 0xc6, 0x65, 0x8c, 0xff, 
	0xc6, 0x65, 0x8c, 0xff, 0xc6, 0x65, 0x8c, 0xff, 
	0xd6, 0x75, 0x7b, 0xff, 0xd6, 0x75, 0x7b, 0xff, 
	0xd6, 0x75, 0x7b, 0xff, 0xd6, 0x75, 0x7b, 0xff, 
	0xde, 0x79, 0x73, 0xff, 0xde, 0x79, 0x73, 0xff, 
	0xde, 0x79, 0x73, 0xff, 0xde, 0x79, 0x73, 0xff, 
	0xde, 0x75, 0x7b, 0xff, 0xde, 0x75, 0x7b, 0xff, 
	0xde, 0x75, 0x7b, 0xff, 0xde, 0x75, 0x7b, 0xff, 
	0xce, 0x65, 0x8c, 0xff, 0xce, 0x65, 0x8c, 0xff, 
	0xce, 0x65, 0x8c, 0xff, 0xce, 0x65, 0x8c, 0xff, 
	0xbd, 0x51, 0x9c, 0xff, 0xbd, 0x51, 0x9c, 0xff, 
	0xbd, 0x51, 0x9c, 0xff, 0xbd, 0x51, 0x9c, 0xff, 
	0xad, 0x45, 0xad, 0xff, 0xad, 0x45, 0xad, 0xff, 
	0xad, 0x45, 0xad, 0xff, 0xad, 0x45, 0xad, 0xff, 
	0x94, 0x38, 0xb5, 0xff, 0x94, 0x38, 0xb5, 0xff, 
	0x83, 0x35, 0xba, 0xff, 0x83, 0x35, 0xba, 0xff, 
	0x7b, 0x2c, 0xc6, 0xff, 0x6d, 0x2d, 0xc6, 0xff, 
	0x6d, 0x2d, 0xc6, 0xff, 0x6d, 0x2d, 0xc6, 0xff, 
	0x63, 0x2c, 0xc6, 0xff, 0x60, 0x2d, 0xc6, 0xff, 
	0x5d, 0x2e, 0xc6, 0xff, 0x5d, 0x2e, 0xc6, 0xff, 
	0x5d, 0x2f, 0xc5, 0xff, 0x5d, 0x2f, 0xc5, 0xff, 
	0x5d, 0x2f, 0xc5, 0xff, 0x5d, 0x2f, 0xc5, 0xff, 
	0x5d, 0x2f, 0xc5, 0xff, 0x5d, 0x2f, 0xc5, 0xff, 
	0x5d, 0x2f, 0xc5, 0xff, 0x5d, 0x2f, 0xc5, 0xff, 
	0x5d, 0x2f, 0xc5, 0xff, 0x5d, 0x2f, 0xc5, 0xff, 
	0x5d, 0x2f, 0xc5, 0xff, 0x5d, 0x2f, 0xc5, 0xff, 
	0x5d, 0x2f, 0xc5, 0xff, 0x5d, 0x2f, 0xc5, 0xff, 
	0x5d, 0x2f, 0xc5, 0xff, 0x5d, 0x2f, 0xc5, 0xff, 
	0x5d, 0x2f, 0xc5, 0xff, 0x5d, 0x2f, 0xc5, 0xff, 
	0x5d, 0x2f, 0xc5, 0xff, 0x5d, 0x2f, 0xc5, 0xff, 
	0x5d, 0x2f, 0xc5, 0xff, 0x5d, 0x2f, 0xc5, 0xff, 
	0x5d, 0x2f, 0xc5, 0xff, 0x5d, 0x2f, 0xc5, 0xff, 
	0x5d, 0x2f, 0xc5, 0xff, 0x5d, 0x2f, 0xc5, 0xff, 
	0x5d, 0x2f, 0xc5, 0xff, 0x5d, 0x2f, 0xc5, 0xff, 
	0x5d, 0x2f, 0xc5, 0xff, 0x5d, 0x2f, 0xc5, 0xff, 
	0x5d, 0x2f, 0xc5, 0xff, 0x5d, 0x2f, 0xc5, 0xff, 
	0x5d, 0x2f, 0xc5, 0xff, 0x5d, 0x2f, 0xc5, 0xff, 
	0x5d, 0x2f, 0xc5, 0xff, 0x5d, 0x2f, 0xc5, 0xff, 
	0x5d, 0x2f, 0xc5, 0xff, 0x5d, 0x2f, 0xc5, 0xff, 
	0x5d, 0x2f, 0xc5, 0xff, 0x5d, 0x2f, 0xc5, 0xff, 
	0x5d, 0x2f, 0xc5, 0xff, 0x5d, 0x2f, 0xc5, 0xff, 
	0x5d, 0x2f, 0xc5, 0xff, 0x5d, 0x2f, 0xc5, 0xff, 
	0x5d, 0x2f, 0xc5, 0xff, 0x5d, 0x2f, 0xc5, 0xff, 
	0x5d, 0x2f, 0xc5, 0xff, 0x5d, 0x2f, 0xc5, 0xff, 
	0x5d, 0x2f, 0xc5, 0xff, 0x5d, 0x2f, 0xc5, 0xff, 
	0x5d, 0x2f, 0xc5, 0xff, 0x5d, 0x2f, 0xc5, 0xff, 
	0x5d, 0x2f, 0xc5, 0xff, 0x5d, 0x2f, 0xc5, 0xff, 
	0x5d, 0x2f, 0xc5, 0xff, 0x5d, 0x2f, 0xc5, 0xff, 
	0x5d, 0x2f, 0xc5, 0xff, 0x5d, 0x2f, 0xc5, 0xff, 
	0x5d, 0x2f, 0xc5, 0xff, 0x5d, 0x2f, 0xc5, 0xff, 
	0x5d, 0x2f, 0xc5, 0xff, 0x5d, 0x2f, 0xc5, 0xff, 
	0x5d, 0x2f, 0xc5, 0xff, 0x5d, 0x2f, 0xc5, 0xff, 
	0x5f, 0x2e, 0xc3, 0xff, 0x5f, 0x2e, 0xc3, 0xff, 
	0x5f, 0x2e, 0xc3, 0xff, 0x5f, 0x2e, 0xc3, 0xff, 
	0x63, 0x30, 0xc6, 0xff, 0x63, 0x30, 0xc6, 0xff, 
	0x63, 0x30, 0xc6, 0xff, 0x63, 0x30, 0xc6, 0xff, 
	0x73, 0x34, 0xbd, 0xff, 0x73, 0x34, 0xbd, 0xff, 
	0x73, 0x34, 0xbd, 0xff, 0x73, 0x34, 0xbd, 0xff, 
	0x9c, 0x45, 0xad, 0xff, 0x9c, 0x45, 0xad, 0xff, 
	0x9c, 0x45, 0xad, 0xff, 0x9c, 0x45, 0xad, 0xff, 
	0xb5, 0x5d, 0x94, 0xff, 0xb5, 0x5d, 0x94, 0xff, 
	0xb5, 0x5d, 0x94, 0xff, 0xb5, 0x5d, 0x94, 0xff, 
	0xce, 0x7d, 0x73, 0xff, 0xce, 0x7d, 0x73, 0xff, 
	0xce, 0x7d, 0x73, 0xff, 0xce, 0x7d, 0x73, 0xff, 
	0xe1, 0x8d, 0x65, 0xff, 0xe1, 0x8d, 0x65, 0xff, 
	0xe1, 0x8d, 0x65, 0xff, 0xe1, 0x8d, 0x65, 0xff, 
	0xe7, 0x9a, 0x5a, 0xff, 0xe7, 0x9a, 0x5a, 0xff, 
	0xe7, 0x9a, 0x5a, 0xff, 0xe7, 0x9a, 0x5a, 0xff, 
	0xec, 0x9f, 0x55, 0xff, 0xec, 0x9f, 0x55, 0xff, 
	0xec, 0x9f, 0x55, 0xff, 0xec, 0x9f, 0x55, 0xff, 
	0xe7, 0x96, 0x5a, 0xff, 0xe7, 0x96, 0x5a, 0xff, 
	0xe7, 0x96, 0x5a, 0xff, 0xe7, 0x96, 0x5a, 0xff, 
	0xe6, 0x8c, 0x68, 0xff, 0xe6, 0x8c, 0x68, 0xff, 
	0xde, 0x79, 0x7b, 0xff, 0xde, 0x79, 0x7b, 0xff, 
	0xe1, 0x71, 0x7e, 0xff, 0xd6, 0x61, 0x8c, 0xff, 
	0xd6, 0x61, 0x8c, 0xff, 0xd6, 0x61, 0x8c, 0xff, 
	0xd6, 0x55, 0x97, 0xff, 0xd6, 0x55, 0x97, 0xff, 
	0xc6, 0x45, 0xa5, 0xff, 0xc6, 0x45, 0xa5, 0xff, 
	0xbd, 0x3c, 0xb2, 0xff, 0xbd, 0x3c, 0xb2, 0xff, 
	0xa5, 0x34, 0xbd, 0xff, 0xa5, 0x34, 0xbd, 0xff, 
	0x9f, 0x29, 0xc3, 0xff, 0x84, 0x28, 0xc6, 0xff, 
	0x84, 0x28, 0xc6, 0xff, 0x84, 0x28, 0xc6, 0xff, 
	0x6b, 0x2c, 0xc6, 0xff, 0x6b, 0x2c, 0xc6, 0xff, 
	0x6b, 0x2c, 0xc6, 0xff, 0x6b, 0x2c, 0xc6, 0xff, 
	0x63, 0x2c, 0xc6, 0xff, 0x63, 0x2c, 0xc6, 0xff, 
	0x63, 0x2c, 0xc6, 0xff, 0x63, 0x2c, 0xc6, 0xff, 
	0x5d, 0x2e, 0xc6, 0xff, 0x5d, 0x2e, 0xc6, 0xff, 
	0x5d, 0x2e, 0xc6, 0xff, 0x5d, 0x2e, 0xc6, 0xff, 
	0x5d, 0x2f, 0xc5, 0xff, 0x5d, 0x2f, 0xc5, 0xff, 
	0x5d, 0x2f, 0xc5, 0xff, 0x5d, 0x2f, 0xc5, 0xff, 
	0x5d, 0x2f, 0xc5, 0xff, 0x5d, 0x2f, 0xc5, 0xff, 
	0x5d, 0x2f, 0xc5, 0xff, 0x5d, 0x2f, 0xc5, 0xff, 
	0x5d, 0x2f, 0xc5, 0xff, 0x5d, 0x2f, 0xc5, 0xff, 
	0x5d, 0x2f, 0xc5, 0xff, 0x5d, 0x2f, 0xc5, 0xff, 
	0x5d, 0x2f, 0xc5, 0xff, 0x5d, 0x2f, 0xc5, 0xff, 
	0x5d, 0x2f, 0xc5, 0xff, 0x5d, 0x2f, 0xc5, 0xff, 
	0x5d, 0x2f, 0xc5, 0xff, 0x5d, 0x2f, 0xc5, 0xff, 
	0x5d, 0x2f, 0xc5, 0xff, 0x5d, 0x2f, 0xc5, 0xff, 
	0x5d, 0x2f, 0xc5, 0xff, 0x5d, 0x2f, 0xc5, 0xff, 
	0x5d, 0x2f, 0xc5, 0xff, 0x5d, 0x2f, 0xc5, 0xff, 
	0x5d, 0x2f, 0xc5, 0xff, 0x5d, 0x2f, 0xc5, 0xff, 
	0x5d, 0x2f, 0xc5, 0xff, 0x5d, 0x2f, 0xc5, 0xff, 
	0x5d, 0x2f, 0xc5, 0xff, 0x5d, 0x2f, 0xc5, 0xff, 
	0x5d, 0x2f, 0xc5, 0xff, 0x5d, 0x2f, 0xc5, 0xff, 
	0x5d, 0x2f, 0xc5, 0xff, 0x5d, 0x2f, 0xc5, 0xff, 
	0x5d, 0x2f, 0xc5, 0xff, 0x5d, 0x2f, 0xc5, 0xff, 
	0x5d, 0x2f, 0xc5, 0xff, 0x5d, 0x2f, 0xc5, 0xff, 
	0x5d, 0x2f, 0xc5, 0xff, 0x5d, 0x2f, 0xc5, 0xff, 
	0x5d, 0x2f, 0xc5, 0xff, 0x5d, 0x2f, 0xc5, 0xff, 
	0x5d, 0x2f, 0xc5, 0xff, 0x5d, 0x2f, 0xc5, 0xff, 
	0x5d, 0x2f, 0xc5, 0xff, 0x5d, 0x2f, 0xc5, 0xff, 
	0x5d, 0x2f, 0xc5, 0xff, 0x5d, 0x2f, 0xc5, 0xff, 
	0x5d, 0x2f, 0xc5, 0xff, 0x5d, 0x2f, 0xc5, 0xff, 
	0x5d, 0x2f, 0xc5, 0xff, 0x5d, 0x2f, 0xc5, 0xff, 
	0x5d, 0x2f, 0xc5, 0xff, 0x5d, 0x2f, 0xc5, 0xff, 
	0x5d, 0x2f, 0xc5, 0xff, 0x5d, 0x2f, 0xc5, 0xff, 
	0x5f, 0x2e, 0xc3, 0xff, 0x5f, 0x2e, 0xc3, 0xff, 
	0x5f, 0x2e, 0xc3, 0xff, 0x5f, 0x2e, 0xc3, 0xff, 
	0x63, 0x30, 0xc6, 0xff, 0x63, 0x30, 0xc6, 0xff, 
	0x63, 0x30, 0xc6, 0xff, 0x70, 0x38, 0xbd, 0xff, 
	0x73, 0x34, 0xbd, 0xff, 0x73, 0x34, 0xbd, 0xff, 
	0x8b, 0x48, 0xaa, 0xff, 0x8b, 0x48, 0xaa, 0xff, 
	0x9c, 0x45, 0xad, 0xff, 0x9c, 0x45, 0xad, 0xff, 
	0xb5, 0x66, 0x8c, 0xff, 0xb5, 0x66, 0x8c, 0xff, 
	0xc5, 0x7c, 0x75, 0xff, 0xc5, 0x7c, 0x75, 0xff, 
	0xc5, 0x7c, 0x75, 0xff, 0xd6, 0x9b, 0x57, 0xff, 
	0xdb, 0x99, 0x57, 0xff, 0xdb, 0x99, 0x57, 0xff, 
	0xdb, 0x99, 0x57, 0xff, 0xdb, 0x99, 0x57, 0xff, 
	0xec, 0xae, 0x47, 0xff, 0xec, 0xae, 0x47, 0xff, 
	0xec, 0xae, 0x47, 0xff, 0xec, 0xae, 0x47, 0xff, 
	0xef, 0xb3, 0x41, 0xff, 0xef, 0xb3, 0x41, 0xff, 
	0xef, 0xb3, 0x41, 0xff, 0xef, 0xb3, 0x41, 0xff, 
	0xf1, 0xb5, 0x3f, 0xff, 0xf1, 0xb5, 0x3f, 0xff, 
	0xf1, 0xb5, 0x3f, 0xff, 0xf1, 0xb5, 0x3f, 0xff, 
	0xf1, 0xb4, 0x3e, 0xff, 0xf1, 0xb4, 0x3e, 0xff, 
	0xf1, 0xb4, 0x3e, 0xff, 0xec, 0xa5, 0x4c, 0xff, 
	0xee, 0x9f, 0x55, 0xff, 0xee, 0x9f, 0x55, 0xff, 
	0xe6, 0x8c, 0x68, 0xff, 0xe6, 0x8c, 0x68, 0xff, 
	0xec, 0x81, 0x70, 0xff, 0xe1, 0x71, 0x7e, 0xff, 
	0xe1, 0x71, 0x7e, 0xff, 0xe1, 0x71, 0x7e, 0xff, 
	0xe6, 0x65, 0x89, 0xff, 0xe6, 0x65, 0x89, 0xff, 
	0xd6, 0x55, 0x97, 0xff, 0xd6, 0x55, 0x97, 0xff, 
	0xd6, 0x44, 0xa7, 0xff, 0xd6, 0x44, 0xa7, 0xff, 
	0xbd, 0x3c, 0xb2, 0xff, 0xbd, 0x3c, 0xb2, 0xff, 
	0xba, 0x2a, 0xc0, 0xff, 0x9f, 0x29, 0xc3, 0xff, 
	0x9f, 0x29, 0xc3, 0xff, 0x84, 0x28, 0xc6, 0xff, 
	0x81, 0x26, 0xc8, 0xff, 0x81, 0x26, 0xc8, 0xff, 
	0x6b, 0x2c, 0xc6, 0xff, 0x6b, 0x2c, 0xc6, 0xff, 
	0x63, 0x2c, 0xc6, 0xff, 0x63, 0x2c, 0xc6, 0xff, 
	0x63, 0x2c, 0xc6, 0xff, 0x63, 0x2c, 0xc6, 0xff, 
	0x5d, 0x2e, 0xc6, 0xff, 0x5d, 0x2e, 0xc6, 0xff, 
	0x5d, 0x2e, 0xc6, 0xff, 0x5d, 0x2e, 0xc6, 0xff, 
	0x5d, 0x2f, 0xc5, 0xff, 0x5d, 0x2f, 0xc5, 0xff, 
	0x5d, 0x2f, 0xc5, 0xff, 0x5d, 0x2f, 0xc5, 0xff, 
	0x5d, 0x2f, 0xc5, 0xff, 0x5d, 0x2f, 0xc5, 0xff, 
	0x5d, 0x2f, 0xc5, 0xff, 0x5d, 0x2f, 0xc5, 0xff, 
	0x5d, 0x2f, 0xc5, 0xff, 0x5d, 0x2f, 0xc5, 0xff, 
	0x5d, 0x2f, 0xc5, 0xff, 0x5d, 0x2f, 0xc5, 0xff, 
	0x5d, 0x2f, 0xc5, 0xff, 0x5d, 0x2f, 0xc5, 0xff, 
	0x5d, 0x2f, 0xc5, 0xff, 0x5d, 0x2f, 0xc5, 0xff, 
	0x5d, 0x2f, 0xc5, 0xff, 0x5d, 0x2f, 0xc5, 0xff, 
	0x5d, 0x2f, 0xc5, 0xff, 0x5d, 0x2f, 0xc5, 0xff, 
	0x5d, 0x2f, 0xc5, 0xff, 0x5d, 0x2f, 0xc5, 0xff, 
	0x5d, 0x2f, 0xc5, 0xff, 0x5d, 0x2f, 0xc5, 0xff, 
	0x5d, 0x2f, 0xc5, 0xff, 0x5d, 0x2f, 0xc5, 0xff, 
	0x5d, 0x2f, 0xc5, 0xff, 0x5d, 0x2f, 0xc5, 0xff, 
	0x5d, 0x2f, 0xc5, 0xff, 0x5d, 0x2f, 0xc5, 0xff, 
	0x5d, 0x2f, 0xc5, 0xff, 0x5d, 0x2f, 0xc5, 0xff, 
	0x5d, 0x2f, 0xc5, 0xff, 0x5d, 0x2f, 0xc5, 0xff, 
	0x5d, 0x2f, 0xc5, 0xff, 0x5d, 0x2f, 0xc5, 0xff, 
	0x5d, 0x2f, 0xc5, 0xff, 0x5d, 0x2f, 0xc5, 0xff, 
	0x5d, 0x2f, 0xc5, 0xff, 0x5d, 0x2f, 0xc5, 0xff, 
	0x5d, 0x2f, 0xc5, 0xff, 0x5d, 0x2f, 0xc5, 0xff, 
	0x5d, 0x2f, 0xc5, 0xff, 0x5d, 0x2f, 0xc5, 0xff, 
	0x5d, 0x2f, 0xc5, 0xff, 0x5d, 0x2f, 0xc5, 0xff, 
	0x5d, 0x2f, 0xc5, 0xff, 0x5d, 0x2f, 0xc5, 0xff, 
	0x5d, 0x2f, 0xc5, 0xff, 0x5d, 0x2f, 0xc5, 0xff, 
	0x5d, 0x2f, 0xc5, 0xff, 0x5d, 0x2f, 0xc5, 0xff, 
	0x5d, 0x2f, 0xc5, 0xff, 0x5d, 0x2f, 0xc5, 0xff, 
	0x5d, 0x2f, 0xc5, 0xff, 0x5d, 0x2f, 0xc5, 0xff, 
	0x5f, 0x2e, 0xc3, 0xff, 0x5f, 0x2e, 0xc3, 0xff, 
	0x5f, 0x2e, 0xc3, 0xff, 0x65, 0x31, 0xc0, 0xff, 
	0x63, 0x30, 0xc6, 0xff, 0x70, 0x38, 0xbd, 0xff, 
	0x70, 0x38, 0xbd, 0xff, 0x7e, 0x40, 0xb5, 0xff, 
	0x8b, 0x48, 0xaa, 0xff, 0x8b, 0x48, 0xaa, 0xff, 
	0xa4, 0x5c, 0x97, 0xff, 0xa4, 0x5c, 0x97, 0xff, 
	0xb5, 0x66, 0x8c, 0xff, 0xb5, 0x66, 0x8c, 0xff, 
	0xce, 0x88, 0x6b, 0xff, 0xce, 0x88, 0x6b, 0xff, 
	0xd6, 0x9b, 0x57, 0xff, 0xd6, 0x9b, 0x57, 0xff, 
	0xd6, 0x9b, 0x57, 0xff, 0xe7, 0xba, 0x39, 0xff, 
	0xe9, 0xb6, 0x3c, 0xff, 0xe9, 0xb6, 0x3c, 0xff, 
	0xe9, 0xb6, 0x3c, 0xff, 0xe9, 0xb6, 0x3c, 0xff, 
	0xf7, 0xcf, 0x29, 0xff, 0xf7, 0xcf, 0x29, 0xff, 
	0xf7, 0xcf, 0x29, 0xff, 0xf7, 0xcf, 0x29, 0xff, 
	0xf7, 0xcd, 0x28, 0xff, 0xf7, 0xcd, 0x28, 0xff, 
	0xf7, 0xcd, 0x28, 0xff, 0xf7, 0xcd, 0x28, 0xff, 
	0xf7, 0xcb, 0x29, 0xff, 0xf7, 0xcb, 0x29, 0xff, 
	0xf7, 0xcb, 0x29, 0xff, 0xf7, 0xcb, 0x29, 0xff, 
	0xf7, 0xc3, 0x31, 0xff, 0xf7, 0xc3, 0x31, 0xff, 
	0xf7, 0xc3, 0x31, 0xff, 0xf1, 0xb4, 0x3e, 0xff, 
	0xf7, 0xb2, 0x42, 0xff, 0xf7, 0xb2, 0x42, 0xff, 
	0xee, 0x9f, 0x55, 0xff, 0xee, 0x9f, 0x55, 0xff, 
	0xf7, 0x92, 0x63, 0xff, 0xec, 0x81, 0x70, 0xff, 
	0xec, 0x81, 0x70, 0xff, 0xec, 0x81, 0x70, 0xff, 
	0xf7, 0x75, 0x7b, 0xff, 0xe6, 0x65, 0x89, 0xff, 
	0xe6, 0x65, 0x89, 0xff, 0xd6, 0x55, 0x97, 0xff, 
	0xef, 0x4d, 0x9c, 0xff, 0xd6, 0x44, 0xa7, 0xff, 
	0xd6, 0x44, 0xa7, 0xff, 0xd6, 0x44, 0xa7, 0xff, 
	0xd6, 0x2c, 0xbd, 0xff, 0xba, 0x2a, 0xc0, 0xff, 
	0xba, 0x2a, 0xc0, 0xff, 0x9f, 0x29, 0xc3, 0xff, 
	0x97, 0x21, 0xcb, 0xff, 0x97, 0x21, 0xcb, 0xff, 
	0x81, 0x26, 0xc8, 0xff, 0x81, 0x26, 0xc8, 0xff, 
	0x6e, 0x29, 0xc8, 0xff, 0x63, 0x2c, 0xc6, 0xff, 
	0x63, 0x2c, 0xc6, 0xff, 0x63, 0x2c, 0xc6, 0xff, 
	0x5d, 0x2e, 0xc6, 0xff, 0x5d, 0x2e, 0xc6, 0xff, 
	0x5d, 0x2e, 0xc6, 0xff, 0x5d, 0x2e, 0xc6, 0xff, 
	0x5d, 0x2f, 0xc5, 0xff, 0x5d, 0x2f, 0xc5, 0xff, 
	0x5d, 0x2f, 0xc5, 0xff, 0x5d, 0x2f, 0xc5, 0xff, 
	0x5d, 0x2f, 0xc5, 0xff, 0x5d, 0x2f, 0xc5, 0xff, 
	0x5d, 0x2f, 0xc5, 0xff, 0x5d, 0x2f, 0xc5, 0xff, 
	0x5d, 0x2f, 0xc5, 0xff, 0x5d, 0x2f, 0xc5, 0xff, 
	0x5d, 0x2f, 0xc5, 0xff, 0x5d, 0x2f, 0xc5, 0xff, 
	0x5d, 0x2f, 0xc5, 0xff, 0x5d, 0x2f, 0xc5, 0xff, 
	0x5d, 0x2f, 0xc5, 0xff, 0x5d, 0x2f, 0xc5, 0xff, 
	0x5d, 0x2f, 0xc5, 0xff, 0x5d, 0x2f, 0xc5, 0xff, 
	0x5d, 0x2f, 0xc5, 0xff, 0x5d, 0x2f, 0xc5, 0xff, 
	0x5d, 0x2f, 0xc5, 0xff, 0x5d, 0x2f, 0xc5, 0xff, 
	0x5d, 0x2f, 0xc5, 0xff, 0x5d, 0x2f, 0xc5, 0xff, 
	0x5d, 0x2f, 0xc5, 0xff, 0x5d, 0x2f, 0xc5, 0xff, 
	0x5d, 0x2f, 0xc5, 0xff, 0x5d, 0x2f, 0xc5, 0xff, 
	0x5d, 0x2f, 0xc5, 0xff, 0x5d, 0x2f, 0xc5, 0xff, 
	0x5d, 0x2f, 0xc5, 0xff, 0x5d, 0x2f, 0xc5, 0xff, 
	0x5d, 0x2f, 0xc5, 0xff, 0x5d, 0x2f, 0xc5, 0xff, 
	0x5d, 0x2f, 0xc5, 0xff, 0x5d, 0x2f, 0xc5, 0xff, 
	0x5d, 0x2f, 0xc5, 0xff, 0x5d, 0x2f, 0xc5, 0xff, 
	0x5d, 0x2f, 0xc5, 0xff, 0x5d, 0x2f, 0xc5, 0xff, 
	0x5d, 0x2f, 0xc5, 0xff, 0x5d, 0x2f, 0xc5, 0xff, 
	0x5d, 0x2f, 0xc5, 0xff, 0x5d, 0x2f, 0xc5, 0xff, 
	0x5d, 0x2f, 0xc5, 0xff, 0x5d, 0x2f, 0xc5, 0xff, 
	0x5d, 0x2f, 0xc5, 0xff, 0x5d, 0x2f, 0xc5, 0xff, 
	0x5d, 0x2f, 0xc5, 0xff, 0x5d, 0x2f, 0xc5, 0xff, 
	0x5d, 0x2f, 0xc5, 0xff, 0x5d, 0x2f, 0xc5, 0xff, 
	0x5d, 0x2f, 0xc5, 0xff, 0x5d, 0x2f, 0xc5, 0xff, 
	0x5d, 0x2f, 0xc5, 0xff, 0x5d, 0x2f, 0xc5, 0xff, 
	0x5f, 0x2e, 0xc3, 0xff, 0x5f, 0x2e, 0xc3, 0xff, 
	0x65, 0x31, 0xc0, 0xff, 0x6b, 0x34, 0xbd, 0xff, 
	0x70, 0x38, 0xbd, 0xff, 0x7e, 0x40, 0xb5, 0xff, 
	0x8c, 0x49, 0xad, 0xff, 0x8c, 0x49, 0xad, 0xff, 
	0xa4, 0x5c, 0x97, 0xff, 0xa4, 0x5c, 0x97, 0xff, 
	0xbd, 0x71, 0x84, 0xff, 0xbd, 0x71, 0x84, 0xff, 
	0xce, 0x88, 0x6b, 0xff, 0xce, 0x88, 0x6b, 0xff, 
	0xe7, 0xaa, 0x4a, 0xff, 0xe7, 0xaa, 0x4a, 0xff, 
	0xe7, 0xba, 0x39, 0xff, 0xe7, 0xba, 0x39, 0xff, 
	0xe7, 0xba, 0x39, 0xff, 0xe7, 0xba, 0x39, 0xff, 
	0xf7, 0xd3, 0x21, 0xff, 0xf7, 0xd3, 0x21, 0xff, 
	0xf7, 0xd3, 0x21, 0xff, 0xf7, 0xd3, 0x21, 0xff, 
	0xf7, 0xcf, 0x29, 0xff, 0xf7, 0xcf, 0x29, 0xff, 
	0xf7, 0xcf, 0x29, 0xff, 0xf7, 0xcf, 0x29, 0xff, 
	0xf7, 0xcd, 0x28, 0xff, 0xf7, 0xcd, 0x28, 0xff, 
	0xf7, 0xcd, 0x28, 0xff, 0xf7, 0xcd, 0x28, 0xff, 
	0xf7, 0xcb, 0x29, 0xff, 0xf7, 0xcb, 0x29, 0xff, 
	0xf7, 0xcb, 0x29, 0xff, 0xf7, 0xcb, 0x29, 0xff, 
	0xf7, 0xc3, 0x31, 0xff, 0xf7, 0xc3, 0x31, 0xff, 
	0xf7, 0xc3, 0x31, 0xff, 0xf7, 0xc3, 0x31, 0xff, 
	0xf7, 0xb2, 0x42, 0xff, 0xf7, 0xb2, 0x42, 0xff, 
	0xf7, 0xb2, 0x42, 0xff, 0xee, 0x9f, 0x55, 0xff, 
	0xf7, 0x92, 0x63, 0xff, 0xf7, 0x92, 0x63, 0xff, 
	0xf7, 0x92, 0x63, 0xff, 0xec, 0x81, 0x70, 0xff, 
	0xf7, 0x75, 0x7b, 0xff, 0xf7, 0x75, 0x7b, 0xff, 
	0xf7, 0x75, 0x7b, 0xff, 0xe6, 0x65, 0x89, 0xff, 
	0xef, 0x4d, 0x9c, 0xff, 0xef, 0x4d, 0x9c, 0xff, 
	0xef, 0x4d, 0x9c, 0xff, 0xd6, 0x44, 0xa7, 0xff, 
	0xd6, 0x2c, 0xbd, 0xff, 0xd6, 0x2c, 0xbd, 0xff, 
	0xd6, 0x2c, 0xbd, 0xff, 0xba, 0x2a, 0xc0, 0xff, 
	0xad, 0x1c, 0xce, 0xff, 0xad, 0x1c, 0xce, 0xff, 
	0x97, 0x21, 0xcb, 0xff, 0x97, 0x21, 0xcb, 0xff, 
	0x84, 0x24, 0xce, 0xff, 0x79, 0x26, 0xcb, 0xff, 
	0x6e, 0x29, 0xc8, 0xff, 0x63, 0x2c, 0xc6, 0xff, 
	0x63, 0x2c, 0xc6, 0xff, 0x60, 0x2d, 0xc6, 0xff, 
	0x5d, 0x2e, 0xc6, 0xff, 0x5d, 0x2e, 0xc6, 0xff, 
	0x5d, 0x2f, 0xc5, 0xff, 0x5d, 0x2f, 0xc5, 0xff, 
	0x5d, 0x2f, 0xc5, 0xff, 0x5d, 0x2f, 0xc5, 0xff, 
	0x5d, 0x2f, 0xc5, 0xff, 0x5d, 0x2f, 0xc5, 0xff, 
	0x5d, 0x2f, 0xc5, 0xff, 0x5d, 0x2f, 0xc5, 0xff, 
	0x5d, 0x2f, 0xc5, 0xff, 0x5d, 0x2f, 0xc5, 0xff, 
	0x5d, 0x2f, 0xc5, 0xff, 0x5d, 0x2f, 0xc5, 0xff, 
	0x5d, 0x2f, 0xc5, 0xff, 0x5d, 0x2f, 0xc5, 0xff, 
	0x5d, 0x2f, 0xc5, 0xff, 0x5d, 0x2f, 0xc5, 0xff, 
	0x5d, 0x2f, 0xc5, 0xff, 0x5d, 0x2f, 0xc5, 0xff, 
	0x5d, 0x2f, 0xc5, 0xff, 0x5d, 0x2f, 0xc5, 0xff, 
	0x5d, 0x2f, 0xc5, 0xff, 0x5d, 0x2f, 0xc5, 0xff, 
	0x5d, 0x2f, 0xc5, 0xff, 0x5d, 0x2f, 0xc5, 0xff, 
	0x5d, 0x2f, 0xc5, 0xff, 0x5d, 0x2f, 0xc5, 0xff, 
	0x5d, 0x2f, 0xc5, 0xff, 0x5d, 0x2f, 0xc5, 0xff, 
	0x5d, 0x2f, 0xc5, 0xff, 0x5d, 0x2f, 0xc5, 0xff, 
	0x5d, 0x2f, 0xc5, 0xff, 0x5d, 0x2f, 0xc5, 0xff, 
	0x5d, 0x2f, 0xc5, 0xff, 0x5d, 0x2f, 0xc5, 0xff, 
	0x5d, 0x2f, 0xc5, 0xff, 0x5d, 0x2f, 0xc5, 0xff, 
	0x5d, 0x2f, 0xc5, 0xff, 0x5d, 0x2f, 0xc5, 0xff, 
	0x5d, 0x2f, 0xc5, 0xff, 0x5d, 0x2f, 0xc5, 0xff, 
	0x5d, 0x2f, 0xc5, 0xff, 0x5d, 0x2f, 0xc5, 0xff, 
	0x5d, 0x2f, 0xc5, 0xff, 0x5d, 0x2f, 0xc5, 0xff, 
	0x5d, 0x2f, 0xc5, 0xff, 0x5d, 0x2f, 0xc5, 0xff, 
	0x5d, 0x2f, 0xc5, 0xff, 0x5d, 0x2f, 0xc5, 0xff, 
	0x5d, 0x2f, 0xc5, 0xff, 0x5d, 0x2f, 0xc5, 0xff, 
	0x5d, 0x2f, 0xc5, 0xff, 0x5d, 0x2f, 0xc5, 0xff, 
	0x5a, 0x30, 0xc6, 0xff, 0x5a, 0x30, 0xc6, 0xff, 
	0x5a, 0x30, 0xc6, 0xff, 0x5f, 0x35, 0xc0, 0xff, 
	0x6b, 0x38, 0xbd, 0xff, 0x6b, 0x38, 0xbd, 0xff, 
	0x6b, 0x38, 0xbd, 0xff, 0x6b, 0x38, 0xbd, 0xff, 
	0x8c, 0x4d, 0xa5, 0xff, 0x8c, 0x4d, 0xa5, 0xff, 
	0x8c, 0x4d, 0xa5, 0xff, 0xa2, 0x6a, 0x89, 0xff, 
	0xbd, 0x79, 0x7b, 0xff, 0xbd, 0x79, 0x7b, 0xff, 
	0xcb, 0x97, 0x5f, 0xff, 0xcb, 0x97, 0x5f, 0xff, 
	0xde, 0xb2, 0x42, 0xff, 0xde, 0xb2, 0x42, 0xff, 
	0xe6, 0xc1, 0x34, 0xff, 0xe6, 0xc1, 0x34, 0xff, 
	0xef, 0xcb, 0x29, 0xff, 0xef, 0xcb, 0x29, 0xff, 
	0xf1, 0xd3, 0x23, 0xff, 0xf1, 0xd3, 0x23, 0xff, 
	0xf1, 0xd7, 0x23, 0xff, 0xf4, 0xdb, 0x1d, 0xff, 
	0xf4, 0xdb, 0x1d, 0xff, 0xf4, 0xdb, 0x1d, 0xff, 
	0xf7, 0xdd, 0x1b, 0xff, 0xf7, 0xdd, 0x1b, 0xff, 
	0xf7, 0xdd, 0x1b, 0xff, 0xf7, 0xdc, 0x1e, 0xff, 
	0xf7, 0xdb, 0x21, 0xff, 0xf7, 0xdb, 0x21, 0xff, 
	0xf4, 0xd5, 0x23, 0xff, 0xf4, 0xd5, 0x23, 0xff, 
	0xf9, 0xd3, 0x23, 0xff, 0xf9, 0xd3, 0x23, 0xff, 
	0xf9, 0xd3, 0x23, 0xff, 0xf9, 0xd3, 0x23, 0xff, 
	0xf7, 0xcb, 0x2b, 0xff, 0xf7, 0xcb, 0x2b, 0xff, 
	0xf7, 0xcb, 0x2b, 0xff, 0xf7, 0xc7, 0x2e, 0xff, 
	0xf7, 0xc3, 0x31, 0xff, 0xf7, 0xbc, 0x39, 0xff, 
	0xf7, 0xb5, 0x41, 0xff, 0xf7, 0xae, 0x4a, 0xff, 
	0xf7, 0xa0, 0x52, 0xff, 0xf7, 0xa0, 0x52, 0xff, 
	0xf7, 0x96, 0x5a, 0xff, 0xf7, 0x96, 0x5a, 0xff, 
	0xf7, 0x8b, 0x65, 0xff, 0xf7, 0x80, 0x70, 0xff, 
	0xf7, 0x75, 0x7b, 0xff, 0xf7, 0x75, 0x7b, 0xff, 
	0xf4, 0x66, 0x86, 0xff, 0xf1, 0x5b, 0x91, 0xff, 
	0xef, 0x51, 0x9c, 0xff, 0xef, 0x51, 0x9c, 0xff, 
	0xf1, 0x3f, 0xaa, 0xff, 0xec, 0x31, 0xb8, 0xff, 
	0xe7, 0x24, 0xc6, 0xff, 0xe7, 0x24, 0xc6, 0xff, 
	0xd9, 0x1d, 0xcb, 0xff, 0xc3, 0x1a, 0xd0, 0xff, 
	0xad, 0x18, 0xd6, 0xff, 0xad, 0x18, 0xd6, 0xff, 
	0x96, 0x1e, 0xd0, 0xff, 0x96, 0x1e, 0xd0, 0xff, 
	0x7b, 0x24, 0xce, 0xff, 0x7b, 0x24, 0xce, 0xff, 
	0x63, 0x2c, 0xc6, 0xff, 0x63, 0x2c, 0xc6, 0xff, 
	0x63, 0x2c, 0xc6, 0xff, 0x63, 0x2c, 0xc6, 0xff, 
	0x5f, 0x2d, 0xc6, 0xff, 0x5f, 0x2d, 0xc6, 0xff, 
	0x5f, 0x2d, 0xc6, 0xff, 0x5f, 0x2d, 0xc6, 0xff, 
	0x5d, 0x2f, 0xc5, 0xff, 0x5d, 0x2f, 0xc5, 0xff, 
	0x5d, 0x2f, 0xc5, 0xff, 0x5d, 0x2f, 0xc5, 0xff, 
	0x5d, 0x2f, 0xc5, 0xff, 0x5d, 0x2f, 0xc5, 0xff, 
	0x5d, 0x2f, 0xc5, 0xff, 0x5d, 0x2f, 0xc5, 0xff, 
	0x5d, 0x2f, 0xc5, 0xff, 0x5d, 0x2f, 0xc5, 0xff, 
	0x5d, 0x2f, 0xc5, 0xff, 0x5d, 0x2f, 0xc5, 0xff, 
	0x5d, 0x2f, 0xc5, 0xff, 0x5d, 0x2f, 0xc5, 0xff, 
	0x5d, 0x2f, 0xc5, 0xff, 0x5d, 0x2f, 0xc5, 0xff, 
	0x5d, 0x2f, 0xc5, 0xff, 0x5d, 0x2f, 0xc5, 0xff, 
	0x5d, 0x2f, 0xc5, 0xff, 0x5d, 0x2f, 0xc5, 0xff, 
	0x5d, 0x2f, 0xc5, 0xff, 0x5d, 0x2f, 0xc5, 0xff, 
	0x5d, 0x2f, 0xc5, 0xff, 0x5d, 0x2f, 0xc5, 0xff, 
	0x5d, 0x2f, 0xc5, 0xff, 0x5d, 0x2f, 0xc5, 0xff, 
	0x5d, 0x2f, 0xc5, 0xff, 0x5d, 0x2f, 0xc5, 0xff, 
	0x5d, 0x2f, 0xc5, 0xff, 0x5d, 0x2f, 0xc5, 0xff, 
	0x5d, 0x2f, 0xc5, 0xff, 0x5d, 0x2f, 0xc5, 0xff, 
	0x5d, 0x2f, 0xc5, 0xff, 0x5d, 0x2f, 0xc5, 0xff, 
	0x5d, 0x2f, 0xc5, 0xff, 0x5d, 0x2f, 0xc5, 0xff, 
	0x5d, 0x2f, 0xc5, 0xff, 0x5d, 0x2f, 0xc5, 0xff, 
	0x5d, 0x2f, 0xc5, 0xff, 0x5d, 0x2f, 0xc5, 0xff, 
	0x5d, 0x2f, 0xc5, 0xff, 0x5d, 0x2f, 0xc5, 0xff, 
	0x5d, 0x2f, 0xc5, 0xff, 0x5d, 0x2f, 0xc5, 0xff, 
	0x5d, 0x2f, 0xc5, 0xff, 0x5d, 0x2f, 0xc5, 0xff, 
	0x5d, 0x2f, 0xc5, 0xff, 0x5d, 0x2f, 0xc5, 0xff, 
	0x5a, 0x30, 0xc6, 0xff, 0x5a, 0x30, 0xc6, 0xff, 
	0x5f, 0x35, 0xc0, 0xff, 0x5f, 0x35, 0xc0, 0xff, 
	0x6b, 0x38, 0xbd, 0xff, 0x6b, 0x38, 0xbd, 0xff, 
	0x7e, 0x4b, 0xaa, 0xff, 0x7e, 0x4b, 0xaa, 0xff, 
	0x8c, 0x4d, 0xa5, 0xff, 0xa2, 0x6a, 0x89, 0xff, 
	0xa2, 0x6a, 0x89, 0xff, 0xb8, 0x88, 0x6d, 0xff, 
	0xcb, 0x97, 0x5f, 0xff, 0xcb, 0x97, 0x5f, 0xff, 
	0xd9, 0xb5, 0x44, 0xff, 0xd9, 0xb5, 0x44, 0xff, 
	0xe6, 0xc1, 0x34, 0xff, 0xee, 0xd0, 0x26, 0xff, 
	0xee, 0xd0, 0x26, 0xff, 0xee, 0xd0, 0x26, 0xff, 
	0xf1, 0xd3, 0x23, 0xff, 0xf4, 0xdb, 0x1d, 0xff, 
	0xf4, 0xdb, 0x1d, 0xff, 0xf4, 0xdb, 0x1d, 0xff, 
	0xf4, 0xdb, 0x1d, 0xff, 0xf7, 0xdf, 0x18, 0xff, 
	0xf7, 0xdf, 0x18, 0xff, 0xf7, 0xdf, 0x18, 0xff, 
	0xf7, 0xdf, 0x18, 0xff, 0xf7, 0xdf, 0x18, 0xff, 
	0xf7, 0xdf, 0x18, 0xff, 0xf7, 0xdd, 0x1b, 0xff, 
	0xf7, 0xdb, 0x21, 0xff, 0xf7, 0xdb, 0x21, 0xff, 
	0xf7, 0xdb, 0x21, 0xff, 0xf4, 0xd5, 0x23, 0xff, 
	0xf9, 0xd3, 0x23, 0xff, 0xf9, 0xd3, 0x23, 0xff, 
	0xf9, 0xd3, 0x23, 0xff, 0xf9, 0xd3, 0x23, 0xff, 
	0xf7, 0xcf, 0x29, 0xff, 0xf7, 0xcf, 0x29, 0xff, 
	0xf7, 0xcf, 0x29, 0xff, 0xf7, 0xcb, 0x2b, 0xff, 
	0xf7, 0xc3, 0x31, 0xff, 0xf7, 0xbc, 0x39, 0xff, 
	0xf7, 0xbc, 0x39, 0xff, 0xf7, 0xb5, 0x41, 0xff, 
	0xf7, 0xab, 0x4a, 0xff, 0xf7, 0xab, 0x4a, 0xff, 
	0xf7, 0xa0, 0x52, 0xff, 0xf7, 0xa0, 0x52, 0xff, 
	0xf7, 0x96, 0x5a, 0xff, 0xf7, 0x8b, 0x65, 0xff, 
	0xf7, 0x80, 0x70, 0xff, 0xf7, 0x75, 0x7b, 0xff, 
	0xf4, 0x66, 0x86, 0xff, 0xf4, 0x66, 0x86, 0xff, 
	0xf1, 0x5b, 0x91, 0xff, 0xef, 0x51, 0x9c, 0xff, 
	0xf7, 0x4d, 0x9c, 0xff, 0xf1, 0x3f, 0xaa, 0xff, 
	0xec, 0x31, 0xb8, 0xff, 0xe7, 0x24, 0xc6, 0xff, 
	0xd9, 0x1d, 0xcb, 0xff, 0xd9, 0x1d, 0xcb, 0xff, 
	0xc3, 0x1a, 0xd0, 0xff, 0xc3, 0x1a, 0xd0, 0xff, 
	0xb2, 0x19, 0xd3, 0xff, 0x96, 0x1e, 0xd0, 0xff, 
	0x96, 0x1e, 0xd0, 0xff, 0x7b, 0x24, 0xce, 0xff, 
	0x79, 0x26, 0xcb, 0xff, 0x63, 0x2c, 0xc6, 0xff, 
	0x63, 0x2c, 0xc6, 0xff, 0x63, 0x2c, 0xc6, 0xff, 
	0x5f, 0x2d, 0xc6, 0xff, 0x5f, 0x2d, 0xc6, 0xff, 
	0x5f, 0x2d, 0xc6, 0xff, 0x5f, 0x2d, 0xc6, 0xff, 
	0x5d, 0x2f, 0xc5, 0xff, 0x5d, 0x2f, 0xc5, 0xff, 
	0x5d, 0x2f, 0xc5, 0xff, 0x5d, 0x2f, 0xc5, 0xff, 
	0x5d, 0x2f, 0xc5, 0xff, 0x5d, 0x2f, 0xc5, 0xff, 
	0x5d, 0x2f, 0xc5, 0xff, 0x5d, 0x2f, 0xc5, 0xff, 
	0x5d, 0x2f, 0xc5, 0xff, 0x5d, 0x2f, 0xc5, 0xff, 
	0x5d, 0x2f, 0xc5, 0xff, 0x5d, 0x2f, 0xc5, 0xff, 
	0x5d, 0x2f, 0xc5, 0xff, 0x5d, 0x2f, 0xc5, 0xff, 
	0x5d, 0x2f, 0xc5, 0xff, 0x5d, 0x2f, 0xc5, 0xff, 
	0x5d, 0x2f, 0xc5, 0xff, 0x5d, 0x2f, 0xc5, 0xff, 
	0x5d, 0x2f, 0xc5, 0xff, 0x5d, 0x2f, 0xc5, 0xff, 
	0x5d, 0x2f, 0xc5, 0xff, 0x5d, 0x2f, 0xc5, 0xff, 
	0x5d, 0x2f, 0xc5, 0xff, 0x5d, 0x2f, 0xc5, 0xff, 
	0x5d, 0x2f, 0xc5, 0xff, 0x5d, 0x2f, 0xc5, 0xff, 
	0x5d, 0x2f, 0xc5, 0xff, 0x5d, 0x2f, 0xc5, 0xff, 
	0x5d, 0x2f, 0xc5, 0xff, 0x5d, 0x2f, 0xc5, 0xff, 
	0x5d, 0x2f, 0xc5, 0xff, 0x5d, 0x2f, 0xc5, 0xff, 
	0x5d, 0x2f, 0xc5, 0xff, 0x5d, 0x2f, 0xc5, 0xff, 
	0x5d, 0x2f, 0xc5, 0xff, 0x5d, 0x2f, 0xc5, 0xff, 
	0x5d, 0x2f, 0xc5, 0xff, 0x5d, 0x2f, 0xc5, 0xff, 
	0x5d, 0x2f, 0xc5, 0xff, 0x5d, 0x2f, 0xc5, 0xff, 
	0x5d, 0x2f, 0xc5, 0xff, 0x5d, 0x2f, 0xc5, 0xff, 
	0x5d, 0x2f, 0xc5, 0xff, 0x5d, 0x2f, 0xc5, 0xff, 
	0x5d, 0x2f, 0xc5, 0xff, 0x5d, 0x2f, 0xc5, 0xff, 
	0x5d, 0x2f, 0xc5, 0xff, 0x5d, 0x2f, 0xc5, 0xff, 
	0x5a, 0x30, 0xc6, 0xff, 0x5a, 0x30, 0xc6, 0xff, 
	0x5f, 0x35, 0xc0, 0xff, 0x65, 0x3b, 0xba, 0xff, 
	0x6b, 0x38, 0xbd, 0xff, 0x7e, 0x4b, 0xaa, 0xff, 
	0x7e, 0x4b, 0xaa, 0xff, 0x91, 0x5e, 0x97, 0xff, 
	0xa2, 0x6a, 0x89, 0xff, 0xb8, 0x88, 0x6d, 0xff, 
	0xb8, 0x88, 0x6d, 0xff, 0xce, 0xa6, 0x52, 0xff, 
	0xd9, 0xb5, 0x44, 0xff, 0xd9, 0xb5, 0x44, 0xff, 
	0xe7, 0xd3, 0x29, 0xff, 0xe7, 0xd3, 0x29, 0xff, 
	0xee, 0xd0, 0x26, 0xff, 0xee, 0xd0, 0x26, 0xff, 
	0xf7, 0xdf, 0x18, 0xff, 0xf7, 0xdf, 0x18, 0xff, 
	0xf4, 0xdb, 0x1d, 0xff, 0xf4, 0xdb, 0x1d, 0xff, 
	0xf7, 0xe3, 0x18, 0xff, 0xf7, 0xe3, 0x18, 0xff, 
	0xf7, 0xdf, 0x18, 0xff, 0xf7, 0xdf, 0x18, 0xff, 
	0xf7, 0xdf, 0x18, 0xff, 0xf7, 0xdf, 0x18, 0xff, 
	0xf7, 0xdf, 0x18, 0xff, 0xf7, 0xdd, 0x1b, 0xff, 
	0xf7, 0xdd, 0x1b, 0xff, 0xf7, 0xdd, 0x1b, 0xff, 
	0xf7, 0xdb, 0x21, 0xff, 0xf7, 0xdb, 0x21, 0xff, 
	0xf4, 0xd5, 0x23, 0xff, 0xf4, 0xd5, 0x23, 0xff, 
	0xf4, 0xcf, 0x26, 0xff, 0xf4, 0xcf, 0x26, 0xff, 
	0xf4, 0xcf, 0x26, 0xff, 0xf4, 0xcf, 0x26, 0xff, 
	0xf7, 0xcf, 0x29, 0xff, 0xf7, 0xcb, 0x2b, 0xff, 
	0xf7, 0xcb, 0x2b, 0xff, 0xf7, 0xcb, 0x2b, 0xff, 
	0xf7, 0xc3, 0x31, 0xff, 0xf7, 0xbc, 0x39, 0xff, 
	0xf7, 0xbc, 0x39, 0xff, 0xf7, 0xb5, 0x41, 0xff, 
	0xf7, 0xb6, 0x42, 0xff, 0xf7, 0xab, 0x4a, 0xff, 
	0xf7, 0xab, 0x4a, 0xff, 0xf7, 0xa0, 0x52, 0xff, 
	0xf7, 0x96, 0x5a, 0xff, 0xf7, 0x96, 0x5a, 0xff, 
	0xf7, 0x8b, 0x65, 0xff, 0xf7, 0x80, 0x70, 0xff, 
	0xf7, 0x71, 0x7b, 0xff, 0xf4, 0x66, 0x86, 0xff, 
	0xf4, 0x66, 0x86, 0xff, 0xf1, 0x5b, 0x91, 0xff, 
	0xf7, 0x4d, 0x9c, 0xff, 0xf1, 0x3f, 0xaa, 0xff, 
	0xf1, 0x3f, 0xaa, 0xff, 0xec, 0x31, 0xb8, 0xff, 
	0xef, 0x20, 0xc6, 0xff, 0xef, 0x20, 0xc6, 0xff, 
	0xd9, 0x1d, 0xcb, 0xff, 0xd9, 0x1d, 0xcb, 0xff, 
	0xce, 0x14, 0xd6, 0xff, 0xb2, 0x19, 0xd3, 0xff, 
	0xb2, 0x19, 0xd3, 0xff, 0x96, 0x1e, 0xd0, 0xff, 
	0x8f, 0x21, 0xd0, 0xff, 0x79, 0x26, 0xcb, 0xff, 
	0x79, 0x26, 0xcb, 0xff, 0x63, 0x2c, 0xc6, 0xff, 
	0x65, 0x2a, 0xc6, 0xff, 0x5f, 0x2d, 0xc6, 0xff, 
	0x5f, 0x2d, 0xc6, 0xff, 0x5f, 0x2d, 0xc6, 0xff, 
	0x5d, 0x2f, 0xc5, 0xff, 0x5d, 0x2f, 0xc5, 0xff, 
	0x5d, 0x2f, 0xc5, 0xff, 0x5d, 0x2f, 0xc5, 0xff, 
	0x5d, 0x2f, 0xc5, 0xff, 0x5d, 0x2f, 0xc5, 0xff, 
	0x5d, 0x2f, 0xc5, 0xff, 0x5d, 0x2f, 0xc5, 0xff, 
	0x5d, 0x2f, 0xc5, 0xff, 0x5d, 0x2f, 0xc5, 0xff, 
	0x5d, 0x2f, 0xc5, 0xff, 0x5d, 0x2f, 0xc5, 0xff, 
	0x5d, 0x2f, 0xc5, 0xff, 0x5d, 0x2f, 0xc5, 0xff, 
	0x5d, 0x2f, 0xc5, 0xff, 0x5d, 0x2f, 0xc5, 0xff, 
	0x5d, 0x2f, 0xc5, 0xff, 0x5d, 0x2f, 0xc5, 0xff, 
	0x5d, 0x2f, 0xc5, 0xff, 0x5d, 0x2f, 0xc5, 0xff, 
	0x5d, 0x2f, 0xc5, 0xff, 0x5d, 0x2f, 0xc5, 0xff, 
	0x5d, 0x2f, 0xc5, 0xff, 0x5d, 0x2f, 0xc5, 0xff, 
	0x5d, 0x2f, 0xc5, 0xff, 0x5d, 0x2f, 0xc5, 0xff, 
	0x5d, 0x2f, 0xc5, 0xff, 0x5d, 0x2f, 0xc5, 0xff, 
	0x5d, 0x2f, 0xc5, 0xff, 0x5d, 0x2f, 0xc5, 0xff, 
	0x5d, 0x2f, 0xc5, 0xff, 0x5d, 0x2f, 0xc5, 0xff, 
	0x5d, 0x2f, 0xc5, 0xff, 0x5d, 0x2f, 0xc5, 0xff, 
	0x5d, 0x2f, 0xc5, 0xff, 0x5d, 0x2f, 0xc5, 0xff, 
	0x5d, 0x2f, 0xc5, 0xff, 0x5d, 0x2f, 0xc5, 0xff, 
	0x5d, 0x2f, 0xc5, 0xff, 0x5d, 0x2f, 0xc5, 0xff, 
	0x5d, 0x2f, 0xc5, 0xff, 0x5d, 0x2f, 0xc5, 0xff, 
	0x5d, 0x2f, 0xc5, 0xff, 0x5d, 0x2f, 0xc5, 0xff, 
	0x5d, 0x2f, 0xc5, 0xff, 0x5d, 0x2f, 0xc5, 0xff, 
	0x5d, 0x2f, 0xc5, 0xff, 0x5d, 0x2f, 0xc5, 0xff, 
	0x5a, 0x30, 0xc6, 0xff, 0x5f, 0x35, 0xc0, 0xff, 
	0x65, 0x3b, 0xba, 0xff, 0x6b, 0x41, 0xb5, 0xff, 
	0x7e, 0x4b, 0xaa, 0xff, 0x91, 0x5e, 0x97, 0xff, 
	0x91, 0x5e, 0x97, 0xff, 0xa5, 0x71, 0x84, 0xff, 
	0xb8, 0x88, 0x6d, 0xff, 0xce, 0xa6, 0x52, 0xff, 
	0xce, 0xa6, 0x52, 0xff, 0xce, 0xa6, 0x52, 0xff, 
	0xe7, 0xd3, 0x29, 0xff, 0xe7, 0xd3, 0x29, 0xff, 
	0xe7, 0xd3, 0x29, 0xff, 0xe7, 0xd3, 0x29, 0xff, 
	0xf7, 0xdf, 0x18, 0xff, 0xf7, 0xdf, 0x18, 0xff, 
	0xf7, 0xdf, 0x18, 0xff, 0xf7, 0xdf, 0x18, 0xff, 
	0xf7, 0xe3, 0x18, 0xff, 0xf7, 0xe3, 0x18, 0xff, 
	0xf7, 0xe3, 0x18, 0xff, 0xf7, 0xe3, 0x18, 0xff, 
	0xf7, 0xdf, 0x18, 0xff, 0xf7, 0xdf, 0x18, 0xff, 
	0xf7, 0xdf, 0x18, 0xff, 0xf4, 0xdb, 0x1d, 0xff, 
	0xf7, 0xdc, 0x1e, 0xff, 0xf7, 0xdc, 0x1e, 0xff, 
	0xf7, 0xdb, 0x21, 0xff, 0xf7, 0xdb, 0x21, 0xff, 
	0xf4, 0xd5, 0x23, 0xff, 0xf1, 0xd0, 0x26, 0xff, 
	0xf1, 0xd0, 0x26, 0xff, 0xf1, 0xd0, 0x26, 0xff, 
	0xef, 0xcb, 0x29, 0xff, 0xef, 0xcb, 0x29, 0xff, 
	0xef, 0xcb, 0x29, 0xff, 0xef, 0xcb, 0x29, 0xff, 
	0xf7, 0xc7, 0x2e, 0xff, 0xf7, 0xc7, 0x2e, 0xff, 
	0xf7, 0xc3, 0x31, 0xff, 0xf7, 0xc3, 0x31, 0xff, 
	0xf7, 0xbc, 0x39, 0xff, 0xf7, 0xbc, 0x39, 0xff, 
	0xf7, 0xbc, 0x39, 0xff, 0xf7, 0xb5, 0x41, 0xff, 
	0xf7, 0xb6, 0x42, 0xff, 0xf7, 0xab, 0x4a, 0xff, 
	0xf7, 0xab, 0x4a, 0xff, 0xf7, 0xa0, 0x52, 0xff, 
	0xf7, 0x96, 0x5a, 0xff, 0xf7, 0x96, 0x5a, 0xff, 
	0xf7, 0x8b, 0x65, 0xff, 0xf7, 0x80, 0x70, 0xff, 
	0xf7, 0x71, 0x7b, 0xff, 0xf7, 0x71, 0x7b, 0xff, 
	0xf4, 0x66, 0x86, 0xff, 0xf1, 0x5b, 0x91, 0xff, 
	0xf7, 0x4d, 0x9c, 0xff, 0xf1, 0x3f, 0xaa, 0xff, 
	0xf1, 0x3f, 0xaa, 0xff, 0xec, 0x31, 0xb8, 0xff, 
	0xef, 0x20, 0xc6, 0xff, 0xef, 0x20, 0xc6, 0xff, 
	0xef, 0x20, 0xc6, 0xff, 0xd9, 0x1d, 0xcb, 0xff, 
	0xce, 0x14, 0xd6, 0xff, 0xce, 0x14, 0xd6, 0xff, 
	0xce, 0x14, 0xd6, 0xff, 0xb2, 0x19, 0xd3, 0xff, 
	0xa5, 0x1c, 0xd6, 0xff, 0x8f, 0x21, 0xd0, 0xff, 
	0x79, 0x26, 0xcb, 0xff, 0x79, 0x26, 0xcb, 0xff, 
	0x6b, 0x28, 0xc6, 0xff, 0x65, 0x2a, 0xc6, 0xff, 
	0x5f, 0x2d, 0xc6, 0xff, 0x5f, 0x2d, 0xc6, 0xff, 
	0x5d, 0x2f, 0xc5, 0xff, 0x5d, 0x2f, 0xc5, 0xff, 
	0x5d, 0x2f, 0xc5, 0xff, 0x5d, 0x2f, 0xc5, 0xff, 
	0x5d, 0x2f, 0xc5, 0xff, 0x5d, 0x2f, 0xc5, 0xff, 
	0x5d, 0x2f, 0xc5, 0xff, 0x5d, 0x2f, 0xc5, 0xff, 
	0x5d, 0x2f, 0xc5, 0xff, 0x5d, 0x2f, 0xc5, 0xff, 
	0x5d, 0x2f, 0xc5, 0xff, 0x5d, 0x2f, 0xc5, 0xff, 
	0x5d, 0x2f, 0xc5, 0xff, 0x5d, 0x2f, 0xc5, 0xff, 
	0x5d, 0x2f, 0xc5, 0xff, 0x5d, 0x2f, 0xc5, 0xff, 
	0x5d, 0x2f, 0xc5, 0xff, 0x5d, 0x2f, 0xc5, 0xff, 
	0x5d, 0x2f, 0xc5, 0xff, 0x5d, 0x2f, 0xc5, 0xff, 
	0x5d, 0x2f, 0xc5, 0xff, 0x5d, 0x2f, 0xc5, 0xff, 
	0x5d, 0x2f, 0xc5, 0xff, 0x5d, 0x2f, 0xc5, 0xff, 
	0x5d, 0x2f, 0xc5, 0xff, 0x5d, 0x2f, 0xc5, 0xff, 
	0x5d, 0x2f, 0xc5, 0xff, 0x5d, 0x2f, 0xc5, 0xff, 
	0x5d, 0x2f, 0xc5, 0xff, 0x5d, 0x2f, 0xc5, 0xff, 
	0x5d, 0x2f, 0xc5, 0xff, 0x5d, 0x2f, 0xc5, 0xff, 
	0x5d, 0x2f, 0xc5, 0xff, 0x5d, 0x2f, 0xc5, 0xff, 
	0x5d, 0x2f, 0xc5, 0xff, 0x5d, 0x2f, 0xc5, 0xff, 
	0x5d, 0x2f, 0xc5, 0xff, 0x5d, 0x2f, 0xc5, 0xff, 
	0x5d, 0x2f, 0xc5, 0xff, 0x5d, 0x2f, 0xc5, 0xff, 
	0x5d, 0x2f, 0xc5, 0xff, 0x5d, 0x2f, 0xc5, 0xff, 
	0x5d, 0x2f, 0xc5, 0xff, 0x5d, 0x2f, 0xc5, 0xff, 
	0x5a, 0x30, 0xc6, 0xff, 0x5a, 0x30, 0xc6, 0xff, 
	0x5a, 0x30, 0xc6, 0xff, 0x62, 0x38, 0xbd, 0xff, 
	0x6b, 0x41, 0xb5, 0xff, 0x6b, 0x41, 0xb5, 0xff, 
	0x6b, 0x41, 0xb5, 0xff, 0x7e, 0x58, 0x9f, 0xff, 
	0x9c, 0x6d, 0x84, 0xff, 0x9c, 0x6d, 0x84, 0xff, 
	0xb2, 0x8d, 0x68, 0xff, 0xb2, 0x8d, 0x68, 0xff, 
	0xce, 0xaa, 0x4a, 0xff, 0xd9, 0xbb, 0x39, 0xff, 
	0xd9, 0xbb, 0x39, 0xff, 0xe4, 0xcd, 0x28, 0xff, 
	0xe7, 0xd7, 0x21, 0xff, 0xec, 0xdd, 0x1b, 0xff, 
	0xec, 0xdd, 0x1b, 0xff, 0xf1, 0xe4, 0x15, 0xff, 
	0xf1, 0xe4, 0x15, 0xff, 0xf4, 0xe5, 0x12, 0xff, 
	0xf4, 0xe5, 0x12, 0xff, 0xf4, 0xe5, 0x12, 0xff, 
	0xf4, 0xe3, 0x15, 0xff, 0xf4, 0xe3, 0x15, 0xff, 
	0xf4, 0xe3, 0x15, 0xff, 0xf1, 0xdf, 0x1b, 0xff, 
	0xf7, 0xdf, 0x18, 0xff, 0xf1, 0xd9, 0x20, 0xff, 
	0xf1, 0xd9, 0x20, 0xff, 0xf1, 0xd9, 0x20, 0xff, 
	0xef, 0xd7, 0x21, 0xff, 0xef, 0xd7, 0x21, 0xff, 
	0xef, 0xd7, 0x21, 0xff, 0xec, 0xd0, 0x2c, 0xff, 
	0xef, 0xcb, 0x29, 0xff, 0xef, 0xcb, 0x29, 0xff, 
	0xef, 0xcb, 0x29, 0xff, 0xe9, 0xbd, 0x34, 0xff, 
	0xef, 0xbe, 0x31, 0xff, 0xef, 0xbe, 0x31, 0xff, 
	0xef, 0xbe, 0x31, 0xff, 0xef, 0xbe, 0x31, 0xff, 
	0xef, 0xb6, 0x39, 0xff, 0xef, 0xb6, 0x39, 0xff, 
	0xef, 0xb6, 0x39, 0xff, 0xef, 0xb6, 0x39, 0xff, 
	0xef, 0xb2, 0x42, 0xff, 0xef, 0xb2, 0x42, 0xff, 
	0xef, 0xb2, 0x42, 0xff, 0xef, 0xb2, 0x42, 0xff, 
	0xf7, 0xaa, 0x52, 0xff, 0xf7, 0xaa, 0x52, 0xff, 
	0xf7, 0xaa, 0x52, 0xff, 0xee, 0x97, 0x5f, 0xff, 
	0xf7, 0x8e, 0x63, 0xff, 0xf7, 0x8e, 0x63, 0xff, 
	0xf4, 0x81, 0x70, 0xff, 0xf4, 0x81, 0x70, 0xff, 
	0xf7, 0x75, 0x7b, 0xff, 0xf7, 0x6b, 0x83, 0xff, 
	0xf7, 0x62, 0x8b, 0xff, 0xf7, 0x59, 0x94, 0xff, 
	0xf7, 0x4d, 0x9c, 0xff, 0xf7, 0x44, 0xa4, 0xff, 
	0xf7, 0x3c, 0xac, 0xff, 0xf7, 0x34, 0xb5, 0xff, 
	0xf7, 0x34, 0xb5, 0xff, 0xf4, 0x2c, 0xbd, 0xff, 
	0xf1, 0x24, 0xc5, 0xff, 0xef, 0x1c, 0xce, 0xff, 
	0xec, 0x11, 0xd3, 0xff, 0xe1, 0x0e, 0xd8, 0xff, 
	0xd6, 0x0c, 0xde, 0xff, 0xd6, 0x0c, 0xde, 0xff, 
	0xac, 0x15, 0xd3, 0xff, 0xac, 0x15, 0xd3, 0xff, 
	0x94, 0x1c, 0xce, 0xff, 0x94, 0x1c, 0xce, 0xff, 
	0x79, 0x25, 0xcb, 0xff, 0x79, 0x25, 0xcb, 0xff, 
	0x63, 0x2c, 0xc6, 0xff, 0x63, 0x2c, 0xc6, 0xff, 
	0x5f, 0x2d, 0xc6, 0xff, 0x5f, 0x2d, 0xc6, 0xff, 
	0x5f, 0x2d, 0xc6, 0xff, 0x5f, 0x2d, 0xc6, 0xff, 
	0x5d, 0x2f, 0xc5, 0xff, 0x5d, 0x2f, 0xc5, 0xff, 
	0x5d, 0x2f, 0xc5, 0xff, 0x5d, 0x2f, 0xc5, 0xff, 
	0x5d, 0x2f, 0xc5, 0xff, 0x5d, 0x2f, 0xc5, 0xff, 
	0x5d, 0x2f, 0xc5, 0xff, 0x5d, 0x2f, 0xc5, 0xff, 
	0x5d, 0x2f, 0xc5, 0xff, 0x5d, 0x2f, 0xc5, 0xff, 
	0x5d, 0x2f, 0xc5, 0xff, 0x5d, 0x2f, 0xc5, 0xff, 
	0x5d, 0x2f, 0xc5, 0xff, 0x5d, 0x2f, 0xc5, 0xff, 
	0x5d, 0x2f, 0xc5, 0xff, 0x5d, 0x2f, 0xc5, 0xff, 
	0x5d, 0x2f, 0xc5, 0xff, 0x5d, 0x2f, 0xc5, 0xff, 
	0x5d, 0x2f, 0xc5, 0xff, 0x5d, 0x2f, 0xc5, 0xff, 
	0x5d, 0x2f, 0xc5, 0xff, 0x5d, 0x2f, 0xc5, 0xff, 
	0x5d, 0x2f, 0xc5, 0xff, 0x5d, 0x2f, 0xc5, 0xff, 
	0x5d, 0x2f, 0xc5, 0xff, 0x5d, 0x2f, 0xc5, 0xff, 
	0x5d, 0x2f, 0xc5, 0xff, 0x5d, 0x2f, 0xc5, 0xff, 
	0x5d, 0x2f, 0xc5, 0xff, 0x5d, 0x2f, 0xc5, 0xff, 
	0x5d, 0x2f, 0xc5, 0xff, 0x5d, 0x2f, 0xc5, 0xff, 
	0x5d, 0x2f, 0xc5, 0xff, 0x5d, 0x2f, 0xc5, 0xff, 
	0x5d, 0x2f, 0xc5, 0xff, 0x5d, 0x2f, 0xc5, 0xff, 
	0x5d, 0x2f, 0xc5, 0xff, 0x5d, 0x2f, 0xc5, 0xff, 
	0x5d, 0x2f, 0xc5, 0xff, 0x5d, 0x2f, 0xc5, 0xff, 
	0x5a, 0x30, 0xc6, 0xff, 0x5a, 0x30, 0xc6, 0xff, 
	0x62, 0x38, 0xbd, 0xff, 0x62, 0x38, 0xbd, 0xff, 
	0x6b, 0x41, 0xb5, 0xff, 0x6b, 0x41, 0xb5, 0xff, 
	0x7e, 0x58, 0x9f, 0xff, 0x91, 0x6f, 0x89, 0xff, 
	0x9c, 0x6d, 0x84, 0xff, 0xb2, 0x8d, 0x68, 0xff, 
	0xb2, 0x8d, 0x68, 0xff, 0xc8, 0xae, 0x4c, 0xff, 
	0xd9, 0xbb, 0x39, 0xff, 0xe4, 0xcd, 0x28, 0xff, 
	0xe4, 0xcd, 0x28, 0xff, 0xef, 0xdf, 0x18, 0xff, 
	0xec, 0xdd, 0x1b, 0xff, 0xf1, 0xe4, 0x15, 0xff, 
	0xf1, 0xe4, 0x15, 0xff, 0xf7, 0xeb, 0x10, 0xff, 
	0xf4, 0xe5, 0x12, 0xff, 0xf7, 0xe7, 0x10, 0xff, 
	0xf7, 0xe7, 0x10, 0xff, 0xf7, 0xe7, 0x10, 0xff, 
	0xf4, 0xe3, 0x15, 0xff, 0xf4, 0xe3, 0x15, 0xff, 
	0xf4, 0xe3, 0x15, 0xff, 0xf1, 0xdf, 0x1b, 0xff, 
	0xf1, 0xd9, 0x20, 0xff, 0xf1, 0xd9, 0x20, 0xff, 
	0xf1, 0xd9, 0x20, 0xff, 0xec, 0xd4, 0x28, 0xff, 
	0xec, 0xd0, 0x2c, 0xff, 0xec, 0xd0, 0x2c, 0xff, 
	0xec, 0xd0, 0x2c, 0xff, 0xe9, 0xc9, 0x37, 0xff, 
	0xe9, 0xbd, 0x34, 0xff, 0xe9, 0xbd, 0x34, 0xff, 
	0xe9, 0xbd, 0x34, 0xff, 0xe9, 0xbd, 0x34, 0xff, 
	0xe9, 0xac, 0x36, 0xff, 0xe9, 0xac, 0x36, 0xff, 
	0xe9, 0xac, 0x36, 0xff, 0xe9, 0xac, 0x36, 0xff, 
	0xe9, 0xa1, 0x3e, 0xff, 0xe9, 0xa1, 0x3e, 0xff, 
	0xe9, 0xa1, 0x3e, 0xff, 0xe9, 0xa1, 0x3e, 0xff, 
	0xe9, 0x9d, 0x4a, 0xff, 0xe9, 0x9d, 0x4a, 0xff, 
	0xe9, 0x9d, 0x4a, 0xff, 0xe9, 0x9d, 0x4a, 0xff, 
	0xee, 0x97, 0x5f, 0xff, 0xee, 0x97, 0x5f, 0xff, 
	0xee, 0x97, 0x5f, 0xff, 0xee, 0x97, 0x5f, 0xff, 
	0xf4, 0x81, 0x70, 0xff, 0xf4, 0x81, 0x70, 0xff, 
	0xf4, 0x81, 0x70, 0xff, 0xf1, 0x75, 0x7e, 0xff, 
	0xf7, 0x6b, 0x83, 0xff, 0xf7, 0x6b, 0x83, 0xff, 
	0xf7, 0x62, 0x8b, 0xff, 0xf7, 0x59, 0x94, 0xff, 
	0xf7, 0x4d, 0x9c, 0xff, 0xf7, 0x44, 0xa4, 0xff, 
	0xf7, 0x3c, 0xac, 0xff, 0xf7, 0x34, 0xb5, 0xff, 
	0xf7, 0x34, 0xb5, 0xff, 0xf4, 0x2c, 0xbd, 0xff, 
	0xf4, 0x2c, 0xbd, 0xff, 0xf1, 0x24, 0xc5, 0xff, 
	0xec, 0x11, 0xd3, 0xff, 0xec, 0x11, 0xd3, 0xff, 
	0xe1, 0x0e, 0xd8, 0xff, 0xd6, 0x0c, 0xde, 0xff, 
	0xc5, 0x0e, 0xd8, 0xff, 0xc5, 0x0e, 0xd8, 0xff, 
	0xac, 0x15, 0xd3, 0xff, 0x94, 0x1c, 0xce, 0xff, 
	0x8f, 0x1e, 0xd0, 0xff, 0x79, 0x25, 0xcb, 0xff, 
	0x79, 0x25, 0xcb, 0xff, 0x63, 0x2c, 0xc6, 0xff, 
	0x5f, 0x2d, 0xc6, 0xff, 0x5f, 0x2d, 0xc6, 0xff, 
	0x5f, 0x2d, 0xc6, 0xff, 0x5f, 0x2d, 0xc6, 0xff, 
	0x5d, 0x2f, 0xc5, 0xff, 0x5d, 0x2f, 0xc5, 0xff, 
	0x5d, 0x2f, 0xc5, 0xff, 0x5d, 0x2f, 0xc5, 0xff, 
	0x5d, 0x2f, 0xc5, 0xff, 0x5d, 0x2f, 0xc5, 0xff, 
	0x5d, 0x2f, 0xc5, 0xff, 0x5d, 0x2f, 0xc5, 0xff, 
	0x5d, 0x2f, 0xc5, 0xff, 0x5d, 0x2f, 0xc5, 0xff, 
	0x5d, 0x2f, 0xc5, 0xff, 0x5d, 0x2f, 0xc5, 0xff, 
	0x5d, 0x2f, 0xc5, 0xff, 0x5d, 0x2f, 0xc5, 0xff, 
	0x5d, 0x2f, 0xc5, 0xff, 0x5d, 0x2f, 0xc5, 0xff, 
	0x5d, 0x2f, 0xc5, 0xff, 0x5d, 0x2f, 0xc5, 0xff, 
	0x5d, 0x2f, 0xc5, 0xff, 0x5d, 0x2f, 0xc5, 0xff, 
	0x5d, 0x2f, 0xc5, 0xff, 0x5d, 0x2f, 0xc5, 0xff, 
	0x5d, 0x2f, 0xc5, 0xff, 0x5d, 0x2f, 0xc5, 0xff, 
	0x5d, 0x2f, 0xc5, 0xff, 0x5d, 0x2f, 0xc5, 0xff, 
	0x5d, 0x2f, 0xc5, 0xff, 0x5d, 0x2f, 0xc5, 0xff, 
	0x5d, 0x2f, 0xc5, 0xff, 0x5d, 0x2f, 0xc5, 0xff, 
	0x5d, 0x2f, 0xc5, 0xff, 0x5d, 0x2f, 0xc5, 0xff, 
	0x5d, 0x2f, 0xc5, 0xff, 0x5d, 0x2f, 0xc5, 0xff, 
	0x5d, 0x2f, 0xc5, 0xff, 0x5d, 0x2f, 0xc5, 0xff, 
	0x5d, 0x2f, 0xc5, 0xff, 0x5d, 0x2f, 0xc5, 0xff, 
	0x5d, 0x2f, 0xc5, 0xff, 0x5d, 0x2f, 0xc5, 0xff, 
	0x5a, 0x30, 0xc6, 0xff, 0x5a, 0x30, 0xc6, 0xff, 
	0x62, 0x38, 0xbd, 0xff, 0x6a, 0x40, 0xb5, 0xff, 
	0x6b, 0x41, 0xb5, 0xff, 0x7e, 0x58, 0x9f, 0xff, 
	0x91, 0x6f, 0x89, 0xff, 0xa5, 0x86, 0x73, 0xff, 
	0xb2, 0x8d, 0x68, 0xff, 0xc8, 0xae, 0x4c, 0xff, 
	0xc8, 0xae, 0x4c, 0xff, 0xde, 0xcf, 0x31, 0xff, 
	0xe4, 0xcd, 0x28, 0xff, 0xe4, 0xcd, 0x28, 0xff, 
	0xef, 0xdf, 0x18, 0xff, 0xef, 0xdf, 0x18, 0xff, 
	0xf1, 0xe4, 0x15, 0xff, 0xf1, 0xe4, 0x15, 0xff, 
	0xf7, 0xeb, 0x10, 0xff, 0xf7, 0xeb, 0x10, 0xff, 
	0xf7, 0xe7, 0x10, 0xff, 0xf7, 0xe7, 0x10, 0xff, 
	0xf7, 0xe7, 0x10, 0xff, 0xf4, 0xe5, 0x12, 0xff, 
	0xf4, 0xe3, 0x15, 0xff, 0xf4, 0xe3, 0x15, 0xff, 
	0xf1, 0xdf, 0x1b, 0xff, 0xef, 0xdb, 0x21, 0xff, 
	0xf1, 0xd9, 0x20, 0xff, 0xec, 0xd4, 0x28, 0xff, 
	0xec, 0xd4, 0x28, 0xff, 0xe7, 0xcf, 0x31, 0xff, 
	0xe9, 0xc9, 0x37, 0xff, 0xe9, 0xc9, 0x37, 0xff, 
	0xe9, 0xc9, 0x37, 0xff, 0xe7, 0xc3, 0x42, 0xff, 
	0xe9, 0xbd, 0x34, 0xff, 0xe3, 0xaf, 0x3f, 0xff, 
	0xe3, 0xaf, 0x3f, 0xff, 0xe3, 0xaf, 0x3f, 0xff, 
	0xe3, 0x9b, 0x3c, 0xff, 0xe3, 0x9b, 0x3c, 0xff, 
	0xe3, 0x9b, 0x3c, 0xff, 0xe3, 0x9b, 0x3c, 0xff, 
	0xe3, 0x8d, 0x44, 0xff, 0xe3, 0x8d, 0x44, 0xff, 
	0xe3, 0x8d, 0x44, 0xff, 0xe3, 0x8d, 0x44, 0xff, 
	0xe3, 0x89, 0x52, 0xff, 0xe3, 0x89, 0x52, 0xff, 
	0xe3, 0x89, 0x52, 0xff, 0xe3, 0x89, 0x52, 0xff, 
	0xe6, 0x84, 0x6d, 0xff, 0xe6, 0x84, 0x6d, 0xff, 
	0xe6, 0x84, 0x6d, 0xff, 0xe6, 0x84, 0x6d, 0xff, 
	0xf1, 0x75, 0x7e, 0xff, 0xf1, 0x75, 0x7e, 0xff, 
	0xf1, 0x75, 0x7e, 0xff, 0xef, 0x69, 0x8c, 0xff, 
	0xf7, 0x6b, 0x83, 0xff, 0xf7, 0x62, 0x8b, 0xff, 
	0xf7, 0x59, 0x94, 0xff, 0xf7, 0x59, 0x94, 0xff, 
	0xf7, 0x44, 0xa4, 0xff, 0xf7, 0x3c, 0xac, 0xff, 
	0xf7, 0x3c, 0xac, 0xff, 0xf7, 0x34, 0xb5, 0xff, 
	0xf7, 0x34, 0xb5, 0xff, 0xf7, 0x34, 0xb5, 0xff, 
	0xf4, 0x2c, 0xbd, 0xff, 0xf1, 0x24, 0xc5, 0xff, 
	0xf7, 0x14, 0xce, 0xff, 0xec, 0x11, 0xd3, 0xff, 
	0xe1, 0x0e, 0xd8, 0xff, 0xe1, 0x0e, 0xd8, 0xff, 
	0xde, 0x08, 0xde, 0xff, 0xc5, 0x0e, 0xd8, 0xff, 
	0xc5, 0x0e, 0xd8, 0xff, 0xac, 0x15, 0xd3, 0xff, 
	0xa5, 0x18, 0xd6, 0xff, 0x8f, 0x1e, 0xd0, 0xff, 
	0x79, 0x25, 0xcb, 0xff, 0x79, 0x25, 0xcb, 0xff, 
	0x65, 0x2a, 0xc6, 0xff, 0x5f, 0x2d, 0xc6, 0xff, 
	0x5f, 0x2d, 0xc6, 0xff, 0x5f, 0x2d, 0xc6, 0xff, 
	0x5d, 0x2f, 0xc5, 0xff, 0x5d, 0x2f, 0xc5, 0xff, 
	0x5d, 0x2f, 0xc5, 0xff, 0x5d, 0x2f, 0xc5, 0xff, 
	0x5d, 0x2f, 0xc5, 0xff, 0x5d, 0x2f, 0xc5, 0xff, 
	0x5d, 0x2f, 0xc5, 0xff, 0x5d, 0x2f, 0xc5, 0xff, 
	0x5d, 0x2f, 0xc5, 0xff, 0x5d, 0x2f, 0xc5, 0xff, 
	0x5d, 0x2f, 0xc5, 0xff, 0x5d, 0x2f, 0xc5, 0xff, 
	0x5d, 0x2f, 0xc5, 0xff, 0x5d, 0x2f, 0xc5, 0xff, 
	0x5d, 0x2f, 0xc5, 0xff, 0x5d, 0x2f, 0xc5, 0xff, 
	0x5d, 0x2f, 0xc5, 0xff, 0x5d, 0x2f, 0xc5, 0xff, 
	0x5d, 0x2f, 0xc5, 0xff, 0x5d, 0x2f, 0xc5, 0xff, 
	0x5d, 0x2f, 0xc5, 0xff, 0x5d, 0x2f, 0xc5, 0xff, 
	0x5d, 0x2f, 0xc5, 0xff, 0x5d, 0x2f, 0xc5, 0xff, 
	0x5d, 0x2f, 0xc5, 0xff, 0x5d, 0x2f, 0xc5, 0xff, 
	0x5d, 0x2f, 0xc5, 0xff, 0x5d, 0x2f, 0xc5, 0xff, 
	0x5d, 0x2f, 0xc5, 0xff, 0x5d, 0x2f, 0xc5, 0xff, 
	0x5d, 0x2f, 0xc5, 0xff, 0x5d, 0x2f, 0xc5, 0xff, 
	0x5d, 0x2f, 0xc5, 0xff, 0x5d, 0x2f, 0xc5, 0xff, 
	0x5d, 0x2f, 0xc5, 0xff, 0x5d, 0x2f, 0xc5, 0xff, 
	0x5d, 0x2f, 0xc5, 0xff, 0x5d, 0x2f, 0xc5, 0xff, 
	0x5d, 0x2f, 0xc5, 0xff, 0x5d, 0x2f, 0xc5, 0xff, 
	0x5a, 0x30, 0xc6, 0xff, 0x62, 0x38, 0xbd, 0xff, 
	0x6a, 0x40, 0xb5, 0xff, 0x73, 0x49, 0xad, 0xff, 
	0x7e, 0x58, 0x9f, 0xff, 0x91, 0x6f, 0x89, 0xff, 
	0xa5, 0x86, 0x73, 0xff, 0xa5, 0x86, 0x73, 0xff, 
	0xc8, 0xae, 0x4c, 0xff, 0xc8, 0xae, 0x4c, 0xff, 
	0xde, 0xcf, 0x31, 0xff, 0xde, 0xcf, 0x31, 0xff, 
	0xef, 0xdf, 0x18, 0xff, 0xef, 0xdf, 0x18, 0xff, 
	0xef, 0xdf, 0x18, 0xff, 0xef, 0xdf, 0x18, 0xff, 
	0xf7, 0xeb, 0x10, 0xff, 0xf7, 0xeb, 0x10, 0xff, 
	0xf7, 0xeb, 0x10, 0xff, 0xf7, 0xeb, 0x10, 0xff, 
	0xf7, 0xe7, 0x10, 0xff, 0xf7, 0xe7, 0x10, 0xff, 
	0xf4, 0xe5, 0x12, 0xff, 0xf4, 0xe5, 0x12, 0xff, 
	0xf4, 0xe3, 0x15, 0xff, 0xf1, 0xdf, 0x1b, 0xff, 
	0xef, 0xdb, 0x21, 0xff, 0xef, 0xdb, 0x21, 0xff, 
	0xec, 0xd4, 0x28, 0xff, 0xe7, 0xcf, 0x31, 0xff, 
	0xe7, 0xcf, 0x31, 0xff, 0xe7, 0xcf, 0x31, 0xff, 
	0xe9, 0xc9, 0x37, 0xff, 0xe7, 0xc3, 0x42, 0xff, 
	0xe7, 0xc3, 0x42, 0xff, 0xe7, 0xc3, 0x42, 0xff, 
	0xe3, 0xaf, 0x3f, 0xff, 0xe3, 0xaf, 0x3f, 0xff, 
	0xde, 0xa2, 0x4a, 0xff, 0xde, 0xa2, 0x4a, 0xff, 
	0xe3, 0x9b, 0x3c, 0xff, 0xde, 0x8a, 0x42, 0xff, 
	0xde, 0x8a, 0x42, 0xff, 0xde, 0x8a, 0x42, 0xff, 
	0xde, 0x79, 0x4a, 0xff, 0xde, 0x79, 0x4a, 0xff, 
	0xde, 0x79, 0x4a, 0xff, 0xde, 0x79, 0x4a, 0xff, 
	0xde, 0x75, 0x5a, 0xff, 0xde, 0x75, 0x5a, 0xff, 
	0xde, 0x75, 0x5a, 0xff, 0xde, 0x75, 0x5a, 0xff, 
	0xde, 0x71, 0x7b, 0xff, 0xde, 0x71, 0x7b, 0xff, 
	0xde, 0x71, 0x7b, 0xff, 0xde, 0x71, 0x7b, 0xff, 
	0xef, 0x69, 0x8c, 0xff, 0xef, 0x69, 0x8c, 0xff, 
	0xef, 0x69, 0x8c, 0xff, 0xef, 0x69, 0x8c, 0xff, 
	0xf7, 0x62, 0x8b, 0xff, 0xf7, 0x62, 0x8b, 0xff, 
	0xf7, 0x59, 0x94, 0xff, 0xf7, 0x59, 0x94, 0xff, 
	0xf7, 0x44, 0xa4, 0xff, 0xf7, 0x3c, 0xac, 0xff, 
	0xf7, 0x3c, 0xac, 0xff, 0xf7, 0x34, 0xb5, 0xff, 
	0xf7, 0x34, 0xb5, 0xff, 0xf7, 0x34, 0xb5, 0xff, 
	0xf4, 0x2c, 0xbd, 0xff, 0xf1, 0x24, 0xc5, 0xff, 
	0xf7, 0x14, 0xce, 0xff, 0xec, 0x11, 0xd3, 0xff, 
	0xec, 0x11, 0xd3, 0xff, 0xe1, 0x0e, 0xd8, 0xff, 
	0xde, 0x08, 0xde, 0xff, 0xde, 0x08, 0xde, 0xff, 
	0xc5, 0x0e, 0xd8, 0xff, 0xc5, 0x0e, 0xd8, 0xff, 
	0xa5, 0x18, 0xd6, 0xff, 0xa5, 0x18, 0xd6, 0xff, 
	0x8f, 0x1e, 0xd0, 0xff, 0x79, 0x25, 0xcb, 0xff, 
	0x6b, 0x28, 0xc6, 0xff, 0x65, 0x2a, 0xc6, 0xff, 
	0x5f, 0x2d, 0xc6, 0xff, 0x5f, 0x2d, 0xc6, 0xff, 
	0x5d, 0x2f, 0xc5, 0xff, 0x5d, 0x2f, 0xc5, 0xff, 
	0x5d, 0x2f, 0xc5, 0xff, 0x5d, 0x2f, 0xc5, 0xff, 
	0x5d, 0x2f, 0xc5, 0xff, 0x5d, 0x2f, 0xc5, 0xff, 
	0x5d, 0x2f, 0xc5, 0xff, 0x5d, 0x2f, 0xc5, 0xff, 
	0x5d, 0x2f, 0xc5, 0xff, 0x5d, 0x2f, 0xc5, 0xff, 
	0x5d, 0x2f, 0xc5, 0xff, 0x5d, 0x2f, 0xc5, 0xff, 
	0x5d, 0x2f, 0xc5, 0xff, 0x5d, 0x2f, 0xc5, 0xff, 
	0x5d, 0x2f, 0xc5, 0xff, 0x5d, 0x2f, 0xc5, 0xff, 
	0x5d, 0x2f, 0xc5, 0xff, 0x5d, 0x2f, 0xc5, 0xff, 
	0x5d, 0x2f, 0xc5, 0xff, 0x5d, 0x2f, 0xc5, 0xff, 
	0x5d, 0x2f, 0xc5, 0xff, 0x5d, 0x2f, 0xc5, 0xff, 
	0x5d, 0x2f, 0xc5, 0xff, 0x5d, 0x2f, 0xc5, 0xff, 
	0x5d, 0x2f, 0xc5, 0xff, 0x5d, 0x2f, 0xc5, 0xff, 
	0x5d, 0x2f, 0xc5, 0xff, 0x5d, 0x2f, 0xc5, 0xff, 
	0x5d, 0x2f, 0xc5, 0xff, 0x5d, 0x2f, 0xc5, 0xff, 
	0x5d, 0x2f, 0xc5, 0xff, 0x5d, 0x2f, 0xc5, 0xff, 
	0x5d, 0x2f, 0xc5, 0xff, 0x5d, 0x2f, 0xc5, 0xff, 
	0x5d, 0x2f, 0xc5, 0xff, 0x5d, 0x2f, 0xc5, 0xff, 
	0x5a, 0x30, 0xc6, 0xff, 0x5a, 0x30, 0xc6, 0xff, 
	0x5a, 0x30, 0xc6, 0xff, 0x5f, 0x35, 0xc0, 0xff, 
	0x6b, 0x41, 0xb5, 0xff, 0x6b, 0x41, 0xb5, 0xff, 
	0x6b, 0x41, 0xb5, 0xff, 0x7e, 0x59, 0x9f, 0xff, 
	0x9c, 0x82, 0x73, 0xff, 0x9c, 0x82, 0x73, 0xff, 
	0xac, 0x9a, 0x5f, 0xff, 0xbd, 0xb2, 0x4c, 0xff, 
	0xc6, 0xcf, 0x39, 0xff, 0xce, 0xd4, 0x33, 0xff, 
	0xd6, 0xd9, 0x2e, 0xff, 0xde, 0xdf, 0x29, 0xff, 
	0xe6, 0xe5, 0x1d, 0xff, 0xe6, 0xe5, 0x1d, 0xff, 
	0xef, 0xe7, 0x18, 0xff, 0xef, 0xe7, 0x18, 0xff, 
	0xf1, 0xe8, 0x15, 0xff, 0xf4, 0xe9, 0x12, 0xff, 
	0xf7, 0xeb, 0x10, 0xff, 0xf7, 0xeb, 0x10, 0xff, 
	0xf7, 0xe7, 0x10, 0xff, 0xf1, 0xe5, 0x18, 0xff, 
	0xf1, 0xe5, 0x18, 0xff, 0xf1, 0xe5, 0x18, 0xff, 
	0xef, 0xdb, 0x21, 0xff, 0xef, 0xdb, 0x21, 0xff, 
	0xef, 0xdb, 0x21, 0xff, 0xe4, 0xdc, 0x2c, 0xff, 
	0xe7, 0xcf, 0x39, 0xff, 0xe7, 0xcf, 0x39, 0xff, 
	0xe7, 0xcf, 0x39, 0xff, 0xde, 0xd5, 0x3e, 0xff, 
	0xe1, 0xcd, 0x4c, 0xff, 0xe1, 0xcd, 0x4c, 0xff, 
	0xe7, 0xc3, 0x4a, 0xff, 0xe7, 0xc3, 0x4a, 0xff, 
	0xe7, 0xb1, 0x4c, 0xff, 0xe7, 0xb1, 0x4c, 0xff, 
	0xe7, 0xa2, 0x4a, 0xff, 0xe7, 0xa2, 0x4a, 0xff, 
	0xe4, 0x93, 0x42, 0xff, 0xe1, 0x88, 0x42, 0xff, 
	0xe1, 0x88, 0x42, 0xff, 0xde, 0x7d, 0x42, 0xff, 
	0xd8, 0x6e, 0x47, 0xff, 0xd8, 0x6e, 0x47, 0xff, 
	0xd8, 0x6e, 0x47, 0xff, 0xd8, 0x6e, 0x47, 0xff, 
	0xd6, 0x5a, 0x52, 0xff, 0xd6, 0x5a, 0x52, 0xff, 
	0xd6, 0x61, 0x63, 0xff, 0xd6, 0x61, 0x63, 0xff, 
	0xd3, 0x57, 0x6a, 0xff, 0xd6, 0x5d, 0x7b, 0xff, 
	0xd6, 0x5d, 0x7b, 0xff, 0xd6, 0x5d, 0x7b, 0xff, 
	0xd6, 0x5a, 0x89, 0xff, 0xde, 0x61, 0x94, 0xff, 
	0xde, 0x61, 0x94, 0xff, 0xde, 0x61, 0x94, 0xff, 
	0xef, 0x5d, 0x94, 0xff, 0xef, 0x5d, 0x94, 0xff, 
	0xef, 0x5d, 0x94, 0xff, 0xe6, 0x57, 0x99, 0xff, 
	0xf7, 0x45, 0xa5, 0xff, 0xf1, 0x3f, 0xad, 0xff, 
	0xf1, 0x3f, 0xad, 0xff, 0xec, 0x39, 0xb5, 0xff, 
	0xf7, 0x30, 0xb5, 0xff, 0xf7, 0x30, 0xb5, 0xff, 
	0xf4, 0x28, 0xbd, 0xff, 0xf1, 0x20, 0xc5, 0xff, 
	0xf7, 0x14, 0xce, 0xff, 0xf4, 0x0d, 0xd6, 0xff, 
	0xf1, 0x06, 0xde, 0xff, 0xf1, 0x06, 0xde, 0xff, 
	0xe6, 0x06, 0xde, 0xff, 0xe6, 0x06, 0xde, 0xff, 
	0xde, 0x09, 0xde, 0xff, 0xd6, 0x0c, 0xde, 0xff, 
	0xc8, 0x0e, 0xd8, 0xff, 0xb2, 0x15, 0xd3, 0xff, 
	0x9c, 0x1c, 0xce, 0xff, 0x9c, 0x1c, 0xce, 0xff, 
	0x7e, 0x26, 0xc8, 0xff, 0x6b, 0x2c, 0xc6, 0xff, 
	0x6b, 0x2c, 0xc6, 0xff, 0x6b, 0x2c, 0xc6, 0xff, 
	0x5f, 0x2d, 0xc6, 0xff, 0x5f, 0x2d, 0xc6, 0xff, 
	0x5f, 0x2d, 0xc6, 0xff, 0x5f, 0x2d, 0xc6, 0xff, 
	0x5d, 0x2f, 0xc5, 0xff, 0x5d, 0x2f, 0xc5, 0xff, 
	0x5d, 0x2f, 0xc5, 0xff, 0x5d, 0x2f, 0xc5, 0xff, 
	0x5d, 0x2f, 0xc5, 0xff, 0x5d, 0x2f, 0xc5, 0xff, 
	0x5d, 0x2f, 0xc5, 0xff, 0x5d, 0x2f, 0xc5, 0xff, 
	0x5d, 0x2f, 0xc5, 0xff, 0x5d, 0x2f, 0xc5, 0xff, 
	0x5d, 0x2f, 0xc5, 0xff, 0x5d, 0x2f, 0xc5, 0xff, 
	0x5d, 0x2f, 0xc5, 0xff, 0x5d, 0x2f, 0xc5, 0xff, 
	0x5d, 0x2f, 0xc5, 0xff, 0x5d, 0x2f, 0xc5, 0xff, 
	0x5d, 0x2f, 0xc5, 0xff, 0x5d, 0x2f, 0xc5, 0xff, 
	0x5d, 0x2f, 0xc5, 0xff, 0x5d, 0x2f, 0xc5, 0xff, 
	0x5d, 0x2f, 0xc5, 0xff, 0x5d, 0x2f, 0xc5, 0xff, 
	0x5d, 0x2f, 0xc5, 0xff, 0x5d, 0x2f, 0xc5, 0xff, 
	0x5d, 0x2f, 0xc5, 0xff, 0x5d, 0x2f, 0xc5, 0xff, 
	0x5d, 0x2f, 0xc5, 0xff, 0x5d, 0x2f, 0xc5, 0xff, 
	0x5d, 0x2f, 0xc5, 0xff, 0x5d, 0x2f, 0xc5, 0xff, 
	0x5d, 0x2f, 0xc5, 0xff, 0x5d, 0x2f, 0xc5, 0xff, 
	0x5a, 0x30, 0xc6, 0xff, 0x5a, 0x30, 0xc6, 0xff, 
	0x5f, 0x35, 0xc0, 0xff, 0x5f, 0x35, 0xc0, 0xff, 
	0x6b, 0x41, 0xb5, 0xff, 0x6b, 0x41, 0xb5, 0xff, 
	0x7e, 0x59, 0x9f, 0xff, 0x91, 0x71, 0x89, 0xff, 
	0x9c, 0x82, 0x73, 0xff, 0xac, 0x9a, 0x5f, 0xff, 
	0xbd, 0xb2, 0x4c, 0xff, 0xce, 0xcb, 0x39, 0xff, 
	0xce, 0xd4, 0x33, 0xff, 0xd6, 0xd9, 0x2e, 0xff, 
	0xd6, 0xd9, 0x2e, 0xff, 0xde, 0xdf, 0x29, 0xff, 
	0xde, 0xe4, 0x23, 0xff, 0xe6, 0xe5, 0x1d, 0xff, 
	0xef, 0xe7, 0x18, 0xff, 0xef, 0xe7, 0x18, 0xff, 
	0xf4, 0xe9, 0x12, 0xff, 0xf4, 0xe9, 0x12, 0xff, 
	0xf7, 0xeb, 0x10, 0xff, 0xf4, 0xe9, 0x12, 0xff, 
	0xf1, 0xe5, 0x18, 0xff, 0xf1, 0xe5, 0x18, 0xff, 
	0xf1, 0xe5, 0x18, 0xff, 0xec, 0xe4, 0x20, 0xff, 
	0xef, 0xdb, 0x21, 0xff, 0xe4, 0xdc, 0x2c, 0xff, 
	0xe4, 0xdc, 0x2c, 0xff, 0xe4, 0xdc, 0x2c, 0xff, 
	0xde, 0xd5, 0x3e, 0xff, 0xde, 0xd5, 0x3e, 0xff, 
	0xde, 0xd5, 0x3e, 0xff, 0xde, 0xd5, 0x3e, 0xff, 
	0xe1, 0xcd, 0x4c, 0xff, 0xe1, 0xcd, 0x4c, 0xff, 
	0xe1, 0xcd, 0x4c, 0xff, 0xe7, 0xc3, 0x4a, 0xff, 
	0xe7, 0xc0, 0x4f, 0xff, 0xe7, 0xb1, 0x4c, 0xff, 
	0xe7, 0xb1, 0x4c, 0xff, 0xe7, 0xa2, 0x4a, 0xff, 
	0xe4, 0x93, 0x42, 0xff, 0xe4, 0x93, 0x42, 0xff, 
	0xe1, 0x88, 0x42, 0xff, 0xde, 0x7d, 0x42, 0xff, 
	0xd8, 0x6e, 0x47, 0xff, 0xdb, 0x67, 0x3c, 0xff, 
	0xdb, 0x67, 0x3c, 0xff, 0xdb, 0x67, 0x3c, 0xff, 
	0xd6, 0x53, 0x41, 0xff, 0xd6, 0x5a, 0x52, 0xff, 
	0xd6, 0x5a, 0x52, 0xff, 0xd6, 0x5a, 0x52, 0xff, 
	0xd0, 0x52, 0x5a, 0xff, 0xd3, 0x57, 0x6a, 0xff, 
	0xd3, 0x57, 0x6a, 0xff, 0xd6, 0x5d, 0x7b, 0xff, 
	0xd6, 0x5a, 0x89, 0xff, 0xd6, 0x5a, 0x89, 0xff, 
	0xd6, 0x5a, 0x89, 0xff, 0xde, 0x61, 0x94, 0xff, 
	0xe6, 0x57, 0x99, 0xff, 0xe6, 0x57, 0x99, 0xff, 
	0xe6, 0x57, 0x99, 0xff, 0xde, 0x52, 0x9f, 0xff, 
	0xf1, 0x3f, 0xad, 0xff, 0xf1, 0x3f, 0xad, 0xff, 
	0xec, 0x39, 0xb5, 0xff, 0xec, 0x39, 0xb5, 0xff, 
	0xf7, 0x30, 0xb5, 0xff, 0xf7, 0x30, 0xb5, 0xff, 
	0xf4, 0x28, 0xbd, 0xff, 0xf1, 0x20, 0xc5, 0xff, 
	0xf7, 0x14, 0xce, 0xff, 0xf4, 0x0d, 0xd6, 0xff, 
	0xf1, 0x06, 0xde, 0xff, 0xf1, 0x06, 0xde, 0xff, 
	0xef, 0x04, 0xde, 0xff, 0xe6, 0x06, 0xde, 0xff, 
	0xe6, 0x06, 0xde, 0xff, 0xde, 0x09, 0xde, 0xff, 
	0xc8, 0x0e, 0xd8, 0xff, 0xc8, 0x0e, 0xd8, 0xff, 
	0xb2, 0x15, 0xd3, 0xff, 0x9c, 0x1c, 0xce, 0xff, 
	0x91, 0x21, 0xcb, 0xff, 0x7e, 0x26, 0xc8, 0xff, 
	0x6b, 0x2c, 0xc6, 0xff, 0x6b, 0x2c, 0xc6, 0xff, 
	0x5f, 0x2d, 0xc6, 0xff, 0x5f, 0x2d, 0xc6, 0xff, 
	0x5f, 0x2d, 0xc6, 0xff, 0x5f, 0x2d, 0xc6, 0xff, 
	0x5d, 0x2f, 0xc5, 0xff, 0x5d, 0x2f, 0xc5, 0xff, 
	0x5d, 0x2f, 0xc5, 0xff, 0x5d, 0x2f, 0xc5, 0xff, 
	0x5d, 0x2f, 0xc5, 0xff, 0x5d, 0x2f, 0xc5, 0xff, 
	0x5d, 0x2f, 0xc5, 0xff, 0x5d, 0x2f, 0xc5, 0xff, 
	0x5d, 0x2f, 0xc5, 0xff, 0x5d, 0x2f, 0xc5, 0xff, 
	0x5d, 0x2f, 0xc5, 0xff, 0x5d, 0x2f, 0xc5, 0xff, 
	0x5d, 0x2f, 0xc5, 0xff, 0x5d, 0x2f, 0xc5, 0xff, 
	0x5d, 0x2f, 0xc5, 0xff, 0x5d, 0x2f, 0xc5, 0xff, 
	0x5d, 0x2f, 0xc5, 0xff, 0x5d, 0x2f, 0xc5, 0xff, 
	0x5d, 0x2f, 0xc5, 0xff, 0x5d, 0x2f, 0xc5, 0xff, 
	0x5d, 0x2f, 0xc5, 0xff, 0x5d, 0x2f, 0xc5, 0xff, 
	0x5d, 0x2f, 0xc5, 0xff, 0x5d, 0x2f, 0xc5, 0xff, 
	0x5d, 0x2f, 0xc5, 0xff, 0x5d, 0x2f, 0xc5, 0xff, 
	0x5d, 0x2f, 0xc5, 0xff, 0x5d, 0x2f, 0xc5, 0xff, 
	0x5d, 0x2f, 0xc5, 0xff, 0x5d, 0x2f, 0xc5, 0xff, 
	0x5d, 0x2f, 0xc5, 0xff, 0x5d, 0x2f, 0xc5, 0xff, 
	0x5a, 0x30, 0xc6, 0xff, 0x5a, 0x30, 0xc6, 0xff, 
	0x5f, 0x35, 0xc0, 0xff, 0x65, 0x3b, 0xba, 0xff, 
	0x6b, 0x41, 0xb5, 0xff, 0x7e, 0x59, 0x9f, 0xff, 
	0x91, 0x71, 0x89, 0xff, 0xa5, 0x8a, 0x73, 0xff, 
	0xac, 0x9a, 0x5f, 0xff, 0xbd, 0xb2, 0x4c, 0xff, 
	0xce, 0xcb, 0x39, 0xff, 0xce, 0xcb, 0x39, 0xff, 
	0xce, 0xd4, 0x33, 0xff, 0xce, 0xd4, 0x33, 0xff, 
	0xd6, 0xd9, 0x2e, 0xff, 0xd6, 0xd9, 0x2e, 0xff, 
	0xd6, 0xe3, 0x29, 0xff, 0xde, 0xe4, 0x23, 0xff, 
	0xe6, 0xe5, 0x1d, 0xff, 0xef, 0xe7, 0x18, 0xff, 
	0xf1, 0xe8, 0x15, 0xff, 0xf1, 0xe8, 0x15, 0xff, 
	0xf4, 0xe9, 0x12, 0xff, 0xf4, 0xe9, 0x12, 0xff, 
	0xf1, 0xe5, 0x18, 0xff, 0xec, 0xe4, 0x20, 0xff, 
	0xec, 0xe4, 0x20, 0xff, 0xe7, 0xe3, 0x29, 0xff, 
	0xe4, 0xdc, 0x2c, 0xff, 0xd9, 0xdd, 0x37, 0xff, 
	0xd9, 0xdd, 0x37, 0xff, 0xd9, 0xdd, 0x37, 0xff, 
	0xd6, 0xdc, 0x44, 0xff, 0xd6, 0xdc, 0x44, 0xff, 
	0xd6, 0xdc, 0x44, 0xff, 0xd6, 0xdc, 0x44, 0xff, 
	0xdb, 0xd8, 0x4f, 0xff, 0xdb, 0xd8, 0x4f, 0xff, 
	0xdb, 0xd8, 0x4f, 0xff, 0xe1, 0xcd, 0x4c, 0xff, 
	0xe7, 0xcf, 0x52, 0xff, 0xe7, 0xc0, 0x4f, 0xff, 
	0xe7, 0xb1, 0x4c, 0xff, 0xe7, 0xb1, 0x4c, 0xff, 
	0xe7, 0x9e, 0x42, 0xff, 0xe4, 0x93, 0x42, 0xff, 
	0xe1, 0x88, 0x42, 0xff, 0xde, 0x7d, 0x42, 0xff, 
	0xdb, 0x67, 0x3c, 0xff, 0xdb, 0x67, 0x3c, 0xff, 
	0xde, 0x61, 0x31, 0xff, 0xde, 0x61, 0x31, 0xff, 
	0xd6, 0x53, 0x41, 0xff, 0xd6, 0x53, 0x41, 0xff, 
	0xd6, 0x53, 0x41, 0xff, 0xd6, 0x53, 0x41, 0xff, 
	0xce, 0x4d, 0x4a, 0xff, 0xd0, 0x52, 0x5a, 0xff, 
	0xd0, 0x52, 0x5a, 0xff, 0xd3, 0x57, 0x6a, 0xff, 
	0xce, 0x53, 0x7e, 0xff, 0xce, 0x53, 0x7e, 0xff, 
	0xd6, 0x5a, 0x89, 0xff, 0xd6, 0x5a, 0x89, 0xff, 
	0xde, 0x52, 0x9f, 0xff, 0xde, 0x52, 0x9f, 0xff, 
	0xde, 0x52, 0x9f, 0xff, 0xd6, 0x4d, 0xa5, 0xff, 
	0xec, 0x39, 0xb5, 0xff, 0xec, 0x39, 0xb5, 0xff, 
	0xec, 0x39, 0xb5, 0xff, 0xe7, 0x34, 0xbd, 0xff, 
	0xf4, 0x28, 0xbd, 0xff, 0xf4, 0x28, 0xbd, 0xff, 
	0xf1, 0x20, 0xc5, 0xff, 0xef, 0x18, 0xce, 0xff, 
	0xf4, 0x0d, 0xd6, 0xff, 0xf4, 0x0d, 0xd6, 0xff, 
	0xf1, 0x06, 0xde, 0xff, 0xf1, 0x06, 0xde, 0xff, 
	0xef, 0x04, 0xde, 0xff, 0xef, 0x04, 0xde, 0xff, 
	0xe6, 0x06, 0xde, 0xff, 0xe6, 0x06, 0xde, 0xff, 
	0xde, 0x08, 0xde, 0xff, 0xc8, 0x0e, 0xd8, 0xff, 
	0xc8, 0x0e, 0xd8, 0xff, 0xb2, 0x15, 0xd3, 0xff, 
	0xa5, 0x1c, 0xce, 0xff, 0x91, 0x21, 0xcb, 0xff, 
	0x7e, 0x26, 0xc8, 0xff, 0x6b, 0x2c, 0xc6, 0xff, 
	0x5f, 0x2d, 0xc6, 0xff, 0x5f, 0x2d, 0xc6, 0xff, 
	0x5f, 0x2d, 0xc6, 0xff, 0x5f, 0x2d, 0xc6, 0xff, 
	0x5d, 0x2f, 0xc5, 0xff, 0x5d, 0x2f, 0xc5, 0xff, 
	0x5d, 0x2f, 0xc5, 0xff, 0x5d, 0x2f, 0xc5, 0xff, 
	0x5d, 0x2f, 0xc5, 0xff, 0x5d, 0x2f, 0xc5, 0xff, 
	0x5d, 0x2f, 0xc5, 0xff, 0x5d, 0x2f, 0xc5, 0xff, 
	0x5d, 0x2f, 0xc5, 0xff, 0x5d, 0x2f, 0xc5, 0xff, 
	0x5d, 0x2f, 0xc5, 0xff, 0x5d, 0x2f, 0xc5, 0xff, 
	0x5d, 0x2f, 0xc5, 0xff, 0x5d, 0x2f, 0xc5, 0xff, 
	0x5d, 0x2f, 0xc5, 0xff, 0x5d, 0x2f, 0xc5, 0xff, 
	0x5d, 0x2f, 0xc5, 0xff, 0x5d, 0x2f, 0xc5, 0xff, 
	0x5d, 0x2f, 0xc5, 0xff, 0x5d, 0x2f, 0xc5, 0xff, 
	0x5d, 0x2f, 0xc5, 0xff, 0x5d, 0x2f, 0xc5, 0xff, 
	0x5d, 0x2f, 0xc5, 0xff, 0x5d, 0x2f, 0xc5, 0xff, 
	0x5d, 0x2f, 0xc5, 0xff, 0x5d, 0x2f, 0xc5, 0xff, 
	0x5d, 0x2f, 0xc5, 0xff, 0x5d, 0x2f, 0xc5, 0xff, 
	0x5d, 0x2f, 0xc5, 0xff, 0x5d, 0x2f, 0xc5, 0xff, 
	0x5d, 0x2f, 0xc5, 0xff, 0x5d, 0x2f, 0xc5, 0xff, 
	0x5a, 0x30, 0xc6, 0xff, 0x5f, 0x35, 0xc0, 0xff, 
	0x65, 0x3b, 0xba, 0xff, 0x6b, 0x41, 0xb5, 0xff, 
	0x7e, 0x59, 0x9f, 0xff, 0x91, 0x71, 0x89, 0xff, 
	0xa5, 0x8a, 0x73, 0xff, 0xa5, 0x8a, 0x73, 0xff, 
	0xbd, 0xb2, 0x4c, 0xff, 0xce, 0xcb, 0x39, 0xff, 
	0xce, 0xcb, 0x39, 0xff, 0xce, 0xcb, 0x39, 0xff, 
	0xce, 0xd4, 0x33, 0xff, 0xce, 0xd4, 0x33, 0xff, 
	0xce, 0xd4, 0x33, 0xff, 0xce, 0xd4, 0x33, 0xff, 
	0xd6, 0xe3, 0x29, 0xff, 0xd6, 0xe3, 0x29, 0xff, 
	0xde, 0xe4, 0x23, 0xff, 0xe6, 0xe5, 0x1d, 0xff, 
	0xef, 0xe7, 0x18, 0xff, 0xef, 0xe7, 0x18, 0xff, 
	0xf1, 0xe8, 0x15, 0xff, 0xef, 0xe7, 0x18, 0xff, 
	0xec, 0xe4, 0x20, 0xff, 0xe7, 0xe3, 0x29, 0xff, 
	0xe7, 0xe3, 0x29, 0xff, 0xe7, 0xe3, 0x29, 0xff, 
	0xd9, 0xdd, 0x37, 0xff, 0xd9, 0xdd, 0x37, 0xff, 
	0xce, 0xdf, 0x42, 0xff, 0xce, 0xdf, 0x42, 0xff, 
	0xce, 0xe3, 0x4a, 0xff, 0xce, 0xe3, 0x4a, 0xff, 
	0xce, 0xe3, 0x4a, 0xff, 0xce, 0xe3, 0x4a, 0xff, 
	0xd6, 0xe3, 0x52, 0xff, 0xd6, 0xe3, 0x52, 0xff, 
	0xd6, 0xe3, 0x52, 0xff, 0xdb, 0xd8, 0x4f, 0xff, 
	0xe7, 0xcf, 0x52, 0xff, 0xe7, 0xcf, 0x52, 0xff, 
	0xe7, 0xc0, 0x4f, 0xff, 0xe7, 0xb1, 0x4c, 0xff, 
	0xe7, 0x9e, 0x42, 0xff, 0xe7, 0x9e, 0x42, 0xff, 
	0xe4, 0x93, 0x42, 0xff, 0xe1, 0x88, 0x42, 0xff, 
	0xdb, 0x67, 0x3c, 0xff, 0xde, 0x61, 0x31, 0xff, 
	0xde, 0x61, 0x31, 0xff, 0xde, 0x61, 0x31, 0xff, 
	0xd6, 0x4d, 0x31, 0xff, 0xd6, 0x4d, 0x31, 0xff, 
	0xd6, 0x4d, 0x31, 0xff, 0xd6, 0x4d, 0x31, 0xff, 
	0xce, 0x4d, 0x4a, 0xff, 0xce, 0x4d, 0x4a, 0xff, 
	0xce, 0x4d, 0x4a, 0xff, 0xd0, 0x52, 0x5a, 0xff, 
	0xc6, 0x4d, 0x73, 0xff, 0xc6, 0x4d, 0x73, 0xff, 
	0xce, 0x53, 0x7e, 0xff, 0xce, 0x53, 0x7e, 0xff, 
	0xd6, 0x4d, 0xa5, 0xff, 0xd6, 0x4d, 0xa5, 0xff, 
	0xd6, 0x4d, 0xa5, 0xff, 0xd6, 0x4d, 0xa5, 0xff, 
	0xe7, 0x34, 0xbd, 0xff, 0xe7, 0x34, 0xbd, 0xff, 
	0xe7, 0x34, 0xbd, 0xff, 0xe7, 0x34, 0xbd, 0xff, 
	0xf1, 0x20, 0xc5, 0xff, 0xf1, 0x20, 0xc5, 0xff, 
	0xef, 0x18, 0xce, 0xff, 0xef, 0x18, 0xce, 0xff, 
	0xf4, 0x0d, 0xd6, 0xff, 0xf1, 0x06, 0xde, 0xff, 
	0xf1, 0x06, 0xde, 0xff, 0xf1, 0x06, 0xde, 0xff, 
	0xef, 0x04, 0xde, 0xff, 0xef, 0x04, 0xde, 0xff, 
	0xef, 0x04, 0xde, 0xff, 0xe6, 0x06, 0xde, 0xff, 
	0xde, 0x08, 0xde, 0xff, 0xde, 0x08, 0xde, 0xff, 
	0xc8, 0x0e, 0xd8, 0xff, 0xc8, 0x0e, 0xd8, 0xff, 
	0xa5, 0x1c, 0xce, 0xff, 0x91, 0x21, 0xcb, 0xff, 
	0x7e, 0x26, 0xc8, 0xff, 0x7e, 0x26, 0xc8, 0xff, 
	0x6b, 0x30, 0xc6, 0xff, 0x65, 0x2e, 0xc6, 0xff, 
	0x5f, 0x2d, 0xc6, 0xff, 0x5f, 0x2d, 0xc6, 0xff, 
	0x5d, 0x2f, 0xc5, 0xff, 0x5d, 0x2f, 0xc5, 0xff, 
	0x5d, 0x2f, 0xc5, 0xff, 0x5d, 0x2f, 0xc5, 0xff, 
	0x5d, 0x2f, 0xc5, 0xff, 0x5d, 0x2f, 0xc5, 0xff, 
	0x5d, 0x2f, 0xc5, 0xff, 0x5d, 0x2f, 0xc5, 0xff, 
	0x5d, 0x2f, 0xc5, 0xff, 0x5d, 0x2f, 0xc5, 0xff, 
	0x5d, 0x2f, 0xc5, 0xff, 0x5d, 0x2f, 0xc5, 0xff, 
	0x5d, 0x2f, 0xc5, 0xff, 0x5d, 0x2f, 0xc5, 0xff, 
	0x5d, 0x2f, 0xc5, 0xff, 0x5d, 0x2f, 0xc5, 0xff, 
	0x5d, 0x2f, 0xc5, 0xff, 0x5d, 0x2f, 0xc5, 0xff, 
	0x5d, 0x2f, 0xc5, 0xff, 0x5d, 0x2f, 0xc5, 0xff, 
	0x5d, 0x2f, 0xc5, 0xff, 0x5d, 0x2f, 0xc5, 0xff, 
	0x5d, 0x2f, 0xc5, 0xff, 0x5d, 0x2f, 0xc5, 0xff, 
	0x5d, 0x2f, 0xc5, 0xff, 0x5d, 0x2f, 0xc5, 0xff, 
	0x5d, 0x2f, 0xc5, 0xff, 0x5d, 0x2f, 0xc5, 0xff, 
	0x5d, 0x2f, 0xc5, 0xff, 0x5d, 0x2f, 0xc5, 0xff, 
	0x5d, 0x2f, 0xc5, 0xff, 0x5d, 0x2f, 0xc5, 0xff, 
	0x63, 0x38, 0xbd, 0xff, 0x63, 0x38, 0xbd, 0xff, 
	0x63, 0x38, 0xbd, 0xff, 0x70, 0x4d, 0xac, 0xff, 
	0x84, 0x65, 0x94, 0xff, 0x94, 0x82, 0x7e, 0xff, 
	0xa4, 0xa0, 0x68, 0xff, 0xb5, 0xbe, 0x52, 0xff, 
	0xc5, 0xd3, 0x3e, 0xff, 0xc5, 0xd3, 0x3e, 0xff, 
	0xc5, 0xd3, 0x3e, 0xff, 0xc5, 0xd3, 0x3e, 0xff, 
	0xc3, 0xdf, 0x3c, 0xff, 0xc6, 0xdf, 0x39, 0xff, 
	0xc6, 0xdf, 0x39, 0xff, 0xc6, 0xdf, 0x39, 0xff, 
	0xc6, 0xe3, 0x39, 0xff, 0xce, 0xe4, 0x33, 0xff, 
	0xd6, 0xe5, 0x2e, 0xff, 0xde, 0xe7, 0x29, 0xff, 
	0xe7, 0xe7, 0x21, 0xff, 0xe7, 0xe7, 0x21, 0xff, 
	0xe7, 0xe7, 0x21, 0xff, 0xe7, 0xe7, 0x21, 0xff, 
	0xde, 0xe7, 0x31, 0xff, 0xde, 0xe7, 0x31, 0xff, 
	0xde, 0xe7, 0x31, 0xff, 0xc5, 0xe9, 0x33, 0xff, 
	0xbd, 0xe7, 0x42, 0xff, 0xbd, 0xe7, 0x42, 0xff, 
	0xbd, 0xe7, 0x42, 0xff, 0xbd, 0xe7, 0x42, 0xff, 
	0xbd, 0xef, 0x4a, 0xff, 0xbd, 0xef, 0x4a, 0xff, 
	0xbd, 0xef, 0x4a, 0xff, 0xbd, 0xef, 0x4a, 0xff, 
	0xc2, 0xef, 0x4c, 0xff, 0xd0, 0xeb, 0x4f, 0xff, 
	0xd0, 0xeb, 0x4f, 0xff, 0xde, 0xe7, 0x52, 0xff, 
	0xe7, 0xdf, 0x5a, 0xff, 0xe9, 0xd2, 0x54, 0xff, 
	0xec, 0xc6, 0x4f, 0xff, 0xef, 0xba, 0x4a, 0xff, 
	0xef, 0xae, 0x4a, 0xff, 0xec, 0x9f, 0x44, 0xff, 
	0xe9, 0x90, 0x3e, 0xff, 0xe7, 0x82, 0x39, 0xff, 
	0xe7, 0x75, 0x31, 0xff, 0xe4, 0x6a, 0x2b, 0xff, 
	0xe1, 0x5f, 0x26, 0xff, 0xde, 0x55, 0x21, 0xff, 
	0xdb, 0x4a, 0x23, 0xff, 0xdb, 0x4a, 0x23, 0xff, 
	0xdb, 0x4a, 0x23, 0xff, 0xd6, 0x49, 0x29, 0xff, 
	0xd8, 0x49, 0x2c, 0xff, 0xd3, 0x49, 0x37, 0xff, 
	0xce, 0x49, 0x42, 0xff, 0xce, 0x49, 0x42, 0xff, 
	0xc8, 0x4a, 0x57, 0xff, 0xc8, 0x4a, 0x57, 0xff, 
	0xc6, 0x4d, 0x6b, 0xff, 0xc6, 0x4d, 0x6b, 0xff, 
	0xc0, 0x49, 0x8f, 0xff, 0xc0, 0x49, 0x8f, 0xff, 
	0xbd, 0x49, 0xa5, 0xff, 0xbd, 0x49, 0xa5, 0xff, 
	0xc5, 0x35, 0xc3, 0xff, 0xc5, 0x35, 0xc3, 0xff, 
	0xce, 0x2c, 0xce, 0xff, 0xce, 0x2c, 0xce, 0xff, 
	0xdc, 0x18, 0xdb, 0xff, 0xdc, 0x18, 0xdb, 0xff, 
	0xe7, 0x10, 0xde, 0xff, 0xe7, 0x10, 0xde, 0xff, 
	0xef, 0x04, 0xde, 0xff, 0xef, 0x04, 0xde, 0xff, 
	0xef, 0x04, 0xde, 0xff, 0xef, 0x04, 0xde, 0xff, 
	0xf1, 0x02, 0xe1, 0xff, 0xf1, 0x02, 0xe1, 0xff, 
	0xf1, 0x02, 0xe1, 0xff, 0xef, 0x04, 0xde, 0xff, 
	0xe4, 0x08, 0xdb, 0xff, 0xe4, 0x08, 0xdb, 0xff, 
	0xd9, 0x0c, 0xd8, 0xff, 0xce, 0x10, 0xd6, 0xff, 
	0xc0, 0x19, 0xd0, 0xff, 0xaa, 0x22, 0xcb, 0xff, 
	0x94, 0x2c, 0xc6, 0xff, 0x94, 0x2c, 0xc6, 0xff, 
	0x70, 0x34, 0xbd, 0xff, 0x63, 0x34, 0xbd, 0xff, 
	0x63, 0x34, 0xbd, 0xff, 0x63, 0x34, 0xbd, 0xff, 
	0x5d, 0x2e, 0xc3, 0xff, 0x5d, 0x2e, 0xc3, 0xff, 
	0x5d, 0x2e, 0xc3, 0xff, 0x5d, 0x2e, 0xc3, 0xff, 
	0x5d, 0x2f, 0xc5, 0xff, 0x5d, 0x2f, 0xc5, 0xff, 
	0x5d, 0x2f, 0xc5, 0xff, 0x5d, 0x2f, 0xc5, 0xff, 
	0x5d, 0x2f, 0xc5, 0xff, 0x5d, 0x2f, 0xc5, 0xff, 
	0x5d, 0x2f, 0xc5, 0xff, 0x5d, 0x2f, 0xc5, 0xff, 
	0x5d, 0x2f, 0xc5, 0xff, 0x5d, 0x2f, 0xc5, 0xff, 
	0x5d, 0x2f, 0xc5, 0xff, 0x5d, 0x2f, 0xc5, 0xff, 
	0x5d, 0x2f, 0xc5, 0xff, 0x5d, 0x2f, 0xc5, 0xff, 
	0x5d, 0x2f, 0xc5, 0xff, 0x5d, 0x2f, 0xc5, 0xff, 
	0x5d, 0x2f, 0xc5, 0xff, 0x5d, 0x2f, 0xc5, 0xff, 
	0x5d, 0x2f, 0xc5, 0xff, 0x5d, 0x2f, 0xc5, 0xff, 
	0x5d, 0x2f, 0xc5, 0xff, 0x5d, 0x2f, 0xc5, 0xff, 
	0x5d, 0x2f, 0xc5, 0xff, 0x5d, 0x2f, 0xc5, 0xff, 
	0x5d, 0x2f, 0xc5, 0xff, 0x5d, 0x2f, 0xc5, 0xff, 
	0x5d, 0x2f, 0xc5, 0xff, 0x5d, 0x2f, 0xc5, 0xff, 
	0x63, 0x38, 0xbd, 0xff, 0x63, 0x38, 0xbd, 0xff, 
	0x70, 0x4d, 0xac, 0xff, 0x7e, 0x63, 0x9c, 0xff, 
	0x94, 0x82, 0x7e, 0xff, 0xa4, 0xa0, 0x68, 0xff, 
	0xb5, 0xbe, 0x52, 0xff, 0xb5, 0xbe, 0x52, 0xff, 
	0xc5, 0xd3, 0x3e, 0xff, 0xc5, 0xd3, 0x3e, 0xff, 
	0xbd, 0xd7, 0x44, 0xff, 0xbd, 0xd7, 0x44, 0xff, 
	0xc0, 0xdf, 0x3f, 0xff, 0xc3, 0xdf, 0x3c, 0xff, 
	0xc3, 0xdf, 0x3c, 0xff, 0xc6, 0xdf, 0x39, 0xff, 
	0xc6, 0xe3, 0x39, 0xff, 0xce, 0xe4, 0x33, 0xff, 
	0xd6, 0xe5, 0x2e, 0xff, 0xde, 0xe7, 0x29, 0xff, 
	0xe7, 0xe7, 0x21, 0xff, 0xe7, 0xe7, 0x21, 0xff, 
	0xe7, 0xe7, 0x21, 0xff, 0xdc, 0xe7, 0x29, 0xff, 
	0xde, 0xe7, 0x31, 0xff, 0xc5, 0xe9, 0x33, 0xff, 
	0xc5, 0xe9, 0x33, 0xff, 0xc5, 0xe9, 0x33, 0xff, 
	0xaa, 0xec, 0x3c, 0xff, 0xaa, 0xec, 0x3c, 0xff, 
	0xaa, 0xec, 0x3c, 0xff, 0xaa, 0xec, 0x3c, 0xff, 
	0xac, 0xf3, 0x41, 0xff, 0xac, 0xf3, 0x41, 0xff, 
	0xac, 0xf3, 0x41, 0xff, 0xbd, 0xef, 0x4a, 0xff, 
	0xc2, 0xef, 0x4c, 0xff, 0xc2, 0xef, 0x4c, 0xff, 
	0xd0, 0xeb, 0x4f, 0xff, 0xde, 0xe7, 0x52, 0xff, 
	0xe7, 0xdf, 0x5a, 0xff, 0xe9, 0xd2, 0x54, 0xff, 
	0xec, 0xc6, 0x4f, 0xff, 0xef, 0xba, 0x4a, 0xff, 
	0xef, 0xae, 0x4a, 0xff, 0xec, 0x9f, 0x44, 0xff, 
	0xe9, 0x90, 0x3e, 0xff, 0xe7, 0x82, 0x39, 0xff, 
	0xe7, 0x75, 0x31, 0xff, 0xe4, 0x6a, 0x2b, 0xff, 
	0xe1, 0x5f, 0x26, 0xff, 0xde, 0x55, 0x21, 0xff, 
	0xe1, 0x4b, 0x1d, 0xff, 0xe1, 0x4b, 0x1d, 0xff, 
	0xe1, 0x4b, 0x1d, 0xff, 0xdb, 0x4a, 0x23, 0xff, 
	0xde, 0x49, 0x21, 0xff, 0xd8, 0x49, 0x2c, 0xff, 
	0xd8, 0x49, 0x2c, 0xff, 0xd3, 0x49, 0x37, 0xff, 
	0xcb, 0x47, 0x44, 0xff, 0xc8, 0x4a, 0x57, 0xff, 
	0xc8, 0x4a, 0x57, 0xff, 0xc6, 0x4d, 0x6b, 0xff, 
	0xc3, 0x49, 0x79, 0xff, 0xc0, 0x49, 0x8f, 0xff, 
	0xc0, 0x49, 0x8f, 0xff, 0xbd, 0x49, 0xa5, 0xff, 
	0xbd, 0x3f, 0xb8, 0xff, 0xc5, 0x35, 0xc3, 0xff, 
	0xce, 0x2c, 0xce, 0xff, 0xce, 0x2c, 0xce, 0xff, 
	0xd1, 0x20, 0xd8, 0xff, 0xdc, 0x18, 0xdb, 0xff, 
	0xe7, 0x10, 0xde, 0xff, 0xe7, 0x10, 0xde, 0xff, 
	0xe9, 0x05, 0xde, 0xff, 0xef, 0x04, 0xde, 0xff, 
	0xef, 0x04, 0xde, 0xff, 0xef, 0x04, 0xde, 0xff, 
	0xf1, 0x02, 0xe1, 0xff, 0xf1, 0x02, 0xe1, 0xff, 
	0xf1, 0x02, 0xe1, 0xff, 0xf1, 0x02, 0xe1, 0xff, 
	0xef, 0x04, 0xde, 0xff, 0xe4, 0x08, 0xdb, 0xff, 
	0xe4, 0x08, 0xdb, 0xff, 0xd9, 0x0c, 0xd8, 0xff, 
	0xd6, 0x10, 0xd6, 0xff, 0xc0, 0x19, 0xd0, 0xff, 
	0xaa, 0x22, 0xcb, 0xff, 0x94, 0x2c, 0xc6, 0xff, 
	0x7e, 0x34, 0xbd, 0xff, 0x70, 0x34, 0xbd, 0xff, 
	0x63, 0x34, 0xbd, 0xff, 0x63, 0x34, 0xbd, 0xff, 
	0x5d, 0x2e, 0xc3, 0xff, 0x5d, 0x2e, 0xc3, 0xff, 
	0x5d, 0x2e, 0xc3, 0xff, 0x5d, 0x2e, 0xc3, 0xff, 
	0x5d, 0x2f, 0xc5, 0xff, 0x5d, 0x2f, 0xc5, 0xff, 
	0x5d, 0x2f, 0xc5, 0xff, 0x5d, 0x2f, 0xc5, 0xff, 
	0x5d, 0x2f, 0xc5, 0xff, 0x5d, 0x2f, 0xc5, 0xff, 
	0x5d, 0x2f, 0xc5, 0xff, 0x5d, 0x2f, 0xc5, 0xff, 
	0x5d, 0x2f, 0xc5, 0xff, 0x5d, 0x2f, 0xc5, 0xff, 
	0x5d, 0x2f, 0xc5, 0xff, 0x5d, 0x2f, 0xc5, 0xff, 
	0x5d, 0x2f, 0xc5, 0xff, 0x5d, 0x2f, 0xc5, 0xff, 
	0x5d, 0x2f, 0xc5, 0xff, 0x5d, 0x2f, 0xc5, 0xff, 
	0x5d, 0x2f, 0xc5, 0xff, 0x5d, 0x2f, 0xc5, 0xff, 
	0x5d, 0x2f, 0xc5, 0xff, 0x5d, 0x2f, 0xc5, 0xff, 
	0x5d, 0x2f, 0xc5, 0xff, 0x5d, 0x2f, 0xc5, 0xff, 
	0x5d, 0x2f, 0xc5, 0xff, 0x5d, 0x2f, 0xc5, 0xff, 
	0x5d, 0x2f, 0xc5, 0xff, 0x5d, 0x2f, 0xc5, 0xff, 
	0x5d, 0x2f, 0xc5, 0xff, 0x5d, 0x2f, 0xc5, 0xff, 
	0x63, 0x38, 0xbd, 0xff, 0x70, 0x4d, 0xac, 0xff, 
	0x7e, 0x63, 0x9c, 0xff, 0x8c, 0x79, 0x8c, 0xff, 
	0x94, 0x82, 0x7e, 0xff, 0xa4, 0xa0, 0x68, 0xff, 
	0xb5, 0xbe, 0x52, 0xff, 0xb5, 0xbe, 0x52, 0xff, 
	0xbd, 0xd7, 0x44, 0xff, 0xbd, 0xd7, 0x44, 0xff, 
	0xbd, 0xd7, 0x44, 0xff, 0xbd, 0xd7, 0x44, 0xff, 
	0xbd, 0xdf, 0x42, 0xff, 0xc0, 0xdf, 0x3f, 0xff, 
	0xc0, 0xdf, 0x3f, 0xff, 0xc3, 0xdf, 0x3c, 0xff, 
	0xc6, 0xe3, 0x39, 0xff, 0xc6, 0xe3, 0x39, 0xff, 
	0xce, 0xe4, 0x33, 0xff, 0xd6, 0xe5, 0x2e, 0xff, 
	0xdc, 0xe7, 0x29, 0xff, 0xdc, 0xe7, 0x29, 0xff, 
	0xdc, 0xe7, 0x29, 0xff, 0xd1, 0xe7, 0x31, 0xff, 
	0xc5, 0xe9, 0x33, 0xff, 0xc5, 0xe9, 0x33, 0xff, 
	0xac, 0xec, 0x36, 0xff, 0xac, 0xec, 0x36, 0xff, 
	0x97, 0xf1, 0x36, 0xff, 0x97, 0xf1, 0x36, 0xff, 
	0x97, 0xf1, 0x36, 0xff, 0x97, 0xf1, 0x36, 0xff, 
	0x9c, 0xf7, 0x39, 0xff, 0x9c, 0xf7, 0x39, 0xff, 
	0xac, 0xf3, 0x41, 0xff, 0xac, 0xf3, 0x41, 0xff, 
	0xb5, 0xf3, 0x4a, 0xff, 0xc2, 0xef, 0x4c, 0xff, 
	0xd0, 0xeb, 0x4f, 0xff, 0xde, 0xe7, 0x52, 0xff, 
	0xe7, 0xdf, 0x5a, 0xff, 0xe9, 0xd2, 0x54, 0xff, 
	0xec, 0xc6, 0x4f, 0xff, 0xef, 0xba, 0x4a, 0xff, 
	0xef, 0xae, 0x4a, 0xff, 0xec, 0x9f, 0x44, 0xff, 
	0xe9, 0x90, 0x3e, 0xff, 0xe7, 0x82, 0x39, 0xff, 
	0xe4, 0x6a, 0x2b, 0xff, 0xe1, 0x5f, 0x26, 0xff, 
	0xe1, 0x5f, 0x26, 0xff, 0xde, 0x55, 0x21, 0xff, 
	0xe1, 0x4b, 0x1d, 0xff, 0xe1, 0x4b, 0x1d, 0xff, 
	0xe1, 0x4b, 0x1d, 0xff, 0xe1, 0x4b, 0x1d, 0xff, 
	0xde, 0x49, 0x21, 0xff, 0xde, 0x49, 0x21, 0xff, 
	0xd8, 0x49, 0x2c, 0xff, 0xd8, 0x49, 0x2c, 0xff, 
	0xce, 0x45, 0x31, 0xff, 0xcb, 0x47, 0x44, 0xff, 
	0xcb, 0x47, 0x44, 0xff, 0xc8, 0x4a, 0x57, 0xff, 
	0xc6, 0x49, 0x63, 0xff, 0xc3, 0x49, 0x79, 0xff, 
	0xc0, 0x49, 0x8f, 0xff, 0xbd, 0x49, 0xa5, 0xff, 
	0xb5, 0x49, 0xad, 0xff, 0xbd, 0x3f, 0xb8, 0xff, 
	0xc5, 0x35, 0xc3, 0xff, 0xce, 0x2c, 0xce, 0xff, 
	0xc6, 0x28, 0xd6, 0xff, 0xd1, 0x20, 0xd8, 0xff, 
	0xe7, 0x10, 0xde, 0xff, 0xe7, 0x10, 0xde, 0xff, 
	0xe3, 0x06, 0xde, 0xff, 0xe9, 0x05, 0xde, 0xff, 
	0xef, 0x04, 0xde, 0xff, 0xef, 0x04, 0xde, 0xff, 
	0xf1, 0x02, 0xe1, 0xff, 0xf1, 0x02, 0xe1, 0xff, 
	0xf1, 0x02, 0xe1, 0xff, 0xf1, 0x02, 0xe1, 0xff, 
	0xef, 0x04, 0xde, 0xff, 0xef, 0x04, 0xde, 0xff, 
	0xe4, 0x08, 0xdb, 0xff, 0xe4, 0x08, 0xdb, 0xff, 
	0xd6, 0x10, 0xd6, 0xff, 0xc0, 0x19, 0xd0, 0xff, 
	0xaa, 0x22, 0xcb, 0xff, 0x94, 0x2c, 0xc6, 0xff, 
	0x8c, 0x34, 0xbd, 0xff, 0x70, 0x34, 0xbd, 0xff, 
	0x63, 0x34, 0xbd, 0xff, 0x63, 0x34, 0xbd, 0xff, 
	0x60, 0x31, 0xc0, 0xff, 0x5d, 0x2e, 0xc3, 0xff, 
	0x5d, 0x2e, 0xc3, 0xff, 0x5d, 0x2e, 0xc3, 0xff, 
	0x5d, 0x2f, 0xc5, 0xff, 0x5d, 0x2f, 0xc5, 0xff, 
	0x5d, 0x2f, 0xc5, 0xff, 0x5d, 0x2f, 0xc5, 0xff, 
	0x5d, 0x2f, 0xc5, 0xff, 0x5d, 0x2f, 0xc5, 0xff, 
	0x5d, 0x2f, 0xc5, 0xff, 0x5d, 0x2f, 0xc5, 0xff, 
	0x5d, 0x2f, 0xc5, 0xff, 0x5d, 0x2f, 0xc5, 0xff, 
	0x5d, 0x2f, 0xc5, 0xff, 0x5d, 0x2f, 0xc5, 0xff, 
	0x5d, 0x2f, 0xc5, 0xff, 0x5d, 0x2f, 0xc5, 0xff, 
	0x5d, 0x2f, 0xc5, 0xff, 0x5d, 0x2f, 0xc5, 0xff, 
	0x5d, 0x2f, 0xc5, 0xff, 0x5d, 0x2f, 0xc5, 0xff, 
	0x5d, 0x2f, 0xc5, 0xff, 0x5d, 0x2f, 0xc5, 0xff, 
	0x5d, 0x2f, 0xc5, 0xff, 0x5d, 0x2f, 0xc5, 0xff, 
	0x5d, 0x2f, 0xc5, 0xff, 0x5d, 0x2f, 0xc5, 0xff, 
	0x5d, 0x2f, 0xc5, 0xff, 0x5d, 0x2f, 0xc5, 0xff, 
	0x5d, 0x2f, 0xc5, 0xff, 0x60, 0x3a, 0xbd, 0xff, 
	0x63, 0x38, 0xbd, 0xff, 0x70, 0x4d, 0xac, 0xff, 
	0x7e, 0x63, 0x9c, 0xff, 0x8c, 0x79, 0x8c, 0xff, 
	0xa4, 0xa0, 0x68, 0xff, 0xb5, 0xbe, 0x52, 0xff, 
	0xb5, 0xbe, 0x52, 0xff, 0xb5, 0xbe, 0x52, 0xff, 
	0xb5, 0xdb, 0x4a, 0xff, 0xb5, 0xdb, 0x4a, 0xff, 
	0xb5, 0xdb, 0x4a, 0xff, 0xb5, 0xdb, 0x4a, 0xff, 
	0xbd, 0xdf, 0x42, 0xff, 0xbd, 0xdf, 0x42, 0xff, 
	0xbd, 0xdf, 0x42, 0xff, 0xc0, 0xdf, 0x3f, 0xff, 
	0xc6, 0xe3, 0x39, 0xff, 0xc6, 0xe3, 0x39, 0xff, 
	0xce, 0xe4, 0x33, 0xff, 0xd6, 0xe5, 0x2e, 0xff, 
	0xd1, 0xe7, 0x31, 0xff, 0xd1, 0xe7, 0x31, 0xff, 
	0xc6, 0xe7, 0x39, 0xff, 0xc6, 0xe7, 0x39, 0xff, 
	0xac, 0xec, 0x36, 0xff, 0xac, 0xec, 0x36, 0xff, 
	0x94, 0xef, 0x39, 0xff, 0x94, 0xef, 0x39, 0xff, 
	0x84, 0xf7, 0x31, 0xff, 0x84, 0xf7, 0x31, 0xff, 
	0x84, 0xf7, 0x31, 0xff, 0x84, 0xf7, 0x31, 0xff, 
	0x8c, 0xfb, 0x31, 0xff, 0x9c, 0xf7, 0x39, 0xff, 
	0x9c, 0xf7, 0x39, 0xff, 0xac, 0xf3, 0x41, 0xff, 
	0xb5, 0xf3, 0x4a, 0xff, 0xc2, 0xef, 0x4c, 0xff, 
	0xd0, 0xeb, 0x4f, 0xff, 0xde, 0xe7, 0x52, 0xff, 
	0xe7, 0xdf, 0x5a, 0xff, 0xe9, 0xd2, 0x54, 0xff, 
	0xec, 0xc6, 0x4f, 0xff, 0xef, 0xba, 0x4a, 0xff, 
	0xec, 0x9f, 0x44, 0xff, 0xe9, 0x90, 0x3e, 0xff, 
	0xe7, 0x82, 0x39, 0xff, 0xe7, 0x82, 0x39, 0xff, 
	0xe4, 0x6a, 0x2b, 0xff, 0xe1, 0x5f, 0x26, 0xff, 
	0xe1, 0x5f, 0x26, 0xff, 0xde, 0x55, 0x21, 0xff, 
	0xdb, 0x4a, 0x23, 0xff, 0xe1, 0x4b, 0x1d, 0xff, 
	0xe1, 0x4b, 0x1d, 0xff, 0xe1, 0x4b, 0x1d, 0xff, 
	0xde, 0x49, 0x21, 0xff, 0xde, 0x49, 0x21, 0xff, 
	0xde, 0x49, 0x21, 0xff, 0xd8, 0x49, 0x2c, 0xff, 
	0xce, 0x45, 0x31, 0xff, 0xce, 0x45, 0x31, 0xff, 
	0xcb, 0x47, 0x44, 0xff, 0xcb, 0x47, 0x44, 0xff, 
	0xc6, 0x49, 0x63, 0xff, 0xc6, 0x49, 0x63, 0xff, 
	0xc3, 0x49, 0x79, 0xff, 0xc0, 0x49, 0x8f, 0xff, 
	0xb5, 0x49, 0xad, 0xff, 0xb5, 0x49, 0xad, 0xff, 
	0xbd, 0x3f, 0xb8, 0xff, 0xc5, 0x35, 0xc3, 0xff, 
	0xc6, 0x28, 0xd6, 0xff, 0xc6, 0x28, 0xd6, 0xff, 
	0xd1, 0x20, 0xd8, 0xff, 0xdc, 0x18, 0xdb, 0xff, 
	0xde, 0x08, 0xde, 0xff, 0xe3, 0x06, 0xde, 0xff, 
	0xe9, 0x05, 0xde, 0xff, 0xef, 0x04, 0xde, 0xff, 
	0xf1, 0x02, 0xe1, 0xff, 0xf1, 0x02, 0xe1, 0xff, 
	0xf1, 0x02, 0xe1, 0xff, 0xf1, 0x02, 0xe1, 0xff, 
	0xef, 0x04, 0xde, 0xff, 0xef, 0x04, 0xde, 0xff, 
	0xef, 0x04, 0xde, 0xff, 0xe4, 0x08, 0xdb, 0xff, 
	0xd6, 0x10, 0xd6, 0xff, 0xd6, 0x10, 0xd6, 0xff, 
	0xc0, 0x19, 0xd0, 0xff, 0xaa, 0x22, 0xcb, 0xff, 
	0x8c, 0x34, 0xbd, 0xff, 0x7e, 0x34, 0xbd, 0xff, 
	0x70, 0x34, 0xbd, 0xff, 0x63, 0x34, 0xbd, 0xff, 
	0x63, 0x34, 0xbd, 0xff, 0x60, 0x31, 0xc0, 0xff, 
	0x5d, 0x2e, 0xc3, 0xff, 0x5d, 0x2e, 0xc3, 0xff, 
	0x5d, 0x2f, 0xc5, 0xff, 0x5d, 0x2f, 0xc5, 0xff, 
	0x5d, 0x2f, 0xc5, 0xff, 0x5d, 0x2f, 0xc5, 0xff, 
	0x5d, 0x2f, 0xc5, 0xff, 0x5d, 0x2f, 0xc5, 0xff, 
	0x5d, 0x2f, 0xc5, 0xff, 0x5d, 0x2f, 0xc5, 0xff, 
	0x5d, 0x2f, 0xc5, 0xff, 0x5d, 0x2f, 0xc5, 0xff, 
	0x5d, 0x2f, 0xc5, 0xff, 0x5d, 0x2f, 0xc5, 0xff, 
	0x5d, 0x2f, 0xc5, 0xff, 0x5d, 0x2f, 0xc5, 0xff, 
	0x5d, 0x2f, 0xc5, 0xff, 0x5d, 0x2f, 0xc5, 0xff, 
	0x5d, 0x2f, 0xc5, 0xff, 0x5d, 0x2f, 0xc5, 0xff, 
	0x5d, 0x2f, 0xc5, 0xff, 0x5d, 0x2f, 0xc5, 0xff, 
	0x5d, 0x2f, 0xc5, 0xff, 0x5d, 0x2f, 0xc5, 0xff, 
	0x5d, 0x2f, 0xc5, 0xff, 0x5d, 0x2f, 0xc5, 0xff, 
	0x5a, 0x30, 0xc6, 0xff, 0x5a, 0x30, 0xc6, 0xff, 
	0x5a, 0x30, 0xc6, 0xff, 0x65, 0x3f, 0xb8, 0xff, 
	0x7b, 0x61, 0x9c, 0xff, 0x7b, 0x61, 0x9c, 0xff, 
	0x89, 0x7e, 0x89, 0xff, 0x97, 0x9c, 0x76, 0xff, 
	0xad, 0xbe, 0x5a, 0xff, 0xa7, 0xc6, 0x5d, 0xff, 
	0xa7, 0xc6, 0x5d, 0xff, 0xa1, 0xce, 0x60, 0xff, 
	0xa2, 0xd8, 0x5d, 0xff, 0xad, 0xdb, 0x52, 0xff, 
	0xad, 0xdb, 0x52, 0xff, 0xad, 0xdb, 0x52, 0xff, 
	0xb5, 0xdf, 0x4a, 0xff, 0xb5, 0xdf, 0x4a, 0xff, 
	0xb5, 0xdf, 0x4a, 0xff, 0xb5, 0xdf, 0x4a, 0xff, 
	0xc3, 0xdf, 0x3e, 0xff, 0xc3, 0xdf, 0x3e, 0xff, 
	0xce, 0xe3, 0x39, 0xff, 0xce, 0xe3, 0x39, 0xff, 
	0xbd, 0xe3, 0x39, 0xff, 0xbd, 0xe3, 0x39, 0xff, 
	0xbd, 0xe3, 0x39, 0xff, 0xa7, 0xe1, 0x39, 0xff, 
	0x94, 0xef, 0x31, 0xff, 0x94, 0xef, 0x31, 0xff, 
	0x83, 0xef, 0x2e, 0xff, 0x83, 0xef, 0x2e, 0xff, 
	0x73, 0xf7, 0x29, 0xff, 0x73, 0xf7, 0x29, 0xff, 
	0x73, 0xf7, 0x29, 0xff, 0x73, 0xf7, 0x29, 0xff, 
	0x84, 0xf3, 0x31, 0xff, 0x84, 0xf3, 0x31, 0xff, 
	0x8f, 0xeb, 0x3c, 0xff, 0x9a, 0xe3, 0x47, 0xff, 
	0xc6, 0xe3, 0x52, 0xff, 0xc6, 0xe3, 0x52, 0xff, 
	0xc6, 0xe3, 0x52, 0xff, 0xc6, 0xe3, 0x52, 0xff, 
	0xde, 0xbe, 0x5a, 0xff, 0xde, 0xbe, 0x5a, 0xff, 
	0xde, 0xbe, 0x5a, 0xff, 0xd0, 0xab, 0x5f, 0xff, 
	0xd6, 0x7d, 0x4a, 0xff, 0xd6, 0x7d, 0x4a, 0xff, 
	0xd6, 0x7d, 0x4a, 0xff, 0xd6, 0x7d, 0x4a, 0xff, 
	0xd6, 0x51, 0x31, 0xff, 0xd6, 0x51, 0x31, 0xff, 
	0xd6, 0x51, 0x31, 0xff, 0xd6, 0x51, 0x31, 0xff, 
	0xd6, 0x45, 0x29, 0xff, 0xd6, 0x45, 0x29, 0xff, 
	0xd6, 0x45, 0x29, 0xff, 0xd6, 0x45, 0x29, 0xff, 
	0xde, 0x45, 0x21, 0xff, 0xde, 0x45, 0x21, 0xff, 
	0xde, 0x45, 0x21, 0xff, 0xde, 0x45, 0x21, 0xff, 
	0xd6, 0x45, 0x29, 0xff, 0xd6, 0x45, 0x29, 0xff, 
	0xd0, 0x43, 0x31, 0xff, 0xcb, 0x42, 0x39, 0xff, 
	0xc6, 0x45, 0x42, 0xff, 0xc3, 0x47, 0x52, 0xff, 
	0xc0, 0x4a, 0x62, 0xff, 0xbd, 0x4d, 0x73, 0xff, 
	0xba, 0x4f, 0x91, 0xff, 0xb7, 0x4e, 0xa7, 0xff, 
	0xb5, 0x4d, 0xbd, 0xff, 0xb5, 0x4d, 0xbd, 0xff, 
	0xb2, 0x40, 0xce, 0xff, 0xb7, 0x30, 0xd6, 0xff, 
	0xbd, 0x20, 0xde, 0xff, 0xbd, 0x20, 0xde, 0xff, 
	0xd6, 0x11, 0xde, 0xff, 0xd6, 0x11, 0xde, 0xff, 
	0xe7, 0x08, 0xde, 0xff, 0xe7, 0x08, 0xde, 0xff, 
	0xef, 0x04, 0xde, 0xff, 0xef, 0x04, 0xde, 0xff, 
	0xef, 0x04, 0xde, 0xff, 0xef, 0x04, 0xde, 0xff, 
	0xf1, 0x04, 0xe1, 0xff, 0xf1, 0x04, 0xe1, 0xff, 
	0xec, 0x08, 0xdb, 0xff, 0xec, 0x08, 0xdb, 0xff, 
	0xe7, 0x0c, 0xde, 0xff, 0xd9, 0x12, 0xd6, 0xff, 
	0xcb, 0x19, 0xce, 0xff, 0xbd, 0x20, 0xc6, 0xff, 
	0xa7, 0x2c, 0xc0, 0xff, 0x91, 0x34, 0xba, 0xff, 
	0x7b, 0x3c, 0xb5, 0xff, 0x7b, 0x3c, 0xb5, 0xff, 
	0x5f, 0x35, 0xbd, 0xff, 0x5f, 0x35, 0xbd, 0xff, 
	0x5a, 0x30, 0xc6, 0xff, 0x5a, 0x30, 0xc6, 0xff, 
	0x5d, 0x2f, 0xc5, 0xff, 0x5d, 0x2f, 0xc5, 0xff, 
	0x5d, 0x2f, 0xc5, 0xff, 0x5d, 0x2f, 0xc5, 0xff, 
	0x5d, 0x2f, 0xc5, 0xff, 0x5d, 0x2f, 0xc5, 0xff, 
	0x5d, 0x2f, 0xc5, 0xff, 0x5d, 0x2f, 0xc5, 0xff, 
	0x5d, 0x2f, 0xc5, 0xff, 0x5d, 0x2f, 0xc5, 0xff, 
	0x5d, 0x2f, 0xc5, 0xff, 0x5d, 0x2f, 0xc5, 0xff, 
	0x5d, 0x2f, 0xc5, 0xff, 0x5d, 0x2f, 0xc5, 0xff, 
	0x5d, 0x2f, 0xc5, 0xff, 0x5d, 0x2f, 0xc5, 0xff, 
	0x5d, 0x2f, 0xc5, 0xff, 0x5d, 0x2f, 0xc5, 0xff, 
	0x5d, 0x2f, 0xc5, 0xff, 0x5d, 0x2f, 0xc5, 0xff, 
	0x5d, 0x2f, 0xc5, 0xff, 0x5d, 0x2f, 0xc5, 0xff, 
	0x5d, 0x2f, 0xc5, 0xff, 0x5d, 0x2f, 0xc5, 0xff, 
	0x5a, 0x30, 0xc6, 0xff, 0x5a, 0x30, 0xc6, 0xff, 
	0x65, 0x3f, 0xb8, 0xff, 0x65, 0x3f, 0xb8, 0xff, 
	0x7b, 0x61, 0x9c, 0xff, 0x89, 0x7e, 0x89, 0xff, 
	0x97, 0x9c, 0x76, 0xff, 0xa5, 0xba, 0x63, 0xff, 
	0xa7, 0xc6, 0x5d, 0xff, 0xa7, 0xc6, 0x5d, 0xff, 
	0xa1, 0xce, 0x60, 0xff, 0xa1, 0xce, 0x60, 0xff, 
	0xa2, 0xd8, 0x5d, 0xff, 0xa2, 0xd8, 0x5d, 0xff, 
	0xa2, 0xd8, 0x5d, 0xff, 0xa2, 0xd8, 0x5d, 0xff, 
	0xac, 0xdc, 0x52, 0xff, 0xac, 0xdc, 0x52, 0xff, 
	0xb5, 0xdf, 0x4a, 0xff, 0xb5, 0xdf, 0x4a, 0xff, 
	0xb8, 0xdb, 0x44, 0xff, 0xc3, 0xdf, 0x3e, 0xff, 
	0xc3, 0xdf, 0x3e, 0xff, 0xc3, 0xdf, 0x3e, 0xff, 
	0xbd, 0xe3, 0x39, 0xff, 0xa7, 0xe1, 0x39, 0xff, 
	0xa7, 0xe1, 0x39, 0xff, 0x91, 0xe0, 0x39, 0xff, 
	0x83, 0xef, 0x2e, 0xff, 0x83, 0xef, 0x2e, 0xff, 
	0x73, 0xef, 0x2b, 0xff, 0x73, 0xef, 0x2b, 0xff, 
	0x6a, 0xf5, 0x26, 0xff, 0x6a, 0xf5, 0x26, 0xff, 
	0x73, 0xf7, 0x29, 0xff, 0x73, 0xf7, 0x29, 0xff, 
	0x84, 0xf3, 0x31, 0xff, 0x84, 0xf3, 0x31, 0xff, 
	0x8f, 0xeb, 0x3c, 0xff, 0x9a, 0xe3, 0x47, 0xff, 
	0xc6, 0xe3, 0x52, 0xff, 0xc6, 0xe3, 0x52, 0xff, 
	0xc0, 0xd1, 0x5d, 0xff, 0xc0, 0xd1, 0x5d, 0xff, 
	0xde, 0xbe, 0x5a, 0xff, 0xd0, 0xab, 0x5f, 0xff, 
	0xd0, 0xab, 0x5f, 0xff, 0xc2, 0x98, 0x65, 0xff, 
	0xd6, 0x7d, 0x4a, 0xff, 0xc8, 0x75, 0x52, 0xff, 
	0xc8, 0x75, 0x52, 0xff, 0xc8, 0x75, 0x52, 0xff, 
	0xc8, 0x51, 0x3c, 0xff, 0xc8, 0x51, 0x3c, 0xff, 
	0xc8, 0x51, 0x3c, 0xff, 0xc8, 0x51, 0x3c, 0xff, 
	0xcb, 0x46, 0x34, 0xff, 0xcb, 0x46, 0x34, 0xff, 
	0xd6, 0x45, 0x29, 0xff, 0xd6, 0x45, 0x29, 0xff, 
	0xd6, 0x45, 0x29, 0xff, 0xd6, 0x45, 0x29, 0xff, 
	0xd6, 0x45, 0x29, 0xff, 0xd6, 0x45, 0x29, 0xff, 
	0xd6, 0x45, 0x29, 0xff, 0xd6, 0x45, 0x29, 0xff, 
	0xd0, 0x43, 0x31, 0xff, 0xd0, 0x43, 0x31, 0xff, 
	0xc6, 0x45, 0x42, 0xff, 0xc6, 0x45, 0x42, 0xff, 
	0xc3, 0x47, 0x52, 0xff, 0xbd, 0x4d, 0x73, 0xff, 
	0xbd, 0x51, 0x7b, 0xff, 0xba, 0x4f, 0x91, 0xff, 
	0xb7, 0x4e, 0xa7, 0xff, 0xb5, 0x4d, 0xbd, 0xff, 
	0xb2, 0x40, 0xce, 0xff, 0xb2, 0x40, 0xce, 0xff, 
	0xb7, 0x30, 0xd6, 0xff, 0xbd, 0x20, 0xde, 0xff, 
	0xc5, 0x1a, 0xde, 0xff, 0xd6, 0x11, 0xde, 0xff, 
	0xd6, 0x11, 0xde, 0xff, 0xe7, 0x08, 0xde, 0xff, 
	0xe9, 0x05, 0xde, 0xff, 0xef, 0x04, 0xde, 0xff, 
	0xef, 0x04, 0xde, 0xff, 0xef, 0x04, 0xde, 0xff, 
	0xf1, 0x04, 0xe1, 0xff, 0xf1, 0x04, 0xe1, 0xff, 
	0xec, 0x08, 0xdb, 0xff, 0xec, 0x08, 0xdb, 0xff, 
	0xe7, 0x0c, 0xde, 0xff, 0xd9, 0x12, 0xd6, 0xff, 
	0xd9, 0x12, 0xd6, 0xff, 0xcb, 0x19, 0xce, 0xff, 
	0xa7, 0x2c, 0xc0, 0xff, 0x91, 0x34, 0xba, 0xff, 
	0x7b, 0x3c, 0xb5, 0xff, 0x7b, 0x3c, 0xb5, 0xff, 
	0x65, 0x3b, 0xb5, 0xff, 0x5f, 0x35, 0xbd, 0xff, 
	0x5f, 0x35, 0xbd, 0xff, 0x5a, 0x30, 0xc6, 0xff, 
	0x5d, 0x2f, 0xc5, 0xff, 0x5d, 0x2f, 0xc5, 0xff, 
	0x5d, 0x2f, 0xc5, 0xff, 0x5d, 0x2f, 0xc5, 0xff, 
	0x5d, 0x2f, 0xc5, 0xff, 0x5d, 0x2f, 0xc5, 0xff, 
	0x5d, 0x2f, 0xc5, 0xff, 0x5d, 0x2f, 0xc5, 0xff, 
	0x5d, 0x2f, 0xc5, 0xff, 0x5d, 0x2f, 0xc5, 0xff, 
	0x5d, 0x2f, 0xc5, 0xff, 0x5d, 0x2f, 0xc5, 0xff, 
	0x5d, 0x2f, 0xc5, 0xff, 0x5d, 0x2f, 0xc5, 0xff, 
	0x5d, 0x2f, 0xc5, 0xff, 0x5d, 0x2f, 0xc5, 0xff, 
	0x5d, 0x2f, 0xc5, 0xff, 0x5d, 0x2f, 0xc5, 0xff, 
	0x5d, 0x2f, 0xc5, 0xff, 0x5d, 0x2f, 0xc5, 0xff, 
	0x5d, 0x2f, 0xc5, 0xff, 0x5d, 0x2f, 0xc5, 0xff, 
	0x5d, 0x2f, 0xc5, 0xff, 0x5d, 0x2f, 0xc5, 0xff, 
	0x5a, 0x30, 0xc6, 0xff, 0x5a, 0x30, 0xc6, 0xff, 
	0x65, 0x3f, 0xb8, 0xff, 0x70, 0x4e, 0xaa, 0xff, 
	0x7b, 0x61, 0x9c, 0xff, 0x89, 0x7e, 0x89, 0xff, 
	0x97, 0x9c, 0x76, 0xff, 0xa5, 0xba, 0x63, 0xff, 
	0xa7, 0xc6, 0x5d, 0xff, 0xa1, 0xce, 0x60, 0xff, 
	0xa1, 0xce, 0x60, 0xff, 0x9c, 0xd7, 0x63, 0xff, 
	0x97, 0xd5, 0x68, 0xff, 0x97, 0xd5, 0x68, 0xff, 
	0x97, 0xd5, 0x68, 0xff, 0xa2, 0xd8, 0x5d, 0xff, 
	0xa4, 0xd9, 0x5a, 0xff, 0xa4, 0xd9, 0x5a, 0xff, 
	0xac, 0xdc, 0x52, 0xff, 0xac, 0xdc, 0x52, 0xff, 
	0xb8, 0xdb, 0x44, 0xff, 0xb8, 0xdb, 0x44, 0xff, 
	0xb8, 0xdb, 0x44, 0xff, 0xb8, 0xdb, 0x44, 0xff, 
	0xa7, 0xe1, 0x39, 0xff, 0xa7, 0xe1, 0x39, 0xff, 
	0x91, 0xe0, 0x39, 0xff, 0x7b, 0xdf, 0x39, 0xff, 
	0x73, 0xef, 0x2b, 0xff, 0x73, 0xef, 0x2b, 0xff, 
	0x63, 0xef, 0x29, 0xff, 0x63, 0xef, 0x29, 0xff, 
	0x62, 0xf4, 0x23, 0xff, 0x62, 0xf4, 0x23, 0xff, 
	0x6a, 0xf5, 0x26, 0xff, 0x73, 0xf7, 0x29, 0xff, 
	0x84, 0xf3, 0x31, 0xff, 0x8f, 0xeb, 0x3c, 0xff, 
	0x9a, 0xe3, 0x47, 0xff, 0xa5, 0xdb, 0x52, 0xff, 
	0xc0, 0xd1, 0x5d, 0xff, 0xc0, 0xd1, 0x5d, 0xff, 
	0xba, 0xbf, 0x68, 0xff, 0xba, 0xbf, 0x68, 0xff, 
	0xd0, 0xab, 0x5f, 0xff, 0xc2, 0x98, 0x65, 0xff, 
	0xc2, 0x98, 0x65, 0xff, 0xb5, 0x86, 0x6b, 0xff, 
	0xba, 0x6d, 0x5a, 0xff, 0xba, 0x6d, 0x5a, 0xff, 
	0xba, 0x6d, 0x5a, 0xff, 0xba, 0x6d, 0x5a, 0xff, 
	0xba, 0x51, 0x47, 0xff, 0xba, 0x51, 0x47, 0xff, 
	0xba, 0x51, 0x47, 0xff, 0xba, 0x51, 0x47, 0xff, 
	0xc0, 0x47, 0x3f, 0xff, 0xc0, 0x47, 0x3f, 0xff, 
	0xcb, 0x46, 0x34, 0xff, 0xcb, 0x46, 0x34, 0xff, 
	0xce, 0x45, 0x31, 0xff, 0xce, 0x45, 0x31, 0xff, 
	0xce, 0x45, 0x31, 0xff, 0xce, 0x45, 0x31, 0xff, 
	0xd0, 0x43, 0x31, 0xff, 0xd0, 0x43, 0x31, 0xff, 
	0xd0, 0x43, 0x31, 0xff, 0xcb, 0x42, 0x39, 0xff, 
	0xc6, 0x45, 0x42, 0xff, 0xc6, 0x45, 0x42, 0xff, 
	0xc3, 0x47, 0x52, 0xff, 0xc0, 0x4a, 0x62, 0xff, 
	0xbd, 0x51, 0x7b, 0xff, 0xba, 0x4f, 0x91, 0xff, 
	0xb7, 0x4e, 0xa7, 0xff, 0xb5, 0x4d, 0xbd, 0xff, 
	0xad, 0x51, 0xc6, 0xff, 0xb2, 0x40, 0xce, 0xff, 
	0xb2, 0x40, 0xce, 0xff, 0xb7, 0x30, 0xd6, 0xff, 
	0xb5, 0x24, 0xde, 0xff, 0xc5, 0x1a, 0xde, 0xff, 
	0xd6, 0x11, 0xde, 0xff, 0xd6, 0x11, 0xde, 0xff, 
	0xe3, 0x06, 0xde, 0xff, 0xe9, 0x05, 0xde, 0xff, 
	0xef, 0x04, 0xde, 0xff, 0xef, 0x04, 0xde, 0xff, 
	0xf1, 0x04, 0xe1, 0xff, 0xf1, 0x04, 0xe1, 0xff, 
	0xec, 0x08, 0xdb, 0xff, 0xec, 0x08, 0xdb, 0xff, 
	0xe7, 0x0c, 0xde, 0xff, 0xe7, 0x0c, 0xde, 0xff, 
	0xd9, 0x12, 0xd6, 0xff, 0xcb, 0x19, 0xce, 0xff, 
	0xbd, 0x24, 0xc6, 0xff, 0xa7, 0x2c, 0xc0, 0xff, 
	0x91, 0x34, 0xba, 0xff, 0x7b, 0x3c, 0xb5, 0xff, 
	0x65, 0x3b, 0xb5, 0xff, 0x65, 0x3b, 0xb5, 0xff, 
	0x5f, 0x35, 0xbd, 0xff, 0x5f, 0x35, 0xbd, 0xff, 
	0x5d, 0x2f, 0xc5, 0xff, 0x5d, 0x2f, 0xc5, 0xff, 
	0x5d, 0x2f, 0xc5, 0xff, 0x5d, 0x2f, 0xc5, 0xff, 
	0x5d, 0x2f, 0xc5, 0xff, 0x5d, 0x2f, 0xc5, 0xff, 
	0x5d, 0x2f, 0xc5, 0xff, 0x5d, 0x2f, 0xc5, 0xff, 
	0x5d, 0x2f, 0xc5, 0xff, 0x5d, 0x2f, 0xc5, 0xff, 
	0x5d, 0x2f, 0xc5, 0xff, 0x5d, 0x2f, 0xc5, 0xff, 
	0x5d, 0x2f, 0xc5, 0xff, 0x5d, 0x2f, 0xc5, 0xff, 
	0x5d, 0x2f, 0xc5, 0xff, 0x5d, 0x2f, 0xc5, 0xff, 
	0x5d, 0x2f, 0xc5, 0xff, 0x5d, 0x2f, 0xc5, 0xff, 
	0x5d, 0x2f, 0xc5, 0xff, 0x5d, 0x2f, 0xc5, 0xff, 
	0x5d, 0x2f, 0xc5, 0xff, 0x5d, 0x2f, 0xc5, 0xff, 
	0x5d, 0x2f, 0xc5, 0xff, 0x5d, 0x2f, 0xc5, 0xff, 
	0x5a, 0x30, 0xc6, 0xff, 0x65, 0x3f, 0xb8, 0xff, 
	0x65, 0x3f, 0xb8, 0xff, 0x7b, 0x5d, 0x9c, 0xff, 
	0x89, 0x7e, 0x89, 0xff, 0x97, 0x9c, 0x76, 0xff, 
	0xa5, 0xba, 0x63, 0xff, 0xa5, 0xba, 0x63, 0xff, 
	0xa1, 0xce, 0x60, 0xff, 0x9c, 0xd7, 0x63, 0xff, 
	0x9c, 0xd7, 0x63, 0xff, 0x9c, 0xd7, 0x63, 0xff, 
	0x8c, 0xd3, 0x73, 0xff, 0x8c, 0xd3, 0x73, 0xff, 
	0x8c, 0xd3, 0x73, 0xff, 0x97, 0xd5, 0x68, 0xff, 
	0x9c, 0xd7, 0x63, 0xff, 0xa4, 0xd9, 0x5a, 0xff, 
	0xa4, 0xd9, 0x5a, 0xff, 0xa4, 0xd9, 0x5a, 0xff, 
	0xad, 0xd7, 0x4a, 0xff, 0xad, 0xd7, 0x4a, 0xff, 
	0xad, 0xd7, 0x4a, 0xff, 0xad, 0xd7, 0x4a, 0xff, 
	0x91, 0xe0, 0x39, 0xff, 0x91, 0xe0, 0x39, 0xff, 
	0x7b, 0xdf, 0x39, 0xff, 0x7b, 0xdf, 0x39, 0xff, 
	0x63, 0xef, 0x29, 0xff, 0x63, 0xef, 0x29, 0xff, 
	0x63, 0xef, 0x29, 0xff, 0x63, 0xef, 0x29, 0xff, 
	0x5a, 0xf3, 0x21, 0xff, 0x62, 0xf4, 0x23, 0xff, 
	0x6a, 0xf5, 0x26, 0xff, 0x73, 0xf7, 0x29, 0xff, 
	0x84, 0xf3, 0x31, 0xff, 0x8f, 0xeb, 0x3c, 0xff, 
	0x9a, 0xe3, 0x47, 0xff, 0xa5, 0xdb, 0x52, 0xff, 
	0xba, 0xbf, 0x68, 0xff, 0xba, 0xbf, 0x68, 0xff, 
	0xb5, 0xae, 0x73, 0xff, 0xb5, 0xae, 0x73, 0xff, 
	0xc2, 0x98, 0x65, 0xff, 0xb5, 0x86, 0x6b, 0xff, 
	0xb5, 0x86, 0x6b, 0xff, 0xb5, 0x86, 0x6b, 0xff, 
	0xad, 0x65, 0x63, 0xff, 0xad, 0x65, 0x63, 0xff, 
	0xad, 0x65, 0x63, 0xff, 0xad, 0x65, 0x63, 0xff, 
	0xad, 0x51, 0x52, 0xff, 0xad, 0x51, 0x52, 0xff, 
	0xad, 0x51, 0x52, 0xff, 0xad, 0x51, 0x52, 0xff, 
	0xb5, 0x49, 0x4a, 0xff, 0xb5, 0x49, 0x4a, 0xff, 
	0xb5, 0x49, 0x4a, 0xff, 0xc0, 0x47, 0x3f, 0xff, 
	0xc6, 0x45, 0x39, 0xff, 0xc6, 0x45, 0x39, 0xff, 
	0xc6, 0x45, 0x39, 0xff, 0xc6, 0x45, 0x39, 0xff, 
	0xcb, 0x42, 0x39, 0xff, 0xcb, 0x42, 0x39, 0xff, 
	0xcb, 0x42, 0x39, 0xff, 0xcb, 0x42, 0x39, 0xff, 
	0xc6, 0x45, 0x42, 0xff, 0xc6, 0x45, 0x42, 0xff, 
	0xc3, 0x47, 0x52, 0xff, 0xc0, 0x4a, 0x62, 0xff, 
	0xbd, 0x51, 0x7b, 0xff, 0xbd, 0x51, 0x7b, 0xff, 
	0xba, 0x4f, 0x91, 0xff, 0xb7, 0x4e, 0xa7, 0xff, 
	0xad, 0x51, 0xc6, 0xff, 0xad, 0x51, 0xc6, 0xff, 
	0xb2, 0x40, 0xce, 0xff, 0xb7, 0x30, 0xd6, 0xff, 
	0xb5, 0x24, 0xde, 0xff, 0xb5, 0x24, 0xde, 0xff, 
	0xc5, 0x1a, 0xde, 0xff, 0xd6, 0x11, 0xde, 0xff, 
	0xde, 0x08, 0xde, 0xff, 0xe3, 0x06, 0xde, 0xff, 
	0xe9, 0x05, 0xde, 0xff, 0xef, 0x04, 0xde, 0xff, 
	0xf1, 0x04, 0xe1, 0xff, 0xf1, 0x04, 0xe1, 0xff, 
	0xf1, 0x04, 0xe1, 0xff, 0xec, 0x08, 0xdb, 0xff, 
	0xe7, 0x0c, 0xde, 0xff, 0xe7, 0x0c, 0xde, 0xff, 
	0xe7, 0x0c, 0xde, 0xff, 0xd9, 0x12, 0xd6, 0xff, 
	0xbd, 0x24, 0xc6, 0xff, 0xbd, 0x24, 0xc6, 0xff, 
	0x91, 0x34, 0xba, 0xff, 0x7b, 0x3c, 0xb5, 0xff, 
	0x6b, 0x41, 0xad, 0xff, 0x65, 0x3b, 0xb5, 0xff, 
	0x5f, 0x35, 0xbd, 0xff, 0x5f, 0x35, 0xbd, 0xff, 
	0x5d, 0x2f, 0xc5, 0xff, 0x5d, 0x2f, 0xc5, 0xff, 
	0x5d, 0x2f, 0xc5, 0xff, 0x5d, 0x2f, 0xc5, 0xff, 
	0x5d, 0x2f, 0xc5, 0xff, 0x5d, 0x2f, 0xc5, 0xff, 
	0x5d, 0x2f, 0xc5, 0xff, 0x5d, 0x2f, 0xc5, 0xff, 
	0x5d, 0x2f, 0xc5, 0xff, 0x5d, 0x2f, 0xc5, 0xff, 
	0x5d, 0x2f, 0xc5, 0xff, 0x5d, 0x2f, 0xc5, 0xff, 
	0x5d, 0x2f, 0xc5, 0xff, 0x5d, 0x2f, 0xc5, 0xff, 
	0x5d, 0x2f, 0xc5, 0xff, 0x5d, 0x2f, 0xc5, 0xff, 
	0x5d, 0x2f, 0xc5, 0xff, 0x5d, 0x2f, 0xc5, 0xff, 
	0x5d, 0x2f, 0xc5, 0xff, 0x5d, 0x2f, 0xc5, 0xff, 
	0x5d, 0x30, 0xc5, 0xff, 0x5d, 0x30, 0xc5, 0xff, 
	0x5d, 0x30, 0xc5, 0xff, 0x5d, 0x30, 0xc5, 0xff, 
	0x63, 0x3c, 0xb5, 0xff, 0x63, 0x3c, 0xb5, 0xff, 
	0x73, 0x5a, 0xa1, 0xff, 0x83, 0x78, 0x8e, 0xff, 
	0x94, 0x8e, 0x7b, 0xff, 0x94, 0xb4, 0x70, 0xff, 
	0x94, 0xc7, 0x6b, 0xff, 0x94, 0xc7, 0x6b, 0xff, 
	0x94, 0xd3, 0x6b, 0xff, 0x94, 0xd3, 0x6b, 0xff, 
	0x86, 0xd0, 0x78, 0xff, 0x86, 0xd0, 0x78, 0xff, 
	0x81, 0xcd, 0x7e, 0xff, 0x81, 0xcd, 0x7e, 0xff, 
	0x8c, 0xcf, 0x73, 0xff, 0x8c, 0xcf, 0x73, 0xff, 
	0x9c, 0xd3, 0x63, 0xff, 0x9c, 0xd3, 0x63, 0xff, 
	0x9c, 0xd3, 0x63, 0xff, 0x9c, 0xd3, 0x63, 0xff, 
	0x9c, 0xcf, 0x52, 0xff, 0x9c, 0xcf, 0x52, 0xff, 
	0x9c, 0xcf, 0x52, 0xff, 0x9c, 0xcf, 0x52, 0xff, 
	0x7b, 0xc3, 0x4a, 0xff, 0x73, 0xc8, 0x44, 0xff, 
	0x6b, 0xcd, 0x3e, 0xff, 0x63, 0xd3, 0x39, 0xff, 
	0x5a, 0xe3, 0x2e, 0xff, 0x5a, 0xeb, 0x29, 0xff, 
	0x5a, 0xeb, 0x29, 0xff, 0x5a, 0xeb, 0x29, 0xff, 
	0x63, 0xeb, 0x29, 0xff, 0x63, 0xeb, 0x29, 0xff, 
	0x63, 0xeb, 0x29, 0xff, 0x68, 0xdf, 0x36, 0xff, 
	0x84, 0xd3, 0x4a, 0xff, 0x84, 0xd3, 0x4a, 0xff, 
	0x86, 0xc8, 0x5a, 0xff, 0x89, 0xbd, 0x6a, 0xff, 
	0xa5, 0xa6, 0x73, 0xff, 0xa5, 0xa6, 0x73, 0xff, 
	0xa5, 0xa6, 0x73, 0xff, 0xa5, 0xa6, 0x73, 0xff, 
	0x9c, 0x8a, 0x73, 0xff, 0x9c, 0x8a, 0x73, 0xff, 
	0x9c, 0x8a, 0x73, 0xff, 0x9c, 0x8a, 0x73, 0xff, 
	0x94, 0x75, 0x6b, 0xff, 0x94, 0x75, 0x6b, 0xff, 
	0x94, 0x75, 0x6b, 0xff, 0x94, 0x75, 0x6b, 0xff, 
	0x9c, 0x65, 0x63, 0xff, 0x9c, 0x65, 0x63, 0xff, 
	0x9c, 0x65, 0x63, 0xff, 0x9c, 0x65, 0x63, 0xff, 
	0xa5, 0x59, 0x5a, 0xff, 0xa5, 0x59, 0x5a, 0xff, 
	0xa5, 0x59, 0x5a, 0xff, 0xa5, 0x59, 0x5a, 0xff, 
	0xb5, 0x45, 0x52, 0xff, 0xb5, 0x45, 0x52, 0xff, 
	0xb5, 0x45, 0x52, 0xff, 0xb5, 0x45, 0x52, 0xff, 
	0xbd, 0x41, 0x4a, 0xff, 0xbd, 0x41, 0x4a, 0xff, 
	0xbd, 0x41, 0x4a, 0xff, 0xbd, 0x41, 0x4a, 0xff, 
	0xc6, 0x45, 0x4a, 0xff, 0xc6, 0x45, 0x4a, 0xff, 
	0xc0, 0x49, 0x5d, 0xff, 0xc0, 0x49, 0x5d, 0xff, 
	0xbd, 0x51, 0x73, 0xff, 0xbd, 0x56, 0x86, 0xff, 
	0xbd, 0x5b, 0x99, 0xff, 0xbd, 0x61, 0xad, 0xff, 
	0xb5, 0x61, 0xbd, 0xff, 0xac, 0x59, 0xc5, 0xff, 
	0xa4, 0x51, 0xcd, 0xff, 0x9c, 0x49, 0xd6, 0xff, 
	0x99, 0x2e, 0xde, 0xff, 0xa7, 0x21, 0xde, 0xff, 
	0xb5, 0x14, 0xde, 0xff, 0xb5, 0x14, 0xde, 0xff, 
	0xd3, 0x08, 0xe1, 0xff, 0xd3, 0x08, 0xe1, 0xff, 
	0xe7, 0x04, 0xde, 0xff, 0xe7, 0x04, 0xde, 0xff, 
	0xef, 0x04, 0xde, 0xff, 0xef, 0x04, 0xde, 0xff, 
	0xef, 0x04, 0xde, 0xff, 0xef, 0x04, 0xde, 0xff, 
	0xee, 0x08, 0xdb, 0xff, 0xee, 0x08, 0xdb, 0xff, 
	0xe6, 0x0c, 0xd8, 0xff, 0xde, 0x10, 0xd6, 0xff, 
	0xde, 0x18, 0xce, 0xff, 0xc5, 0x25, 0xc3, 0xff, 
	0xac, 0x33, 0xb8, 0xff, 0x94, 0x41, 0xad, 0xff, 
	0x7b, 0x49, 0xaa, 0xff, 0x6a, 0x45, 0xaf, 0xff, 
	0x5a, 0x41, 0xb5, 0xff, 0x5a, 0x41, 0xb5, 0xff, 
	0x5a, 0x38, 0xbd, 0xff, 0x5a, 0x32, 0xc3, 0xff, 
	0x5a, 0x30, 0xc6, 0xff, 0x5a, 0x30, 0xc6, 0xff, 
	0x5d, 0x2f, 0xc5, 0xff, 0x5d, 0x2f, 0xc5, 0xff, 
	0x5d, 0x2f, 0xc5, 0xff, 0x5d, 0x2f, 0xc5, 0xff, 
	0x5d, 0x2f, 0xc5, 0xff, 0x5d, 0x2f, 0xc5, 0xff, 
	0x5d, 0x2f, 0xc5, 0xff, 0x5d, 0x2f, 0xc5, 0xff, 
	0x5d, 0x2f, 0xc5, 0xff, 0x5d, 0x2f, 0xc5, 0xff, 
	0x5d, 0x2f, 0xc5, 0xff, 0x5d, 0x2f, 0xc5, 0xff, 
	0x5d, 0x2f, 0xc5, 0xff, 0x5d, 0x2f, 0xc5, 0xff, 
	0x5d, 0x2f, 0xc5, 0xff, 0x5d, 0x2f, 0xc5, 0xff, 
	0x5d, 0x30, 0xc5, 0xff, 0x5d, 0x30, 0xc5, 0xff, 
	0x5d, 0x30, 0xc5, 0xff, 0x5d, 0x30, 0xc5, 0xff, 
	0x63, 0x3c, 0xb5, 0xff, 0x63, 0x3c, 0xb5, 0xff, 
	0x73, 0x5a, 0xa1, 0xff, 0x83, 0x78, 0x8e, 0xff, 
	0x94, 0xa1, 0x75, 0xff, 0x94, 0xb4, 0x70, 0xff, 
	0x94, 0xc7, 0x6b, 0xff, 0x94, 0xc7, 0x6b, 0xff, 
	0x86, 0xd0, 0x78, 0xff, 0x86, 0xd0, 0x78, 0xff, 
	0x86, 0xd0, 0x78, 0xff, 0x78, 0xcd, 0x86, 0xff, 
	0x81, 0xcd, 0x7e, 0xff, 0x81, 0xcd, 0x7e, 0xff, 
	0x81, 0xcd, 0x7e, 0xff, 0x8c, 0xcf, 0x73, 0xff, 
	0x9c, 0xd3, 0x63, 0xff, 0x9c, 0xd3, 0x63, 0xff, 
	0x9c, 0xd3, 0x63, 0xff, 0x99, 0xcc, 0x63, 0xff, 
	0x9c, 0xcf, 0x52, 0xff, 0x91, 0xc5, 0x54, 0xff, 
	0x91, 0xc5, 0x54, 0xff, 0x91, 0xc5, 0x54, 0xff, 
	0x7b, 0xc3, 0x4a, 0xff, 0x73, 0xc8, 0x44, 0xff, 
	0x6b, 0xcd, 0x3e, 0xff, 0x63, 0xd3, 0x39, 0xff, 
	0x5a, 0xe3, 0x2e, 0xff, 0x5a, 0xe3, 0x2e, 0xff, 
	0x5a, 0xe3, 0x2e, 0xff, 0x5a, 0xeb, 0x29, 0xff, 
	0x63, 0xeb, 0x29, 0xff, 0x63, 0xeb, 0x29, 0xff, 
	0x68, 0xdf, 0x36, 0xff, 0x6d, 0xd3, 0x44, 0xff, 
	0x84, 0xd3, 0x4a, 0xff, 0x86, 0xc8, 0x5a, 0xff, 
	0x89, 0xbd, 0x6a, 0xff, 0x8c, 0xb2, 0x7b, 0xff, 
	0x97, 0xa7, 0x7b, 0xff, 0x97, 0xa7, 0x7b, 0xff, 
	0x97, 0xa7, 0x7b, 0xff, 0x97, 0xa7, 0x7b, 0xff, 
	0x8b, 0x9a, 0x7e, 0xff, 0x8b, 0x9a, 0x7e, 0xff, 
	0x8b, 0x9a, 0x7e, 0xff, 0x8b, 0x9a, 0x7e, 0xff, 
	0x83, 0x8d, 0x78, 0xff, 0x83, 0x8d, 0x78, 0xff, 
	0x83, 0x8d, 0x78, 0xff, 0x83, 0x8d, 0x78, 0xff, 
	0x8e, 0x7e, 0x6e, 0xff, 0x8e, 0x7e, 0x6e, 0xff, 
	0x8e, 0x7e, 0x6e, 0xff, 0x8e, 0x7e, 0x6e, 0xff, 
	0x97, 0x72, 0x62, 0xff, 0x97, 0x72, 0x62, 0xff, 
	0xa5, 0x59, 0x5a, 0xff, 0xa5, 0x59, 0x5a, 0xff, 
	0xaa, 0x59, 0x5d, 0xff, 0xaa, 0x59, 0x5d, 0xff, 
	0xaa, 0x59, 0x5d, 0xff, 0xb5, 0x45, 0x52, 0xff, 
	0xb5, 0x47, 0x5a, 0xff, 0xb5, 0x47, 0x5a, 0xff, 
	0xb5, 0x47, 0x5a, 0xff, 0xb5, 0x47, 0x5a, 0xff, 
	0xc0, 0x49, 0x5d, 0xff, 0xc0, 0x49, 0x5d, 0xff, 
	0xc0, 0x49, 0x5d, 0xff, 0xba, 0x4d, 0x70, 0xff, 
	0xbd, 0x51, 0x73, 0xff, 0xbd, 0x56, 0x86, 0xff, 
	0xbd, 0x5b, 0x99, 0xff, 0xbd, 0x61, 0xad, 0xff, 
	0xb5, 0x61, 0xbd, 0xff, 0xac, 0x59, 0xc5, 0xff, 
	0xa4, 0x51, 0xcd, 0xff, 0x9c, 0x49, 0xd6, 0xff, 
	0x99, 0x2e, 0xde, 0xff, 0x99, 0x2e, 0xde, 0xff, 
	0xa7, 0x21, 0xde, 0xff, 0xb5, 0x14, 0xde, 0xff, 
	0xc0, 0x0c, 0xe4, 0xff, 0xd3, 0x08, 0xe1, 0xff, 
	0xe7, 0x04, 0xde, 0xff, 0xe7, 0x04, 0xde, 0xff, 
	0xe9, 0x05, 0xde, 0xff, 0xef, 0x04, 0xde, 0xff, 
	0xef, 0x04, 0xde, 0xff, 0xef, 0x04, 0xde, 0xff, 
	0xee, 0x08, 0xdb, 0xff, 0xee, 0x08, 0xdb, 0xff, 
	0xe6, 0x0c, 0xd8, 0xff, 0xe6, 0x0c, 0xd8, 0xff, 
	0xde, 0x18, 0xce, 0xff, 0xc5, 0x25, 0xc3, 0xff, 
	0xac, 0x33, 0xb8, 0xff, 0x94, 0x41, 0xad, 0xff, 
	0x7b, 0x49, 0xaa, 0xff, 0x6a, 0x45, 0xaf, 0xff, 
	0x6a, 0x45, 0xaf, 0xff, 0x5a, 0x41, 0xb5, 0xff, 
	0x5a, 0x38, 0xbd, 0xff, 0x5a, 0x32, 0xc3, 0xff, 
	0x5a, 0x30, 0xc6, 0xff, 0x5a, 0x30, 0xc6, 0xff, 
	0x5d, 0x2f, 0xc5, 0xff, 0x5d, 0x2f, 0xc5, 0xff, 
	0x5d, 0x2f, 0xc5, 0xff, 0x5d, 0x2f, 0xc5, 0xff, 
	0x5d, 0x2f, 0xc5, 0xff, 0x5d, 0x2f, 0xc5, 0xff, 
	0x5d, 0x2f, 0xc5, 0xff, 0x5d, 0x2f, 0xc5, 0xff, 
	0x5d, 0x2f, 0xc5, 0xff, 0x5d, 0x2f, 0xc5, 0xff, 
	0x5d, 0x2f, 0xc5, 0xff, 0x5d, 0x2f, 0xc5, 0xff, 
	0x5d, 0x2f, 0xc5, 0xff, 0x5d, 0x2f, 0xc5, 0xff, 
	0x5d, 0x2f, 0xc5, 0xff, 0x5d, 0x2f, 0xc5, 0xff, 
	0x5d, 0x30, 0xc5, 0xff, 0x5d, 0x30, 0xc5, 0xff, 
	0x5d, 0x30, 0xc5, 0xff, 0x63, 0x38, 0xbd, 0xff, 
	0x63, 0x3c, 0xb5, 0xff, 0x73, 0x5a, 0xa1, 0xff, 
	0x83, 0x78, 0x8e, 0xff, 0x94, 0x96, 0x7b, 0xff, 
	0x94, 0xb4, 0x70, 0xff, 0x94, 0xc7, 0x6b, 0xff, 
	0x94, 0xc7, 0x6b, 0xff, 0x94, 0xc7, 0x6b, 0xff, 
	0x86, 0xd0, 0x78, 0xff, 0x78, 0xcd, 0x86, 0xff, 
	0x78, 0xcd, 0x86, 0xff, 0x6b, 0xcb, 0x94, 0xff, 
	0x76, 0xcc, 0x89, 0xff, 0x76, 0xcc, 0x89, 0xff, 
	0x81, 0xcd, 0x7e, 0xff, 0x8c, 0xcf, 0x73, 0xff, 
	0x99, 0xcc, 0x63, 0xff, 0x99, 0xcc, 0x63, 0xff, 
	0x96, 0xc5, 0x63, 0xff, 0x96, 0xc5, 0x63, 0xff, 
	0x91, 0xc5, 0x54, 0xff, 0x91, 0xc5, 0x54, 0xff, 
	0x86, 0xbb, 0x57, 0xff, 0x86, 0xbb, 0x57, 0xff, 
	0x7b, 0xc3, 0x4a, 0xff, 0x73, 0xc8, 0x44, 0xff, 
	0x6b, 0xcd, 0x3e, 0xff, 0x63, 0xd3, 0x39, 0xff, 
	0x5a, 0xdb, 0x33, 0xff, 0x5a, 0xdb, 0x33, 0xff, 
	0x5a, 0xe3, 0x2e, 0xff, 0x5a, 0xe3, 0x2e, 0xff, 
	0x68, 0xdf, 0x36, 0xff, 0x68, 0xdf, 0x36, 0xff, 
	0x6d, 0xd3, 0x44, 0xff, 0x73, 0xc7, 0x52, 0xff, 
	0x86, 0xc8, 0x5a, 0xff, 0x89, 0xbd, 0x6a, 0xff, 
	0x8c, 0xb2, 0x7b, 0xff, 0x8c, 0xb2, 0x7b, 0xff, 
	0x89, 0xa8, 0x83, 0xff, 0x89, 0xa8, 0x83, 0xff, 
	0x89, 0xa8, 0x83, 0xff, 0x89, 0xa8, 0x83, 0xff, 
	0x7b, 0xaa, 0x89, 0xff, 0x7b, 0xaa, 0x89, 0xff, 
	0x7b, 0xaa, 0x89, 0xff, 0x7b, 0xaa, 0x89, 0xff, 
	0x73, 0xa5, 0x86, 0xff, 0x73, 0xa5, 0x86, 0xff, 
	0x73, 0xa5, 0x86, 0xff, 0x73, 0xa5, 0x86, 0xff, 
	0x80, 0x98, 0x79, 0xff, 0x80, 0x98, 0x79, 0xff, 
	0x80, 0x98, 0x79, 0xff, 0x80, 0x98, 0x79, 0xff, 
	0x89, 0x8c, 0x6a, 0xff, 0x89, 0x8c, 0x6a, 0xff, 
	0x97, 0x72, 0x62, 0xff, 0x97, 0x72, 0x62, 0xff, 
	0x9f, 0x6d, 0x68, 0xff, 0x9f, 0x6d, 0x68, 0xff, 
	0xaa, 0x59, 0x5d, 0xff, 0xaa, 0x59, 0x5d, 0xff, 
	0xad, 0x4e, 0x6a, 0xff, 0xad, 0x4e, 0x6a, 0xff, 
	0xad, 0x4e, 0x6a, 0xff, 0xad, 0x4e, 0x6a, 0xff, 
	0xba, 0x4d, 0x70, 0xff, 0xba, 0x4d, 0x70, 0xff, 
	0xba, 0x4d, 0x70, 0xff, 0xba, 0x4d, 0x70, 0xff, 
	0xbd, 0x56, 0x86, 0xff, 0xbd, 0x56, 0x86, 0xff, 
	0xbd, 0x5b, 0x99, 0xff, 0xbd, 0x61, 0xad, 0xff, 
	0xb5, 0x61, 0xbd, 0xff, 0xac, 0x59, 0xc5, 0xff, 
	0xa4, 0x51, 0xcd, 0xff, 0x9c, 0x49, 0xd6, 0xff, 
	0x8c, 0x3c, 0xde, 0xff, 0x99, 0x2e, 0xde, 0xff, 
	0x99, 0x2e, 0xde, 0xff, 0xa7, 0x21, 0xde, 0xff, 
	0xad, 0x10, 0xe7, 0xff, 0xc0, 0x0c, 0xe4, 0xff, 
	0xd3, 0x08, 0xe1, 0xff, 0xe7, 0x04, 0xde, 0xff, 
	0xe9, 0x05, 0xde, 0xff, 0xef, 0x04, 0xde, 0xff, 
	0xef, 0x04, 0xde, 0xff, 0xef, 0x04, 0xde, 0xff, 
	0xee, 0x08, 0xdb, 0xff, 0xee, 0x08, 0xdb, 0xff, 
	0xee, 0x08, 0xdb, 0xff, 0xe6, 0x0c, 0xd8, 0xff, 
	0xde, 0x18, 0xce, 0xff, 0xde, 0x18, 0xce, 0xff, 
	0xc5, 0x25, 0xc3, 0xff, 0xac, 0x33, 0xb8, 0xff, 
	0x8c, 0x4d, 0xa5, 0xff, 0x7b, 0x49, 0xaa, 0xff, 
	0x6a, 0x45, 0xaf, 0xff, 0x5a, 0x41, 0xb5, 0xff, 
	0x5a, 0x38, 0xbd, 0xff, 0x5a, 0x35, 0xc0, 0xff, 
	0x5a, 0x30, 0xc6, 0xff, 0x5a, 0x30, 0xc6, 0xff, 
	0x5d, 0x2f, 0xc5, 0xff, 0x5d, 0x2f, 0xc5, 0xff, 
	0x5d, 0x2f, 0xc5, 0xff, 0x5d, 0x2f, 0xc5, 0xff, 
	0x5d, 0x2f, 0xc5, 0xff, 0x5d, 0x2f, 0xc5, 0xff, 
	0x5d, 0x2f, 0xc5, 0xff, 0x5d, 0x2f, 0xc5, 0xff, 
	0x5d, 0x2f, 0xc5, 0xff, 0x5d, 0x2f, 0xc5, 0xff, 
	0x5d, 0x2f, 0xc5, 0xff, 0x5d, 0x2f, 0xc5, 0xff, 
	0x5d, 0x2f, 0xc5, 0xff, 0x5d, 0x2f, 0xc5, 0xff, 
	0x5d, 0x2f, 0xc5, 0xff, 0x5d, 0x2f, 0xc5, 0xff, 
	0x5d, 0x30, 0xc5, 0xff, 0x5d, 0x30, 0xc5, 0xff, 
	0x5d, 0x30, 0xc5, 0xff, 0x63, 0x38, 0xbd, 0xff, 
	0x63, 0x3c, 0xb5, 0xff, 0x73, 0x5a, 0xa1, 0xff, 
	0x83, 0x78, 0x8e, 0xff, 0x94, 0x96, 0x7b, 0xff, 
	0x94, 0xb4, 0x70, 0xff, 0x94, 0xc7, 0x6b, 0xff, 
	0x94, 0xc7, 0x6b, 0xff, 0x94, 0xc7, 0x6b, 0xff, 
	0x78, 0xcd, 0x86, 0xff, 0x6b, 0xcb, 0x94, 0xff, 
	0x6b, 0xcb, 0x94, 0xff, 0x6b, 0xcb, 0x94, 0xff, 
	0x6b, 0xcb, 0x94, 0xff, 0x76, 0xcc, 0x89, 0xff, 
	0x81, 0xcd, 0x7e, 0xff, 0x8c, 0xcf, 0x73, 0xff, 
	0x96, 0xc5, 0x63, 0xff, 0x96, 0xc5, 0x63, 0xff, 
	0x94, 0xbe, 0x63, 0xff, 0x94, 0xbe, 0x63, 0xff, 
	0x86, 0xbb, 0x57, 0xff, 0x86, 0xbb, 0x57, 0xff, 
	0x7b, 0xb2, 0x5a, 0xff, 0x7b, 0xb2, 0x5a, 0xff, 
	0x7b, 0xc3, 0x4a, 0xff, 0x73, 0xc8, 0x44, 0xff, 
	0x6b, 0xcd, 0x3e, 0xff, 0x63, 0xd3, 0x39, 0xff, 
	0x5a, 0xd3, 0x39, 0xff, 0x5a, 0xd3, 0x39, 0xff, 
	0x5a, 0xdb, 0x33, 0xff, 0x5a, 0xdb, 0x33, 0xff, 
	0x68, 0xdf, 0x36, 0xff, 0x6d, 0xd3, 0x44, 0xff, 
	0x73, 0xc7, 0x52, 0xff, 0x73, 0xc7, 0x52, 0xff, 
	0x89, 0xbd, 0x6a, 0xff, 0x89, 0xbd, 0x6a, 0xff, 
	0x8c, 0xb2, 0x7b, 0xff, 0x8c, 0xb2, 0x7b, 0xff, 
	0x89, 0xa8, 0x83, 0xff, 0x7b, 0xaa, 0x8c, 0xff, 
	0x7b, 0xaa, 0x8c, 0xff, 0x7b, 0xaa, 0x8c, 0xff, 
	0x6b, 0xba, 0x94, 0xff, 0x6b, 0xba, 0x94, 0xff, 
	0x6b, 0xba, 0x94, 0xff, 0x6b, 0xba, 0x94, 0xff, 
	0x63, 0xbe, 0x94, 0xff, 0x63, 0xbe, 0x94, 0xff, 
	0x63, 0xbe, 0x94, 0xff, 0x63, 0xbe, 0x94, 0xff, 
	0x73, 0xb2, 0x84, 0xff, 0x73, 0xb2, 0x84, 0xff, 
	0x73, 0xb2, 0x84, 0xff, 0x73, 0xb2, 0x84, 0xff, 
	0x7b, 0xa6, 0x73, 0xff, 0x7b, 0xa6, 0x73, 0xff, 
	0x89, 0x8c, 0x6a, 0xff, 0x89, 0x8c, 0x6a, 0xff, 
	0x94, 0x82, 0x73, 0xff, 0x94, 0x82, 0x73, 0xff, 
	0x9f, 0x6d, 0x68, 0xff, 0x9f, 0x6d, 0x68, 0xff, 
	0xa5, 0x55, 0x7b, 0xff, 0xa5, 0x55, 0x7b, 0xff, 
	0xa5, 0x55, 0x7b, 0xff, 0xa5, 0x55, 0x7b, 0xff, 
	0xb5, 0x51, 0x84, 0xff, 0xb5, 0x51, 0x84, 0xff, 
	0xb5, 0x51, 0x84, 0xff, 0xb5, 0x51, 0x84, 0xff, 
	0xbd, 0x5b, 0x99, 0xff, 0xbd, 0x5b, 0x99, 0xff, 
	0xbd, 0x61, 0xad, 0xff, 0xbd, 0x61, 0xad, 0xff, 
	0xb5, 0x61, 0xbd, 0xff, 0xac, 0x59, 0xc5, 0xff, 
	0xa4, 0x51, 0xcd, 0xff, 0x9c, 0x49, 0xd6, 0xff, 
	0x8c, 0x3c, 0xde, 0xff, 0x8c, 0x3c, 0xde, 0xff, 
	0x99, 0x2e, 0xde, 0xff, 0x99, 0x2e, 0xde, 0xff, 
	0xad, 0x10, 0xe7, 0xff, 0xad, 0x10, 0xe7, 0xff, 
	0xc0, 0x0c, 0xe4, 0xff, 0xd3, 0x08, 0xe1, 0xff, 
	0xe3, 0x06, 0xde, 0xff, 0xe9, 0x05, 0xde, 0xff, 
	0xef, 0x04, 0xde, 0xff, 0xef, 0x04, 0xde, 0xff, 
	0xee, 0x08, 0xdb, 0xff, 0xee, 0x08, 0xdb, 0xff, 
	0xee, 0x08, 0xdb, 0xff, 0xe6, 0x0c, 0xd8, 0xff, 
	0xde, 0x18, 0xce, 0xff, 0xde, 0x18, 0xce, 0xff, 
	0xc5, 0x25, 0xc3, 0xff, 0xac, 0x33, 0xb8, 0xff, 
	0x8c, 0x4d, 0xa5, 0xff, 0x7b, 0x49, 0xaa, 0xff, 
	0x6a, 0x45, 0xaf, 0xff, 0x6a, 0x45, 0xaf, 0xff, 
	0x5a, 0x38, 0xbd, 0xff, 0x5a, 0x35, 0xc0, 0xff, 
	0x5a, 0x30, 0xc6, 0xff, 0x5a, 0x30, 0xc6, 0xff, 
	0x5d, 0x2f, 0xc5, 0xff, 0x5d, 0x2f, 0xc5, 0xff, 
	0x5d, 0x2f, 0xc5, 0xff, 0x5d, 0x2f, 0xc5, 0xff, 
	0x5d, 0x2f, 0xc5, 0xff, 0x5d, 0x2f, 0xc5, 0xff, 
	0x5d, 0x2f, 0xc5, 0xff, 0x5d, 0x2f, 0xc5, 0xff, 
	0x5d, 0x2f, 0xc5, 0xff, 0x5d, 0x2f, 0xc5, 0xff, 
	0x5d, 0x2f, 0xc5, 0xff, 0x5d, 0x2f, 0xc5, 0xff, 
	0x5d, 0x2f, 0xc5, 0xff, 0x5d, 0x2f, 0xc5, 0xff, 
	0x5d, 0x2f, 0xc5, 0xff, 0x5d, 0x2f, 0xc5, 0xff, 
	0x5a, 0x30, 0xc6, 0xff, 0x5a, 0x30, 0xc6, 0xff, 
	0x62, 0x3b, 0xbd, 0xff, 0x62, 0x3b, 0xbd, 0xff, 
	0x7b, 0x51, 0xa5, 0xff, 0x83, 0x71, 0x94, 0xff, 
	0x8b, 0x91, 0x83, 0xff, 0x94, 0xb2, 0x73, 0xff, 
	0x8c, 0xc7, 0x73, 0xff, 0x8c, 0xc7, 0x73, 0xff, 
	0x7e, 0xc7, 0x80, 0xff, 0x7e, 0xc7, 0x80, 0xff, 
	0x6b, 0xc7, 0x94, 0xff, 0x62, 0xc5, 0x9c, 0xff, 
	0x62, 0xc5, 0x9c, 0xff, 0x62, 0xc5, 0x9c, 0xff, 
	0x63, 0xc3, 0x9c, 0xff, 0x70, 0xc1, 0x8e, 0xff, 
	0x7e, 0xbf, 0x80, 0xff, 0x8c, 0xbe, 0x73, 0xff, 
	0x94, 0xba, 0x6b, 0xff, 0x94, 0xba, 0x6b, 0xff, 
	0x94, 0xba, 0x6b, 0xff, 0x91, 0xab, 0x70, 0xff, 
	0x7b, 0xaa, 0x63, 0xff, 0x7b, 0xaa, 0x63, 0xff, 
	0x7b, 0xaa, 0x63, 0xff, 0x7b, 0xaa, 0x63, 0xff, 
	0x6b, 0xb2, 0x55, 0xff, 0x6b, 0xb2, 0x55, 0xff, 
	0x63, 0xbe, 0x4a, 0xff, 0x63, 0xbe, 0x4a, 0xff, 
	0x5f, 0xc9, 0x44, 0xff, 0x5a, 0xcf, 0x39, 0xff, 
	0x5a, 0xcf, 0x39, 0xff, 0x5a, 0xcf, 0x39, 0xff, 
	0x63, 0xcb, 0x4a, 0xff, 0x6b, 0xc5, 0x57, 0xff, 
	0x6b, 0xc5, 0x57, 0xff, 0x73, 0xbf, 0x65, 0xff, 
	0x7b, 0xb6, 0x73, 0xff, 0x78, 0xb6, 0x7b, 0xff, 
	0x75, 0xb6, 0x83, 0xff, 0x73, 0xb6, 0x8c, 0xff, 
	0x73, 0xb6, 0x8c, 0xff, 0x73, 0xb6, 0x8c, 0xff, 
	0x73, 0xb6, 0x8c, 0xff, 0x6a, 0xbf, 0x94, 0xff, 
	0x63, 0xcb, 0x9c, 0xff, 0x63, 0xcb, 0x9c, 0xff, 
	0x5a, 0xd5, 0xa7, 0xff, 0x5a, 0xd5, 0xa7, 0xff, 
	0x5a, 0xdb, 0xad, 0xff, 0x63, 0xd3, 0xa5, 0xff, 
	0x63, 0xd3, 0xa5, 0xff, 0x63, 0xd3, 0xa5, 0xff, 
	0x62, 0xd8, 0x91, 0xff, 0x6b, 0xcf, 0x84, 0xff, 
	0x6b, 0xcf, 0x84, 0xff, 0x6b, 0xcf, 0x84, 0xff, 
	0x7b, 0xbe, 0x70, 0xff, 0x7b, 0xbe, 0x70, 0xff, 
	0x84, 0xae, 0x6b, 0xff, 0x84, 0xae, 0x6b, 0xff, 
	0x96, 0x9e, 0x6d, 0xff, 0x96, 0x9e, 0x6d, 0xff, 
	0x9c, 0x8a, 0x73, 0xff, 0x9c, 0x8a, 0x73, 0xff, 
	0xa2, 0x7a, 0x89, 0xff, 0xa2, 0x7a, 0x89, 0xff, 
	0xa5, 0x61, 0x94, 0xff, 0xa5, 0x61, 0x94, 0xff, 
	0xa5, 0x61, 0x9c, 0xff, 0xa5, 0x61, 0x9c, 0xff, 
	0xa5, 0x61, 0x9c, 0xff, 0xa5, 0x61, 0x9c, 0xff, 
	0xb5, 0x61, 0xb5, 0xff, 0xb5, 0x61, 0xb5, 0xff, 
	0xb5, 0x61, 0xb5, 0xff, 0xb5, 0x61, 0xb5, 0xff, 
	0xad, 0x61, 0xce, 0xff, 0xad, 0x61, 0xce, 0xff, 
	0x9f, 0x5a, 0xd3, 0xff, 0x91, 0x53, 0xd8, 0xff, 
	0x84, 0x45, 0xde, 0xff, 0x7b, 0x3b, 0xe1, 0xff, 
	0x73, 0x31, 0xe4, 0xff, 0x73, 0x31, 0xe4, 0xff, 
	0x8b, 0x12, 0xe7, 0xff, 0xa4, 0x0d, 0xe7, 0xff, 
	0xbd, 0x08, 0xe7, 0xff, 0xbd, 0x08, 0xe7, 0xff, 
	0xde, 0x05, 0xe1, 0xff, 0xde, 0x05, 0xe1, 0xff, 
	0xef, 0x04, 0xde, 0xff, 0xef, 0x04, 0xde, 0xff, 
	0xef, 0x08, 0xde, 0xff, 0xef, 0x08, 0xde, 0xff, 
	0xec, 0x09, 0xdb, 0xff, 0xe9, 0x0a, 0xd8, 0xff, 
	0xe7, 0x10, 0xd6, 0xff, 0xd9, 0x19, 0xcd, 0xff, 
	0xcb, 0x22, 0xc5, 0xff, 0xbd, 0x2c, 0xbd, 0xff, 
	0x9c, 0x41, 0xa7, 0xff, 0x83, 0x4b, 0xa1, 0xff, 
	0x6b, 0x55, 0x9c, 0xff, 0x6b, 0x55, 0x9c, 0xff, 
	0x5a, 0x43, 0xb0, 0xff, 0x5a, 0x39, 0xbb, 0xff, 
	0x5a, 0x30, 0xc6, 0xff, 0x5a, 0x30, 0xc6, 0xff, 
	0x5d, 0x2f, 0xc5, 0xff, 0x5d, 0x2f, 0xc5, 0xff, 
	0x5d, 0x2f, 0xc5, 0xff, 0x5d, 0x2f, 0xc5, 0xff, 
	0x5d, 0x2f, 0xc5, 0xff, 0x5d, 0x2f, 0xc5, 0xff, 
	0x5d, 0x2f, 0xc5, 0xff, 0x5d, 0x2f, 0xc5, 0xff, 
	0x5d, 0x2f, 0xc5, 0xff, 0x5d, 0x2f, 0xc5, 0xff, 
	0x5d, 0x2f, 0xc5, 0xff, 0x5d, 0x2f, 0xc5, 0xff, 
	0x5d, 0x2f, 0xc5, 0xff, 0x5d, 0x2f, 0xc5, 0xff, 
	0x5d, 0x2f, 0xc5, 0xff, 0x5d, 0x2f, 0xc5, 0xff, 
	0x5a, 0x30, 0xc6, 0xff, 0x5a, 0x30, 0xc6, 0xff, 
	0x62, 0x3b, 0xbd, 0xff, 0x6a, 0x46, 0xb5, 0xff, 
	0x7b, 0x51, 0xa5, 0xff, 0x83, 0x71, 0x94, 0xff, 
	0x8b, 0x91, 0x83, 0xff, 0x94, 0xb2, 0x73, 0xff, 
	0x8c, 0xc7, 0x73, 0xff, 0x7e, 0xc7, 0x80, 0xff, 
	0x7e, 0xc7, 0x80, 0xff, 0x70, 0xc7, 0x8e, 0xff, 
	0x6b, 0xc7, 0x94, 0xff, 0x62, 0xc5, 0x9c, 0xff, 
	0x5a, 0xc4, 0xa4, 0xff, 0x5a, 0xc4, 0xa4, 0xff, 
	0x63, 0xc3, 0x9c, 0xff, 0x70, 0xc1, 0x8e, 0xff, 
	0x7e, 0xbf, 0x80, 0xff, 0x8c, 0xbe, 0x73, 0xff, 
	0x94, 0xba, 0x6b, 0xff, 0x91, 0xab, 0x70, 0xff, 
	0x91, 0xab, 0x70, 0xff, 0x91, 0xab, 0x70, 0xff, 
	0x7e, 0x9f, 0x6b, 0xff, 0x7e, 0x9f, 0x6b, 0xff, 
	0x7e, 0x9f, 0x6b, 0xff, 0x7b, 0xaa, 0x63, 0xff, 
	0x73, 0xa6, 0x60, 0xff, 0x6b, 0xb2, 0x55, 0xff, 
	0x6b, 0xb2, 0x55, 0xff, 0x63, 0xbe, 0x4a, 0xff, 
	0x5f, 0xc9, 0x44, 0xff, 0x5f, 0xc9, 0x44, 0xff, 
	0x5f, 0xc9, 0x44, 0xff, 0x5f, 0xc9, 0x44, 0xff, 
	0x6b, 0xc5, 0x57, 0xff, 0x6b, 0xc5, 0x57, 0xff, 
	0x73, 0xbf, 0x65, 0xff, 0x7b, 0xba, 0x73, 0xff, 
	0x78, 0xb6, 0x7b, 0xff, 0x78, 0xb6, 0x7b, 0xff, 
	0x75, 0xb6, 0x83, 0xff, 0x73, 0xb6, 0x8c, 0xff, 
	0x73, 0xb6, 0x8c, 0xff, 0x6a, 0xbf, 0x94, 0xff, 
	0x6a, 0xbf, 0x94, 0xff, 0x62, 0xc9, 0x9c, 0xff, 
	0x5a, 0xd5, 0xa7, 0xff, 0x5a, 0xd5, 0xa7, 0xff, 
	0x52, 0xe0, 0xb2, 0xff, 0x52, 0xe0, 0xb2, 0xff, 
	0x52, 0xe3, 0xb5, 0xff, 0x52, 0xe3, 0xb5, 0xff, 
	0x5a, 0xdb, 0xad, 0xff, 0x5a, 0xdb, 0xad, 0xff, 
	0x5a, 0xe1, 0x9f, 0xff, 0x62, 0xd8, 0x91, 0xff, 
	0x62, 0xd8, 0x91, 0xff, 0x6b, 0xcf, 0x84, 0xff, 
	0x73, 0xce, 0x75, 0xff, 0x73, 0xce, 0x75, 0xff, 
	0x7b, 0xbe, 0x70, 0xff, 0x7b, 0xbe, 0x70, 0xff, 
	0x91, 0xb2, 0x68, 0xff, 0x91, 0xb2, 0x68, 0xff, 
	0x96, 0x9e, 0x6d, 0xff, 0x96, 0x9e, 0x6d, 0xff, 
	0x9f, 0x94, 0x7e, 0xff, 0xa2, 0x7a, 0x89, 0xff, 
	0xa2, 0x7a, 0x89, 0xff, 0xa5, 0x61, 0x94, 0xff, 
	0xa5, 0x61, 0x9c, 0xff, 0x9f, 0x5f, 0xaa, 0xff, 
	0x9f, 0x5f, 0xaa, 0xff, 0x9f, 0x5f, 0xaa, 0xff, 
	0xaa, 0x5d, 0xbd, 0xff, 0xaa, 0x5d, 0xbd, 0xff, 
	0xaa, 0x5d, 0xbd, 0xff, 0xaa, 0x5d, 0xbd, 0xff, 
	0xad, 0x61, 0xce, 0xff, 0x9f, 0x5a, 0xd3, 0xff, 
	0x9f, 0x5a, 0xd3, 0xff, 0x91, 0x53, 0xd8, 0xff, 
	0x84, 0x45, 0xde, 0xff, 0x7b, 0x3b, 0xe1, 0xff, 
	0x73, 0x31, 0xe4, 0xff, 0x6b, 0x28, 0xe7, 0xff, 
	0x8b, 0x12, 0xe7, 0xff, 0x8b, 0x12, 0xe7, 0xff, 
	0xa4, 0x0d, 0xe7, 0xff, 0xbd, 0x08, 0xe7, 0xff, 
	0xcd, 0x06, 0xe4, 0xff, 0xde, 0x05, 0xe1, 0xff, 
	0xef, 0x04, 0xde, 0xff, 0xef, 0x04, 0xde, 0xff, 
	0xef, 0x08, 0xde, 0xff, 0xef, 0x08, 0xde, 0xff, 
	0xec, 0x09, 0xdb, 0xff, 0xe9, 0x0a, 0xd8, 0xff, 
	0xe7, 0x10, 0xd6, 0xff, 0xe7, 0x10, 0xd6, 0xff, 
	0xd9, 0x19, 0xcd, 0xff, 0xbd, 0x2c, 0xbd, 0xff, 
	0xb5, 0x38, 0xad, 0xff, 0x83, 0x4b, 0xa1, 0xff, 
	0x6b, 0x55, 0x9c, 0xff, 0x6b, 0x55, 0x9c, 0xff, 
	0x5a, 0x43, 0xb0, 0xff, 0x5a, 0x39, 0xbb, 0xff, 
	0x5a, 0x39, 0xbb, 0xff, 0x5a, 0x30, 0xc6, 0xff, 
	0x5d, 0x2f, 0xc5, 0xff, 0x5d, 0x2f, 0xc5, 0xff, 
	0x5d, 0x2f, 0xc5, 0xff, 0x5d, 0x2f, 0xc5, 0xff, 
	0x5d, 0x2f, 0xc5, 0xff, 0x5d, 0x2f, 0xc5, 0xff, 
	0x5d, 0x2f, 0xc5, 0xff, 0x5d, 0x2f, 0xc5, 0xff, 
	0x5d, 0x2f, 0xc5, 0xff, 0x5d, 0x2f, 0xc5, 0xff, 
	0x5d, 0x2f, 0xc5, 0xff, 0x5d, 0x2f, 0xc5, 0xff, 
	0x5d, 0x2f, 0xc5, 0xff, 0x5d, 0x2f, 0xc5, 0xff, 
	0x5d, 0x2f, 0xc5, 0xff, 0x5d, 0x2f, 0xc5, 0xff, 
	0x5a, 0x30, 0xc6, 0xff, 0x5a, 0x30, 0xc6, 0xff, 
	0x62, 0x3b, 0xbd, 0xff, 0x6a, 0x46, 0xb5, 0xff, 
	0x83, 0x71, 0x94, 0xff, 0x8b, 0x91, 0x83, 0xff, 
	0x94, 0xb2, 0x73, 0xff, 0x94, 0xb2, 0x73, 0xff, 
	0x7e, 0xc7, 0x80, 0xff, 0x7e, 0xc7, 0x80, 0xff, 
	0x70, 0xc7, 0x8e, 0xff, 0x63, 0xc7, 0x9c, 0xff, 
	0x62, 0xc5, 0x9c, 0xff, 0x5a, 0xc4, 0xa4, 0xff, 
	0x52, 0xc3, 0xad, 0xff, 0x5a, 0xc4, 0xa4, 0xff, 
	0x63, 0xc3, 0x9c, 0xff, 0x70, 0xc1, 0x8e, 0xff, 
	0x7e, 0xbf, 0x80, 0xff, 0x8c, 0xbe, 0x73, 0xff, 
	0x91, 0xab, 0x70, 0xff, 0x91, 0xab, 0x70, 0xff, 
	0x8e, 0x9c, 0x75, 0xff, 0x8e, 0x9c, 0x75, 0xff, 
	0x81, 0x94, 0x73, 0xff, 0x81, 0x94, 0x73, 0xff, 
	0x81, 0x94, 0x73, 0xff, 0x7e, 0x9f, 0x6b, 0xff, 
	0x73, 0xa6, 0x60, 0xff, 0x73, 0xa6, 0x60, 0xff, 
	0x6b, 0xb2, 0x55, 0xff, 0x6b, 0xb2, 0x55, 0xff, 
	0x65, 0xc3, 0x4f, 0xff, 0x65, 0xc3, 0x4f, 0xff, 
	0x65, 0xc3, 0x4f, 0xff, 0x65, 0xc3, 0x4f, 0xff, 
	0x6b, 0xc5, 0x57, 0xff, 0x73, 0xbf, 0x65, 0xff, 
	0x73, 0xbf, 0x65, 0xff, 0x7b, 0xba, 0x73, 0xff, 
	0x78, 0xb6, 0x7b, 0xff, 0x75, 0xb6, 0x83, 0xff, 
	0x73, 0xb6, 0x8c, 0xff, 0x73, 0xb6, 0x8c, 0xff, 
	0x6a, 0xbf, 0x94, 0xff, 0x6a, 0xbf, 0x94, 0xff, 
	0x62, 0xc9, 0x9c, 0xff, 0x5a, 0xd3, 0xa5, 0xff, 
	0x5a, 0xd5, 0xa7, 0xff, 0x52, 0xe0, 0xb2, 0xff, 
	0x52, 0xe0, 0xb2, 0xff, 0x4a, 0xeb, 0xbd, 0xff, 
	0x4a, 0xeb, 0xbd, 0xff, 0x4a, 0xeb, 0xbd, 0xff, 
	0x52, 0xe3, 0xb5, 0xff, 0x52, 0xe3, 0xb5, 0xff, 
	0x52, 0xeb, 0xad, 0xff, 0x5a, 0xe1, 0x9f, 0xff, 
	0x62, 0xd8, 0x91, 0xff, 0x62, 0xd8, 0x91, 0xff, 
	0x6b, 0xdf, 0x7b, 0xff, 0x73, 0xce, 0x75, 0xff, 
	0x73, 0xce, 0x75, 0xff, 0x73, 0xce, 0x75, 0xff, 
	0x8c, 0xc7, 0x63, 0xff, 0x8c, 0xc7, 0x63, 0xff, 
	0x91, 0xb2, 0x68, 0xff, 0x91, 0xb2, 0x68, 0xff, 
	0x9c, 0xae, 0x73, 0xff, 0x9f, 0x94, 0x7e, 0xff, 
	0x9f, 0x94, 0x7e, 0xff, 0xa2, 0x7a, 0x89, 0xff, 
	0xa5, 0x61, 0x9c, 0xff, 0x9f, 0x5f, 0xaa, 0xff, 
	0x99, 0x5e, 0xb8, 0xff, 0x99, 0x5e, 0xb8, 0xff, 
	0x9f, 0x59, 0xc5, 0xff, 0x9f, 0x59, 0xc5, 0xff, 
	0x9f, 0x59, 0xc5, 0xff, 0x9f, 0x59, 0xc5, 0xff, 
	0x9f, 0x5a, 0xd3, 0xff, 0x9f, 0x5a, 0xd3, 0xff, 
	0x91, 0x53, 0xd8, 0xff, 0x84, 0x4d, 0xde, 0xff, 
	0x7b, 0x3b, 0xe1, 0xff, 0x73, 0x31, 0xe4, 0xff, 
	0x6b, 0x28, 0xe7, 0xff, 0x6b, 0x28, 0xe7, 0xff, 
	0x73, 0x18, 0xe7, 0xff, 0x8b, 0x12, 0xe7, 0xff, 
	0xa4, 0x0d, 0xe7, 0xff, 0xbd, 0x08, 0xe7, 0xff, 
	0xcd, 0x06, 0xe4, 0xff, 0xde, 0x05, 0xe1, 0xff, 
	0xde, 0x05, 0xe1, 0xff, 0xef, 0x04, 0xde, 0xff, 
	0xef, 0x08, 0xde, 0xff, 0xef, 0x08, 0xde, 0xff, 
	0xec, 0x09, 0xdb, 0xff, 0xe9, 0x0a, 0xd8, 0xff, 
	0xe7, 0x10, 0xd6, 0xff, 0xe7, 0x10, 0xd6, 0xff, 
	0xd9, 0x19, 0xcd, 0xff, 0xcb, 0x22, 0xc5, 0xff, 
	0xb5, 0x38, 0xad, 0xff, 0x9c, 0x41, 0xa7, 0xff, 
	0x83, 0x4b, 0xa1, 0xff, 0x6b, 0x55, 0x9c, 0xff, 
	0x5a, 0x4d, 0xa5, 0xff, 0x5a, 0x43, 0xb0, 0xff, 
	0x5a, 0x39, 0xbb, 0xff, 0x5a, 0x30, 0xc6, 0xff, 
	0x5d, 0x2f, 0xc5, 0xff, 0x5d, 0x2f, 0xc5, 0xff, 
	0x5d, 0x2f, 0xc5, 0xff, 0x5d, 0x2f, 0xc5, 0xff, 
	0x5d, 0x2f, 0xc5, 0xff, 0x5d, 0x2f, 0xc5, 0xff, 
	0x5d, 0x2f, 0xc5, 0xff, 0x5d, 0x2f, 0xc5, 0xff, 
	0x5d, 0x2f, 0xc5, 0xff, 0x5d, 0x2f, 0xc5, 0xff, 
	0x5d, 0x2f, 0xc5, 0xff, 0x5d, 0x2f, 0xc5, 0xff, 
	0x5d, 0x2f, 0xc5, 0xff, 0x5d, 0x2f, 0xc5, 0xff, 
	0x5d, 0x2f, 0xc5, 0xff, 0x5d, 0x2f, 0xc5, 0xff, 
	0x5a, 0x30, 0xc6, 0xff, 0x62, 0x3b, 0xbd, 0xff, 
	0x62, 0x3b, 0xbd, 0xff, 0x73, 0x51, 0xad, 0xff, 
	0x83, 0x71, 0x94, 0xff, 0x8b, 0x91, 0x83, 0xff, 
	0x94, 0xb2, 0x73, 0xff, 0x94, 0xb2, 0x73, 0xff, 
	0x7e, 0xc7, 0x80, 0xff, 0x70, 0xc7, 0x8e, 0xff, 
	0x63, 0xc7, 0x9c, 0xff, 0x63, 0xc7, 0x9c, 0xff, 
	0x5a, 0xc4, 0xa4, 0xff, 0x52, 0xc3, 0xad, 0xff, 
	0x52, 0xc3, 0xad, 0xff, 0x52, 0xc3, 0xad, 0xff, 
	0x63, 0xc3, 0x9c, 0xff, 0x70, 0xc1, 0x8e, 0xff, 
	0x7e, 0xbf, 0x80, 0xff, 0x8c, 0xbe, 0x73, 0xff, 
	0x91, 0xab, 0x70, 0xff, 0x8e, 0x9c, 0x75, 0xff, 
	0x8c, 0x8e, 0x7b, 0xff, 0x8c, 0x8e, 0x7b, 0xff, 
	0x84, 0x8a, 0x7b, 0xff, 0x84, 0x8a, 0x7b, 0xff, 
	0x84, 0x8a, 0x7b, 0xff, 0x81, 0x94, 0x73, 0xff, 
	0x7b, 0x9a, 0x6b, 0xff, 0x73, 0xa6, 0x60, 0xff, 
	0x73, 0xa6, 0x60, 0xff, 0x6b, 0xb2, 0x55, 0xff, 
	0x6b, 0xbe, 0x5a, 0xff, 0x6b, 0xbe, 0x5a, 0xff, 
	0x6b, 0xbe, 0x5a, 0xff, 0x6b, 0xbe, 0x5a, 0xff, 
	0x73, 0xbf, 0x65, 0xff, 0x73, 0xbf, 0x65, 0xff, 
	0x7b, 0xba, 0x73, 0xff, 0x7b, 0xba, 0x73, 0xff, 
	0x75, 0xb6, 0x83, 0xff, 0x75, 0xb6, 0x83, 0xff, 
	0x73, 0xb6, 0x8c, 0xff, 0x73, 0xb6, 0x8c, 0xff, 
	0x6a, 0xbf, 0x94, 0xff, 0x62, 0xc9, 0x9c, 0xff, 
	0x62, 0xc9, 0x9c, 0xff, 0x5a, 0xd3, 0xa5, 0xff, 
	0x52, 0xe0, 0xb2, 0xff, 0x52, 0xe0, 0xb2, 0xff, 
	0x4a, 0xeb, 0xbd, 0xff, 0x4a, 0xeb, 0xbd, 0xff, 
	0x4a, 0xeb, 0xbd, 0xff, 0x4a, 0xeb, 0xbd, 0xff, 
	0x4a, 0xeb, 0xbd, 0xff, 0x4a, 0xeb, 0xbd, 0xff, 
	0x52, 0xeb, 0xad, 0xff, 0x5a, 0xe1, 0x9f, 0xff, 
	0x5a, 0xe1, 0x9f, 0xff, 0x62, 0xd8, 0x91, 0xff, 
	0x6b, 0xdf, 0x7b, 0xff, 0x6b, 0xdf, 0x7b, 0xff, 
	0x73, 0xce, 0x75, 0xff, 0x73, 0xce, 0x75, 0xff, 
	0x8c, 0xc7, 0x63, 0xff, 0x8c, 0xc7, 0x63, 0xff, 
	0x8c, 0xc7, 0x63, 0xff, 0x8c, 0xc7, 0x63, 0xff, 
	0x9c, 0xae, 0x73, 0xff, 0x9c, 0xae, 0x73, 0xff, 
	0x9f, 0x94, 0x7e, 0xff, 0x9f, 0x94, 0x7e, 0xff, 
	0xa5, 0x61, 0x9c, 0xff, 0x9f, 0x5f, 0xaa, 0xff, 
	0x99, 0x5e, 0xb8, 0xff, 0x94, 0x5d, 0xc6, 0xff, 
	0x94, 0x55, 0xce, 0xff, 0x94, 0x55, 0xce, 0xff, 
	0x94, 0x55, 0xce, 0xff, 0x94, 0x55, 0xce, 0xff, 
	0x91, 0x53, 0xd8, 0xff, 0x91, 0x53, 0xd8, 0xff, 
	0x84, 0x4d, 0xde, 0xff, 0x84, 0x4d, 0xde, 0xff, 
	0x7b, 0x3b, 0xe1, 0xff, 0x73, 0x31, 0xe4, 0xff, 
	0x6b, 0x28, 0xe7, 0xff, 0x6b, 0x28, 0xe7, 0xff, 
	0x73, 0x18, 0xe7, 0xff, 0x73, 0x18, 0xe7, 0xff, 
	0x8b, 0x12, 0xe7, 0xff, 0xa4, 0x0d, 0xe7, 0xff, 
	0xbd, 0x08, 0xe7, 0xff, 0xcd, 0x06, 0xe4, 0xff, 
	0xde, 0x05, 0xe1, 0xff, 0xef, 0x04, 0xde, 0xff, 
	0xec, 0x09, 0xdb, 0xff, 0xef, 0x08, 0xde, 0xff, 
	0xec, 0x09, 0xdb, 0xff, 0xe9, 0x0a, 0xd8, 0xff, 
	0xe7, 0x10, 0xd6, 0xff, 0xe7, 0x10, 0xd6, 0xff, 
	0xd9, 0x19, 0xcd, 0xff, 0xcb, 0x22, 0xc5, 0xff, 
	0xb5, 0x38, 0xad, 0xff, 0x9c, 0x41, 0xa7, 0xff, 
	0x83, 0x4b, 0xa1, 0xff, 0x6b, 0x55, 0x9c, 0xff, 
	0x5a, 0x4d, 0xa5, 0xff, 0x5a, 0x43, 0xb0, 0xff, 
	0x5a, 0x39, 0xbb, 0xff, 0x5a, 0x30, 0xc6, 0xff, 
	0x5d, 0x2f, 0xc5, 0xff, 0x5d, 0x2f, 0xc5, 0xff, 
	0x5d, 0x2f, 0xc5, 0xff, 0x5d, 0x2f, 0xc5, 0xff, 
	0x5d, 0x2f, 0xc5, 0xff, 0x5d, 0x2f, 0xc5, 0xff, 
	0x5d, 0x2f, 0xc5, 0xff, 0x5d, 0x2f, 0xc5, 0xff, 
	0x5d, 0x2f, 0xc5, 0xff, 0x5d, 0x2f, 0xc5, 0xff, 
	0x5d, 0x2f, 0xc5, 0xff, 0x5d, 0x2f, 0xc5, 0xff, 
	0x5d, 0x2f, 0xc5, 0xff, 0x5d, 0x2f, 0xc5, 0xff, 
	0x5d, 0x2f, 0xc5, 0xff, 0x5d, 0x2f, 0xc5, 0xff, 
	0x63, 0x34, 0xbd, 0xff, 0x63, 0x34, 0xbd, 0xff, 
	0x6b, 0x47, 0xb2, 0xff, 0x73, 0x5a, 0xa7, 0xff, 
	0x8c, 0x8a, 0x84, 0xff, 0x83, 0x9d, 0x86, 0xff, 
	0x7b, 0xb0, 0x89, 0xff, 0x73, 0xc3, 0x8c, 0xff, 
	0x63, 0xc7, 0x9c, 0xff, 0x63, 0xc7, 0x9c, 0xff, 
	0x58, 0xc4, 0xa7, 0xff, 0x4d, 0xc1, 0xb2, 0xff, 
	0x49, 0xbb, 0xb0, 0xff, 0x49, 0xbb, 0xb0, 0xff, 
	0x49, 0xbb, 0xb0, 0xff, 0x52, 0xba, 0xa5, 0xff, 
	0x63, 0xba, 0x94, 0xff, 0x70, 0xaf, 0x8e, 0xff, 
	0x7e, 0xa4, 0x89, 0xff, 0x8c, 0x9a, 0x84, 0xff, 
	0x8c, 0x92, 0x7b, 0xff, 0x8c, 0x92, 0x7b, 0xff, 
	0x91, 0x81, 0x86, 0xff, 0x91, 0x81, 0x86, 0xff, 
	0x8c, 0x79, 0x86, 0xff, 0x8c, 0x79, 0x86, 0xff, 
	0x84, 0x86, 0x7b, 0xff, 0x84, 0x86, 0x7b, 0xff, 
	0x81, 0x92, 0x73, 0xff, 0x7e, 0x9e, 0x6b, 0xff, 
	0x7b, 0xaa, 0x63, 0xff, 0x7b, 0xaa, 0x63, 0xff, 
	0x73, 0xba, 0x63, 0xff, 0x73, 0xba, 0x63, 0xff, 
	0x73, 0xba, 0x63, 0xff, 0x73, 0xba, 0x63, 0xff, 
	0x84, 0xba, 0x73, 0xff, 0x84, 0xba, 0x73, 0xff, 
	0x84, 0xba, 0x73, 0xff, 0x84, 0xba, 0x73, 0xff, 
	0x7e, 0xa7, 0x86, 0xff, 0x7e, 0xa7, 0x86, 0xff, 
	0x73, 0xb2, 0x8c, 0xff, 0x73, 0xb2, 0x8c, 0xff, 
	0x6a, 0xaf, 0x97, 0xff, 0x62, 0xbd, 0xa2, 0xff, 
	0x5a, 0xcb, 0xad, 0xff, 0x5a, 0xcb, 0xad, 0xff, 
	0x4a, 0xdf, 0xbd, 0xff, 0x4a, 0xdf, 0xbd, 0xff, 
	0x4a, 0xdf, 0xbd, 0xff, 0x4a, 0xdf, 0xbd, 0xff, 
	0x42, 0xde, 0xc3, 0xff, 0x42, 0xde, 0xc3, 0xff, 
	0x42, 0xde, 0xc3, 0xff, 0x42, 0xde, 0xc3, 0xff, 
	0x52, 0xdd, 0x9c, 0xff, 0x52, 0xdd, 0x9c, 0xff, 
	0x52, 0xdd, 0x9c, 0xff, 0x52, 0xdd, 0x9c, 0xff, 
	0x6a, 0xd1, 0x6e, 0xff, 0x6a, 0xd1, 0x6e, 0xff, 
	0x73, 0xdb, 0x63, 0xff, 0x73, 0xdb, 0x63, 0xff, 
	0x84, 0xd3, 0x5a, 0xff, 0x84, 0xd3, 0x5a, 0xff, 
	0x89, 0xd0, 0x57, 0xff, 0x8e, 0xcd, 0x54, 0xff, 
	0x96, 0xba, 0x5f, 0xff, 0x96, 0xba, 0x5f, 0xff, 
	0x99, 0xae, 0x6d, 0xff, 0x9c, 0xa2, 0x7b, 0xff, 
	0x96, 0x90, 0x89, 0xff, 0x91, 0x7a, 0x9f, 0xff, 
	0x8c, 0x65, 0xb5, 0xff, 0x8c, 0x65, 0xb5, 0xff, 
	0x84, 0x55, 0xce, 0xff, 0x84, 0x55, 0xce, 0xff, 
	0x84, 0x55, 0xce, 0xff, 0x84, 0x55, 0xce, 0xff, 
	0x84, 0x4d, 0xde, 0xff, 0x84, 0x4d, 0xde, 0xff, 
	0x73, 0x42, 0xe1, 0xff, 0x73, 0x42, 0xe1, 0xff, 
	0x63, 0x34, 0xe7, 0xff, 0x63, 0x34, 0xe7, 0xff, 
	0x55, 0x2c, 0xe9, 0xff, 0x55, 0x2c, 0xe9, 0xff, 
	0x58, 0x19, 0xec, 0xff, 0x6e, 0x16, 0xe9, 0xff, 
	0x84, 0x14, 0xe7, 0xff, 0x84, 0x14, 0xe7, 0xff, 
	0xa7, 0x16, 0xe4, 0xff, 0xc2, 0x11, 0xe1, 0xff, 
	0xde, 0x0c, 0xde, 0xff, 0xde, 0x0c, 0xde, 0xff, 
	0xe9, 0x0d, 0xdb, 0xff, 0xec, 0x0a, 0xd8, 0xff, 
	0xec, 0x0a, 0xd8, 0xff, 0xec, 0x0a, 0xd8, 0xff, 
	0xe7, 0x10, 0xd6, 0xff, 0xe1, 0x15, 0xd0, 0xff, 
	0xdb, 0x1a, 0xcb, 0xff, 0xd6, 0x20, 0xc6, 0xff, 
	0xce, 0x28, 0xbd, 0xff, 0x96, 0x46, 0xa7, 0xff, 
	0x7b, 0x55, 0x9c, 0xff, 0x7b, 0x55, 0x9c, 0xff, 
	0x60, 0x4c, 0xa7, 0xff, 0x5d, 0x40, 0xb2, 0xff, 
	0x5d, 0x40, 0xb2, 0xff, 0x5a, 0x34, 0xbd, 0xff, 
	0x5d, 0x30, 0xc5, 0xff, 0x5d, 0x30, 0xc5, 0xff, 
	0x5d, 0x30, 0xc5, 0xff, 0x5d, 0x30, 0xc5, 0xff, 
	0x5d, 0x2f, 0xc5, 0xff, 0x5d, 0x2f, 0xc5, 0xff, 
	0x5d, 0x2f, 0xc5, 0xff, 0x5d, 0x2f, 0xc5, 0xff, 
	0x5d, 0x2f, 0xc5, 0xff, 0x5d, 0x2f, 0xc5, 0xff, 
	0x5d, 0x2f, 0xc5, 0xff, 0x5d, 0x2f, 0xc5, 0xff, 
	0x5d, 0x2f, 0xc5, 0xff, 0x5d, 0x2f, 0xc5, 0xff, 
	0x5d, 0x2f, 0xc5, 0xff, 0x5d, 0x2f, 0xc5, 0xff, 
	0x63, 0x34, 0xbd, 0xff, 0x63, 0x34, 0xbd, 0xff, 
	0x6b, 0x47, 0xb2, 0xff, 0x7b, 0x6d, 0x9c, 0xff, 
	0x8c, 0x8a, 0x84, 0xff, 0x83, 0x9d, 0x86, 0xff, 
	0x7b, 0xb0, 0x89, 0xff, 0x73, 0xc3, 0x8c, 0xff, 
	0x63, 0xc7, 0x9c, 0xff, 0x58, 0xc4, 0xa7, 0xff, 
	0x4d, 0xc1, 0xb2, 0xff, 0x4d, 0xc1, 0xb2, 0xff, 
	0x41, 0xbc, 0xbb, 0xff, 0x41, 0xbc, 0xbb, 0xff, 
	0x49, 0xbb, 0xb0, 0xff, 0x52, 0xba, 0xa5, 0xff, 
	0x63, 0xba, 0x94, 0xff, 0x70, 0xaf, 0x8e, 0xff, 
	0x7e, 0xa4, 0x89, 0xff, 0x8c, 0x9a, 0x84, 0xff, 
	0x8c, 0x92, 0x7b, 0xff, 0x91, 0x81, 0x86, 0xff, 
	0x91, 0x81, 0x86, 0xff, 0x96, 0x71, 0x91, 0xff, 
	0x94, 0x6d, 0x91, 0xff, 0x8c, 0x79, 0x86, 0xff, 
	0x8c, 0x79, 0x86, 0xff, 0x84, 0x86, 0x7b, 0xff, 
	0x81, 0x92, 0x73, 0xff, 0x7e, 0x9e, 0x6b, 0xff, 
	0x7e, 0x9e, 0x6b, 0xff, 0x7b, 0xaa, 0x63, 0xff, 
	0x80, 0xb6, 0x63, 0xff, 0x80, 0xb6, 0x63, 0xff, 
	0x80, 0xb6, 0x63, 0xff, 0x80, 0xb6, 0x63, 0xff, 
	0x84, 0xba, 0x73, 0xff, 0x8f, 0xaf, 0x70, 0xff, 
	0x8f, 0xaf, 0x70, 0xff, 0x8f, 0xaf, 0x70, 0xff, 
	0x7e, 0xa7, 0x86, 0xff, 0x7e, 0xa7, 0x86, 0xff, 
	0x7e, 0xa7, 0x86, 0xff, 0x73, 0xb2, 0x8c, 0xff, 
	0x6a, 0xaf, 0x97, 0xff, 0x62, 0xbd, 0xa2, 0xff, 
	0x62, 0xbd, 0xa2, 0xff, 0x5a, 0xcb, 0xad, 0xff, 
	0x4a, 0xc8, 0xba, 0xff, 0x4a, 0xdf, 0xbd, 0xff, 
	0x4a, 0xdf, 0xbd, 0xff, 0x4a, 0xdf, 0xbd, 0xff, 
	0x42, 0xde, 0xc3, 0xff, 0x42, 0xde, 0xc3, 0xff, 
	0x42, 0xde, 0xc3, 0xff, 0x42, 0xde, 0xc3, 0xff, 
	0x52, 0xdd, 0x9c, 0xff, 0x52, 0xdd, 0x9c, 0xff, 
	0x52, 0xdd, 0x9c, 0xff, 0x52, 0xdd, 0x9c, 0xff, 
	0x6a, 0xd1, 0x6e, 0xff, 0x6a, 0xd1, 0x6e, 0xff, 
	0x73, 0xdb, 0x63, 0xff, 0x73, 0xdb, 0x63, 0xff, 
	0x84, 0xd3, 0x5a, 0xff, 0x84, 0xd3, 0x5a, 0xff, 
	0x89, 0xd0, 0x57, 0xff, 0x8e, 0xcd, 0x54, 0xff, 
	0x94, 0xc7, 0x52, 0xff, 0x96, 0xba, 0x5f, 0xff, 
	0x96, 0xba, 0x5f, 0xff, 0x99, 0xae, 0x6d, 0xff, 
	0x9c, 0xa6, 0x73, 0xff, 0x96, 0x90, 0x89, 0xff, 
	0x91, 0x7a, 0x9f, 0xff, 0x8c, 0x65, 0xb5, 0xff, 
	0x84, 0x55, 0xce, 0xff, 0x76, 0x4a, 0xd3, 0xff, 
	0x76, 0x4a, 0xd3, 0xff, 0x76, 0x4a, 0xd3, 0xff, 
	0x73, 0x42, 0xe1, 0xff, 0x73, 0x42, 0xe1, 0xff, 
	0x73, 0x42, 0xe1, 0xff, 0x62, 0x37, 0xe4, 0xff, 
	0x63, 0x34, 0xe7, 0xff, 0x55, 0x2c, 0xe9, 0xff, 
	0x55, 0x2c, 0xe9, 0xff, 0x47, 0x24, 0xec, 0xff, 
	0x58, 0x19, 0xec, 0xff, 0x58, 0x19, 0xec, 0xff, 
	0x6e, 0x16, 0xe9, 0xff, 0x84, 0x14, 0xe7, 0xff, 
	0xa7, 0x16, 0xe4, 0xff, 0xc2, 0x11, 0xe1, 0xff, 
	0xc2, 0x11, 0xe1, 0xff, 0xde, 0x0c, 0xde, 0xff, 
	0xe9, 0x0d, 0xdb, 0xff, 0xec, 0x0a, 0xd8, 0xff, 
	0xec, 0x0a, 0xd8, 0xff, 0xec, 0x0a, 0xd8, 0xff, 
	0xe7, 0x10, 0xd6, 0xff, 0xe7, 0x10, 0xd6, 0xff, 
	0xe1, 0x15, 0xd0, 0xff, 0xd6, 0x20, 0xc6, 0xff, 
	0xce, 0x28, 0xbd, 0xff, 0xb2, 0x37, 0xb2, 0xff, 
	0x96, 0x46, 0xa7, 0xff, 0x7b, 0x55, 0x9c, 0xff, 
	0x63, 0x59, 0x9c, 0xff, 0x60, 0x4c, 0xa7, 0xff, 
	0x5d, 0x40, 0xb2, 0xff, 0x5a, 0x34, 0xbd, 0xff, 
	0x5d, 0x30, 0xc5, 0xff, 0x5d, 0x30, 0xc5, 0xff, 
	0x5d, 0x30, 0xc5, 0xff, 0x5d, 0x30, 0xc5, 0xff, 
	0x5d, 0x2f, 0xc5, 0xff, 0x5d, 0x2f, 0xc5, 0xff, 
	0x5d, 0x2f, 0xc5, 0xff, 0x5d, 0x2f, 0xc5, 0xff, 
	0x5d, 0x2f, 0xc5, 0xff, 0x5d, 0x2f, 0xc5, 0xff, 
	0x5d, 0x2f, 0xc5, 0xff, 0x5d, 0x2f, 0xc5, 0xff, 
	0x5d, 0x2f, 0xc5, 0xff, 0x5d, 0x2f, 0xc5, 0xff, 
	0x5d, 0x2f, 0xc5, 0xff, 0x5d, 0x2f, 0xc5, 0xff, 
	0x63, 0x34, 0xbd, 0xff, 0x63, 0x34, 0xbd, 0xff, 
	0x6b, 0x47, 0xb2, 0xff, 0x7b, 0x6d, 0x9c, 0xff, 
	0x8c, 0x8a, 0x84, 0xff, 0x7b, 0xb0, 0x89, 0xff, 
	0x73, 0xc3, 0x8c, 0xff, 0x73, 0xc3, 0x8c, 0xff, 
	0x58, 0xc4, 0xa7, 0xff, 0x4d, 0xc1, 0xb2, 0xff, 
	0x42, 0xbe, 0xbd, 0xff, 0x42, 0xbe, 0xbd, 0xff, 
	0x41, 0xbc, 0xbb, 0xff, 0x41, 0xbc, 0xbb, 0xff, 
	0x49, 0xbb, 0xb0, 0xff, 0x52, 0xba, 0xa5, 0xff, 
	0x63, 0xba, 0x94, 0xff, 0x70, 0xaf, 0x8e, 0xff, 
	0x7e, 0xa4, 0x89, 0xff, 0x8c, 0x9a, 0x84, 0xff, 
	0x91, 0x81, 0x86, 0xff, 0x96, 0x71, 0x91, 0xff, 
	0x96, 0x71, 0x91, 0xff, 0x96, 0x71, 0x91, 0xff, 
	0x94, 0x6d, 0x91, 0xff, 0x94, 0x6d, 0x91, 0xff, 
	0x8c, 0x79, 0x86, 0xff, 0x8c, 0x79, 0x86, 0xff, 
	0x84, 0x86, 0x7b, 0xff, 0x81, 0x92, 0x73, 0xff, 
	0x7e, 0x9e, 0x6b, 0xff, 0x7b, 0xaa, 0x63, 0xff, 
	0x80, 0xb6, 0x63, 0xff, 0x80, 0xb6, 0x63, 0xff, 
	0x8e, 0xb2, 0x63, 0xff, 0x8e, 0xb2, 0x63, 0xff, 
	0x8f, 0xaf, 0x70, 0xff, 0x9a, 0xa4, 0x6d, 0xff, 
	0x9a, 0xa4, 0x6d, 0xff, 0x9a, 0xa4, 0x6d, 0xff, 
	0x89, 0x9c, 0x80, 0xff, 0x89, 0x9c, 0x80, 0xff, 
	0x7e, 0xa7, 0x86, 0xff, 0x7e, 0xa7, 0x86, 0xff, 
	0x6a, 0xaf, 0x97, 0xff, 0x6a, 0xaf, 0x97, 0xff, 
	0x62, 0xbd, 0xa2, 0xff, 0x5a, 0xcb, 0xad, 0xff, 
	0x4a, 0xc8, 0xba, 0xff, 0x4a, 0xc8, 0xba, 0xff, 
	0x4a, 0xc8, 0xba, 0xff, 0x4a, 0xc8, 0xba, 0xff, 
	0x42, 0xc2, 0xc0, 0xff, 0x42, 0xc2, 0xc0, 0xff, 
	0x42, 0xc2, 0xc0, 0xff, 0x42, 0xc2, 0xc0, 0xff, 
	0x52, 0xc3, 0x9c, 0xff, 0x52, 0xc3, 0x9c, 0xff, 
	0x52, 0xc3, 0x9c, 0xff, 0x52, 0xc3, 0x9c, 0xff, 
	0x62, 0xc7, 0x79, 0xff, 0x6a, 0xd1, 0x6e, 0xff, 
	0x73, 0xdb, 0x63, 0xff, 0x73, 0xdb, 0x63, 0xff, 
	0x84, 0xd3, 0x5a, 0xff, 0x89, 0xd0, 0x57, 0xff, 
	0x8e, 0xcd, 0x54, 0xff, 0x8e, 0xcd, 0x54, 0xff, 
	0x94, 0xc7, 0x52, 0xff, 0x94, 0xc7, 0x52, 0xff, 
	0x96, 0xba, 0x5f, 0xff, 0x96, 0xba, 0x5f, 0xff, 
	0x9c, 0xa6, 0x73, 0xff, 0x96, 0x90, 0x89, 0xff, 
	0x91, 0x7a, 0x9f, 0xff, 0x8c, 0x65, 0xb5, 0xff, 
	0x84, 0x55, 0xce, 0xff, 0x76, 0x4a, 0xd3, 0xff, 
	0x68, 0x3f, 0xd8, 0xff, 0x68, 0x3f, 0xd8, 0xff, 
	0x62, 0x37, 0xe4, 0xff, 0x62, 0x37, 0xe4, 0xff, 
	0x62, 0x37, 0xe4, 0xff, 0x52, 0x2c, 0xe7, 0xff, 
	0x55, 0x2c, 0xe9, 0xff, 0x47, 0x24, 0xec, 0xff, 
	0x47, 0x24, 0xec, 0xff, 0x47, 0x24, 0xec, 0xff, 
	0x42, 0x1c, 0xef, 0xff, 0x58, 0x19, 0xec, 0xff, 
	0x58, 0x19, 0xec, 0xff, 0x6e, 0x16, 0xe9, 0xff, 
	0x8c, 0x1c, 0xe7, 0xff, 0xa7, 0x16, 0xe4, 0xff, 
	0xc2, 0x11, 0xe1, 0xff, 0xde, 0x0c, 0xde, 0xff, 
	0xe7, 0x10, 0xde, 0xff, 0xe9, 0x0d, 0xdb, 0xff, 
	0xec, 0x0a, 0xd8, 0xff, 0xe9, 0x0d, 0xdb, 0xff, 
	0xe7, 0x10, 0xd6, 0xff, 0xe7, 0x10, 0xd6, 0xff, 
	0xe1, 0x15, 0xd0, 0xff, 0xdb, 0x1a, 0xcb, 0xff, 
	0xce, 0x28, 0xbd, 0xff, 0xb2, 0x37, 0xb2, 0xff, 
	0x96, 0x46, 0xa7, 0xff, 0x7b, 0x55, 0x9c, 0xff, 
	0x63, 0x59, 0x9c, 0xff, 0x60, 0x4c, 0xa7, 0xff, 
	0x5d, 0x40, 0xb2, 0xff, 0x5a, 0x34, 0xbd, 0xff, 
	0x5d, 0x30, 0xc5, 0xff, 0x5d, 0x30, 0xc5, 0xff, 
	0x5d, 0x30, 0xc5, 0xff, 0x5d, 0x30, 0xc5, 0xff, 
	0x5d, 0x2f, 0xc5, 0xff, 0x5d, 0x2f, 0xc5, 0xff, 
	0x5d, 0x2f, 0xc5, 0xff, 0x5d, 0x2f, 0xc5, 0xff, 
	0x5d, 0x2f, 0xc5, 0xff, 0x5d, 0x2f, 0xc5, 0xff, 
	0x5d, 0x2f, 0xc5, 0xff, 0x5d, 0x2f, 0xc5, 0xff, 
	0x5d, 0x2f, 0xc5, 0xff, 0x5d, 0x2f, 0xc5, 0xff, 
	0x5d, 0x2f, 0xc5, 0xff, 0x5d, 0x2f, 0xc5, 0xff, 
	0x63, 0x34, 0xbd, 0xff, 0x6b, 0x47, 0xb2, 0xff, 
	0x73, 0x5a, 0xa7, 0xff, 0x7b, 0x6d, 0x9c, 0xff, 
	0x83, 0x9d, 0x86, 0xff, 0x7b, 0xb0, 0x89, 0xff, 
	0x73, 0xc3, 0x8c, 0xff, 0x73, 0xc3, 0x8c, 0xff, 
	0x4d, 0xc1, 0xb2, 0xff, 0x42, 0xbe, 0xbd, 0xff, 
	0x42, 0xbe, 0xbd, 0xff, 0x42, 0xbe, 0xbd, 0xff, 
	0x41, 0xbc, 0xbb, 0xff, 0x41, 0xbc, 0xbb, 0xff, 
	0x49, 0xbb, 0xb0, 0xff, 0x52, 0xba, 0xa5, 0xff, 
	0x63, 0xba, 0x94, 0xff, 0x7e, 0xa4, 0x89, 0xff, 
	0x8c, 0x9a, 0x84, 0xff, 0x8c, 0x9a, 0x84, 0xff, 
	0x96, 0x71, 0x91, 0xff, 0x96, 0x71, 0x91, 0xff, 
	0x9c, 0x61, 0x9c, 0xff, 0x9c, 0x61, 0x9c, 0xff, 
	0x9c, 0x61, 0x9c, 0xff, 0x9c, 0x61, 0x9c, 0xff, 
	0x94, 0x6d, 0x91, 0xff, 0x8c, 0x79, 0x86, 0xff, 
	0x84, 0x86, 0x7b, 0xff, 0x81, 0x92, 0x73, 0xff, 
	0x7e, 0x9e, 0x6b, 0xff, 0x7e, 0x9e, 0x6b, 0xff, 
	0x8e, 0xb2, 0x63, 0xff, 0x8e, 0xb2, 0x63, 0xff, 
	0x9c, 0xae, 0x63, 0xff, 0x9c, 0xae, 0x63, 0xff, 
	0x9a, 0xa4, 0x6d, 0xff, 0xa5, 0x9a, 0x6b, 0xff, 
	0xa5, 0x9a, 0x6b, 0xff, 0xa5, 0x9a, 0x6b, 0xff, 
	0x94, 0x92, 0x7b, 0xff, 0x94, 0x92, 0x7b, 0xff, 
	0x89, 0x9c, 0x80, 0xff, 0x89, 0x9c, 0x80, 0xff, 
	0x73, 0xa2, 0x8c, 0xff, 0x73, 0xa2, 0x8c, 0xff, 
	0x6a, 0xaf, 0x97, 0xff, 0x62, 0xbd, 0xa2, 0xff, 
	0x4a, 0xb1, 0xb7, 0xff, 0x4a, 0xb1, 0xb7, 0xff, 
	0x4a, 0xb1, 0xb7, 0xff, 0x4a, 0xb1, 0xb7, 0xff, 
	0x42, 0xa6, 0xbd, 0xff, 0x42, 0xa6, 0xbd, 0xff, 
	0x42, 0xa6, 0xbd, 0xff, 0x42, 0xa6, 0xbd, 0xff, 
	0x52, 0xaa, 0x9c, 0xff, 0x52, 0xaa, 0x9c, 0xff, 
	0x52, 0xaa, 0x9c, 0xff, 0x52, 0xaa, 0x9c, 0xff, 
	0x5a, 0xbe, 0x84, 0xff, 0x62, 0xc7, 0x79, 0xff, 
	0x6a, 0xd1, 0x6e, 0xff, 0x73, 0xdb, 0x63, 0xff, 
	0x84, 0xd3, 0x5a, 0xff, 0x89, 0xd0, 0x57, 0xff, 
	0x8e, 0xcd, 0x54, 0xff, 0x94, 0xcb, 0x52, 0xff, 
	0x94, 0xc7, 0x52, 0xff, 0x94, 0xc7, 0x52, 0xff, 
	0x94, 0xc7, 0x52, 0xff, 0x96, 0xba, 0x5f, 0xff, 
	0x9c, 0xa6, 0x73, 0xff, 0x9c, 0xa6, 0x73, 0xff, 
	0x96, 0x90, 0x89, 0xff, 0x91, 0x7a, 0x9f, 0xff, 
	0x84, 0x55, 0xce, 0xff, 0x76, 0x4a, 0xd3, 0xff, 
	0x68, 0x3f, 0xd8, 0xff, 0x5a, 0x34, 0xde, 0xff, 
	0x52, 0x2c, 0xe7, 0xff, 0x52, 0x2c, 0xe7, 0xff, 
	0x52, 0x2c, 0xe7, 0xff, 0x52, 0x2c, 0xe7, 0xff, 
	0x47, 0x24, 0xec, 0xff, 0x47, 0x24, 0xec, 0xff, 
	0x39, 0x1c, 0xef, 0xff, 0x39, 0x1c, 0xef, 0xff, 
	0x42, 0x1c, 0xef, 0xff, 0x42, 0x1c, 0xef, 0xff, 
	0x58, 0x19, 0xec, 0xff, 0x6e, 0x16, 0xe9, 0xff, 
	0x8c, 0x1c, 0xe7, 0xff, 0xa7, 0x16, 0xe4, 0xff, 
	0xc2, 0x11, 0xe1, 0xff, 0xde, 0x0c, 0xde, 0xff, 
	0xe7, 0x10, 0xde, 0xff, 0xe9, 0x0d, 0xdb, 0xff, 
	0xe9, 0x0d, 0xdb, 0xff, 0xe9, 0x0d, 0xdb, 0xff, 
	0xe7, 0x10, 0xd6, 0xff, 0xe7, 0x10, 0xd6, 0xff, 
	0xe1, 0x15, 0xd0, 0xff, 0xdb, 0x1a, 0xcb, 0xff, 
	0xce, 0x28, 0xbd, 0xff, 0xb2, 0x37, 0xb2, 0xff, 
	0x96, 0x46, 0xa7, 0xff, 0x7b, 0x55, 0x9c, 0xff, 
	0x63, 0x59, 0x9c, 0xff, 0x60, 0x4c, 0xa7, 0xff, 
	0x5d, 0x40, 0xb2, 0xff, 0x5a, 0x34, 0xbd, 0xff, 
	0x5d, 0x30, 0xc5, 0xff, 0x5d, 0x30, 0xc5, 0xff, 
	0x5d, 0x30, 0xc5, 0xff, 0x5d, 0x30, 0xc5, 0xff, 
	0x5d, 0x2f, 0xc5, 0xff, 0x5d, 0x2f, 0xc5, 0xff, 
	0x5d, 0x2f, 0xc5, 0xff, 0x5d, 0x2f, 0xc5, 0xff, 
	0x5d, 0x2f, 0xc5, 0xff, 0x5d, 0x2f, 0xc5, 0xff, 
	0x5d, 0x2f, 0xc5, 0xff, 0x5d, 0x2f, 0xc5, 0xff, 
	0x5d, 0x30, 0xc5, 0xff, 0x5d, 0x30, 0xc5, 0xff, 
	0x5d, 0x30, 0xc5, 0xff, 0x5d, 0x30, 0xc5, 0xff, 
	0x63, 0x38, 0xbd, 0xff, 0x6b, 0x50, 0xb2, 0xff, 
	0x73, 0x69, 0xa7, 0xff, 0x7b, 0x82, 0x9c, 0xff, 
	0x7b, 0xaa, 0x8c, 0xff, 0x7b, 0xaa, 0x8c, 0xff, 
	0x6a, 0xb0, 0x99, 0xff, 0x5a, 0xb7, 0xa7, 0xff, 
	0x42, 0xbe, 0xbd, 0xff, 0x3c, 0xbb, 0xc2, 0xff, 
	0x3c, 0xbb, 0xc2, 0xff, 0x36, 0xb8, 0xc8, 0xff, 
	0x39, 0xba, 0xc6, 0xff, 0x47, 0xb6, 0xb8, 0xff, 
	0x55, 0xb2, 0xaa, 0xff, 0x63, 0xae, 0x9c, 0xff, 
	0x73, 0xa2, 0x94, 0xff, 0x73, 0xa2, 0x94, 0xff, 
	0x80, 0x8f, 0x96, 0xff, 0x8e, 0x7c, 0x99, 0xff, 
	0x9c, 0x65, 0x9c, 0xff, 0x9c, 0x65, 0x9c, 0xff, 
	0xa4, 0x59, 0xa7, 0xff, 0xa4, 0x59, 0xa7, 0xff, 
	0xa4, 0x56, 0xa7, 0xff, 0x9c, 0x63, 0x99, 0xff, 
	0x9c, 0x63, 0x99, 0xff, 0x94, 0x71, 0x8c, 0xff, 
	0x94, 0x7e, 0x81, 0xff, 0x94, 0x88, 0x76, 0xff, 
	0x94, 0x92, 0x6b, 0xff, 0x94, 0x92, 0x6b, 0xff, 
	0x9c, 0xa6, 0x63, 0xff, 0x9c, 0xa6, 0x63, 0xff, 
	0x9c, 0xa6, 0x63, 0xff, 0xa7, 0x95, 0x5a, 0xff, 
	0xad, 0x8a, 0x63, 0xff, 0xad, 0x8a, 0x63, 0xff, 
	0xad, 0x8a, 0x63, 0xff, 0xad, 0x8a, 0x63, 0xff, 
	0x99, 0x79, 0x6d, 0xff, 0x99, 0x79, 0x6d, 0xff, 
	0x8c, 0x8a, 0x7b, 0xff, 0x8c, 0x8a, 0x7b, 0xff, 
	0x6b, 0x92, 0x8c, 0xff, 0x6b, 0x92, 0x8c, 0xff, 
	0x6b, 0x92, 0x8c, 0xff, 0x6b, 0x92, 0x8c, 0xff, 
	0x4a, 0x92, 0xb5, 0xff, 0x4a, 0x92, 0xb5, 0xff, 
	0x4a, 0x92, 0xb5, 0xff, 0x4a, 0x92, 0xb5, 0xff, 
	0x4a, 0x82, 0xbd, 0xff, 0x4a, 0x82, 0xbd, 0xff, 
	0x4a, 0x82, 0xbd, 0xff, 0x4a, 0x82, 0xbd, 0xff, 
	0x52, 0x86, 0xa5, 0xff, 0x52, 0x86, 0xa5, 0xff, 
	0x52, 0x86, 0xa5, 0xff, 0x52, 0x86, 0xa5, 0xff, 
	0x68, 0x8d, 0x7e, 0xff, 0x6b, 0xaa, 0x6b, 0xff, 
	0x6b, 0xaa, 0x6b, 0xff, 0x6b, 0xaa, 0x6b, 0xff, 
	0x8c, 0xc3, 0x52, 0xff, 0x8c, 0xc3, 0x52, 0xff, 
	0x8c, 0xc3, 0x52, 0xff, 0x8c, 0xc3, 0x52, 0xff, 
	0x94, 0xc3, 0x4a, 0xff, 0x94, 0xc3, 0x4a, 0xff, 
	0x99, 0xbe, 0x4c, 0xff, 0x9f, 0xba, 0x4f, 0xff, 
	0xa5, 0xae, 0x63, 0xff, 0x9f, 0x9f, 0x73, 0xff, 
	0x99, 0x90, 0x83, 0xff, 0x94, 0x82, 0x94, 0xff, 
	0x78, 0x62, 0xaf, 0xff, 0x65, 0x4b, 0xc2, 0xff, 
	0x52, 0x34, 0xd6, 0xff, 0x52, 0x34, 0xd6, 0xff, 
	0x4a, 0x2c, 0xde, 0xff, 0x3c, 0x24, 0xe3, 0xff, 
	0x3c, 0x24, 0xe3, 0xff, 0x3c, 0x24, 0xe3, 0xff, 
	0x31, 0x1c, 0xef, 0xff, 0x31, 0x1c, 0xef, 0xff, 
	0x31, 0x1c, 0xef, 0xff, 0x31, 0x1c, 0xef, 0xff, 
	0x31, 0x1d, 0xef, 0xff, 0x31, 0x1d, 0xef, 0xff, 
	0x41, 0x22, 0xef, 0xff, 0x52, 0x28, 0xef, 0xff, 
	0x81, 0x2c, 0xe4, 0xff, 0x9f, 0x28, 0xe1, 0xff, 
	0xbd, 0x24, 0xde, 0xff, 0xbd, 0x24, 0xde, 0xff, 
	0xdb, 0x19, 0xdb, 0xff, 0xe9, 0x12, 0xd8, 0xff, 
	0xe9, 0x12, 0xd8, 0xff, 0xe9, 0x12, 0xd8, 0xff, 
	0xe9, 0x10, 0xd3, 0xff, 0xe9, 0x10, 0xd3, 0xff, 
	0xe3, 0x14, 0xd0, 0xff, 0xde, 0x18, 0xce, 0xff, 
	0xde, 0x20, 0xc6, 0xff, 0xc5, 0x30, 0xb8, 0xff, 
	0xac, 0x40, 0xaa, 0xff, 0x94, 0x51, 0x9c, 0xff, 
	0x73, 0x5d, 0x94, 0xff, 0x6a, 0x52, 0x9f, 0xff, 
	0x62, 0x47, 0xaa, 0xff, 0x5a, 0x3c, 0xb5, 0xff, 
	0x5a, 0x32, 0xc0, 0xff, 0x5a, 0x31, 0xc3, 0xff, 
	0x5a, 0x30, 0xc6, 0xff, 0x5a, 0x30, 0xc6, 0xff, 
	0x5d, 0x2f, 0xc5, 0xff, 0x5d, 0x2f, 0xc5, 0xff, 
	0x5d, 0x2f, 0xc5, 0xff, 0x5d, 0x2f, 0xc5, 0xff, 
	0x5d, 0x2f, 0xc5, 0xff, 0x5d, 0x2f, 0xc5, 0xff, 
	0x5d, 0x2f, 0xc5, 0xff, 0x5d, 0x2f, 0xc5, 0xff, 
	0x5d, 0x30, 0xc5, 0xff, 0x5d, 0x30, 0xc5, 0xff, 
	0x5d, 0x30, 0xc5, 0xff, 0x5d, 0x30, 0xc5, 0xff, 
	0x63, 0x38, 0xbd, 0xff, 0x6b, 0x50, 0xb2, 0xff, 
	0x73, 0x69, 0xa7, 0xff, 0x7b, 0x82, 0x9c, 0xff, 
	0x7b, 0xaa, 0x8c, 0xff, 0x6a, 0xb0, 0x99, 0xff, 
	0x5a, 0xb7, 0xa7, 0xff, 0x4a, 0xbe, 0xb5, 0xff, 
	0x3c, 0xbb, 0xc2, 0xff, 0x3c, 0xbb, 0xc2, 0xff, 
	0x36, 0xb8, 0xc8, 0xff, 0x36, 0xb8, 0xc8, 0xff, 
	0x39, 0xba, 0xc6, 0xff, 0x47, 0xb6, 0xb8, 0xff, 
	0x55, 0xb2, 0xaa, 0xff, 0x63, 0xae, 0x9c, 0xff, 
	0x73, 0xa2, 0x94, 0xff, 0x80, 0x8f, 0x96, 0xff, 
	0x8e, 0x7c, 0x99, 0xff, 0x9c, 0x69, 0x9c, 0xff, 
	0x9c, 0x65, 0x9c, 0xff, 0xa4, 0x59, 0xa7, 0xff, 
	0xac, 0x4d, 0xb2, 0xff, 0xac, 0x4d, 0xb2, 0xff, 
	0xa4, 0x56, 0xa7, 0xff, 0xa4, 0x56, 0xa7, 0xff, 
	0x9c, 0x63, 0x99, 0xff, 0x94, 0x71, 0x8c, 0xff, 
	0x94, 0x7e, 0x81, 0xff, 0x94, 0x88, 0x76, 0xff, 
	0x94, 0x92, 0x6b, 0xff, 0x94, 0x92, 0x6b, 0xff, 
	0x9c, 0xa6, 0x63, 0xff, 0xa7, 0x95, 0x5a, 0xff, 
	0xa7, 0x95, 0x5a, 0xff, 0xb2, 0x85, 0x52, 0xff, 
	0xb5, 0x7b, 0x58, 0xff, 0xb5, 0x7b, 0x58, 0xff, 
	0xb5, 0x7b, 0x58, 0xff, 0xb5, 0x7b, 0x58, 0xff, 
	0xa7, 0x69, 0x5f, 0xff, 0xa7, 0x69, 0x5f, 0xff, 
	0x99, 0x79, 0x6d, 0xff, 0x99, 0x79, 0x6d, 0xff, 
	0x6b, 0x7c, 0x8e, 0xff, 0x6b, 0x7c, 0x8e, 0xff, 
	0x6b, 0x7c, 0x8e, 0xff, 0x6b, 0x7c, 0x8e, 0xff, 
	0x4f, 0x77, 0xb7, 0xff, 0x4f, 0x77, 0xb7, 0xff, 
	0x4f, 0x77, 0xb7, 0xff, 0x4f, 0x77, 0xb7, 0xff, 
	0x4f, 0x68, 0xc0, 0xff, 0x4f, 0x68, 0xc0, 0xff, 
	0x4f, 0x68, 0xc0, 0xff, 0x4f, 0x68, 0xc0, 0xff, 
	0x54, 0x6c, 0xad, 0xff, 0x54, 0x6c, 0xad, 0xff, 
	0x54, 0x6c, 0xad, 0xff, 0x54, 0x6c, 0xad, 0xff, 
	0x65, 0x71, 0x91, 0xff, 0x68, 0x8d, 0x7e, 0xff, 
	0x68, 0x8d, 0x7e, 0xff, 0x6b, 0xaa, 0x6b, 0xff, 
	0x83, 0xaa, 0x62, 0xff, 0x83, 0xaa, 0x62, 0xff, 
	0x8c, 0xc3, 0x52, 0xff, 0x8c, 0xc3, 0x52, 0xff, 
	0x94, 0xc3, 0x4a, 0xff, 0x99, 0xbe, 0x4c, 0xff, 
	0x9f, 0xba, 0x4f, 0xff, 0xa5, 0xb6, 0x52, 0xff, 
	0xa5, 0xae, 0x63, 0xff, 0xa5, 0xae, 0x63, 0xff, 
	0x9f, 0x9f, 0x73, 0xff, 0x94, 0x82, 0x94, 0xff, 
	0x8c, 0x79, 0x9c, 0xff, 0x78, 0x62, 0xaf, 0xff, 
	0x65, 0x4b, 0xc2, 0xff, 0x52, 0x34, 0xd6, 0xff, 
	0x3c, 0x24, 0xe3, 0xff, 0x3c, 0x24, 0xe3, 0xff, 
	0x2e, 0x1c, 0xe9, 0xff, 0x2e, 0x1c, 0xe9, 0xff, 
	0x28, 0x18, 0xf1, 0xff, 0x28, 0x18, 0xf1, 0xff, 
	0x28, 0x18, 0xf1, 0xff, 0x28, 0x18, 0xf1, 0xff, 
	0x21, 0x18, 0xef, 0xff, 0x31, 0x1d, 0xef, 0xff, 
	0x41, 0x22, 0xef, 0xff, 0x52, 0x28, 0xef, 0xff, 
	0x63, 0x30, 0xe7, 0xff, 0x81, 0x2c, 0xe4, 0xff, 
	0x9f, 0x28, 0xe1, 0xff, 0xbd, 0x24, 0xde, 0xff, 
	0xdb, 0x19, 0xdb, 0xff, 0xe9, 0x12, 0xd8, 0xff, 
	0xe9, 0x12, 0xd8, 0xff, 0xe9, 0x12, 0xd8, 0xff, 
	0xe9, 0x10, 0xd3, 0xff, 0xe9, 0x10, 0xd3, 0xff, 
	0xe9, 0x10, 0xd3, 0xff, 0xde, 0x18, 0xce, 0xff, 
	0xde, 0x20, 0xc6, 0xff, 0xc5, 0x30, 0xb8, 0xff, 
	0xac, 0x40, 0xaa, 0xff, 0x94, 0x51, 0x9c, 0xff, 
	0x73, 0x5d, 0x94, 0xff, 0x6a, 0x52, 0x9f, 0xff, 
	0x62, 0x47, 0xaa, 0xff, 0x5a, 0x3c, 0xb5, 0xff, 
	0x5a, 0x32, 0xc0, 0xff, 0x5a, 0x31, 0xc3, 0xff, 
	0x5a, 0x30, 0xc6, 0xff, 0x5a, 0x30, 0xc6, 0xff, 
	0x5d, 0x2f, 0xc5, 0xff, 0x5d, 0x2f, 0xc5, 0xff, 
	0x5d, 0x2f, 0xc5, 0xff, 0x5d, 0x2f, 0xc5, 0xff, 
	0x5d, 0x2f, 0xc5, 0xff, 0x5d, 0x2f, 0xc5, 0xff, 
	0x5d, 0x2f, 0xc5, 0xff, 0x5d, 0x2f, 0xc5, 0xff, 
	0x5d, 0x30, 0xc5, 0xff, 0x5d, 0x30, 0xc5, 0xff, 
	0x5d, 0x30, 0xc5, 0xff, 0x5d, 0x30, 0xc5, 0xff, 
	0x63, 0x38, 0xbd, 0xff, 0x6b, 0x50, 0xb2, 0xff, 
	0x73, 0x69, 0xa7, 0xff, 0x7b, 0x82, 0x9c, 0xff, 
	0x7b, 0xaa, 0x8c, 0xff, 0x6a, 0xb0, 0x99, 0xff, 
	0x5a, 0xb7, 0xa7, 0xff, 0x4a, 0xbe, 0xb5, 0xff, 
	0x36, 0xb8, 0xc8, 0xff, 0x36, 0xb8, 0xc8, 0xff, 
	0x36, 0xb8, 0xc8, 0xff, 0x31, 0xb6, 0xce, 0xff, 
	0x39, 0xba, 0xc6, 0xff, 0x47, 0xb6, 0xb8, 0xff, 
	0x55, 0xb2, 0xaa, 0xff, 0x63, 0xae, 0x9c, 0xff, 
	0x73, 0xa2, 0x94, 0xff, 0x80, 0x8f, 0x96, 0xff, 
	0x8e, 0x7c, 0x99, 0xff, 0x9c, 0x69, 0x9c, 0xff, 
	0xa4, 0x59, 0xa7, 0xff, 0xac, 0x4d, 0xb2, 0xff, 
	0xac, 0x4d, 0xb2, 0xff, 0xac, 0x4d, 0xb2, 0xff, 
	0xad, 0x49, 0xb5, 0xff, 0xa4, 0x56, 0xa7, 0xff, 
	0x9c, 0x63, 0x99, 0xff, 0x94, 0x71, 0x8c, 0xff, 
	0x94, 0x75, 0x8c, 0xff, 0x94, 0x7e, 0x81, 0xff, 
	0x94, 0x88, 0x76, 0xff, 0x94, 0x92, 0x6b, 0xff, 
	0xa7, 0x95, 0x5a, 0xff, 0xb2, 0x85, 0x52, 0xff, 
	0xb2, 0x85, 0x52, 0xff, 0xbd, 0x75, 0x4a, 0xff, 
	0xbd, 0x6c, 0x4d, 0xff, 0xbd, 0x6c, 0x4d, 0xff, 
	0xbd, 0x6c, 0x4d, 0xff, 0xbd, 0x6c, 0x4d, 0xff, 
	0xb5, 0x59, 0x52, 0xff, 0xa7, 0x69, 0x5f, 0xff, 
	0xa7, 0x69, 0x5f, 0xff, 0x99, 0x79, 0x6d, 0xff, 
	0x6b, 0x66, 0x91, 0xff, 0x6b, 0x66, 0x91, 0xff, 
	0x6b, 0x66, 0x91, 0xff, 0x6b, 0x66, 0x91, 0xff, 
	0x54, 0x5c, 0xba, 0xff, 0x54, 0x5c, 0xba, 0xff, 
	0x54, 0x5c, 0xba, 0xff, 0x54, 0x5c, 0xba, 0xff, 
	0x54, 0x4e, 0xc3, 0xff, 0x54, 0x4e, 0xc3, 0xff, 
	0x54, 0x4e, 0xc3, 0xff, 0x54, 0x4e, 0xc3, 0xff, 
	0x57, 0x52, 0xb5, 0xff, 0x57, 0x52, 0xb5, 0xff, 
	0x57, 0x52, 0xb5, 0xff, 0x57, 0x52, 0xb5, 0xff, 
	0x63, 0x55, 0xa5, 0xff, 0x65, 0x71, 0x91, 0xff, 
	0x65, 0x71, 0x91, 0xff, 0x68, 0x8d, 0x7e, 0xff, 
	0x7b, 0x91, 0x73, 0xff, 0x83, 0xaa, 0x62, 0xff, 
	0x83, 0xaa, 0x62, 0xff, 0x8c, 0xc3, 0x52, 0xff, 
	0x99, 0xbe, 0x4c, 0xff, 0x9f, 0xba, 0x4f, 0xff, 
	0x9f, 0xba, 0x4f, 0xff, 0xa5, 0xb6, 0x52, 0xff, 
	0xa5, 0xae, 0x63, 0xff, 0xa5, 0xae, 0x63, 0xff, 
	0x9f, 0x9f, 0x73, 0xff, 0x99, 0x90, 0x83, 0xff, 
	0x8c, 0x79, 0x9c, 0xff, 0x78, 0x62, 0xaf, 0xff, 
	0x65, 0x4b, 0xc2, 0xff, 0x52, 0x34, 0xd6, 0xff, 
	0x3c, 0x24, 0xe3, 0xff, 0x2e, 0x1c, 0xe9, 0xff, 
	0x2e, 0x1c, 0xe9, 0xff, 0x21, 0x14, 0xef, 0xff, 
	0x20, 0x14, 0xf4, 0xff, 0x20, 0x14, 0xf4, 0xff, 
	0x20, 0x14, 0xf4, 0xff, 0x20, 0x14, 0xf4, 0xff, 
	0x21, 0x18, 0xef, 0xff, 0x21, 0x18, 0xef, 0xff, 
	0x31, 0x1d, 0xef, 0xff, 0x41, 0x22, 0xef, 0xff, 
	0x63, 0x30, 0xe7, 0xff, 0x81, 0x2c, 0xe4, 0xff, 
	0x9f, 0x28, 0xe1, 0xff, 0xbd, 0x24, 0xde, 0xff, 
	0xce, 0x20, 0xde, 0xff, 0xdb, 0x19, 0xdb, 0xff, 
	0xe9, 0x12, 0xd8, 0xff, 0xe9, 0x12, 0xd8, 0xff, 
	0xe9, 0x10, 0xd3, 0xff, 0xe9, 0x10, 0xd3, 0xff, 
	0xe3, 0x14, 0xd0, 0xff, 0xde, 0x18, 0xce, 0xff, 
	0xde, 0x20, 0xc6, 0xff, 0xc5, 0x30, 0xb8, 0xff, 
	0xac, 0x40, 0xaa, 0xff, 0x94, 0x51, 0x9c, 0xff, 
	0x73, 0x5d, 0x94, 0xff, 0x6a, 0x52, 0x9f, 0xff, 
	0x62, 0x47, 0xaa, 0xff, 0x5a, 0x3c, 0xb5, 0xff, 
	0x5a, 0x32, 0xc0, 0xff, 0x5a, 0x31, 0xc3, 0xff, 
	0x5a, 0x30, 0xc6, 0xff, 0x5a, 0x30, 0xc6, 0xff, 
	0x5d, 0x2f, 0xc5, 0xff, 0x5d, 0x2f, 0xc5, 0xff, 
	0x5d, 0x2f, 0xc5, 0xff, 0x5d, 0x2f, 0xc5, 0xff, 
	0x5d, 0x2f, 0xc5, 0xff, 0x5d, 0x2f, 0xc5, 0xff, 
	0x5d, 0x2f, 0xc5, 0xff, 0x5d, 0x2f, 0xc5, 0xff, 
	0x5d, 0x30, 0xc5, 0xff, 0x5d, 0x30, 0xc5, 0xff, 
	0x5d, 0x30, 0xc5, 0xff, 0x5d, 0x30, 0xc5, 0xff, 
	0x63, 0x38, 0xbd, 0xff, 0x6b, 0x50, 0xb2, 0xff, 
	0x73, 0x69, 0xa7, 0xff, 0x7b, 0x82, 0x9c, 0xff, 
	0x6a, 0xb0, 0x99, 0xff, 0x6a, 0xb0, 0x99, 0xff, 
	0x4a, 0xbe, 0xb5, 0xff, 0x4a, 0xbe, 0xb5, 0xff, 
	0x31, 0xb6, 0xce, 0xff, 0x31, 0xb6, 0xce, 0xff, 
	0x31, 0xb6, 0xce, 0xff, 0x31, 0xb6, 0xce, 0xff, 
	0x39, 0xba, 0xc6, 0xff, 0x47, 0xb6, 0xb8, 0xff, 
	0x55, 0xb2, 0xaa, 0xff, 0x63, 0xae, 0x9c, 0xff, 
	0x80, 0x8f, 0x96, 0xff, 0x8e, 0x7c, 0x99, 0xff, 
	0x9c, 0x69, 0x9c, 0xff, 0x9c, 0x69, 0x9c, 0xff, 
	0xac, 0x4d, 0xb2, 0xff, 0xb5, 0x41, 0xbd, 0xff, 
	0xb5, 0x41, 0xbd, 0xff, 0xb5, 0x41, 0xbd, 0xff, 
	0xad, 0x49, 0xb5, 0xff, 0xa4, 0x56, 0xa7, 0xff, 
	0xa4, 0x56, 0xa7, 0xff, 0x9c, 0x63, 0x99, 0xff, 
	0x94, 0x75, 0x8c, 0xff, 0x94, 0x7e, 0x81, 0xff, 
	0x94, 0x88, 0x76, 0xff, 0x94, 0x92, 0x6b, 0xff, 
	0xb2, 0x85, 0x52, 0xff, 0xbd, 0x75, 0x4a, 0xff, 
	0xbd, 0x75, 0x4a, 0xff, 0xbd, 0x75, 0x4a, 0xff, 
	0xc6, 0x5d, 0x42, 0xff, 0xc6, 0x5d, 0x42, 0xff, 
	0xc6, 0x5d, 0x42, 0xff, 0xc6, 0x5d, 0x42, 0xff, 
	0xb5, 0x59, 0x52, 0xff, 0xb5, 0x59, 0x52, 0xff, 
	0xa7, 0x69, 0x5f, 0xff, 0xa7, 0x69, 0x5f, 0xff, 
	0x6b, 0x51, 0x94, 0xff, 0x6b, 0x51, 0x94, 0xff, 
	0x6b, 0x51, 0x94, 0xff, 0x6b, 0x51, 0x94, 0xff, 
	0x5a, 0x41, 0xbd, 0xff, 0x5a, 0x41, 0xbd, 0xff, 
	0x5a, 0x41, 0xbd, 0xff, 0x5a, 0x41, 0xbd, 0xff, 
	0x5a, 0x34, 0xc6, 0xff, 0x5a, 0x34, 0xc6, 0xff, 
	0x5a, 0x34, 0xc6, 0xff, 0x5a, 0x34, 0xc6, 0xff, 
	0x5a, 0x38, 0xbd, 0xff, 0x5a, 0x38, 0xbd, 0xff, 
	0x5a, 0x38, 0xbd, 0xff, 0x5a, 0x38, 0xbd, 0xff, 
	0x63, 0x55, 0xa5, 0xff, 0x63, 0x55, 0xa5, 0xff, 
	0x63, 0x55, 0xa5, 0xff, 0x65, 0x71, 0x91, 0xff, 
	0x73, 0x79, 0x84, 0xff, 0x7b, 0x91, 0x73, 0xff, 
	0x7b, 0x91, 0x73, 0xff, 0x83, 0xaa, 0x62, 0xff, 
	0x9f, 0xba, 0x4f, 0xff, 0x9f, 0xba, 0x4f, 0xff, 
	0xa5, 0xb6, 0x52, 0xff, 0xa5, 0xb6, 0x52, 0xff, 
	0xa5, 0xae, 0x63, 0xff, 0xa5, 0xae, 0x63, 0xff, 
	0x9f, 0x9f, 0x73, 0xff, 0x99, 0x90, 0x83, 0xff, 
	0x8c, 0x79, 0x9c, 0xff, 0x78, 0x62, 0xaf, 0xff, 
	0x65, 0x4b, 0xc2, 0xff, 0x52, 0x34, 0xd6, 0xff, 
	0x3c, 0x24, 0xe3, 0xff, 0x2e, 0x1c, 0xe9, 0xff, 
	0x21, 0x14, 0xef, 0xff, 0x21, 0x14, 0xef, 0xff, 
	0x20, 0x14, 0xf4, 0xff, 0x18, 0x10, 0xf7, 0xff, 
	0x18, 0x10, 0xf7, 0xff, 0x18, 0x10, 0xf7, 0xff, 
	0x21, 0x18, 0xef, 0xff, 0x21, 0x18, 0xef, 0xff, 
	0x31, 0x1d, 0xef, 0xff, 0x41, 0x22, 0xef, 0xff, 
	0x63, 0x30, 0xe7, 0xff, 0x81, 0x2c, 0xe4, 0xff, 
	0x9f, 0x28, 0xe1, 0xff, 0xbd, 0x24, 0xde, 0xff, 
	0xce, 0x20, 0xde, 0xff, 0xdb, 0x19, 0xdb, 0xff, 
	0xe9, 0x12, 0xd8, 0xff, 0xe9, 0x12, 0xd8, 0xff, 
	0xe9, 0x10, 0xd3, 0xff, 0xe9, 0x10, 0xd3, 0xff, 
	0xe9, 0x10, 0xd3, 0xff, 0xde, 0x18, 0xce, 0xff, 
	0xde, 0x20, 0xc6, 0xff, 0xc5, 0x30, 0xb8, 0xff, 
	0xac, 0x40, 0xaa, 0xff, 0x94, 0x51, 0x9c, 0xff, 
	0x73, 0x5d, 0x94, 0xff, 0x6a, 0x52, 0x9f, 0xff, 
	0x62, 0x47, 0xaa, 0xff, 0x5a, 0x3c, 0xb5, 0xff, 
	0x5a, 0x34, 0xbd, 0xff, 0x5a, 0x31, 0xc3, 0xff, 
	0x5a, 0x30, 0xc6, 0xff, 0x5a, 0x30, 0xc6, 0xff, 
	0x5d, 0x2f, 0xc5, 0xff, 0x5d, 0x2f, 0xc5, 0xff, 
	0x5d, 0x2f, 0xc5, 0xff, 0x5d, 0x2f, 0xc5, 0xff, 
	0x5d, 0x2f, 0xc5, 0xff, 0x5d, 0x2f, 0xc5, 0xff, 
	0x5d, 0x2f, 0xc5, 0xff, 0x5d, 0x2f, 0xc5, 0xff, 
	0x5a, 0x30, 0xc6, 0xff, 0x5a, 0x30, 0xc6, 0xff, 
	0x5a, 0x30, 0xc6, 0xff, 0x5d, 0x32, 0xc3, 0xff, 
	0x63, 0x41, 0xbd, 0xff, 0x68, 0x5d, 0xb2, 0xff, 
	0x6d, 0x79, 0xa7, 0xff, 0x73, 0x96, 0x9c, 0xff, 
	0x63, 0xae, 0x9c, 0xff, 0x52, 0xb0, 0xac, 0xff, 
	0x41, 0xb3, 0xbd, 0xff, 0x31, 0xb6, 0xce, 0xff, 
	0x2e, 0xb6, 0xd0, 0xff, 0x2e, 0xb6, 0xd0, 0xff, 
	0x2e, 0xb6, 0xd0, 0xff, 0x31, 0xb6, 0xce, 0xff, 
	0x39, 0xb6, 0xbd, 0xff, 0x4c, 0xac, 0xb2, 0xff, 
	0x5f, 0xa3, 0xa7, 0xff, 0x73, 0x9a, 0x9c, 0xff, 
	0x8c, 0x82, 0x9c, 0xff, 0x8c, 0x82, 0x9c, 0xff, 
	0x99, 0x6a, 0xa7, 0xff, 0xa7, 0x53, 0xb2, 0xff, 
	0xb5, 0x41, 0xbd, 0xff, 0xb5, 0x41, 0xbd, 0xff, 
	0xb7, 0x3b, 0xc2, 0xff, 0xb7, 0x3b, 0xc2, 0xff, 
	0xac, 0x41, 0xb8, 0xff, 0xa4, 0x4b, 0xaa, 0xff, 
	0x9c, 0x55, 0x9c, 0xff, 0x9c, 0x55, 0x9c, 0xff, 
	0x9c, 0x65, 0x84, 0xff, 0x9c, 0x65, 0x84, 0xff, 
	0xa4, 0x62, 0x70, 0xff, 0xac, 0x5f, 0x5d, 0xff, 
	0xb5, 0x71, 0x4a, 0xff, 0xbd, 0x63, 0x44, 0xff, 
	0xbd, 0x63, 0x44, 0xff, 0xc5, 0x56, 0x3e, 0xff, 
	0xce, 0x4d, 0x39, 0xff, 0xce, 0x4d, 0x39, 0xff, 
	0xce, 0x4d, 0x39, 0xff, 0xc8, 0x44, 0x3c, 0xff, 
	0xad, 0x41, 0x52, 0xff, 0xad, 0x41, 0x52, 0xff, 
	0x9c, 0x3c, 0x68, 0xff, 0x8b, 0x38, 0x7e, 0xff, 
	0x73, 0x41, 0x8c, 0xff, 0x6a, 0x3b, 0x9c, 0xff, 
	0x6a, 0x3b, 0x9c, 0xff, 0x62, 0x35, 0xac, 0xff, 
	0x5a, 0x38, 0xbd, 0xff, 0x5a, 0x38, 0xbd, 0xff, 
	0x5a, 0x34, 0xc0, 0xff, 0x5a, 0x34, 0xc0, 0xff, 
	0x5d, 0x2f, 0xc5, 0xff, 0x5d, 0x2f, 0xc5, 0xff, 
	0x5d, 0x2f, 0xc5, 0xff, 0x5d, 0x2f, 0xc5, 0xff, 
	0x5a, 0x31, 0xc0, 0xff, 0x5a, 0x31, 0xc0, 0xff, 
	0x5a, 0x31, 0xc0, 0xff, 0x5a, 0x34, 0xbd, 0xff, 
	0x5d, 0x3b, 0xbb, 0xff, 0x5d, 0x3b, 0xbb, 0xff, 
	0x60, 0x46, 0xb0, 0xff, 0x63, 0x51, 0xa5, 0xff, 
	0x6e, 0x54, 0x9f, 0xff, 0x79, 0x6d, 0x89, 0xff, 
	0x84, 0x86, 0x73, 0xff, 0x84, 0x86, 0x73, 0xff, 
	0xa2, 0x9d, 0x68, 0xff, 0xad, 0xae, 0x5a, 0xff, 
	0xad, 0xae, 0x5a, 0xff, 0xad, 0xae, 0x5a, 0xff, 
	0xb5, 0xae, 0x6b, 0xff, 0xb5, 0xae, 0x6b, 0xff, 
	0xb5, 0xa0, 0x76, 0xff, 0xb5, 0x93, 0x81, 0xff, 
	0xa5, 0x79, 0x8c, 0xff, 0x8f, 0x63, 0x9c, 0xff, 
	0x79, 0x4d, 0xac, 0xff, 0x63, 0x38, 0xbd, 0xff, 
	0x3e, 0x20, 0xd9, 0xff, 0x2b, 0x18, 0xe4, 0xff, 
	0x18, 0x10, 0xef, 0xff, 0x18, 0x10, 0xef, 0xff, 
	0x15, 0x0d, 0xf1, 0xff, 0x12, 0x0e, 0xf4, 0xff, 
	0x12, 0x0e, 0xf4, 0xff, 0x10, 0x10, 0xf7, 0xff, 
	0x10, 0x14, 0xf7, 0xff, 0x1b, 0x1d, 0xf4, 0xff, 
	0x26, 0x26, 0xf1, 0xff, 0x31, 0x30, 0xef, 0xff, 
	0x4a, 0x3c, 0xef, 0xff, 0x68, 0x3d, 0xe9, 0xff, 
	0x86, 0x3f, 0xe3, 0xff, 0xa5, 0x41, 0xde, 0xff, 
	0xcb, 0x2d, 0xdb, 0xff, 0xd9, 0x22, 0xd8, 0xff, 
	0xe7, 0x18, 0xd6, 0xff, 0xe7, 0x18, 0xd6, 0xff, 
	0xe9, 0x12, 0xd3, 0xff, 0xe9, 0x12, 0xd3, 0xff, 
	0xe9, 0x12, 0xd3, 0xff, 0xe3, 0x15, 0xd0, 0xff, 
	0xde, 0x1c, 0xc6, 0xff, 0xcb, 0x2c, 0xbb, 0xff, 
	0xb8, 0x3c, 0xb0, 0xff, 0xa5, 0x4d, 0xa5, 0xff, 
	0x7b, 0x61, 0x94, 0xff, 0x70, 0x57, 0x9c, 0xff, 
	0x65, 0x4e, 0xa4, 0xff, 0x5a, 0x45, 0xad, 0xff, 
	0x5a, 0x38, 0xbd, 0xff, 0x5a, 0x32, 0xc3, 0xff, 
	0x5a, 0x30, 0xc6, 0xff, 0x5a, 0x30, 0xc6, 0xff, 
	0x5d, 0x2f, 0xc5, 0xff, 0x5d, 0x2f, 0xc5, 0xff, 
	0x5d, 0x2f, 0xc5, 0xff, 0x5d, 0x2f, 0xc5, 0xff, 
	0x5d, 0x2f, 0xc5, 0xff, 0x5d, 0x2f, 0xc5, 0xff, 
	0x5d, 0x2f, 0xc5, 0xff, 0x5d, 0x2f, 0xc5, 0xff, 
	0x5a, 0x30, 0xc6, 0xff, 0x5a, 0x30, 0xc6, 0xff, 
	0x5d, 0x32, 0xc3, 0xff, 0x60, 0x35, 0xc0, 0xff, 
	0x63, 0x41, 0xbd, 0xff, 0x68, 0x5d, 0xb2, 0xff, 
	0x6d, 0x79, 0xa7, 0xff, 0x73, 0x96, 0x9c, 0xff, 
	0x63, 0xae, 0x9c, 0xff, 0x52, 0xb0, 0xac, 0xff, 
	0x41, 0xb3, 0xbd, 0xff, 0x31, 0xb6, 0xce, 0xff, 
	0x2b, 0xb6, 0xd3, 0xff, 0x2b, 0xb6, 0xd3, 0xff, 
	0x2e, 0xb6, 0xd0, 0xff, 0x31, 0xb6, 0xce, 0xff, 
	0x39, 0xb6, 0xbd, 0xff, 0x4c, 0xac, 0xb2, 0xff, 
	0x5f, 0xa3, 0xa7, 0xff, 0x73, 0x9a, 0x9c, 0xff, 
	0x8c, 0x82, 0x9c, 0xff, 0x99, 0x6a, 0xa7, 0xff, 
	0xa7, 0x53, 0xb2, 0xff, 0xa7, 0x53, 0xb2, 0xff, 
	0xb7, 0x3b, 0xc2, 0xff, 0xba, 0x35, 0xc8, 0xff, 
	0xba, 0x35, 0xc8, 0xff, 0xba, 0x35, 0xc8, 0xff, 
	0xac, 0x41, 0xb8, 0xff, 0xac, 0x41, 0xb8, 0xff, 
	0xa4, 0x4b, 0xaa, 0xff, 0x9c, 0x55, 0x9c, 0xff, 
	0x9c, 0x65, 0x84, 0xff, 0xa4, 0x62, 0x70, 0xff, 
	0xa4, 0x62, 0x70, 0xff, 0xac, 0x5f, 0x5d, 0xff, 
	0xbd, 0x63, 0x44, 0xff, 0xc5, 0x56, 0x3e, 0xff, 
	0xc5, 0x56, 0x3e, 0xff, 0xce, 0x49, 0x39, 0xff, 
	0xce, 0x4d, 0x39, 0xff, 0xc8, 0x44, 0x3c, 0xff, 
	0xc8, 0x44, 0x3c, 0xff, 0xc2, 0x3c, 0x3f, 0xff, 
	0xad, 0x41, 0x52, 0xff, 0xad, 0x41, 0x52, 0xff, 
	0x9c, 0x3c, 0x68, 0xff, 0x8b, 0x38, 0x7e, 0xff, 
	0x73, 0x41, 0x8c, 0xff, 0x6a, 0x3b, 0x9c, 0xff, 
	0x62, 0x35, 0xac, 0xff, 0x5a, 0x30, 0xbd, 0xff, 
	0x5a, 0x34, 0xc0, 0xff, 0x5a, 0x34, 0xc0, 0xff, 
	0x5a, 0x30, 0xc3, 0xff, 0x5a, 0x30, 0xc3, 0xff, 
	0x5d, 0x2f, 0xc5, 0xff, 0x5d, 0x2f, 0xc5, 0xff, 
	0x5d, 0x2f, 0xc5, 0xff, 0x5d, 0x2f, 0xc5, 0xff, 
	0x5a, 0x2e, 0xc3, 0xff, 0x5a, 0x2e, 0xc3, 0xff, 
	0x5a, 0x2e, 0xc3, 0xff, 0x5a, 0x2e, 0xc3, 0xff, 
	0x5a, 0x30, 0xc6, 0xff, 0x5d, 0x3b, 0xbb, 0xff, 
	0x5d, 0x3b, 0xbb, 0xff, 0x60, 0x46, 0xb0, 0xff, 
	0x6e, 0x54, 0x9f, 0xff, 0x6e, 0x54, 0x9f, 0xff, 
	0x79, 0x6d, 0x89, 0xff, 0x84, 0x86, 0x73, 0xff, 
	0x97, 0x8d, 0x76, 0xff, 0xa2, 0x9d, 0x68, 0xff, 
	0xad, 0xae, 0x5a, 0xff, 0xad, 0xae, 0x5a, 0xff, 
	0xb5, 0xae, 0x6b, 0xff, 0xb5, 0xae, 0x6b, 0xff, 
	0xb5, 0xa0, 0x76, 0xff, 0xb5, 0x93, 0x81, 0xff, 
	0xa5, 0x79, 0x8c, 0xff, 0x8f, 0x63, 0x9c, 0xff, 
	0x79, 0x4d, 0xac, 0xff, 0x63, 0x38, 0xbd, 0xff, 
	0x52, 0x28, 0xce, 0xff, 0x2b, 0x18, 0xe4, 0xff, 
	0x2b, 0x18, 0xe4, 0xff, 0x18, 0x10, 0xef, 0xff, 
	0x15, 0x0d, 0xf1, 0xff, 0x12, 0x0e, 0xf4, 0xff, 
	0x10, 0x10, 0xf7, 0xff, 0x10, 0x10, 0xf7, 0xff, 
	0x10, 0x14, 0xf7, 0xff, 0x1b, 0x1d, 0xf4, 0xff, 
	0x26, 0x26, 0xf1, 0xff, 0x31, 0x30, 0xef, 0xff, 
	0x4a, 0x3c, 0xef, 0xff, 0x68, 0x3d, 0xe9, 0xff, 
	0x86, 0x3f, 0xe3, 0xff, 0xa5, 0x41, 0xde, 0xff, 
	0xcb, 0x2d, 0xdb, 0xff, 0xd9, 0x22, 0xd8, 0xff, 
	0xe7, 0x18, 0xd6, 0xff, 0xe7, 0x18, 0xd6, 0xff, 
	0xe9, 0x12, 0xd3, 0xff, 0xe9, 0x12, 0xd3, 0xff, 
	0xe9, 0x12, 0xd3, 0xff, 0xe3, 0x15, 0xd0, 0xff, 
	0xde, 0x1c, 0xc6, 0xff, 0xcb, 0x2c, 0xbb, 0xff, 
	0xb8, 0x3c, 0xb0, 0xff, 0xa5, 0x4d, 0xa5, 0xff, 
	0x7b, 0x61, 0x94, 0xff, 0x70, 0x57, 0x9c, 0xff, 
	0x65, 0x4e, 0xa4, 0xff, 0x5a, 0x45, 0xad, 0xff, 
	0x5a, 0x38, 0xbd, 0xff, 0x5a, 0x32, 0xc3, 0xff, 
	0x5a, 0x30, 0xc6, 0xff, 0x5a, 0x30, 0xc6, 0xff, 
	0x5d, 0x2f, 0xc5, 0xff, 0x5d, 0x2f, 0xc5, 0xff, 
	0x5d, 0x2f, 0xc5, 0xff, 0x5d, 0x2f, 0xc5, 0xff, 
	0x5d, 0x2f, 0xc5, 0xff, 0x5d, 0x2f, 0xc5, 0xff, 
	0x5d, 0x2f, 0xc5, 0xff, 0x5d, 0x2f, 0xc5, 0xff, 
	0x5a, 0x30, 0xc6, 0xff, 0x5a, 0x30, 0xc6, 0xff, 
	0x5d, 0x32, 0xc3, 0xff, 0x60, 0x35, 0xc0, 0xff, 
	0x63, 0x41, 0xbd, 0xff, 0x68, 0x5d, 0xb2, 0xff, 
	0x6d, 0x79, 0xa7, 0xff, 0x73, 0x96, 0x9c, 0xff, 
	0x63, 0xae, 0x9c, 0xff, 0x52, 0xb0, 0xac, 0xff, 
	0x41, 0xb3, 0xbd, 0xff, 0x31, 0xb6, 0xce, 0xff, 
	0x2b, 0xb6, 0xd3, 0xff, 0x2b, 0xb6, 0xd3, 0xff, 
	0x2e, 0xb6, 0xd0, 0xff, 0x31, 0xb6, 0xce, 0xff, 
	0x39, 0xb6, 0xbd, 0xff, 0x4c, 0xac, 0xb2, 0xff, 
	0x5f, 0xa3, 0xa7, 0xff, 0x73, 0x9a, 0x9c, 0xff, 
	0x8c, 0x82, 0x9c, 0xff, 0x99, 0x6a, 0xa7, 0xff, 
	0xa7, 0x53, 0xb2, 0xff, 0xb5, 0x3c, 0xbd, 0xff, 
	0xba, 0x35, 0xc8, 0xff, 0xba, 0x35, 0xc8, 0xff, 
	0xbd, 0x30, 0xce, 0xff, 0xbd, 0x30, 0xce, 0xff, 
	0xb5, 0x38, 0xc6, 0xff, 0xac, 0x41, 0xb8, 0xff, 
	0xa4, 0x4b, 0xaa, 0xff, 0x9c, 0x55, 0x9c, 0xff, 
	0x9c, 0x65, 0x84, 0xff, 0xa4, 0x62, 0x70, 0xff, 
	0xac, 0x5f, 0x5d, 0xff, 0xb5, 0x5d, 0x4a, 0xff, 
	0xc5, 0x56, 0x3e, 0xff, 0xc5, 0x56, 0x3e, 0xff, 
	0xce, 0x49, 0x39, 0xff, 0xce, 0x49, 0x39, 0xff, 
	0xc8, 0x44, 0x3c, 0xff, 0xc8, 0x44, 0x3c, 0xff, 
	0xc8, 0x44, 0x3c, 0xff, 0xc2, 0x3c, 0x3f, 0xff, 
	0xad, 0x41, 0x52, 0xff, 0x9c, 0x3c, 0x68, 0xff, 
	0x8b, 0x38, 0x7e, 0xff, 0x7b, 0x34, 0x94, 0xff, 
	0x6a, 0x3b, 0x9c, 0xff, 0x62, 0x35, 0xac, 0xff, 
	0x5a, 0x30, 0xbd, 0xff, 0x5a, 0x30, 0xbd, 0xff, 
	0x5a, 0x34, 0xc0, 0xff, 0x5a, 0x30, 0xc3, 0xff, 
	0x5a, 0x30, 0xc3, 0xff, 0x5a, 0x2c, 0xc6, 0xff, 
	0x5d, 0x2f, 0xc5, 0xff, 0x5d, 0x2f, 0xc5, 0xff, 
	0x5d, 0x2f, 0xc5, 0xff, 0x5d, 0x2f, 0xc5, 0xff, 
	0x5a, 0x2e, 0xc3, 0xff, 0x5a, 0x2e, 0xc3, 0xff, 
	0x5a, 0x2e, 0xc3, 0xff, 0x5a, 0x2e, 0xc3, 0xff, 
	0x5a, 0x30, 0xc6, 0xff, 0x5a, 0x30, 0xc6, 0xff, 
	0x5a, 0x30, 0xc6, 0xff, 0x5d, 0x3b, 0xbb, 0xff, 
	0x63, 0x3c, 0xb5, 0xff, 0x6e, 0x54, 0x9f, 0xff, 
	0x6e, 0x54, 0x9f, 0xff, 0x79, 0x6d, 0x89, 0xff, 
	0x8c, 0x7d, 0x84, 0xff, 0x97, 0x8d, 0x76, 0xff, 
	0xa2, 0x9d, 0x68, 0xff, 0xa2, 0x9d, 0x68, 0xff, 
	0xb5, 0xae, 0x6b, 0xff, 0xb5, 0xa0, 0x76, 0xff, 
	0xb5, 0xa0, 0x76, 0xff, 0xb5, 0x93, 0x81, 0xff, 
	0xa5, 0x79, 0x8c, 0xff, 0x8f, 0x63, 0x9c, 0xff, 
	0x79, 0x4d, 0xac, 0xff, 0x63, 0x38, 0xbd, 0xff, 
	0x52, 0x28, 0xce, 0xff, 0x3e, 0x20, 0xd9, 0xff, 
	0x2b, 0x18, 0xe4, 0xff, 0x18, 0x10, 0xef, 0xff, 
	0x12, 0x0e, 0xf4, 0xff, 0x12, 0x0e, 0xf4, 0xff, 
	0x10, 0x10, 0xf7, 0xff, 0x10, 0x10, 0xf7, 0xff, 
	0x10, 0x14, 0xf7, 0xff, 0x1b, 0x1d, 0xf4, 0xff, 
	0x26, 0x26, 0xf1, 0xff, 0x31, 0x30, 0xef, 0xff, 
	0x4a, 0x3c, 0xef, 0xff, 0x68, 0x3d, 0xe9, 0xff, 
	0x86, 0x3f, 0xe3, 0xff, 0xa5, 0x41, 0xde, 0xff, 
	0xbd, 0x38, 0xde, 0xff, 0xd9, 0x22, 0xd8, 0xff, 
	0xe7, 0x18, 0xd6, 0xff, 0xe7, 0x18, 0xd6, 0xff, 
	0xe9, 0x12, 0xd3, 0xff, 0xe9, 0x12, 0xd3, 0xff, 
	0xe9, 0x12, 0xd3, 0xff, 0xe3, 0x15, 0xd0, 0xff, 
	0xde, 0x1c, 0xc6, 0xff, 0xcb, 0x2c, 0xbb, 0xff, 
	0xb8, 0x3c, 0xb0, 0xff, 0xa5, 0x4d, 0xa5, 0xff, 
	0x7b, 0x61, 0x94, 0xff, 0x70, 0x57, 0x9c, 0xff, 
	0x65, 0x4e, 0xa4, 0xff, 0x5a, 0x45, 0xad, 0xff, 
	0x5a, 0x38, 0xbd, 0xff, 0x5a, 0x35, 0xc0, 0xff, 
	0x5a, 0x30, 0xc6, 0xff, 0x5a, 0x30, 0xc6, 0xff, 
	0x5d, 0x2f, 0xc5, 0xff, 0x5d, 0x2f, 0xc5, 0xff, 
	0x5d, 0x2f, 0xc5, 0xff, 0x5d, 0x2f, 0xc5, 0xff, 
	0x5d, 0x2f, 0xc5, 0xff, 0x5d, 0x2f, 0xc5, 0xff, 
	0x5d, 0x2f, 0xc5, 0xff, 0x5d, 0x2f, 0xc5, 0xff, 
	0x5a, 0x30, 0xc6, 0xff, 0x5a, 0x30, 0xc6, 0xff, 
	0x5d, 0x32, 0xc3, 0xff, 0x60, 0x35, 0xc0, 0xff, 
	0x63, 0x41, 0xbd, 0xff, 0x68, 0x5d, 0xb2, 0xff, 
	0x6d, 0x79, 0xa7, 0xff, 0x73, 0x96, 0x9c, 0xff, 
	0x52, 0xb0, 0xac, 0xff, 0x41, 0xb3, 0xbd, 0xff, 
	0x31, 0xb6, 0xce, 0xff, 0x31, 0xb6, 0xce, 0xff, 
	0x2b, 0xb6, 0xd3, 0xff, 0x2b, 0xb6, 0xd3, 0xff, 
	0x2e, 0xb6, 0xd0, 0xff, 0x31, 0xb6, 0xce, 0xff, 
	0x39, 0xb6, 0xbd, 0xff, 0x4c, 0xac, 0xb2, 0xff, 
	0x5f, 0xa3, 0xa7, 0xff, 0x73, 0x9a, 0x9c, 0xff, 
	0x8c, 0x82, 0x9c, 0xff, 0x99, 0x6a, 0xa7, 0xff, 
	0xa7, 0x53, 0xb2, 0xff, 0xb5, 0x3c, 0xbd, 0xff, 
	0xbd, 0x30, 0xce, 0xff, 0xbd, 0x30, 0xce, 0xff, 
	0xbd, 0x30, 0xce, 0xff, 0xbd, 0x30, 0xce, 0xff, 
	0xb5, 0x38, 0xc6, 0xff, 0xac, 0x41, 0xb8, 0xff, 
	0xa4, 0x4b, 0xaa, 0xff, 0x9c, 0x55, 0x9c, 0xff, 
	0x9c, 0x65, 0x84, 0xff, 0xa4, 0x62, 0x70, 0xff, 
	0xac, 0x5f, 0x5d, 0xff, 0xb5, 0x5d, 0x4a, 0xff, 
	0xc5, 0x56, 0x3e, 0xff, 0xce, 0x49, 0x39, 0xff, 
	0xce, 0x49, 0x39, 0xff, 0xce, 0x49, 0x39, 0xff, 
	0xc8, 0x44, 0x3c, 0xff, 0xc8, 0x44, 0x3c, 0xff, 
	0xc2, 0x3c, 0x3f, 0xff, 0xbd, 0x34, 0x42, 0xff, 
	0xad, 0x41, 0x52, 0xff, 0x9c, 0x3c, 0x68, 0xff, 
	0x8b, 0x38, 0x7e, 0xff, 0x7b, 0x34, 0x94, 0xff, 
	0x62, 0x35, 0xac, 0xff, 0x5a, 0x30, 0xbd, 0xff, 
	0x5a, 0x30, 0xbd, 0xff, 0x5a, 0x30, 0xbd, 0xff, 
	0x5a, 0x30, 0xc3, 0xff, 0x5a, 0x30, 0xc3, 0xff, 
	0x5a, 0x2c, 0xc6, 0xff, 0x5a, 0x2c, 0xc6, 0xff, 
	0x5d, 0x2f, 0xc5, 0xff, 0x5d, 0x2f, 0xc5, 0xff, 
	0x5d, 0x2f, 0xc5, 0xff, 0x5d, 0x2f, 0xc5, 0xff, 
	0x5a, 0x2e, 0xc3, 0xff, 0x5a, 0x2e, 0xc3, 0xff, 
	0x5a, 0x2e, 0xc3, 0xff, 0x5a, 0x2e, 0xc3, 0xff, 
	0x5a, 0x30, 0xc6, 0xff, 0x5a, 0x30, 0xc6, 0xff, 
	0x5a, 0x30, 0xc6, 0xff, 0x5a, 0x30, 0xc6, 0xff, 
	0x63, 0x3c, 0xb5, 0xff, 0x63, 0x3c, 0xb5, 0xff, 
	0x6e, 0x54, 0x9f, 0xff, 0x6e, 0x54, 0x9f, 0xff, 
	0x8c, 0x7d, 0x84, 0xff, 0x8c, 0x7d, 0x84, 0xff, 
	0x97, 0x8d, 0x76, 0xff, 0xa2, 0x9d, 0x68, 0xff, 
	0xb5, 0xa0, 0x76, 0xff, 0xb5, 0xa0, 0x76, 0xff, 
	0xb5, 0x93, 0x81, 0xff, 0xb5, 0x86, 0x8c, 0xff, 
	0xa5, 0x79, 0x8c, 0xff, 0x8f, 0x63, 0x9c, 0xff, 
	0x79, 0x4d, 0xac, 0xff, 0x63, 0x38, 0xbd, 0xff, 
	0x52, 0x28, 0xce, 0xff, 0x3e, 0x20, 0xd9, 0xff, 
	0x2b, 0x18, 0xe4, 0xff, 0x18, 0x10, 0xef, 0xff, 
	0x15, 0x0d, 0xf1, 0xff, 0x12, 0x0e, 0xf4, 0xff, 
	0x10, 0x10, 0xf7, 0xff, 0x10, 0x10, 0xf7, 0xff, 
	0x10, 0x14, 0xf7, 0xff, 0x1b, 0x1d, 0xf4, 0xff, 
	0x26, 0x26, 0xf1, 0xff, 0x31, 0x30, 0xef, 0xff, 
	0x4a, 0x3c, 0xef, 0xff, 0x68, 0x3d, 0xe9, 0xff, 
	0x86, 0x3f, 0xe3, 0xff, 0xa5, 0x41, 0xde, 0xff, 
	0xbd, 0x38, 0xde, 0xff, 0xcb, 0x2d, 0xdb, 0xff, 
	0xd9, 0x22, 0xd8, 0xff, 0xe7, 0x18, 0xd6, 0xff, 
	0xe9, 0x12, 0xd3, 0xff, 0xe9, 0x12, 0xd3, 0xff, 
	0xe3, 0x15, 0xd0, 0xff, 0xe3, 0x15, 0xd0, 0xff, 
	0xde, 0x1c, 0xc6, 0xff, 0xcb, 0x2c, 0xbb, 0xff, 
	0xb8, 0x3c, 0xb0, 0xff, 0xa5, 0x4d, 0xa5, 0xff, 
	0x7b, 0x61, 0x94, 0xff, 0x7b, 0x61, 0x94, 0xff, 
	0x65, 0x4e, 0xa4, 0xff, 0x5a, 0x45, 0xad, 0xff, 
	0x5a, 0x38, 0xbd, 0xff, 0x5a, 0x35, 0xc0, 0xff, 
	0x5a, 0x30, 0xc6, 0xff, 0x5a, 0x30, 0xc6, 0xff, 
	0x5d, 0x2f, 0xc5, 0xff, 0x5d, 0x2f, 0xc5, 0xff, 
	0x5d, 0x2f, 0xc5, 0xff, 0x5d, 0x2f, 0xc5, 0xff, 
	0x5d, 0x2f, 0xc5, 0xff, 0x5d, 0x2f, 0xc5, 0xff, 
	0x5d, 0x2f, 0xc5, 0xff, 0x5d, 0x2f, 0xc5, 0xff, 
	0x5a, 0x30, 0xc6, 0xff, 0x5a, 0x30, 0xc6, 0xff, 
	0x5d, 0x32, 0xc3, 0xff, 0x60, 0x35, 0xc0, 0xff, 
	0x6b, 0x4d, 0xad, 0xff, 0x6b, 0x69, 0xa7, 0xff, 
	0x6b, 0x85, 0xa1, 0xff, 0x6b, 0xa2, 0x9c, 0xff, 
	0x52, 0xb2, 0xad, 0xff, 0x44, 0xb2, 0xba, 0xff, 
	0x36, 0xb2, 0xc8, 0xff, 0x29, 0xb2, 0xd6, 0xff, 
	0x29, 0xb2, 0xd8, 0xff, 0x29, 0xb2, 0xd8, 0xff, 
	0x31, 0xb2, 0xd3, 0xff, 0x39, 0xb2, 0xce, 0xff, 
	0x42, 0xb2, 0xbd, 0xff, 0x58, 0xa3, 0xb5, 0xff, 
	0x6e, 0x94, 0xad, 0xff, 0x84, 0x86, 0xa5, 0xff, 
	0x94, 0x6d, 0xa5, 0xff, 0xa1, 0x5a, 0xb2, 0xff, 
	0xaf, 0x47, 0xc0, 0xff, 0xbd, 0x34, 0xce, 0xff, 
	0xbd, 0x2c, 0xce, 0xff, 0xc0, 0x28, 0xd3, 0xff, 
	0xc0, 0x28, 0xd3, 0xff, 0xbd, 0x2c, 0xce, 0xff, 
	0xb5, 0x2c, 0xce, 0xff, 0xaf, 0x33, 0xbd, 0xff, 
	0xaa, 0x3a, 0xac, 0xff, 0xa5, 0x41, 0x9c, 0xff, 
	0xad, 0x41, 0x84, 0xff, 0xb5, 0x41, 0x70, 0xff, 
	0xbd, 0x41, 0x5d, 0xff, 0xc6, 0x41, 0x4a, 0xff, 
	0xce, 0x41, 0x39, 0xff, 0xce, 0x41, 0x39, 0xff, 
	0xd0, 0x3c, 0x36, 0xff, 0xd0, 0x3c, 0x36, 0xff, 
	0xce, 0x38, 0x39, 0xff, 0xce, 0x38, 0x39, 0xff, 
	0xc0, 0x35, 0x47, 0xff, 0xb2, 0x32, 0x55, 0xff, 
	0x9c, 0x34, 0x6b, 0xff, 0x8b, 0x32, 0x83, 0xff, 
	0x7b, 0x31, 0x9c, 0xff, 0x6b, 0x30, 0xb5, 0xff, 
	0x63, 0x30, 0xb5, 0xff, 0x60, 0x30, 0xbd, 0xff, 
	0x5d, 0x30, 0xc5, 0xff, 0x5d, 0x30, 0xc5, 0xff, 
	0x5d, 0x2f, 0xc5, 0xff, 0x5d, 0x2f, 0xc5, 0xff, 
	0x5d, 0x2f, 0xc5, 0xff, 0x5d, 0x2f, 0xc5, 0xff, 
	0x5d, 0x2f, 0xc5, 0xff, 0x5d, 0x2f, 0xc5, 0xff, 
	0x5d, 0x2f, 0xc5, 0xff, 0x5d, 0x2f, 0xc5, 0xff, 
	0x5d, 0x2f, 0xc5, 0xff, 0x5d, 0x2f, 0xc5, 0xff, 
	0x5d, 0x2f, 0xc5, 0xff, 0x5d, 0x2f, 0xc5, 0xff, 
	0x5d, 0x2e, 0xc5, 0xff, 0x5d, 0x2e, 0xc5, 0xff, 
	0x5d, 0x2e, 0xc5, 0xff, 0x5d, 0x2e, 0xc5, 0xff, 
	0x62, 0x35, 0xbd, 0xff, 0x62, 0x35, 0xbd, 0xff, 
	0x6a, 0x3f, 0xb5, 0xff, 0x73, 0x49, 0xad, 0xff, 
	0x8b, 0x55, 0x9f, 0xff, 0x9c, 0x69, 0x91, 0xff, 
	0xad, 0x7d, 0x84, 0xff, 0xad, 0x7d, 0x84, 0xff, 
	0xbd, 0x8e, 0x7b, 0xff, 0xbd, 0x8e, 0x7b, 0xff, 
	0xc0, 0x7c, 0x86, 0xff, 0xc0, 0x7c, 0x86, 0xff, 
	0xbd, 0x5d, 0x9c, 0xff, 0xaa, 0x52, 0xa7, 0xff, 
	0x97, 0x47, 0xb2, 0xff, 0x84, 0x3c, 0xbd, 0xff, 
	0x6b, 0x30, 0xce, 0xff, 0x3f, 0x22, 0xde, 0xff, 
	0x29, 0x1c, 0xe7, 0xff, 0x29, 0x1c, 0xe7, 0xff, 
	0x15, 0x16, 0xf4, 0xff, 0x10, 0x14, 0xf7, 0xff, 
	0x10, 0x14, 0xf7, 0xff, 0x10, 0x14, 0xf7, 0xff, 
	0x10, 0x18, 0xf7, 0xff, 0x18, 0x22, 0xf7, 0xff, 
	0x20, 0x2d, 0xf7, 0xff, 0x29, 0x38, 0xf7, 0xff, 
	0x42, 0x4d, 0xef, 0xff, 0x5d, 0x4f, 0xe6, 0xff, 
	0x78, 0x52, 0xde, 0xff, 0x94, 0x55, 0xd6, 0xff, 
	0xb5, 0x45, 0xd6, 0xff, 0xd6, 0x29, 0xd6, 0xff, 
	0xd6, 0x29, 0xd6, 0xff, 0xe7, 0x1c, 0xd6, 0xff, 
	0xe9, 0x15, 0xd0, 0xff, 0xe9, 0x15, 0xd0, 0xff, 
	0xe9, 0x15, 0xd0, 0xff, 0xe3, 0x1a, 0xcb, 0xff, 
	0xde, 0x20, 0xc6, 0xff, 0xcd, 0x2d, 0xbb, 0xff, 
	0xbd, 0x3b, 0xb0, 0xff, 0xad, 0x49, 0xa5, 0xff, 
	0x8c, 0x61, 0x8c, 0xff, 0x7b, 0x5b, 0x94, 0xff, 
	0x6a, 0x56, 0x9c, 0xff, 0x5a, 0x51, 0xa5, 0xff, 
	0x5a, 0x3c, 0xb5, 0xff, 0x5a, 0x34, 0xc0, 0xff, 
	0x5a, 0x30, 0xc6, 0xff, 0x5a, 0x30, 0xc6, 0xff, 
	0x5d, 0x2e, 0xc5, 0xff, 0x5d, 0x2e, 0xc5, 0xff, 
	0x5d, 0x2e, 0xc5, 0xff, 0x5d, 0x2e, 0xc5, 0xff, 
	0x5d, 0x2f, 0xc5, 0xff, 0x5d, 0x2f, 0xc5, 0xff, 
	0x5d, 0x2f, 0xc5, 0xff, 0x5d, 0x2f, 0xc5, 0xff, 
	0x5a, 0x30, 0xc6, 0xff, 0x5a, 0x30, 0xc6, 0xff, 
	0x5d, 0x32, 0xc3, 0xff, 0x63, 0x38, 0xbd, 0xff, 
	0x6b, 0x4d, 0xad, 0xff, 0x6b, 0x69, 0xa7, 0xff, 
	0x6b, 0x85, 0xa1, 0xff, 0x6b, 0xa2, 0x9c, 0xff, 
	0x52, 0xb2, 0xad, 0xff, 0x44, 0xb2, 0xba, 0xff, 
	0x29, 0xb2, 0xd6, 0xff, 0x29, 0xb2, 0xd6, 0xff, 
	0x29, 0xb2, 0xd8, 0xff, 0x29, 0xb2, 0xd8, 0xff, 
	0x31, 0xb2, 0xd3, 0xff, 0x39, 0xb2, 0xce, 0xff, 
	0x42, 0xb2, 0xbd, 0xff, 0x58, 0xa3, 0xb5, 0xff, 
	0x6e, 0x94, 0xad, 0xff, 0x84, 0x86, 0xa5, 0xff, 
	0x94, 0x6d, 0xa5, 0xff, 0xa1, 0x5a, 0xb2, 0xff, 
	0xaf, 0x47, 0xc0, 0xff, 0xbd, 0x34, 0xce, 0xff, 
	0xc0, 0x28, 0xd3, 0xff, 0xc3, 0x24, 0xd8, 0xff, 
	0xc3, 0x24, 0xd8, 0xff, 0xc0, 0x28, 0xd3, 0xff, 
	0xb5, 0x2c, 0xce, 0xff, 0xaf, 0x33, 0xbd, 0xff, 
	0xaa, 0x3a, 0xac, 0xff, 0xa5, 0x41, 0x9c, 0xff, 
	0xad, 0x41, 0x84, 0xff, 0xb5, 0x41, 0x70, 0xff, 
	0xbd, 0x41, 0x5d, 0xff, 0xc6, 0x41, 0x4a, 0xff, 
	0xce, 0x41, 0x39, 0xff, 0xce, 0x41, 0x39, 0xff, 
	0xd0, 0x3c, 0x36, 0xff, 0xd3, 0x38, 0x33, 0xff, 
	0xce, 0x38, 0x39, 0xff, 0xce, 0x38, 0x39, 0xff, 
	0xc0, 0x35, 0x47, 0xff, 0xb2, 0x32, 0x55, 0xff, 
	0x9c, 0x34, 0x6b, 0xff, 0x8b, 0x32, 0x83, 0xff, 
	0x7b, 0x31, 0x9c, 0xff, 0x6b, 0x30, 0xb5, 0xff, 
	0x60, 0x30, 0xbd, 0xff, 0x5d, 0x30, 0xc5, 0xff, 
	0x5d, 0x30, 0xc5, 0xff, 0x5d, 0x30, 0xc5, 0xff, 
	0x5d, 0x2f, 0xc5, 0xff, 0x5d, 0x2f, 0xc5, 0xff, 
	0x5d, 0x2f, 0xc5, 0xff, 0x5d, 0x2f, 0xc5, 0xff, 
	0x5d, 0x2f, 0xc5, 0xff, 0x5d, 0x2f, 0xc5, 0xff, 
	0x5d, 0x2f, 0xc5, 0xff, 0x5d, 0x2f, 0xc5, 0xff, 
	0x5d, 0x2f, 0xc5, 0xff, 0x5d, 0x2f, 0xc5, 0xff, 
	0x5d, 0x2f, 0xc5, 0xff, 0x5d, 0x2f, 0xc5, 0xff, 
	0x5d, 0x2e, 0xc5, 0xff, 0x5d, 0x2e, 0xc5, 0xff, 
	0x5d, 0x2e, 0xc5, 0xff, 0x5d, 0x2e, 0xc5, 0xff, 
	0x5a, 0x2c, 0xc6, 0xff, 0x62, 0x35, 0xbd, 0xff, 
	0x62, 0x35, 0xbd, 0xff, 0x6a, 0x3f, 0xb5, 0xff, 
	0x7b, 0x41, 0xad, 0xff, 0x8b, 0x55, 0x9f, 0xff, 
	0x9c, 0x69, 0x91, 0xff, 0xad, 0x7d, 0x84, 0xff, 
	0xc0, 0x7c, 0x86, 0xff, 0xc0, 0x7c, 0x86, 0xff, 
	0xc0, 0x7c, 0x86, 0xff, 0xc3, 0x6a, 0x91, 0xff, 
	0xbd, 0x5d, 0x9c, 0xff, 0xaa, 0x52, 0xa7, 0xff, 
	0x97, 0x47, 0xb2, 0xff, 0x84, 0x3c, 0xbd, 0xff, 
	0x6b, 0x30, 0xce, 0xff, 0x55, 0x29, 0xd6, 0xff, 
	0x3f, 0x22, 0xde, 0xff, 0x29, 0x1c, 0xe7, 0xff, 
	0x1b, 0x19, 0xf1, 0xff, 0x10, 0x14, 0xf7, 0xff, 
	0x10, 0x14, 0xf7, 0xff, 0x10, 0x14, 0xf7, 0xff, 
	0x10, 0x18, 0xf7, 0xff, 0x18, 0x22, 0xf7, 0xff, 
	0x20, 0x2d, 0xf7, 0xff, 0x29, 0x38, 0xf7, 0xff, 
	0x42, 0x4d, 0xef, 0xff, 0x5d, 0x4f, 0xe6, 0xff, 
	0x78, 0x52, 0xde, 0xff, 0x94, 0x55, 0xd6, 0xff, 
	0xb5, 0x45, 0xd6, 0xff, 0xc5, 0x37, 0xd6, 0xff, 
	0xd6, 0x29, 0xd6, 0xff, 0xe7, 0x1c, 0xd6, 0xff, 
	0xe9, 0x15, 0xd0, 0xff, 0xe3, 0x1a, 0xcb, 0xff, 
	0xe3, 0x1a, 0xcb, 0xff, 0xe3, 0x1a, 0xcb, 0xff, 
	0xde, 0x20, 0xc6, 0xff, 0xcd, 0x2d, 0xbb, 0xff, 
	0xbd, 0x3b, 0xb0, 0xff, 0xad, 0x49, 0xa5, 0xff, 
	0x8c, 0x61, 0x8c, 0xff, 0x7b, 0x5b, 0x94, 0xff, 
	0x6a, 0x56, 0x9c, 0xff, 0x5a, 0x51, 0xa5, 0xff, 
	0x5a, 0x3c, 0xb5, 0xff, 0x5a, 0x34, 0xc0, 0xff, 
	0x5a, 0x30, 0xc6, 0xff, 0x5a, 0x30, 0xc6, 0xff, 
	0x5d, 0x2e, 0xc5, 0xff, 0x5d, 0x2e, 0xc5, 0xff, 
	0x5d, 0x2e, 0xc5, 0xff, 0x5d, 0x2e, 0xc5, 0xff, 
	0x5d, 0x2f, 0xc5, 0xff, 0x5d, 0x2f, 0xc5, 0xff, 
	0x5d, 0x2f, 0xc5, 0xff, 0x5d, 0x2f, 0xc5, 0xff, 
	0x5a, 0x30, 0xc6, 0xff, 0x5a, 0x30, 0xc6, 0xff, 
	0x5d, 0x32, 0xc3, 0xff, 0x63, 0x38, 0xbd, 0xff, 
	0x6b, 0x4d, 0xad, 0xff, 0x6b, 0x69, 0xa7, 0xff, 
	0x6b, 0x85, 0xa1, 0xff, 0x6b, 0xa2, 0x9c, 0xff, 
	0x52, 0xb2, 0xad, 0xff, 0x36, 0xb2, 0xc8, 0xff, 
	0x29, 0xb2, 0xd6, 0xff, 0x29, 0xb2, 0xd6, 0xff, 
	0x21, 0xb2, 0xde, 0xff, 0x29, 0xb2, 0xd8, 0xff, 
	0x31, 0xb2, 0xd3, 0xff, 0x39, 0xb2, 0xce, 0xff, 
	0x42, 0xb2, 0xbd, 0xff, 0x58, 0xa3, 0xb5, 0xff, 
	0x6e, 0x94, 0xad, 0xff, 0x84, 0x86, 0xa5, 0xff, 
	0x94, 0x6d, 0xa5, 0xff, 0xa1, 0x5a, 0xb2, 0xff, 
	0xaf, 0x47, 0xc0, 0xff, 0xbd, 0x34, 0xce, 0xff, 
	0xc3, 0x24, 0xd8, 0xff, 0xc3, 0x24, 0xd8, 0xff, 
	0xc3, 0x24, 0xd8, 0xff, 0xc0, 0x28, 0xd3, 0xff, 
	0xb5, 0x2c, 0xce, 0xff, 0xaf, 0x33, 0xbd, 0xff, 
	0xaa, 0x3a, 0xac, 0xff, 0xa5, 0x41, 0x9c, 0xff, 
	0xad, 0x41, 0x84, 0xff, 0xb5, 0x41, 0x70, 0xff, 
	0xbd, 0x41, 0x5d, 0xff, 0xc6, 0x41, 0x4a, 0xff, 
	0xce, 0x41, 0x39, 0xff, 0xd0, 0x3c, 0x36, 0xff, 
	0xd3, 0x38, 0x33, 0xff, 0xd3, 0x38, 0x33, 0xff, 
	0xce, 0x38, 0x39, 0xff, 0xc0, 0x35, 0x47, 0xff, 
	0xb2, 0x32, 0x55, 0xff, 0xa5, 0x30, 0x63, 0xff, 
	0x8b, 0x32, 0x83, 0xff, 0x7b, 0x31, 0x9c, 0xff, 
	0x6b, 0x30, 0xb5, 0xff, 0x6b, 0x30, 0xb5, 0xff, 
	0x60, 0x30, 0xbd, 0xff, 0x5d, 0x30, 0xc5, 0xff, 
	0x5d, 0x30, 0xc5, 0xff, 0x5d, 0x30, 0xc5, 0xff, 
	0x5d, 0x2f, 0xc5, 0xff, 0x5d, 0x2f, 0xc5, 0xff, 
	0x5d, 0x2f, 0xc5, 0xff, 0x5d, 0x2f, 0xc5, 0xff, 
	0x5d, 0x2f, 0xc5, 0xff, 0x5d, 0x2f, 0xc5, 0xff, 
	0x5d, 0x2f, 0xc5, 0xff, 0x5d, 0x2f, 0xc5, 0xff, 
	0x5d, 0x2f, 0xc5, 0xff, 0x5d, 0x2f, 0xc5, 0xff, 
	0x5d, 0x2f, 0xc5, 0xff, 0x5d, 0x2f, 0xc5, 0xff, 
	0x5d, 0x2e, 0xc5, 0xff, 0x5d, 0x2e, 0xc5, 0xff, 
	0x5d, 0x2e, 0xc5, 0xff, 0x5d, 0x2e, 0xc5, 0xff, 
	0x5a, 0x2c, 0xc6, 0xff, 0x5a, 0x2c, 0xc6, 0xff, 
	0x62, 0x35, 0xbd, 0xff, 0x62, 0x35, 0xbd, 0xff, 
	0x7b, 0x41, 0xad, 0xff, 0x7b, 0x41, 0xad, 0xff, 
	0x8b, 0x55, 0x9f, 0xff, 0x9c, 0x69, 0x91, 0xff, 
	0xc3, 0x6a, 0x91, 0xff, 0xc3, 0x6a, 0x91, 0xff, 
	0xc3, 0x6a, 0x91, 0xff, 0xc6, 0x59, 0x9c, 0xff, 
	0xbd, 0x5d, 0x9c, 0xff, 0xaa, 0x52, 0xa7, 0xff, 
	0x97, 0x47, 0xb2, 0xff, 0x84, 0x3c, 0xbd, 0xff, 
	0x6b, 0x30, 0xce, 0xff, 0x55, 0x29, 0xd6, 0xff, 
	0x3f, 0x22, 0xde, 0xff, 0x29, 0x1c, 0xe7, 0xff, 
	0x1b, 0x19, 0xf1, 0xff, 0x15, 0x16, 0xf4, 0xff, 
	0x10, 0x14, 0xf7, 0xff, 0x10, 0x14, 0xf7, 0xff, 
	0x10, 0x18, 0xf7, 0xff, 0x18, 0x22, 0xf7, 0xff, 
	0x20, 0x2d, 0xf7, 0xff, 0x29, 0x38, 0xf7, 0xff, 
	0x42, 0x4d, 0xef, 0xff, 0x5d, 0x4f, 0xe6, 0xff, 
	0x78, 0x52, 0xde, 0xff, 0x94, 0x55, 0xd6, 0xff, 
	0xb5, 0x45, 0xd6, 0xff, 0xc5, 0x37, 0xd6, 0xff, 
	0xd6, 0x29, 0xd6, 0xff, 0xe7, 0x1c, 0xd6, 0xff, 
	0xe3, 0x1a, 0xcb, 0xff, 0xe3, 0x1a, 0xcb, 0xff, 
	0xe3, 0x1a, 0xcb, 0xff, 0xde, 0x20, 0xc6, 0xff, 
	0xde, 0x20, 0xc6, 0xff, 0xcd, 0x2d, 0xbb, 0xff, 
	0xbd, 0x3b, 0xb0, 0xff, 0xad, 0x49, 0xa5, 0xff, 
	0x8c, 0x61, 0x8c, 0xff, 0x7b, 0x5b, 0x94, 0xff, 
	0x6a, 0x56, 0x9c, 0xff, 0x5a, 0x51, 0xa5, 0xff, 
	0x5a, 0x3c, 0xb5, 0xff, 0x5a, 0x34, 0xc0, 0xff, 
	0x5a, 0x30, 0xc6, 0xff, 0x5a, 0x30, 0xc6, 0xff, 
	0x5d, 0x2e, 0xc5, 0xff, 0x5d, 0x2e, 0xc5, 0xff, 
	0x5d, 0x2e, 0xc5, 0xff, 0x5d, 0x2e, 0xc5, 0xff, 
	0x5d, 0x2f, 0xc5, 0xff, 0x5d, 0x2f, 0xc5, 0xff, 
	0x5d, 0x2f, 0xc5, 0xff, 0x5d, 0x2f, 0xc5, 0xff, 
	0x5a, 0x30, 0xc6, 0xff, 0x5d, 0x32, 0xc3, 0xff, 
	0x60, 0x35, 0xc0, 0xff, 0x63, 0x38, 0xbd, 0xff, 
	0x6b, 0x4d, 0xad, 0xff, 0x6b, 0x69, 0xa7, 0xff, 
	0x6b, 0x85, 0xa1, 0xff, 0x6b, 0xa2, 0x9c, 0xff, 
	0x44, 0xb2, 0xba, 0xff, 0x36, 0xb2, 0xc8, 0xff, 
	0x29, 0xb2, 0xd6, 0xff, 0x29, 0xb2, 0xd6, 0xff, 
	0x21, 0xb2, 0xde, 0xff, 0x21, 0xb2, 0xde, 0xff, 
	0x29, 0xb2, 0xd8, 0xff, 0x39, 0xb2, 0xce, 0xff, 
	0x42, 0xb2, 0xbd, 0xff, 0x58, 0xa3, 0xb5, 0xff, 
	0x6e, 0x94, 0xad, 0xff, 0x84, 0x86, 0xa5, 0xff, 
	0x94, 0x6d, 0xa5, 0xff, 0xaf, 0x47, 0xc0, 0xff, 
	0xbd, 0x34, 0xce, 0xff, 0xbd, 0x34, 0xce, 0xff, 
	0xc3, 0x24, 0xd8, 0xff, 0xc6, 0x20, 0xde, 0xff, 
	0xc6, 0x20, 0xde, 0xff, 0xc3, 0x24, 0xd8, 0xff, 
	0xb5, 0x2c, 0xce, 0xff, 0xb5, 0x2c, 0xce, 0xff, 
	0xaf, 0x33, 0xbd, 0xff, 0xaa, 0x3a, 0xac, 0xff, 
	0xad, 0x41, 0x84, 0xff, 0xb5, 0x41, 0x70, 0xff, 
	0xbd, 0x41, 0x5d, 0xff, 0xc6, 0x41, 0x4a, 0xff, 
	0xd0, 0x3c, 0x36, 0xff, 0xd3, 0x38, 0x33, 0xff, 
	0xd3, 0x38, 0x33, 0xff, 0xd3, 0x38, 0x33, 0xff, 
	0xce, 0x38, 0x39, 0xff, 0xc0, 0x35, 0x47, 0xff, 
	0xb2, 0x32, 0x55, 0xff, 0xa5, 0x30, 0x63, 0xff, 
	0x8b, 0x32, 0x83, 0xff, 0x7b, 0x31, 0x9c, 0xff, 
	0x6b, 0x30, 0xb5, 0xff, 0x6b, 0x30, 0xb5, 0xff, 
	0x5d, 0x30, 0xc5, 0xff, 0x5d, 0x30, 0xc5, 0xff, 
	0x5d, 0x30, 0xc5, 0xff, 0x5d, 0x30, 0xc5, 0xff, 
	0x5d, 0x2f, 0xc5, 0xff, 0x5d, 0x2f, 0xc5, 0xff, 
	0x5d, 0x2f, 0xc5, 0xff, 0x5d, 0x2f, 0xc5, 0xff, 
	0x5d, 0x2f, 0xc5, 0xff, 0x5d, 0x2f, 0xc5, 0xff, 
	0x5d, 0x2f, 0xc5, 0xff, 0x5d, 0x2f, 0xc5, 0xff, 
	0x5d, 0x2f, 0xc5, 0xff, 0x5d, 0x2f, 0xc5, 0xff, 
	0x5d, 0x2f, 0xc5, 0xff, 0x5d, 0x2f, 0xc5, 0xff, 
	0x5d, 0x2e, 0xc5, 0xff, 0x5d, 0x2e, 0xc5, 0xff, 
	0x5d, 0x2e, 0xc5, 0xff, 0x5d, 0x2e, 0xc5, 0xff, 
	0x5a, 0x2c, 0xc6, 0xff, 0x5a, 0x2c, 0xc6, 0xff, 
	0x62, 0x35, 0xbd, 0xff, 0x62, 0x35, 0xbd, 0xff, 
	0x7b, 0x41, 0xad, 0xff, 0x7b, 0x41, 0xad, 0xff, 
	0x8b, 0x55, 0x9f, 0xff, 0x8b, 0x55, 0x9f, 0xff, 
	0xc6, 0x59, 0x9c, 0xff, 0xc6, 0x59, 0x9c, 0xff, 
	0xc6, 0x59, 0x9c, 0xff, 0xc6, 0x59, 0x9c, 0xff, 
	0xbd, 0x5d, 0x9c, 0xff, 0xaa, 0x52, 0xa7, 0xff, 
	0x97, 0x47, 0xb2, 0xff, 0x84, 0x3c, 0xbd, 0xff, 
	0x6b, 0x30, 0xce, 0xff, 0x55, 0x29, 0xd6, 0xff, 
	0x3f, 0x22, 0xde, 0xff, 0x29, 0x1c, 0xe7, 0xff, 
	0x21, 0x1c, 0xef, 0xff, 0x15, 0x16, 0xf4, 0xff, 
	0x10, 0x14, 0xf7, 0xff, 0x10, 0x14, 0xf7, 0xff, 
	0x10, 0x18, 0xf7, 0xff, 0x18, 0x22, 0xf7, 0xff, 
	0x20, 0x2d, 0xf7, 0xff, 0x29, 0x38, 0xf7, 0xff, 
	0x42, 0x4d, 0xef, 0xff, 0x5d, 0x4f, 0xe6, 0xff, 
	0x78, 0x52, 0xde, 0xff, 0x94, 0x55, 0xd6, 0xff, 
	0xb5, 0x45, 0xd6, 0xff, 0xc5, 0x37, 0xd6, 0xff, 
	0xd6, 0x29, 0xd6, 0xff, 0xe7, 0x1c, 0xd6, 0xff, 
	0xe3, 0x1a, 0xcb, 0xff, 0xe3, 0x1a, 0xcb, 0xff, 
	0xe3, 0x1a, 0xcb, 0xff, 0xde, 0x20, 0xc6, 0xff, 
	0xde, 0x20, 0xc6, 0xff, 0xcd, 0x2d, 0xbb, 0xff, 
	0xbd, 0x3b, 0xb0, 0xff, 0xad, 0x49, 0xa5, 0xff, 
	0x8c, 0x61, 0x8c, 0xff, 0x7b, 0x5b, 0x94, 0xff, 
	0x6a, 0x56, 0x9c, 0xff, 0x5a, 0x51, 0xa5, 0xff, 
	0x5a, 0x3c, 0xb5, 0xff, 0x5a, 0x34, 0xc0, 0xff, 
	0x5a, 0x30, 0xc6, 0xff, 0x5a, 0x30, 0xc6, 0xff, 
	0x5d, 0x2e, 0xc5, 0xff, 0x5d, 0x2e, 0xc5, 0xff, 
	0x5d, 0x2e, 0xc5, 0xff, 0x5d, 0x2e, 0xc5, 0xff, 
	0x5d, 0x2e, 0xc5, 0xff, 0x5d, 0x2e, 0xc5, 0xff, 
	0x5d, 0x2e, 0xc5, 0xff, 0x5d, 0x2e, 0xc5, 0xff, 
	0x5d, 0x30, 0xc3, 0xff, 0x5d, 0x30, 0xc3, 0xff, 
	0x60, 0x38, 0xc0, 0xff, 0x63, 0x41, 0xbd, 0xff, 
	0x73, 0x5d, 0xa5, 0xff, 0x6a, 0x78, 0xa5, 0xff, 
	0x62, 0x93, 0xa5, 0xff, 0x5a, 0xae, 0xa5, 0xff, 
	0x42, 0xb2, 0xbd, 0xff, 0x2c, 0xb2, 0xd3, 0xff, 
	0x21, 0xb2, 0xde, 0xff, 0x21, 0xb2, 0xde, 0xff, 
	0x21, 0xb2, 0xde, 0xff, 0x21, 0xb2, 0xde, 0xff, 
	0x29, 0xb2, 0xd8, 0xff, 0x31, 0xb2, 0xd3, 0xff, 
	0x4a, 0xaa, 0xbd, 0xff, 0x60, 0x98, 0xb7, 0xff, 
	0x76, 0x86, 0xb2, 0xff, 0x8c, 0x75, 0xad, 0xff, 
	0xa5, 0x59, 0xb5, 0xff, 0xb0, 0x47, 0xc0, 0xff, 
	0xbb, 0x35, 0xcb, 0xff, 0xc6, 0x24, 0xd6, 0xff, 
	0xc6, 0x20, 0xde, 0xff, 0xc8, 0x1d, 0xe1, 0xff, 
	0xc6, 0x20, 0xde, 0xff, 0xc6, 0x20, 0xde, 0xff, 
	0xbd, 0x24, 0xd6, 0xff, 0xba, 0x28, 0xc5, 0xff, 
	0xb7, 0x2c, 0xb5, 0xff, 0xb5, 0x30, 0xa5, 0xff, 
	0xb5, 0x30, 0x8c, 0xff, 0xbd, 0x31, 0x76, 0xff, 
	0xc5, 0x32, 0x60, 0xff, 0xce, 0x34, 0x4a, 0xff, 
	0xd0, 0x36, 0x3c, 0xff, 0xd3, 0x35, 0x36, 0xff, 
	0xd3, 0x35, 0x36, 0xff, 0xd3, 0x35, 0x36, 0xff, 
	0xbd, 0x34, 0x4a, 0xff, 0xbd, 0x34, 0x4a, 0xff, 
	0xac, 0x32, 0x5d, 0xff, 0x9c, 0x31, 0x70, 0xff, 
	0x7b, 0x30, 0x94, 0xff, 0x73, 0x30, 0xa1, 0xff, 
	0x6b, 0x30, 0xaf, 0xff, 0x63, 0x30, 0xbd, 0xff, 
	0x5d, 0x2e, 0xc5, 0xff, 0x5d, 0x2e, 0xc5, 0xff, 
	0x5d, 0x2e, 0xc5, 0xff, 0x5d, 0x2e, 0xc5, 0xff, 
	0x5d, 0x2e, 0xc5, 0xff, 0x5d, 0x2e, 0xc5, 0xff, 
	0x5d, 0x2e, 0xc5, 0xff, 0x5d, 0x2e, 0xc5, 0xff, 
	0x5d, 0x2e, 0xc5, 0xff, 0x5d, 0x2e, 0xc5, 0xff, 
	0x5d, 0x2e, 0xc5, 0xff, 0x5d, 0x2e, 0xc5, 0xff, 
	0x5d, 0x2e, 0xc5, 0xff, 0x5d, 0x2e, 0xc5, 0xff, 
	0x5d, 0x2e, 0xc5, 0xff, 0x5d, 0x2e, 0xc5, 0xff, 
	0x5d, 0x2e, 0xc5, 0xff, 0x5d, 0x2e, 0xc5, 0xff, 
	0x5d, 0x2e, 0xc5, 0xff, 0x5d, 0x2e, 0xc5, 0xff, 
	0x5d, 0x2c, 0xc6, 0xff, 0x5d, 0x2c, 0xc6, 0xff, 
	0x60, 0x2c, 0xc6, 0xff, 0x63, 0x2c, 0xc6, 0xff, 
	0x6b, 0x2c, 0xbd, 0xff, 0x7b, 0x2d, 0xba, 0xff, 
	0x8b, 0x2e, 0xb7, 0xff, 0x9c, 0x30, 0xb5, 0xff, 
	0xc6, 0x49, 0xa5, 0xff, 0xc6, 0x49, 0xa5, 0xff, 
	0xc6, 0x49, 0xa5, 0xff, 0xc6, 0x49, 0xa5, 0xff, 
	0xce, 0x3c, 0xbd, 0xff, 0xbd, 0x3d, 0xc2, 0xff, 
	0xac, 0x3f, 0xc8, 0xff, 0x9c, 0x41, 0xce, 0xff, 
	0x7b, 0x3c, 0xd6, 0xff, 0x62, 0x38, 0xde, 0xff, 
	0x49, 0x34, 0xe6, 0xff, 0x31, 0x30, 0xef, 0xff, 
	0x1b, 0x26, 0xf7, 0xff, 0x15, 0x21, 0xf7, 0xff, 
	0x10, 0x1c, 0xf7, 0xff, 0x10, 0x1c, 0xf7, 0xff, 
	0x10, 0x20, 0xf7, 0xff, 0x18, 0x2b, 0xf7, 0xff, 
	0x20, 0x36, 0xf7, 0xff, 0x29, 0x41, 0xf7, 0xff, 
	0x39, 0x55, 0xef, 0xff, 0x52, 0x5a, 0xe4, 0xff, 
	0x6b, 0x5f, 0xd9, 0xff, 0x84, 0x65, 0xce, 0xff, 
	0xa5, 0x51, 0xce, 0xff, 0xb8, 0x42, 0xce, 0xff, 
	0xcb, 0x33, 0xce, 0xff, 0xde, 0x24, 0xce, 0xff, 
	0xe4, 0x1d, 0xcb, 0xff, 0xe1, 0x1e, 0xc8, 0xff, 
	0xe1, 0x1e, 0xc8, 0xff, 0xde, 0x20, 0xc6, 0xff, 
	0xd3, 0x28, 0xc0, 0xff, 0xd3, 0x28, 0xc0, 0xff, 
	0xc0, 0x38, 0xb2, 0xff, 0xad, 0x49, 0xa5, 0xff, 
	0x8c, 0x61, 0x8c, 0xff, 0x7b, 0x5b, 0x94, 0xff, 
	0x6a, 0x56, 0x9c, 0xff, 0x5a, 0x51, 0xa5, 0xff, 
	0x5a, 0x3c, 0xb5, 0xff, 0x5a, 0x34, 0xc0, 0xff, 
	0x5a, 0x30, 0xc6, 0xff, 0x5a, 0x30, 0xc6, 0xff, 
	0x5d, 0x2e, 0xc5, 0xff, 0x5d, 0x2e, 0xc5, 0xff, 
	0x5d, 0x2e, 0xc5, 0xff, 0x5d, 0x2e, 0xc5, 0xff, 
	0x5d, 0x2e, 0xc5, 0xff, 0x5d, 0x2e, 0xc5, 0xff, 
	0x5d, 0x2e, 0xc5, 0xff, 0x5d, 0x2e, 0xc5, 0xff, 
	0x5d, 0x30, 0xc3, 0xff, 0x5d, 0x30, 0xc3, 0xff, 
	0x60, 0x38, 0xc0, 0xff, 0x63, 0x41, 0xbd, 0xff, 
	0x73, 0x5d, 0xa5, 0xff, 0x6a, 0x78, 0xa5, 0xff, 
	0x62, 0x93, 0xa5, 0xff, 0x5a, 0xae, 0xa5, 0xff, 
	0x42, 0xb2, 0xbd, 0xff, 0x2c, 0xb2, 0xd3, 0xff, 
	0x21, 0xb2, 0xde, 0xff, 0x21, 0xb2, 0xde, 0xff, 
	0x21, 0xb2, 0xde, 0xff, 0x21, 0xb2, 0xde, 0xff, 
	0x29, 0xb2, 0xd8, 0xff, 0x31, 0xb2, 0xd3, 0xff, 
	0x4a, 0xaa, 0xbd, 0xff, 0x60, 0x98, 0xb7, 0xff, 
	0x76, 0x86, 0xb2, 0xff, 0x8c, 0x75, 0xad, 0xff, 
	0xa5, 0x59, 0xb5, 0xff, 0xb0, 0x47, 0xc0, 0xff, 
	0xbb, 0x35, 0xcb, 0xff, 0xc6, 0x24, 0xd6, 0xff, 
	0xc6, 0x20, 0xde, 0xff, 0xc8, 0x1d, 0xe1, 0xff, 
	0xc8, 0x1d, 0xe1, 0xff, 0xc6, 0x20, 0xde, 0xff, 
	0xbd, 0x24, 0xd6, 0xff, 0xba, 0x28, 0xc5, 0xff, 
	0xb7, 0x2c, 0xb5, 0xff, 0xb5, 0x30, 0xa5, 0xff, 
	0xb5, 0x30, 0x8c, 0xff, 0xbd, 0x31, 0x76, 0xff, 
	0xc5, 0x32, 0x60, 0xff, 0xce, 0x34, 0x4a, 0xff, 
	0xce, 0x38, 0x42, 0xff, 0xd0, 0x36, 0x3c, 0xff, 
	0xd3, 0x35, 0x36, 0xff, 0xd0, 0x36, 0x3c, 0xff, 
	0xbd, 0x34, 0x4a, 0xff, 0xbd, 0x34, 0x4a, 0xff, 
	0xac, 0x32, 0x5d, 0xff, 0x8c, 0x30, 0x84, 0xff, 
	0x7b, 0x30, 0x94, 0xff, 0x6b, 0x30, 0xaf, 0xff, 
	0x63, 0x30, 0xbd, 0xff, 0x63, 0x30, 0xbd, 0xff, 
	0x5d, 0x2e, 0xc5, 0xff, 0x5d, 0x2e, 0xc5, 0xff, 
	0x5d, 0x2e, 0xc5, 0xff, 0x5d, 0x2e, 0xc5, 0xff, 
	0x5d, 0x2e, 0xc5, 0xff, 0x5d, 0x2e, 0xc5, 0xff, 
	0x5d, 0x2e, 0xc5, 0xff, 0x5d, 0x2e, 0xc5, 0xff, 
	0x5d, 0x2e, 0xc5, 0xff, 0x5d, 0x2e, 0xc5, 0xff, 
	0x5d, 0x2e, 0xc5, 0xff, 0x5d, 0x2e, 0xc5, 0xff, 
	0x5d, 0x2e, 0xc5, 0xff, 0x5d, 0x2e, 0xc5, 0xff, 
	0x5d, 0x2e, 0xc5, 0xff, 0x5d, 0x2e, 0xc5, 0xff, 
	0x5d, 0x2e, 0xc5, 0xff, 0x5d, 0x2e, 0xc5, 0xff, 
	0x5d, 0x2e, 0xc5, 0xff, 0x5d, 0x2e, 0xc5, 0xff, 
	0x5d, 0x2c, 0xc6, 0xff, 0x5d, 0x2c, 0xc6, 0xff, 
	0x5d, 0x2c, 0xc6, 0xff, 0x63, 0x2c, 0xc6, 0xff, 
	0x6b, 0x2c, 0xbd, 0xff, 0x7b, 0x2d, 0xba, 0xff, 
	0x8b, 0x2e, 0xb7, 0xff, 0x9c, 0x30, 0xb5, 0xff, 
	0xc6, 0x3e, 0xad, 0xff, 0xc6, 0x3e, 0xad, 0xff, 
	0xc6, 0x3e, 0xad, 0xff, 0xc6, 0x3e, 0xad, 0xff, 
	0xce, 0x3c, 0xbd, 0xff, 0xbd, 0x3d, 0xc2, 0xff, 
	0xac, 0x3f, 0xc8, 0xff, 0x9c, 0x41, 0xce, 0xff, 
	0x7b, 0x3c, 0xd6, 0xff, 0x62, 0x38, 0xde, 0xff, 
	0x49, 0x34, 0xe6, 0xff, 0x31, 0x30, 0xef, 0xff, 
	0x1b, 0x26, 0xf7, 0xff, 0x15, 0x21, 0xf7, 0xff, 
	0x15, 0x21, 0xf7, 0xff, 0x10, 0x1c, 0xf7, 0xff, 
	0x10, 0x20, 0xf7, 0xff, 0x18, 0x2b, 0xf7, 0xff, 
	0x20, 0x36, 0xf7, 0xff, 0x29, 0x41, 0xf7, 0xff, 
	0x39, 0x55, 0xef, 0xff, 0x52, 0x5a, 0xe4, 0xff, 
	0x6b, 0x5f, 0xd9, 0xff, 0x84, 0x65, 0xce, 0xff, 
	0xa5, 0x51, 0xce, 0xff, 0xb8, 0x42, 0xce, 0xff, 
	0xcb, 0x33, 0xce, 0xff, 0xde, 0x24, 0xce, 0xff, 
	0xe4, 0x1d, 0xcb, 0xff, 0xe1, 0x1e, 0xc8, 0xff, 
	0xde, 0x20, 0xc6, 0xff, 0xde, 0x20, 0xc6, 0xff, 
	0xd3, 0x28, 0xc0, 0xff, 0xd3, 0x28, 0xc0, 0xff, 
	0xc0, 0x38, 0xb2, 0xff, 0xad, 0x49, 0xa5, 0xff, 
	0x8c, 0x61, 0x8c, 0xff, 0x7b, 0x5b, 0x94, 0xff, 
	0x6a, 0x56, 0x9c, 0xff, 0x5a, 0x51, 0xa5, 0xff, 
	0x5a, 0x3c, 0xb5, 0xff, 0x5a, 0x34, 0xc0, 0xff, 
	0x5a, 0x30, 0xc6, 0xff, 0x5a, 0x30, 0xc6, 0xff, 
	0x5d, 0x2e, 0xc5, 0xff, 0x5d, 0x2e, 0xc5, 0xff, 
	0x5d, 0x2e, 0xc5, 0xff, 0x5d, 0x2e, 0xc5, 0xff, 
	0x5d, 0x2e, 0xc5, 0xff, 0x5d, 0x2e, 0xc5, 0xff, 
	0x5d, 0x2e, 0xc5, 0xff, 0x5d, 0x2e, 0xc5, 0xff, 
	0x5d, 0x30, 0xc3, 0xff, 0x5d, 0x30, 0xc3, 0xff, 
	0x60, 0x38, 0xc0, 0xff, 0x63, 0x41, 0xbd, 0xff, 
	0x73, 0x5d, 0xa5, 0xff, 0x6a, 0x78, 0xa5, 0xff, 
	0x62, 0x93, 0xa5, 0xff, 0x5a, 0xae, 0xa5, 0xff, 
	0x42, 0xb2, 0xbd, 0xff, 0x2c, 0xb2, 0xd3, 0xff, 
	0x21, 0xb2, 0xde, 0xff, 0x21, 0xb2, 0xde, 0xff, 
	0x21, 0xb2, 0xde, 0xff, 0x21, 0xb2, 0xde, 0xff, 
	0x29, 0xb2, 0xd8, 0xff, 0x31, 0xb2, 0xd3, 0xff, 
	0x4a, 0xaa, 0xbd, 0xff, 0x60, 0x98, 0xb7, 0xff, 
	0x76, 0x86, 0xb2, 0xff, 0x8c, 0x75, 0xad, 0xff, 
	0xa5, 0x59, 0xb5, 0xff, 0xb0, 0x47, 0xc0, 0xff, 
	0xbb, 0x35, 0xcb, 0xff, 0xc6, 0x24, 0xd6, 0xff, 
	0xc8, 0x1d, 0xe1, 0xff, 0xc8, 0x1d, 0xe1, 0xff, 
	0xc8, 0x1d, 0xe1, 0xff, 0xc6, 0x20, 0xde, 0xff, 
	0xbd, 0x24, 0xd6, 0xff, 0xba, 0x28, 0xc5, 0xff, 
	0xb7, 0x2c, 0xb5, 0xff, 0xb5, 0x30, 0xa5, 0xff, 
	0xb5, 0x30, 0x8c, 0xff, 0xbd, 0x31, 0x76, 0xff, 
	0xc5, 0x32, 0x60, 0xff, 0xce, 0x34, 0x4a, 0xff, 
	0xce, 0x38, 0x42, 0xff, 0xd0, 0x36, 0x3c, 0xff, 
	0xd0, 0x36, 0x3c, 0xff, 0xce, 0x38, 0x42, 0xff, 
	0xbd, 0x34, 0x4a, 0xff, 0xac, 0x32, 0x5d, 0xff, 
	0x9c, 0x31, 0x70, 0xff, 0x8c, 0x30, 0x84, 0xff, 
	0x73, 0x30, 0xa1, 0xff, 0x6b, 0x30, 0xaf, 0xff, 
	0x63, 0x30, 0xbd, 0xff, 0x63, 0x30, 0xbd, 0xff, 
	0x5d, 0x2e, 0xc5, 0xff, 0x5d, 0x2e, 0xc5, 0xff, 
	0x5d, 0x2e, 0xc5, 0xff, 0x5d, 0x2e, 0xc5, 0xff, 
	0x5d, 0x2e, 0xc5, 0xff, 0x5d, 0x2e, 0xc5, 0xff, 
	0x5d, 0x2e, 0xc5, 0xff, 0x5d, 0x2e, 0xc5, 0xff, 
	0x5d, 0x2e, 0xc5, 0xff, 0x5d, 0x2e, 0xc5, 0xff, 
	0x5d, 0x2e, 0xc5, 0xff, 0x5d, 0x2e, 0xc5, 0xff, 
	0x5d, 0x2e, 0xc5, 0xff, 0x5d, 0x2e, 0xc5, 0xff, 
	0x5d, 0x2e, 0xc5, 0xff, 0x5d, 0x2e, 0xc5, 0xff, 
	0x5d, 0x2e, 0xc5, 0xff, 0x5d, 0x2e, 0xc5, 0xff, 
	0x5d, 0x2e, 0xc5, 0xff, 0x5d, 0x2e, 0xc5, 0xff, 
	0x5d, 0x2c, 0xc6, 0xff, 0x5d, 0x2c, 0xc6, 0xff, 
	0x5d, 0x2c, 0xc6, 0xff, 0x63, 0x2c, 0xc6, 0xff, 
	0x6b, 0x2c, 0xbd, 0xff, 0x7b, 0x2d, 0xba, 0xff, 
	0x8b, 0x2e, 0xb7, 0xff, 0x9c, 0x30, 0xb5, 0xff, 
	0xc6, 0x33, 0xb5, 0xff, 0xc6, 0x33, 0xb5, 0xff, 
	0xc6, 0x33, 0xb5, 0xff, 0xc6, 0x33, 0xb5, 0xff, 
	0xce, 0x3c, 0xbd, 0xff, 0xbd, 0x3d, 0xc2, 0xff, 
	0xac, 0x3f, 0xc8, 0xff, 0x9c, 0x41, 0xce, 0xff, 
	0x7b, 0x3c, 0xd6, 0xff, 0x62, 0x38, 0xde, 0xff, 
	0x49, 0x34, 0xe6, 0xff, 0x31, 0x30, 0xef, 0xff, 
	0x21, 0x2c, 0xf7, 0xff, 0x1b, 0x26, 0xf7, 0xff, 
	0x15, 0x21, 0xf7, 0xff, 0x10, 0x1c, 0xf7, 0xff, 
	0x10, 0x20, 0xf7, 0xff, 0x18, 0x2b, 0xf7, 0xff, 
	0x20, 0x36, 0xf7, 0xff, 0x29, 0x41, 0xf7, 0xff, 
	0x39, 0x55, 0xef, 0xff, 0x52, 0x5a, 0xe4, 0xff, 
	0x6b, 0x5f, 0xd9, 0xff, 0x84, 0x65, 0xce, 0xff, 
	0xa5, 0x51, 0xce, 0xff, 0xb8, 0x42, 0xce, 0xff, 
	0xcb, 0x33, 0xce, 0xff, 0xde, 0x24, 0xce, 0xff, 
	0xe1, 0x1e, 0xc8, 0xff, 0xe1, 0x1e, 0xc8, 0xff, 
	0xde, 0x20, 0xc6, 0xff, 0xde, 0x20, 0xc6, 0xff, 
	0xd3, 0x28, 0xc0, 0xff, 0xd3, 0x28, 0xc0, 0xff, 
	0xc0, 0x38, 0xb2, 0xff, 0xad, 0x49, 0xa5, 0xff, 
	0x8c, 0x61, 0x8c, 0xff, 0x7b, 0x5b, 0x94, 0xff, 
	0x6a, 0x56, 0x9c, 0xff, 0x5a, 0x51, 0xa5, 0xff, 
	0x5a, 0x3c, 0xb5, 0xff, 0x5a, 0x34, 0xc0, 0xff, 
	0x5a, 0x30, 0xc6, 0xff, 0x5a, 0x30, 0xc6, 0xff, 
	0x5d, 0x2e, 0xc5, 0xff, 0x5d, 0x2e, 0xc5, 0xff, 
	0x5d, 0x2e, 0xc5, 0xff, 0x5d, 0x2e, 0xc5, 0xff, 
	0x5d, 0x2e, 0xc5, 0xff, 0x5d, 0x2e, 0xc5, 0xff, 
	0x5d, 0x2e, 0xc5, 0xff, 0x5d, 0x2e, 0xc5, 0xff, 
	0x5d, 0x30, 0xc3, 0xff, 0x5d, 0x30, 0xc3, 0xff, 
	0x60, 0x38, 0xc0, 0xff, 0x63, 0x41, 0xbd, 0xff, 
	0x73, 0x5d, 0xa5, 0xff, 0x6a, 0x78, 0xa5, 0xff, 
	0x62, 0x93, 0xa5, 0xff, 0x5a, 0xae, 0xa5, 0xff, 
	0x42, 0xb2, 0xbd, 0xff, 0x2c, 0xb2, 0xd3, 0xff, 
	0x21, 0xb2, 0xde, 0xff, 0x21, 0xb2, 0xde, 0xff, 
	0x21, 0xb2, 0xde, 0xff, 0x21, 0xb2, 0xde, 0xff, 
	0x29, 0xb2, 0xd8, 0xff, 0x31, 0xb2, 0xd3, 0xff, 
	0x4a, 0xaa, 0xbd, 0xff, 0x60, 0x98, 0xb7, 0xff, 
	0x76, 0x86, 0xb2, 0xff, 0x8c, 0x75, 0xad, 0xff, 
	0xa5, 0x59, 0xb5, 0xff, 0xb0, 0x47, 0xc0, 0xff, 
	0xbb, 0x35, 0xcb, 0xff, 0xc6, 0x24, 0xd6, 0xff, 
	0xc8, 0x1d, 0xe1, 0xff, 0xcb, 0x1a, 0xe4, 0xff, 
	0xc8, 0x1d, 0xe1, 0xff, 0xc6, 0x20, 0xde, 0xff, 
	0xbd, 0x24, 0xd6, 0xff, 0xba, 0x28, 0xc5, 0xff, 
	0xb7, 0x2c, 0xb5, 0xff, 0xb5, 0x30, 0xa5, 0xff, 
	0xb5, 0x30, 0x8c, 0xff, 0xbd, 0x31, 0x76, 0xff, 
	0xc5, 0x32, 0x60, 0xff, 0xce, 0x34, 0x4a, 0xff, 
	0xce, 0x38, 0x42, 0xff, 0xce, 0x38, 0x42, 0xff, 
	0xce, 0x38, 0x42, 0xff, 0xce, 0x38, 0x42, 0xff, 
	0xbd, 0x34, 0x4a, 0xff, 0xac, 0x32, 0x5d, 0xff, 
	0x9c, 0x31, 0x70, 0xff, 0x8c, 0x30, 0x84, 0xff, 
	0x73, 0x30, 0xa1, 0xff, 0x6b, 0x30, 0xaf, 0xff, 
	0x63, 0x30, 0xbd, 0xff, 0x63, 0x30, 0xbd, 0xff, 
	0x5d, 0x2e, 0xc5, 0xff, 0x5d, 0x2e, 0xc5, 0xff, 
	0x5d, 0x2e, 0xc5, 0xff, 0x5d, 0x2e, 0xc5, 0xff, 
	0x5d, 0x2e, 0xc5, 0xff, 0x5d, 0x2e, 0xc5, 0xff, 
	0x5d, 0x2e, 0xc5, 0xff, 0x5d, 0x2e, 0xc5, 0xff, 
	0x5d, 0x2e, 0xc5, 0xff, 0x5d, 0x2e, 0xc5, 0xff, 
	0x5d, 0x2e, 0xc5, 0xff, 0x5d, 0x2e, 0xc5, 0xff, 
	0x5d, 0x2e, 0xc5, 0xff, 0x5d, 0x2e, 0xc5, 0xff, 
	0x5d, 0x2e, 0xc5, 0xff, 0x5d, 0x2e, 0xc5, 0xff, 
	0x5d, 0x2e, 0xc5, 0xff, 0x5d, 0x2e, 0xc5, 0xff, 
	0x5d, 0x2e, 0xc5, 0xff, 0x5d, 0x2e, 0xc5, 0xff, 
	0x5d, 0x2c, 0xc6, 0xff, 0x5d, 0x2c, 0xc6, 0xff, 
	0x5d, 0x2c, 0xc6, 0xff, 0x63, 0x2c, 0xc6, 0xff, 
	0x6b, 0x2c, 0xbd, 0xff, 0x7b, 0x2d, 0xba, 0xff, 
	0x8b, 0x2e, 0xb7, 0xff, 0x9c, 0x30, 0xb5, 0xff, 
	0xc6, 0x28, 0xbd, 0xff, 0xc6, 0x28, 0xbd, 0xff, 
	0xc6, 0x28, 0xbd, 0xff, 0xc6, 0x28, 0xbd, 0xff, 
	0xce, 0x3c, 0xbd, 0xff, 0xbd, 0x3d, 0xc2, 0xff, 
	0xac, 0x3f, 0xc8, 0xff, 0x9c, 0x41, 0xce, 0xff, 
	0x7b, 0x3c, 0xd6, 0xff, 0x62, 0x38, 0xde, 0xff, 
	0x49, 0x34, 0xe6, 0xff, 0x31, 0x30, 0xef, 0xff, 
	0x21, 0x2c, 0xf7, 0xff, 0x1b, 0x26, 0xf7, 0xff, 
	0x15, 0x21, 0xf7, 0xff, 0x15, 0x21, 0xf7, 0xff, 
	0x18, 0x2b, 0xf7, 0xff, 0x18, 0x2b, 0xf7, 0xff, 
	0x20, 0x36, 0xf7, 0xff, 0x29, 0x41, 0xf7, 0xff, 
	0x39, 0x55, 0xef, 0xff, 0x52, 0x5a, 0xe4, 0xff, 
	0x6b, 0x5f, 0xd9, 0xff, 0x84, 0x65, 0xce, 0xff, 
	0xa5, 0x51, 0xce, 0xff, 0xb8, 0x42, 0xce, 0xff, 
	0xcb, 0x33, 0xce, 0xff, 0xde, 0x24, 0xce, 0xff, 
	0xde, 0x20, 0xc6, 0xff, 0xe1, 0x1e, 0xc8, 0xff, 
	0xde, 0x20, 0xc6, 0xff, 0xde, 0x20, 0xc6, 0xff, 
	0xd3, 0x28, 0xc0, 0xff, 0xd3, 0x28, 0xc0, 0xff, 
	0xc0, 0x38, 0xb2, 0xff, 0xad, 0x49, 0xa5, 0xff, 
	0x8c, 0x61, 0x8c, 0xff, 0x7b, 0x5b, 0x94, 0xff, 
	0x6a, 0x56, 0x9c, 0xff, 0x5a, 0x51, 0xa5, 0xff, 
	0x5a, 0x3c, 0xb5, 0xff, 0x5a, 0x34, 0xc0, 0xff, 
	0x5a, 0x30, 0xc6, 0xff, 0x5a, 0x30, 0xc6, 0xff, 
	0x5d, 0x2e, 0xc5, 0xff, 0x5d, 0x2e, 0xc5, 0xff, 
	0x5d, 0x2e, 0xc5, 0xff, 0x5d, 0x2e, 0xc5, 0xff, 
	0x5d, 0x2e, 0xc5, 0xff, 0x5d, 0x2e, 0xc5, 0xff, 
	0x5d, 0x2e, 0xc5, 0xff, 0x5d, 0x2e, 0xc5, 0xff, 
	0x5d, 0x30, 0xc3, 0xff, 0x5d, 0x30, 0xc3, 0xff, 
	0x60, 0x38, 0xc0, 0xff, 0x63, 0x41, 0xbd, 0xff, 
	0x6b, 0x65, 0xa5, 0xff, 0x62, 0x7d, 0xa7, 0xff, 
	0x5a, 0x95, 0xaa, 0xff, 0x52, 0xae, 0xad, 0xff, 
	0x39, 0xae, 0xc6, 0xff, 0x2b, 0xae, 0xd3, 0xff, 
	0x1d, 0xae, 0xe1, 0xff, 0x1d, 0xae, 0xe1, 0xff, 
	0x1b, 0xaf, 0xe1, 0xff, 0x1b, 0xaf, 0xe1, 0xff, 
	0x26, 0xac, 0xdb, 0xff, 0x31, 0xaa, 0xd6, 0xff, 
	0x42, 0xa2, 0xc6, 0xff, 0x5a, 0x90, 0xc0, 0xff, 
	0x73, 0x7e, 0xba, 0xff, 0x8c, 0x6d, 0xb5, 0xff, 
	0xa5, 0x51, 0xbd, 0xff, 0xb0, 0x40, 0xc8, 0xff, 
	0xbb, 0x30, 0xd3, 0xff, 0xc6, 0x20, 0xde, 0xff, 
	0xc8, 0x1a, 0xe1, 0xff, 0xcb, 0x19, 0xe4, 0xff, 
	0xc8, 0x1a, 0xe1, 0xff, 0xc6, 0x1c, 0xde, 0xff, 
	0xbd, 0x20, 0xde, 0xff, 0xb7, 0x24, 0xcd, 0xff, 
	0xb2, 0x28, 0xbd, 0xff, 0xad, 0x2c, 0xad, 0xff, 
	0xb5, 0x2c, 0x94, 0xff, 0xba, 0x30, 0x80, 0xff, 
	0xc0, 0x34, 0x6d, 0xff, 0xc6, 0x38, 0x5a, 0xff, 
	0xc6, 0x3c, 0x4a, 0xff, 0xc6, 0x3c, 0x4a, 0xff, 
	0xc6, 0x3c, 0x4a, 0xff, 0xc6, 0x3c, 0x4a, 0xff, 
	0xb5, 0x41, 0x52, 0xff, 0xa1, 0x3e, 0x65, 0xff, 
	0x8e, 0x3b, 0x78, 0xff, 0x7b, 0x38, 0x8c, 0xff, 
	0x6b, 0x34, 0xa5, 0xff, 0x65, 0x32, 0xb0, 0xff, 
	0x5f, 0x31, 0xbb, 0xff, 0x5a, 0x30, 0xc6, 0xff, 
	0x5d, 0x2e, 0xc5, 0xff, 0x5d, 0x2e, 0xc5, 0xff, 
	0x5d, 0x2e, 0xc5, 0xff, 0x5d, 0x2e, 0xc5, 0xff, 
	0x5d, 0x2e, 0xc5, 0xff, 0x5d, 0x2e, 0xc5, 0xff, 
	0x5d, 0x2e, 0xc5, 0xff, 0x5d, 0x2e, 0xc5, 0xff, 
	0x5d, 0x2e, 0xc5, 0xff, 0x5d, 0x2e, 0xc5, 0xff, 
	0x5d, 0x2e, 0xc5, 0xff, 0x5d, 0x2e, 0xc5, 0xff, 
	0x5d, 0x2e, 0xc5, 0xff, 0x5d, 0x2e, 0xc5, 0xff, 
	0x5d, 0x2e, 0xc5, 0xff, 0x5d, 0x2e, 0xc5, 0xff, 
	0x5d, 0x2e, 0xc5, 0xff, 0x5d, 0x2e, 0xc5, 0xff, 
	0x5d, 0x2e, 0xc5, 0xff, 0x5d, 0x2e, 0xc5, 0xff, 
	0x5d, 0x2c, 0xc6, 0xff, 0x5d, 0x2c, 0xc6, 0xff, 
	0x60, 0x2c, 0xc6, 0xff, 0x63, 0x2c, 0xc6, 0xff, 
	0x73, 0x28, 0xc6, 0xff, 0x73, 0x28, 0xc6, 0xff, 
	0x86, 0x24, 0xc6, 0xff, 0xad, 0x1c, 0xc6, 0xff, 
	0xbd, 0x1c, 0xc6, 0xff, 0xc8, 0x1c, 0xc8, 0xff, 
	0xd3, 0x1c, 0xcb, 0xff, 0xd3, 0x1c, 0xcb, 0xff, 
	0xd6, 0x28, 0xce, 0xff, 0xc5, 0x31, 0xd3, 0xff, 
	0xb5, 0x3b, 0xd8, 0xff, 0xa5, 0x45, 0xde, 0xff, 
	0x84, 0x49, 0xde, 0xff, 0x6b, 0x47, 0xe3, 0xff, 
	0x52, 0x46, 0xe9, 0xff, 0x39, 0x45, 0xef, 0xff, 
	0x23, 0x36, 0xf7, 0xff, 0x1d, 0x31, 0xf7, 0xff, 
	0x18, 0x2c, 0xf7, 0xff, 0x18, 0x2c, 0xf7, 0xff, 
	0x18, 0x30, 0xff, 0xff, 0x18, 0x30, 0xff, 0xff, 
	0x20, 0x3d, 0xf9, 0xff, 0x28, 0x4b, 0xf4, 0xff, 
	0x42, 0x69, 0xe7, 0xff, 0x58, 0x6d, 0xdc, 0xff, 
	0x6e, 0x71, 0xd1, 0xff, 0x84, 0x75, 0xc6, 0xff, 
	0x9c, 0x61, 0xbd, 0xff, 0xaf, 0x4f, 0xbd, 0xff, 
	0xc2, 0x3d, 0xbd, 0xff, 0xd6, 0x2c, 0xbd, 0xff, 
	0xde, 0x24, 0xc6, 0xff, 0xde, 0x24, 0xc6, 0xff, 
	0xde, 0x24, 0xc6, 0xff, 0xd8, 0x28, 0xc0, 0xff, 
	0xd6, 0x28, 0xbd, 0xff, 0xc8, 0x34, 0xb2, 0xff, 
	0xba, 0x40, 0xa7, 0xff, 0xad, 0x4d, 0x9c, 0xff, 
	0x8c, 0x61, 0x8c, 0xff, 0x7e, 0x5a, 0x94, 0xff, 
	0x70, 0x53, 0x9c, 0xff, 0x63, 0x4d, 0xa5, 0xff, 
	0x60, 0x3b, 0xba, 0xff, 0x5d, 0x35, 0xc0, 0xff, 
	0x5d, 0x35, 0xc0, 0xff, 0x5a, 0x30, 0xc6, 0xff, 
	0x5d, 0x2e, 0xc5, 0xff, 0x5d, 0x2e, 0xc5, 0xff, 
	0x5d, 0x2e, 0xc5, 0xff, 0x5d, 0x2e, 0xc5, 0xff, 
	0x5d, 0x2e, 0xc5, 0xff, 0x5d, 0x2e, 0xc5, 0xff, 
	0x5d, 0x2e, 0xc5, 0xff, 0x5d, 0x2e, 0xc5, 0xff, 
	0x5d, 0x30, 0xc3, 0xff, 0x5d, 0x30, 0xc3, 0xff, 
	0x60, 0x38, 0xc0, 0xff, 0x63, 0x41, 0xbd, 0xff, 
	0x6b, 0x65, 0xa5, 0xff, 0x62, 0x7d, 0xa7, 0xff, 
	0x5a, 0x95, 0xaa, 0xff, 0x52, 0xae, 0xad, 0xff, 
	0x39, 0xae, 0xc6, 0xff, 0x2b, 0xae, 0xd3, 0xff, 
	0x1d, 0xae, 0xe1, 0xff, 0x1d, 0xae, 0xe1, 0xff, 
	0x1b, 0xaf, 0xe1, 0xff, 0x1b, 0xaf, 0xe1, 0xff, 
	0x26, 0xac, 0xdb, 0xff, 0x31, 0xaa, 0xd6, 0xff, 
	0x42, 0xa2, 0xc6, 0xff, 0x5a, 0x90, 0xc0, 0xff, 
	0x73, 0x7e, 0xba, 0xff, 0x8c, 0x6d, 0xb5, 0xff, 
	0xa5, 0x51, 0xbd, 0xff, 0xb0, 0x40, 0xc8, 0xff, 
	0xbb, 0x30, 0xd3, 0xff, 0xc6, 0x20, 0xde, 0xff, 
	0xc8, 0x1a, 0xe1, 0xff, 0xcb, 0x19, 0xe4, 0xff, 
	0xc8, 0x1a, 0xe1, 0xff, 0xc6, 0x1c, 0xde, 0xff, 
	0xbd, 0x20, 0xde, 0xff, 0xb7, 0x24, 0xcd, 0xff, 
	0xb2, 0x28, 0xbd, 0xff, 0xad, 0x2c, 0xad, 0xff, 
	0xb5, 0x2c, 0x94, 0xff, 0xba, 0x30, 0x80, 0xff, 
	0xc0, 0x34, 0x6d, 0xff, 0xc6, 0x38, 0x5a, 0xff, 
	0xc6, 0x3c, 0x4a, 0xff, 0xc6, 0x3c, 0x4a, 0xff, 
	0xc6, 0x3c, 0x4a, 0xff, 0xc0, 0x40, 0x4f, 0xff, 
	0xb5, 0x41, 0x52, 0xff, 0xa1, 0x3e, 0x65, 0xff, 
	0x8e, 0x3b, 0x78, 0xff, 0x7b, 0x38, 0x8c, 0xff, 
	0x6b, 0x34, 0xa5, 0xff, 0x65, 0x32, 0xb0, 0xff, 
	0x5f, 0x31, 0xbb, 0xff, 0x5a, 0x30, 0xc6, 0xff, 
	0x5d, 0x2e, 0xc5, 0xff, 0x5d, 0x2e, 0xc5, 0xff, 
	0x5d, 0x2e, 0xc5, 0xff, 0x5d, 0x2e, 0xc5, 0xff, 
	0x5d, 0x2e, 0xc5, 0xff, 0x5d, 0x2e, 0xc5, 0xff, 
	0x5d, 0x2e, 0xc5, 0xff, 0x5d, 0x2e, 0xc5, 0xff, 
	0x5d, 0x2e, 0xc5, 0xff, 0x5d, 0x2e, 0xc5, 0xff, 
	0x5d, 0x2e, 0xc5, 0xff, 0x5d, 0x2e, 0xc5, 0xff, 
	0x5d, 0x2e, 0xc5, 0xff, 0x5d, 0x2e, 0xc5, 0xff, 
	0x5d, 0x2e, 0xc5, 0xff, 0x5d, 0x2e, 0xc5, 0xff, 
	0x5d, 0x2e, 0xc5, 0xff, 0x5d, 0x2e, 0xc5, 0xff, 
	0x5d, 0x2e, 0xc5, 0xff, 0x5d, 0x2e, 0xc5, 0xff, 
	0x5d, 0x2c, 0xc6, 0xff, 0x5d, 0x2c, 0xc6, 0xff, 
	0x5d, 0x2c, 0xc6, 0xff, 0x63, 0x2c, 0xc6, 0xff, 
	0x73, 0x28, 0xc6, 0xff, 0x86, 0x24, 0xc6, 0xff, 
	0x99, 0x20, 0xc6, 0xff, 0xad, 0x1c, 0xc6, 0xff, 
	0xbd, 0x1c, 0xc6, 0xff, 0xd3, 0x1c, 0xcb, 0xff, 
	0xd3, 0x1c, 0xcb, 0xff, 0xde, 0x1c, 0xce, 0xff, 
	0xd6, 0x28, 0xce, 0xff, 0xc5, 0x31, 0xd3, 0xff, 
	0xb5, 0x3b, 0xd8, 0xff, 0xa5, 0x45, 0xde, 0xff, 
	0x84, 0x49, 0xde, 0xff, 0x6b, 0x47, 0xe3, 0xff, 
	0x52, 0x46, 0xe9, 0xff, 0x39, 0x45, 0xef, 0xff, 
	0x23, 0x36, 0xf7, 0xff, 0x1d, 0x31, 0xf7, 0xff, 
	0x1d, 0x31, 0xf7, 0xff, 0x18, 0x2c, 0xf7, 0xff, 
	0x18, 0x30, 0xff, 0xff, 0x20, 0x3d, 0xf9, 0xff, 
	0x20, 0x3d, 0xf9, 0xff, 0x31, 0x59, 0xef, 0xff, 
	0x42, 0x69, 0xe7, 0xff, 0x58, 0x6d, 0xdc, 0xff, 
	0x6e, 0x71, 0xd1, 0xff, 0x84, 0x75, 0xc6, 0xff, 
	0x9c, 0x61, 0xbd, 0xff, 0xaf, 0x4f, 0xbd, 0xff, 
	0xc2, 0x3d, 0xbd, 0xff, 0xd6, 0x2c, 0xbd, 0xff, 
	0xde, 0x24, 0xc6, 0xff, 0xd8, 0x28, 0xc0, 0xff, 
	0xd8, 0x28, 0xc0, 0xff, 0xd8, 0x28, 0xc0, 0xff, 
	0xd6, 0x28, 0xbd, 0xff, 0xc8, 0x34, 0xb2, 0xff, 
	0xba, 0x40, 0xa7, 0xff, 0xad, 0x4d, 0x9c, 0xff, 
	0x8c, 0x61, 0x8c, 0xff, 0x7e, 0x5a, 0x94, 0xff, 
	0x70, 0x53, 0x9c, 0xff, 0x63, 0x4d, 0xa5, 0xff, 
	0x60, 0x3b, 0xba, 0xff, 0x5d, 0x35, 0xc0, 0xff, 
	0x5a, 0x30, 0xc6, 0xff, 0x5a, 0x30, 0xc6, 0xff, 
	0x5d, 0x2e, 0xc5, 0xff, 0x5d, 0x2e, 0xc5, 0xff, 
	0x5d, 0x2e, 0xc5, 0xff, 0x5d, 0x2e, 0xc5, 0xff, 
	0x5d, 0x2e, 0xc5, 0xff, 0x5d, 0x2e, 0xc5, 0xff, 
	0x5d, 0x2e, 0xc5, 0xff, 0x5d, 0x2e, 0xc5, 0xff, 
	0x5d, 0x30, 0xc3, 0xff, 0x5d, 0x30, 0xc3, 0xff, 
	0x60, 0x38, 0xc0, 0xff, 0x63, 0x41, 0xbd, 0xff, 
	0x6b, 0x65, 0xa5, 0xff, 0x62, 0x7d, 0xa7, 0xff, 
	0x5a, 0x95, 0xaa, 0xff, 0x52, 0xae, 0xad, 0xff, 
	0x39, 0xae, 0xc6, 0xff, 0x2b, 0xae, 0xd3, 0xff, 
	0x1d, 0xae, 0xe1, 0xff, 0x1d, 0xae, 0xe1, 0xff, 
	0x1b, 0xaf, 0xe1, 0xff, 0x1b, 0xaf, 0xe1, 0xff, 
	0x26, 0xac, 0xdb, 0xff, 0x31, 0xaa, 0xd6, 0xff, 
	0x42, 0xa2, 0xc6, 0xff, 0x5a, 0x90, 0xc0, 0xff, 
	0x73, 0x7e, 0xba, 0xff, 0x8c, 0x6d, 0xb5, 0xff, 
	0xa5, 0x51, 0xbd, 0xff, 0xb0, 0x40, 0xc8, 0xff, 
	0xbb, 0x30, 0xd3, 0xff, 0xc6, 0x20, 0xde, 0xff, 
	0xc8, 0x1a, 0xe1, 0xff, 0xcb, 0x19, 0xe4, 0xff, 
	0xc8, 0x1a, 0xe1, 0xff, 0xc6, 0x1c, 0xde, 0xff, 
	0xbd, 0x20, 0xde, 0xff, 0xb7, 0x24, 0xcd, 0xff, 
	0xb2, 0x28, 0xbd, 0xff, 0xad, 0x2c, 0xad, 0xff, 
	0xb5, 0x2c, 0x94, 0xff, 0xba, 0x30, 0x80, 0xff, 
	0xc0, 0x34, 0x6d, 0xff, 0xc6, 0x38, 0x5a, 0xff, 
	0xc0, 0x40, 0x4f, 0xff, 0xc0, 0x40, 0x4f, 0xff, 
	0xc0, 0x40, 0x4f, 0xff, 0xba, 0x44, 0x54, 0xff, 
	0xb5, 0x41, 0x52, 0xff, 0xa1, 0x3e, 0x65, 0xff, 
	0x8e, 0x3b, 0x78, 0xff, 0x7b, 0x38, 0x8c, 0xff, 
	0x6b, 0x34, 0xa5, 0xff, 0x65, 0x32, 0xb0, 0xff, 
	0x5f, 0x31, 0xbb, 0xff, 0x5a, 0x30, 0xc6, 0xff, 
	0x5d, 0x2e, 0xc5, 0xff, 0x5d, 0x2e, 0xc5, 0xff, 
	0x5d, 0x2e, 0xc5, 0xff, 0x5d, 0x2e, 0xc5, 0xff, 
	0x5d, 0x2e, 0xc5, 0xff, 0x5d, 0x2e, 0xc5, 0xff, 
	0x5d, 0x2e, 0xc5, 0xff, 0x5d, 0x2e, 0xc5, 0xff, 
	0x5d, 0x2e, 0xc5, 0xff, 0x5d, 0x2e, 0xc5, 0xff, 
	0x5d, 0x2e, 0xc5, 0xff, 0x5d, 0x2e, 0xc5, 0xff, 
	0x5d, 0x2e, 0xc5, 0xff, 0x5d, 0x2e, 0xc5, 0xff, 
	0x5d, 0x2e, 0xc5, 0xff, 0x5d, 0x2e, 0xc5, 0xff, 
	0x5d, 0x2e, 0xc5, 0xff, 0x5d, 0x2e, 0xc5, 0xff, 
	0x5d, 0x2e, 0xc5, 0xff, 0x5d, 0x2e, 0xc5, 0xff, 
	0x5d, 0x2c, 0xc6, 0xff, 0x5d, 0x2c, 0xc6, 0xff, 
	0x5d, 0x2c, 0xc6, 0xff, 0x63, 0x2c, 0xc6, 0xff, 
	0x73, 0x28, 0xc6, 0xff, 0x86, 0x24, 0xc6, 0xff, 
	0x99, 0x20, 0xc6, 0xff, 0xad, 0x1c, 0xc6, 0xff, 
	0xc8, 0x1c, 0xc8, 0xff, 0xd3, 0x1c, 0xcb, 0xff, 
	0xde, 0x1c, 0xce, 0xff, 0xde, 0x1c, 0xce, 0xff, 
	0xd6, 0x28, 0xce, 0xff, 0xc5, 0x31, 0xd3, 0xff, 
	0xb5, 0x3b, 0xd8, 0xff, 0xa5, 0x45, 0xde, 0xff, 
	0x84, 0x49, 0xde, 0xff, 0x6b, 0x47, 0xe3, 0xff, 
	0x52, 0x46, 0xe9, 0xff, 0x39, 0x45, 0xef, 0xff, 
	0x29, 0x3c, 0xf7, 0xff, 0x23, 0x36, 0xf7, 0xff, 
	0x1d, 0x31, 0xf7, 0xff, 0x18, 0x2c, 0xf7, 0xff, 
	0x18, 0x30, 0xff, 0xff, 0x20, 0x3d, 0xf9, 0xff, 
	0x28, 0x4b, 0xf4, 0xff, 0x31, 0x59, 0xef, 0xff, 
	0x42, 0x69, 0xe7, 0xff, 0x58, 0x6d, 0xdc, 0xff, 
	0x6e, 0x71, 0xd1, 0xff, 0x84, 0x75, 0xc6, 0xff, 
	0x9c, 0x61, 0xbd, 0xff, 0xaf, 0x4f, 0xbd, 0xff, 
	0xc2, 0x3d, 0xbd, 0xff, 0xd6, 0x2c, 0xbd, 0xff, 
	0xd8, 0x28, 0xc0, 0xff, 0xd8, 0x28, 0xc0, 0xff, 
	0xd3, 0x2c, 0xba, 0xff, 0xd3, 0x2c, 0xba, 0xff, 
	0xc8, 0x34, 0xb2, 0xff, 0xc8, 0x34, 0xb2, 0xff, 
	0xba, 0x40, 0xa7, 0xff, 0xad, 0x4d, 0x9c, 0xff, 
	0x8c, 0x61, 0x8c, 0xff, 0x7e, 0x5a, 0x94, 0xff, 
	0x70, 0x53, 0x9c, 0xff, 0x63, 0x4d, 0xa5, 0xff, 
	0x5d, 0x35, 0xc0, 0xff, 0x5d, 0x35, 0xc0, 0xff, 
	0x5a, 0x30, 0xc6, 0xff, 0x5a, 0x30, 0xc6, 0xff, 
	0x5d, 0x2e, 0xc5, 0xff, 0x5d, 0x2e, 0xc5, 0xff, 
	0x5d, 0x2e, 0xc5, 0xff, 0x5d, 0x2e, 0xc5, 0xff, 
	0x5d, 0x2e, 0xc5, 0xff, 0x5d, 0x2e, 0xc5, 0xff, 
	0x5d, 0x2e, 0xc5, 0xff, 0x5d, 0x2e, 0xc5, 0xff, 
	0x5d, 0x30, 0xc3, 0xff, 0x5d, 0x30, 0xc3, 0xff, 
	0x60, 0x38, 0xc0, 0xff, 0x63, 0x41, 0xbd, 0xff, 
	0x6b, 0x65, 0xa5, 0xff, 0x62, 0x7d, 0xa7, 0xff, 
	0x5a, 0x95, 0xaa, 0xff, 0x52, 0xae, 0xad, 0xff, 
	0x39, 0xae, 0xc6, 0xff, 0x2b, 0xae, 0xd3, 0xff, 
	0x1d, 0xae, 0xe1, 0xff, 0x1d, 0xae, 0xe1, 0xff, 
	0x1b, 0xaf, 0xe1, 0xff, 0x1b, 0xaf, 0xe1, 0xff, 
	0x26, 0xac, 0xdb, 0xff, 0x31, 0xaa, 0xd6, 0xff, 
	0x42, 0xa2, 0xc6, 0xff, 0x5a, 0x90, 0xc0, 0xff, 
	0x73, 0x7e, 0xba, 0xff, 0x8c, 0x6d, 0xb5, 0xff, 
	0xa5, 0x51, 0xbd, 0xff, 0xb0, 0x40, 0xc8, 0xff, 
	0xbb, 0x30, 0xd3, 0xff, 0xc6, 0x20, 0xde, 0xff, 
	0xc8, 0x1a, 0xe1, 0xff, 0xcb, 0x19, 0xe4, 0xff, 
	0xc8, 0x1a, 0xe1, 0xff, 0xc6, 0x1c, 0xde, 0xff, 
	0xbd, 0x20, 0xde, 0xff, 0xb7, 0x24, 0xcd, 0xff, 
	0xb2, 0x28, 0xbd, 0xff, 0xad, 0x2c, 0xad, 0xff, 
	0xb5, 0x2c, 0x94, 0xff, 0xba, 0x30, 0x80, 0xff, 
	0xc0, 0x34, 0x6d, 0xff, 0xc0, 0x34, 0x6d, 0xff, 
	0xba, 0x44, 0x54, 0xff, 0xba, 0x44, 0x54, 0xff, 
	0xba, 0x44, 0x54, 0xff, 0xb5, 0x49, 0x5a, 0xff, 
	0xa1, 0x3e, 0x65, 0xff, 0xa1, 0x3e, 0x65, 0xff, 
	0x8e, 0x3b, 0x78, 0xff, 0x7b, 0x38, 0x8c, 0xff, 
	0x6b, 0x34, 0xa5, 0xff, 0x65, 0x32, 0xb0, 0xff, 
	0x5f, 0x31, 0xbb, 0xff, 0x5a, 0x30, 0xc6, 0xff, 
	0x5d, 0x2e, 0xc5, 0xff, 0x5d, 0x2e, 0xc5, 0xff, 
	0x5d, 0x2e, 0xc5, 0xff, 0x5d, 0x2e, 0xc5, 0xff, 
	0x5d, 0x2e, 0xc5, 0xff, 0x5d, 0x2e, 0xc5, 0xff, 
	0x5d, 0x2e, 0xc5, 0xff, 0x5d, 0x2e, 0xc5, 0xff, 
	0x5d, 0x2e, 0xc5, 0xff, 0x5d, 0x2e, 0xc5, 0xff, 
	0x5d, 0x2e, 0xc5, 0xff, 0x5d, 0x2e, 0xc5, 0xff, 
	0x5d, 0x2e, 0xc5, 0xff, 0x5d, 0x2e, 0xc5, 0xff, 
	0x5d, 0x2e, 0xc5, 0xff, 0x5d, 0x2e, 0xc5, 0xff, 
	0x5d, 0x2e, 0xc5, 0xff, 0x5d, 0x2e, 0xc5, 0xff, 
	0x5d, 0x2e, 0xc5, 0xff, 0x5d, 0x2e, 0xc5, 0xff, 
	0x5d, 0x2c, 0xc6, 0xff, 0x5d, 0x2c, 0xc6, 0xff, 
	0x5d, 0x2c, 0xc6, 0xff, 0x63, 0x2c, 0xc6, 0xff, 
	0x73, 0x28, 0xc6, 0xff, 0x86, 0x24, 0xc6, 0xff, 
	0x99, 0x20, 0xc6, 0xff, 0xad, 0x1c, 0xc6, 0xff, 
	0xc8, 0x1c, 0xc8, 0xff, 0xd3, 0x1c, 0xcb, 0xff, 
	0xde, 0x1c, 0xce, 0xff, 0xde, 0x1c, 0xce, 0xff, 
	0xd6, 0x28, 0xce, 0xff, 0xc5, 0x31, 0xd3, 0xff, 
	0xb5, 0x3b, 0xd8, 0xff, 0xa5, 0x45, 0xde, 0xff, 
	0x84, 0x49, 0xde, 0xff, 0x6b, 0x47, 0xe3, 0xff, 
	0x52, 0x46, 0xe9, 0xff, 0x39, 0x45, 0xef, 0xff, 
	0x29, 0x3c, 0xf7, 0xff, 0x23, 0x36, 0xf7, 0xff, 
	0x1d, 0x31, 0xf7, 0xff, 0x1d, 0x31, 0xf7, 0xff, 
	0x20, 0x3d, 0xf9, 0xff, 0x20, 0x3d, 0xf9, 0xff, 
	0x28, 0x4b, 0xf4, 0xff, 0x31, 0x59, 0xef, 0xff, 
	0x42, 0x69, 0xe7, 0xff, 0x58, 0x6d, 0xdc, 0xff, 
	0x6e, 0x71, 0xd1, 0xff, 0x84, 0x75, 0xc6, 0xff, 
	0x9c, 0x61, 0xbd, 0xff, 0xaf, 0x4f, 0xbd, 0xff, 
	0xc2, 0x3d, 0xbd, 0xff, 0xd6, 0x2c, 0xbd, 0xff, 
	0xd3, 0x2c, 0xba, 0xff, 0xd3, 0x2c, 0xba, 0xff, 
	0xce, 0x30, 0xb5, 0xff, 0xce, 0x30, 0xb5, 0xff, 
	0xc8, 0x34, 0xb2, 0xff, 0xc8, 0x34, 0xb2, 0xff, 
	0xba, 0x40, 0xa7, 0xff, 0xad, 0x4d, 0x9c, 0xff, 
	0x8c, 0x61, 0x8c, 0xff, 0x7e, 0x5a, 0x94, 0xff, 
	0x70, 0x53, 0x9c, 0xff, 0x63, 0x4d, 0xa5, 0xff, 
	0x60, 0x3b, 0xba, 0xff, 0x5d, 0x35, 0xc0, 0xff, 
	0x5a, 0x30, 0xc6, 0xff, 0x5a, 0x30, 0xc6, 0xff, 
	0x5d, 0x2e, 0xc5, 0xff, 0x5d, 0x2e, 0xc5, 0xff, 
	0x5d, 0x2e, 0xc5, 0xff, 0x5d, 0x2e, 0xc5, 0xff, 
	0x5d, 0x2e, 0xc5, 0xff, 0x5d, 0x2e, 0xc5, 0xff, 
	0x5d, 0x2e, 0xc5, 0xff, 0x5d, 0x2e, 0xc5, 0xff, 
	0x5d, 0x30, 0xc3, 0xff, 0x5d, 0x30, 0xc3, 0xff, 
	0x60, 0x38, 0xc0, 0xff, 0x63, 0x41, 0xbd, 0xff, 
	0x6b, 0x61, 0xad, 0xff, 0x60, 0x79, 0xaf, 0xff, 
	0x55, 0x91, 0xb2, 0xff, 0x4a, 0xaa, 0xb5, 0xff, 
	0x31, 0xae, 0xce, 0xff, 0x28, 0xae, 0xd6, 0xff, 
	0x20, 0xae, 0xde, 0xff, 0x18, 0xae, 0xe7, 0xff, 
	0x18, 0xaa, 0xe7, 0xff, 0x18, 0xaa, 0xe7, 0xff, 
	0x20, 0xa6, 0xe4, 0xff, 0x28, 0xa2, 0xe1, 0xff, 
	0x39, 0x9a, 0xd6, 0xff, 0x4f, 0x89, 0xd0, 0xff, 
	0x65, 0x79, 0xcb, 0xff, 0x7b, 0x69, 0xc6, 0xff, 
	0x9c, 0x4d, 0xc6, 0xff, 0xaa, 0x3e, 0xce, 0xff, 
	0xb8, 0x2f, 0xd6, 0xff, 0xc6, 0x20, 0xde, 0xff, 
	0xc8, 0x1a, 0xe1, 0xff, 0xcb, 0x19, 0xe4, 0xff, 
	0xcb, 0x19, 0xe4, 0xff, 0xc6, 0x1c, 0xde, 0xff, 
	0xbd, 0x20, 0xde, 0xff, 0xb7, 0x24, 0xd3, 0xff, 
	0xb2, 0x28, 0xc8, 0xff, 0xad, 0x2c, 0xbd, 0xff, 
	0xad, 0x34, 0xa5, 0xff, 0xad, 0x39, 0x91, 0xff, 
	0xad, 0x3f, 0x7e, 0xff, 0xad, 0x45, 0x6b, 0xff, 
	0xb5, 0x49, 0x5a, 0xff, 0xb5, 0x49, 0x5a, 0xff, 
	0xb5, 0x49, 0x5a, 0xff, 0xac, 0x4e, 0x65, 0xff, 
	0x9c, 0x55, 0x6b, 0xff, 0x91, 0x51, 0x78, 0xff, 
	0x86, 0x4d, 0x86, 0xff, 0x7b, 0x49, 0x94, 0xff, 
	0x6b, 0x41, 0xa5, 0xff, 0x65, 0x3b, 0xb0, 0xff, 
	0x5f, 0x35, 0xbb, 0xff, 0x5a, 0x30, 0xc6, 0xff, 
	0x5d, 0x2f, 0xc3, 0xff, 0x5d, 0x2f, 0xc3, 0xff, 
	0x5d, 0x2f, 0xc3, 0xff, 0x5d, 0x2f, 0xc3, 0xff, 
	0x5d, 0x2e, 0xc5, 0xff, 0x5d, 0x2e, 0xc5, 0xff, 
	0x5d, 0x2e, 0xc5, 0xff, 0x5d, 0x2e, 0xc5, 0xff, 
	0x5d, 0x2e, 0xc5, 0xff, 0x5d, 0x2e, 0xc5, 0xff, 
	0x5d, 0x2e, 0xc5, 0xff, 0x5d, 0x2e, 0xc5, 0xff, 
	0x5d, 0x2e, 0xc5, 0xff, 0x5d, 0x2e, 0xc5, 0xff, 
	0x5d, 0x2e, 0xc5, 0xff, 0x5d, 0x2e, 0xc5, 0xff, 
	0x5d, 0x2e, 0xc5, 0xff, 0x5d, 0x2e, 0xc5, 0xff, 
	0x5d, 0x2e, 0xc5, 0xff, 0x5d, 0x2e, 0xc5, 0xff, 
	0x5a, 0x2c, 0xc6, 0xff, 0x5a, 0x2c, 0xc6, 0xff, 
	0x65, 0x2a, 0xc8, 0xff, 0x70, 0x29, 0xcb, 0xff, 
	0x7b, 0x24, 0xc6, 0xff, 0x94, 0x21, 0xcb, 0xff, 
	0xad, 0x1e, 0xd0, 0xff, 0xc6, 0x1c, 0xd6, 0xff, 
	0xd6, 0x14, 0xce, 0xff, 0xd8, 0x18, 0xd3, 0xff, 
	0xdb, 0x1c, 0xd8, 0xff, 0xdb, 0x1c, 0xd8, 0xff, 
	0xd6, 0x30, 0xde, 0xff, 0xc2, 0x3b, 0xe1, 0xff, 
	0xaf, 0x46, 0xe4, 0xff, 0x9c, 0x51, 0xe7, 0xff, 
	0x84, 0x5d, 0xe7, 0xff, 0x6b, 0x5b, 0xec, 0xff, 
	0x52, 0x5a, 0xf1, 0xff, 0x39, 0x59, 0xf7, 0xff, 
	0x28, 0x4b, 0xf9, 0xff, 0x20, 0x41, 0xfc, 0xff, 
	0x20, 0x41, 0xfc, 0xff, 0x18, 0x38, 0xff, 0xff, 
	0x21, 0x49, 0xf7, 0xff, 0x21, 0x49, 0xf7, 0xff, 
	0x2c, 0x56, 0xf4, 0xff, 0x37, 0x63, 0xf1, 0xff, 
	0x4a, 0x79, 0xde, 0xff, 0x5a, 0x7c, 0xcd, 0xff, 
	0x6a, 0x7f, 0xbd, 0xff, 0x7b, 0x82, 0xad, 0xff, 
	0x94, 0x6d, 0xa5, 0xff, 0xb5, 0x4c, 0xaf, 0xff, 
	0xc6, 0x3c, 0xb5, 0xff, 0xc6, 0x3c, 0xb5, 0xff, 
	0xce, 0x30, 0xb5, 0xff, 0xce, 0x30, 0xb5, 0xff, 
	0xce, 0x30, 0xb5, 0xff, 0xce, 0x30, 0xb5, 0xff, 
	0xc6, 0x3c, 0xad, 0xff, 0xc6, 0x3c, 0xad, 0xff, 
	0xb5, 0x48, 0xa2, 0xff, 0xa4, 0x54, 0x97, 0xff, 
	0x84, 0x65, 0x8c, 0xff, 0x7b, 0x59, 0x99, 0xff, 
	0x73, 0x4d, 0xa7, 0xff, 0x6b, 0x41, 0xb5, 0xff, 
	0x65, 0x34, 0xc0, 0xff, 0x5f, 0x30, 0xc3, 0xff, 
	0x5f, 0x30, 0xc3, 0xff, 0x5f, 0x30, 0xc3, 0xff, 
	0x5d, 0x2e, 0xc5, 0xff, 0x5d, 0x2e, 0xc5, 0xff, 
	0x5d, 0x2e, 0xc5, 0xff, 0x5d, 0x2e, 0xc5, 0xff, 
	0x5d, 0x2e, 0xc5, 0xff, 0x5d, 0x2e, 0xc5, 0xff, 
	0x5d, 0x2e, 0xc5, 0xff, 0x5d, 0x2e, 0xc5, 0xff, 
	0x5d, 0x30, 0xc3, 0xff, 0x5d, 0x30, 0xc3, 0xff, 
	0x60, 0x38, 0xc0, 0xff, 0x63, 0x41, 0xbd, 0xff, 
	0x6b, 0x61, 0xad, 0xff, 0x60, 0x79, 0xaf, 0xff, 
	0x55, 0x91, 0xb2, 0xff, 0x4a, 0xaa, 0xb5, 0xff, 
	0x31, 0xae, 0xce, 0xff, 0x28, 0xae, 0xd6, 0xff, 
	0x20, 0xae, 0xde, 0xff, 0x18, 0xae, 0xe7, 0xff, 
	0x18, 0xaa, 0xe7, 0xff, 0x18, 0xaa, 0xe7, 0xff, 
	0x20, 0xa6, 0xe4, 0xff, 0x28, 0xa2, 0xe1, 0xff, 
	0x39, 0x9a, 0xd6, 0xff, 0x4f, 0x89, 0xd0, 0xff, 
	0x65, 0x79, 0xcb, 0xff, 0x7b, 0x69, 0xc6, 0xff, 
	0x9c, 0x4d, 0xc6, 0xff, 0xaa, 0x3e, 0xce, 0xff, 
	0xb8, 0x2f, 0xd6, 0xff, 0xc6, 0x20, 0xde, 0xff, 
	0xc8, 0x1a, 0xe1, 0xff, 0xcb, 0x19, 0xe4, 0xff, 
	0xcb, 0x19, 0xe4, 0xff, 0xc8, 0x1a, 0xe1, 0xff, 
	0xbd, 0x20, 0xde, 0xff, 0xb7, 0x24, 0xd3, 0xff, 
	0xb2, 0x28, 0xc8, 0xff, 0xad, 0x2c, 0xbd, 0xff, 
	0xad, 0x34, 0xa5, 0xff, 0xad, 0x39, 0x91, 0xff, 
	0xad, 0x3f, 0x7e, 0xff, 0xad, 0x45, 0x6b, 0xff, 
	0xac, 0x4e, 0x65, 0xff, 0xac, 0x4e, 0x65, 0xff, 
	0xac, 0x4e, 0x65, 0xff, 0xa4, 0x53, 0x70, 0xff, 
	0x9c, 0x55, 0x6b, 0xff, 0x91, 0x51, 0x78, 0xff, 
	0x86, 0x4d, 0x86, 0xff, 0x7b, 0x49, 0x94, 0xff, 
	0x6b, 0x41, 0xa5, 0xff, 0x65, 0x3b, 0xb0, 0xff, 
	0x5f, 0x35, 0xbb, 0xff, 0x5f, 0x35, 0xbb, 0xff, 
	0x5d, 0x2f, 0xc3, 0xff, 0x5d, 0x2f, 0xc3, 0xff, 
	0x5d, 0x2f, 0xc3, 0xff, 0x5d, 0x2f, 0xc3, 0xff, 
	0x5d, 0x2e, 0xc5, 0xff, 0x5d, 0x2e, 0xc5, 0xff, 
	0x5d, 0x2e, 0xc5, 0xff, 0x5d, 0x2e, 0xc5, 0xff, 
	0x5d, 0x2e, 0xc5, 0xff, 0x5d, 0x2e, 0xc5, 0xff, 
	0x5d, 0x2e, 0xc5, 0xff, 0x5d, 0x2e, 0xc5, 0xff, 
	0x5d, 0x2e, 0xc5, 0xff, 0x5d, 0x2e, 0xc5, 0xff, 
	0x5d, 0x2e, 0xc5, 0xff, 0x5d, 0x2e, 0xc5, 0xff, 
	0x5d, 0x2e, 0xc5, 0xff, 0x5d, 0x2e, 0xc5, 0xff, 
	0x5d, 0x2e, 0xc5, 0xff, 0x5d, 0x2e, 0xc5, 0xff, 
	0x5a, 0x2c, 0xc6, 0xff, 0x5a, 0x2c, 0xc6, 0xff, 
	0x65, 0x2a, 0xc8, 0xff, 0x70, 0x29, 0xcb, 0xff, 
	0x7b, 0x24, 0xc6, 0xff, 0x94, 0x21, 0xcb, 0xff, 
	0xad, 0x1e, 0xd0, 0xff, 0xc6, 0x1c, 0xd6, 0xff, 
	0xd8, 0x18, 0xd3, 0xff, 0xdb, 0x1c, 0xd8, 0xff, 
	0xdb, 0x1c, 0xd8, 0xff, 0xde, 0x20, 0xde, 0xff, 
	0xd6, 0x30, 0xde, 0xff, 0xc2, 0x3b, 0xe1, 0xff, 
	0xaf, 0x46, 0xe4, 0xff, 0x9c, 0x51, 0xe7, 0xff, 
	0x84, 0x5d, 0xe7, 0xff, 0x6b, 0x5b, 0xec, 0xff, 
	0x52, 0x5a, 0xf1, 0xff, 0x39, 0x59, 0xf7, 0xff, 
	0x28, 0x4b, 0xf9, 0xff, 0x20, 0x41, 0xfc, 0xff, 
	0x20, 0x41, 0xfc, 0xff, 0x20, 0x41, 0xfc, 0xff, 
	0x21, 0x49, 0xf7, 0xff, 0x21, 0x49, 0xf7, 0xff, 
	0x2c, 0x56, 0xf4, 0xff, 0x37, 0x63, 0xf1, 0xff, 
	0x4a, 0x79, 0xde, 0xff, 0x5a, 0x7c, 0xcd, 0xff, 
	0x6a, 0x7f, 0xbd, 0xff, 0x7b, 0x82, 0xad, 0xff, 
	0x94, 0x6d, 0xa5, 0xff, 0xa4, 0x5c, 0xaa, 0xff, 
	0xc6, 0x3c, 0xb5, 0xff, 0xc6, 0x3c, 0xb5, 0xff, 
	0xce, 0x30, 0xb5, 0xff, 0xce, 0x30, 0xb5, 0xff, 
	0xce, 0x30, 0xb5, 0xff, 0xc5, 0x38, 0xaf, 0xff, 
	0xc6, 0x3c, 0xad, 0xff, 0xb5, 0x48, 0xa2, 0xff, 
	0xa4, 0x54, 0x97, 0xff, 0x94, 0x61, 0x8c, 0xff, 
	0x84, 0x65, 0x8c, 0xff, 0x7b, 0x59, 0x99, 0xff, 
	0x73, 0x4d, 0xa7, 0xff, 0x6b, 0x41, 0xb5, 0xff, 
	0x65, 0x34, 0xc0, 0xff, 0x5f, 0x30, 0xc3, 0xff, 
	0x5f, 0x30, 0xc3, 0xff, 0x5f, 0x30, 0xc3, 0xff, 
	0x5d, 0x2e, 0xc5, 0xff, 0x5d, 0x2e, 0xc5, 0xff, 
	0x5d, 0x2e, 0xc5, 0xff, 0x5d, 0x2e, 0xc5, 0xff, 
	0x5d, 0x2e, 0xc5, 0xff, 0x5d, 0x2e, 0xc5, 0xff, 
	0x5d, 0x2e, 0xc5, 0xff, 0x5d, 0x2e, 0xc5, 0xff, 
	0x5d, 0x30, 0xc3, 0xff, 0x5d, 0x30, 0xc3, 0xff, 
	0x60, 0x38, 0xc0, 0xff, 0x63, 0x41, 0xbd, 0xff, 
	0x6b, 0x61, 0xad, 0xff, 0x60, 0x79, 0xaf, 0xff, 
	0x55, 0x91, 0xb2, 0xff, 0x4a, 0xaa, 0xb5, 0xff, 
	0x31, 0xae, 0xce, 0xff, 0x28, 0xae, 0xd6, 0xff, 
	0x20, 0xae, 0xde, 0xff, 0x18, 0xae, 0xe7, 0xff, 
	0x18, 0xaa, 0xe7, 0xff, 0x20, 0xa6, 0xe4, 0xff, 
	0x20, 0xa6, 0xe4, 0xff, 0x28, 0xa2, 0xe1, 0xff, 
	0x39, 0x9a, 0xd6, 0xff, 0x4f, 0x89, 0xd0, 0xff, 
	0x65, 0x79, 0xcb, 0xff, 0x7b, 0x69, 0xc6, 0xff, 
	0x9c, 0x4d, 0xc6, 0xff, 0xaa, 0x3e, 0xce, 0xff, 
	0xb8, 0x2f, 0xd6, 0xff, 0xc6, 0x20, 0xde, 0xff, 
	0xc8, 0x1a, 0xe1, 0xff, 0xce, 0x18, 0xe7, 0xff, 
	0xcb, 0x19, 0xe4, 0xff, 0xc8, 0x1a, 0xe1, 0xff, 
	0xbd, 0x20, 0xde, 0xff, 0xb7, 0x24, 0xd3, 0xff, 
	0xb2, 0x28, 0xc8, 0xff, 0xad, 0x2c, 0xbd, 0xff, 
	0xad, 0x34, 0xa5, 0xff, 0xad, 0x39, 0x91, 0xff, 
	0xad, 0x3f, 0x7e, 0xff, 0xad, 0x3f, 0x7e, 0xff, 
	0xa4, 0x53, 0x70, 0xff, 0xa4, 0x53, 0x70, 0xff, 
	0xa4, 0x53, 0x70, 0xff, 0xa4, 0x53, 0x70, 0xff, 
	0x91, 0x51, 0x78, 0xff, 0x91, 0x51, 0x78, 0xff, 
	0x86, 0x4d, 0x86, 0xff, 0x7b, 0x49, 0x94, 0xff, 
	0x6b, 0x41, 0xa5, 0xff, 0x65, 0x3b, 0xb0, 0xff, 
	0x5f, 0x35, 0xbb, 0xff, 0x5f, 0x35, 0xbb, 0xff, 
	0x5d, 0x2f, 0xc3, 0xff, 0x5d, 0x2f, 0xc3, 0xff, 
	0x5d, 0x2f, 0xc3, 0xff, 0x5d, 0x2f, 0xc3, 0xff, 
	0x5d, 0x2e, 0xc5, 0xff, 0x5d, 0x2e, 0xc5, 0xff, 
	0x5d, 0x2e, 0xc5, 0xff, 0x5d, 0x2e, 0xc5, 0xff, 
	0x5d, 0x2e, 0xc5, 0xff, 0x5d, 0x2e, 0xc5, 0xff, 
	0x5d, 0x2e, 0xc5, 0xff, 0x5d, 0x2e, 0xc5, 0xff, 
	0x5d, 0x2e, 0xc5, 0xff, 0x5d, 0x2e, 0xc5, 0xff, 
	0x5d, 0x2e, 0xc5, 0xff, 0x5d, 0x2e, 0xc5, 0xff, 
	0x5d, 0x2e, 0xc5, 0xff, 0x5d, 0x2e, 0xc5, 0xff, 
	0x5d, 0x2e, 0xc5, 0xff, 0x5d, 0x2e, 0xc5, 0xff, 
	0x5a, 0x2c, 0xc6, 0xff, 0x65, 0x2a, 0xc8, 0xff, 
	0x65, 0x2a, 0xc8, 0xff, 0x7b, 0x28, 0xce, 0xff, 
	0x94, 0x21, 0xcb, 0xff, 0xad, 0x1e, 0xd0, 0xff, 
	0xad, 0x1e, 0xd0, 0xff, 0xc6, 0x1c, 0xd6, 0xff, 
	0xdb, 0x1c, 0xd8, 0xff, 0xde, 0x20, 0xde, 0xff, 
	0xde, 0x20, 0xde, 0xff, 0xde, 0x20, 0xde, 0xff, 
	0xd6, 0x30, 0xde, 0xff, 0xc2, 0x3b, 0xe1, 0xff, 
	0xaf, 0x46, 0xe4, 0xff, 0x9c, 0x51, 0xe7, 0xff, 
	0x84, 0x5d, 0xe7, 0xff, 0x6b, 0x5b, 0xec, 0xff, 
	0x52, 0x5a, 0xf1, 0xff, 0x39, 0x59, 0xf7, 0xff, 
	0x31, 0x55, 0xf7, 0xff, 0x28, 0x4b, 0xf9, 0xff, 
	0x28, 0x4b, 0xf9, 0xff, 0x20, 0x41, 0xfc, 0xff, 
	0x21, 0x49, 0xf7, 0xff, 0x2c, 0x56, 0xf4, 0xff, 
	0x37, 0x63, 0xf1, 0xff, 0x42, 0x71, 0xef, 0xff, 
	0x4a, 0x79, 0xde, 0xff, 0x5a, 0x7c, 0xcd, 0xff, 
	0x6a, 0x7f, 0xbd, 0xff, 0x7b, 0x82, 0xad, 0xff, 
	0x94, 0x6d, 0xa5, 0xff, 0xa4, 0x5c, 0xaa, 0xff, 
	0xb5, 0x4c, 0xaf, 0xff, 0xc6, 0x3c, 0xb5, 0xff, 
	0xce, 0x30, 0xb5, 0xff, 0xc5, 0x38, 0xaf, 0xff, 
	0xc5, 0x38, 0xaf, 0xff, 0xbd, 0x40, 0xaa, 0xff, 
	0xb5, 0x48, 0xa2, 0xff, 0xb5, 0x48, 0xa2, 0xff, 
	0xa4, 0x54, 0x97, 0xff, 0x94, 0x61, 0x8c, 0xff, 
	0x84, 0x65, 0x8c, 0xff, 0x7b, 0x59, 0x99, 0xff, 
	0x73, 0x4d, 0xa7, 0xff, 0x6b, 0x41, 0xb5, 0xff, 
	0x65, 0x34, 0xc0, 0xff, 0x5f, 0x30, 0xc3, 0xff, 
	0x5f, 0x30, 0xc3, 0xff, 0x5a, 0x2c, 0xc6, 0xff, 
	0x5d, 0x2e, 0xc5, 0xff, 0x5d, 0x2e, 0xc5, 0xff, 
	0x5d, 0x2e, 0xc5, 0xff, 0x5d, 0x2e, 0xc5, 0xff, 
	0x5d, 0x2e, 0xc5, 0xff, 0x5d, 0x2e, 0xc5, 0xff, 
	0x5d, 0x2e, 0xc5, 0xff, 0x5d, 0x2e, 0xc5, 0xff, 
	0x5d, 0x30, 0xc3, 0xff, 0x5d, 0x30, 0xc3, 0xff, 
	0x60, 0x38, 0xc0, 0xff, 0x63, 0x41, 0xbd, 0xff, 
	0x6b, 0x61, 0xad, 0xff, 0x60, 0x79, 0xaf, 0xff, 
	0x55, 0x91, 0xb2, 0xff, 0x4a, 0xaa, 0xb5, 0xff, 
	0x31, 0xae, 0xce, 0xff, 0x28, 0xae, 0xd6, 0xff, 
	0x20, 0xae, 0xde, 0xff, 0x18, 0xae, 0xe7, 0xff, 
	0x20, 0xa6, 0xe4, 0xff, 0x20, 0xa6, 0xe4, 0xff, 
	0x28, 0xa2, 0xe1, 0xff, 0x31, 0x9e, 0xde, 0xff, 
	0x39, 0x9a, 0xd6, 0xff, 0x4f, 0x89, 0xd0, 0xff, 
	0x65, 0x79, 0xcb, 0xff, 0x7b, 0x69, 0xc6, 0xff, 
	0x9c, 0x4d, 0xc6, 0xff, 0xaa, 0x3e, 0xce, 0xff, 
	0xb8, 0x2f, 0xd6, 0xff, 0xc6, 0x20, 0xde, 0xff, 
	0xc8, 0x1a, 0xe1, 0xff, 0xce, 0x18, 0xe7, 0xff, 
	0xcb, 0x19, 0xe4, 0xff, 0xcb, 0x19, 0xe4, 0xff, 
	0xbd, 0x20, 0xde, 0xff, 0xbd, 0x20, 0xde, 0xff, 
	0xb7, 0x24, 0xd3, 0xff, 0xad, 0x2c, 0xbd, 0xff, 
	0xad, 0x34, 0xa5, 0xff, 0xad, 0x34, 0xa5, 0xff, 
	0xad, 0x39, 0x91, 0xff, 0xad, 0x3f, 0x7e, 0xff, 
	0x9c, 0x59, 0x7b, 0xff, 0x9c, 0x59, 0x7b, 0xff, 
	0x9c, 0x59, 0x7b, 0xff, 0x9c, 0x59, 0x7b, 0xff, 
	0x91, 0x51, 0x78, 0xff, 0x86, 0x4d, 0x86, 0xff, 
	0x86, 0x4d, 0x86, 0xff, 0x7b, 0x49, 0x94, 0xff, 
	0x6b, 0x41, 0xa5, 0xff, 0x65, 0x3b, 0xb0, 0xff, 
	0x65, 0x3b, 0xb0, 0xff, 0x5f, 0x35, 0xbb, 0xff, 
	0x5d, 0x2f, 0xc3, 0xff, 0x5d, 0x2f, 0xc3, 0xff, 
	0x5d, 0x2f, 0xc3, 0xff, 0x5d, 0x2f, 0xc3, 0xff, 
	0x5d, 0x2e, 0xc5, 0xff, 0x5d, 0x2e, 0xc5, 0xff, 
	0x5d, 0x2e, 0xc5, 0xff, 0x5d, 0x2e, 0xc5, 0xff, 
	0x5d, 0x2e, 0xc5, 0xff, 0x5d, 0x2e, 0xc5, 0xff, 
	0x5d, 0x2e, 0xc5, 0xff, 0x5d, 0x2e, 0xc5, 0xff, 
	0x5d, 0x2e, 0xc5, 0xff, 0x5d, 0x2e, 0xc5, 0xff, 
	0x5d, 0x2e, 0xc5, 0xff, 0x5d, 0x2e, 0xc5, 0xff, 
	0x5d, 0x2e, 0xc5, 0xff, 0x5d, 0x2e, 0xc5, 0xff, 
	0x5d, 0x2e, 0xc5, 0xff, 0x5d, 0x2e, 0xc5, 0xff, 
	0x5a, 0x2c, 0xc6, 0xff, 0x65, 0x2a, 0xc8, 0xff, 
	0x70, 0x29, 0xcb, 0xff, 0x7b, 0x28, 0xce, 0xff, 
	0x94, 0x21, 0xcb, 0xff, 0xad, 0x1e, 0xd0, 0xff, 
	0xc6, 0x1c, 0xd6, 0xff, 0xc6, 0x1c, 0xd6, 0xff, 
	0xde, 0x20, 0xde, 0xff, 0xde, 0x20, 0xde, 0xff, 
	0xde, 0x20, 0xde, 0xff, 0xde, 0x20, 0xde, 0xff, 
	0xd6, 0x30, 0xde, 0xff, 0xc2, 0x3b, 0xe1, 0xff, 
	0xaf, 0x46, 0xe4, 0xff, 0x9c, 0x51, 0xe7, 0xff, 
	0x84, 0x5d, 0xe7, 0xff, 0x6b, 0x5b, 0xec, 0xff, 
	0x52, 0x5a, 0xf1, 0xff, 0x39, 0x59, 0xf7, 0xff, 
	0x31, 0x55, 0xf7, 0xff, 0x28, 0x4b, 0xf9, 0xff, 
	0x28, 0x4b, 0xf9, 0xff, 0x28, 0x4b, 0xf9, 0xff, 
	0x2c, 0x56, 0xf4, 0xff, 0x2c, 0x56, 0xf4, 0xff, 
	0x37, 0x63, 0xf1, 0xff, 0x42, 0x71, 0xef, 0xff, 
	0x4a, 0x79, 0xde, 0xff, 0x5a, 0x7c, 0xcd, 0xff, 
	0x6a, 0x7f, 0xbd, 0xff, 0x7b, 0x82, 0xad, 0xff, 
	0x94, 0x6d, 0xa5, 0xff, 0xa4, 0x5c, 0xaa, 0xff, 
	0xb5, 0x4c, 0xaf, 0xff, 0xc6, 0x3c, 0xb5, 0xff, 
	0xc5, 0x38, 0xaf, 0xff, 0xc5, 0x38, 0xaf, 0xff, 
	0xbd, 0x40, 0xaa, 0xff, 0xb5, 0x49, 0xa5, 0xff, 
	0xb5, 0x48, 0xa2, 0xff, 0xa4, 0x54, 0x97, 0xff, 
	0x94, 0x61, 0x8c, 0xff, 0x94, 0x61, 0x8c, 0xff, 
	0x84, 0x65, 0x8c, 0xff, 0x7b, 0x59, 0x99, 0xff, 
	0x73, 0x4d, 0xa7, 0xff, 0x6b, 0x41, 0xb5, 0xff, 
	0x65, 0x34, 0xc0, 0xff, 0x5f, 0x30, 0xc3, 0xff, 
	0x5f, 0x30, 0xc3, 0xff, 0x5a, 0x2c, 0xc6, 0xff, 
	0x5d, 0x2e, 0xc5, 0xff, 0x5d, 0x2e, 0xc5, 0xff, 
	0x5d, 0x2e, 0xc5, 0xff, 0x5d, 0x2e, 0xc5, 0xff, 
	0x5d, 0x2e, 0xc5, 0xff, 0x5d, 0x2e, 0xc5, 0xff, 
	0x5d, 0x2e, 0xc5, 0xff, 0x5d, 0x2e, 0xc5, 0xff, 
	0x5d, 0x30, 0xc3, 0xff, 0x5d, 0x30, 0xc3, 0xff, 
	0x60, 0x38, 0xc0, 0xff, 0x63, 0x41, 0xbd, 0xff, 
	0x63, 0x55, 0xb5, 0xff, 0x5d, 0x6e, 0xb5, 0xff, 
	0x57, 0x88, 0xb5, 0xff, 0x52, 0xa2, 0xb5, 0xff, 
	0x39, 0xa6, 0xcb, 0xff, 0x31, 0xa2, 0xd9, 0xff, 
	0x29, 0x9e, 0xe7, 0xff, 0x29, 0x9e, 0xe7, 0xff, 
	0x29, 0x9e, 0xe7, 0xff, 0x29, 0x9e, 0xe7, 0xff, 
	0x2e, 0x97, 0xe9, 0xff, 0x2e, 0x97, 0xe9, 0xff, 
	0x42, 0x8a, 0xe7, 0xff, 0x4f, 0x7f, 0xe1, 0xff, 
	0x5d, 0x74, 0xdb, 0xff, 0x6b, 0x69, 0xd6, 0xff, 
	0x8c, 0x55, 0xd6, 0xff, 0x9c, 0x44, 0xd8, 0xff, 
	0xac, 0x34, 0xdb, 0xff, 0xbd, 0x24, 0xde, 0xff, 
	0xc8, 0x1c, 0xe1, 0xff, 0xcb, 0x18, 0xe4, 0xff, 
	0xcb, 0x18, 0xe4, 0xff, 0xcb, 0x18, 0xe4, 0xff, 
	0xc6, 0x18, 0xe7, 0xff, 0xbd, 0x1e, 0xdc, 0xff, 
	0xb5, 0x25, 0xd1, 0xff, 0xad, 0x2c, 0xc6, 0xff, 
	0xa5, 0x34, 0xbd, 0xff, 0x9f, 0x3d, 0xaf, 0xff, 
	0x99, 0x47, 0xa1, 0xff, 0x94, 0x51, 0x94, 0xff, 
	0x94, 0x5d, 0x84, 0xff, 0x94, 0x5d, 0x84, 0xff, 
	0x94, 0x5d, 0x84, 0xff, 0x94, 0x5d, 0x84, 0xff, 
	0x8c, 0x65, 0x84, 0xff, 0x83, 0x67, 0x8f, 0xff, 
	0x83, 0x67, 0x8f, 0xff, 0x7b, 0x6a, 0x9a, 0xff, 
	0x60, 0x5b, 0xaf, 0xff, 0x5d, 0x4e, 0xb2, 0xff, 
	0x5a, 0x41, 0xb5, 0xff, 0x5a, 0x41, 0xb5, 0xff, 
	0x5a, 0x34, 0xc6, 0xff, 0x5a, 0x34, 0xc6, 0xff, 
	0x5a, 0x34, 0xc6, 0xff, 0x5a, 0x34, 0xc6, 0xff, 
	0x5d, 0x2d, 0xc6, 0xff, 0x5d, 0x2d, 0xc6, 0xff, 
	0x5d, 0x2d, 0xc6, 0xff, 0x5d, 0x2d, 0xc6, 0xff, 
	0x5d, 0x2f, 0xc5, 0xff, 0x5d, 0x2f, 0xc5, 0xff, 
	0x5d, 0x2f, 0xc5, 0xff, 0x5d, 0x2f, 0xc5, 0xff, 
	0x5d, 0x2f, 0xc5, 0xff, 0x5d, 0x2f, 0xc5, 0xff, 
	0x5d, 0x2f, 0xc5, 0xff, 0x5d, 0x2f, 0xc5, 0xff, 
	0x5a, 0x2c, 0xc6, 0xff, 0x5a, 0x2c, 0xc6, 0xff, 
	0x5d, 0x2e, 0xc8, 0xff, 0x5d, 0x2e, 0xc8, 0xff, 
	0x6b, 0x30, 0xce, 0xff, 0x6b, 0x30, 0xce, 0xff, 
	0x7e, 0x30, 0xd6, 0xff, 0x91, 0x30, 0xde, 0xff, 
	0xad, 0x28, 0xde, 0xff, 0xbd, 0x29, 0xe3, 0xff, 
	0xcd, 0x2a, 0xe9, 0xff, 0xde, 0x2c, 0xef, 0xff, 
	0xe7, 0x20, 0xe7, 0xff, 0xe7, 0x20, 0xe7, 0xff, 
	0xe1, 0x2b, 0xe9, 0xff, 0xe1, 0x2b, 0xe9, 0xff, 
	0xc6, 0x49, 0xe7, 0xff, 0xc6, 0x49, 0xe7, 0xff, 
	0xb2, 0x5a, 0xe7, 0xff, 0x9f, 0x6b, 0xe7, 0xff, 
	0x73, 0x7d, 0xef, 0xff, 0x62, 0x7b, 0xf1, 0xff, 
	0x52, 0x7a, 0xf4, 0xff, 0x42, 0x79, 0xf7, 0xff, 
	0x2e, 0x5f, 0xf7, 0xff, 0x2e, 0x5f, 0xf7, 0xff, 
	0x29, 0x55, 0xf7, 0xff, 0x29, 0x55, 0xf7, 0xff, 
	0x31, 0x69, 0xf7, 0xff, 0x31, 0x69, 0xf7, 0xff, 
	0x3c, 0x74, 0xee, 0xff, 0x47, 0x7f, 0xe6, 0xff, 
	0x5a, 0x8a, 0xd6, 0xff, 0x62, 0x8b, 0xc0, 0xff, 
	0x6a, 0x8c, 0xaa, 0xff, 0x73, 0x8e, 0x94, 0xff, 
	0x8c, 0x7d, 0x8c, 0xff, 0x9c, 0x6a, 0x94, 0xff, 
	0xac, 0x57, 0x9c, 0xff, 0xbd, 0x45, 0xa5, 0xff, 
	0xbd, 0x45, 0xa5, 0xff, 0xbd, 0x45, 0xa5, 0xff, 
	0xbd, 0x45, 0xa5, 0xff, 0xb5, 0x4d, 0x9c, 0xff, 
	0xa5, 0x5d, 0x8c, 0xff, 0xa5, 0x5d, 0x8c, 0xff, 
	0x9a, 0x63, 0x89, 0xff, 0x8f, 0x6a, 0x86, 0xff, 
	0x7b, 0x61, 0x94, 0xff, 0x75, 0x52, 0xa1, 0xff, 
	0x70, 0x43, 0xaf, 0xff, 0x6b, 0x34, 0xbd, 0xff, 
	0x65, 0x2a, 0xc6, 0xff, 0x5f, 0x2d, 0xc6, 0xff, 
	0x5f, 0x2d, 0xc6, 0xff, 0x5f, 0x2d, 0xc6, 0xff, 
	0x5d, 0x2f, 0xc5, 0xff, 0x5d, 0x2f, 0xc5, 0xff, 
	0x5d, 0x2f, 0xc5, 0xff, 0x5d, 0x2f, 0xc5, 0xff, 
	0x5d, 0x2e, 0xc5, 0xff, 0x5d, 0x2e, 0xc5, 0xff, 
	0x5d, 0x2e, 0xc5, 0xff, 0x5d, 0x2e, 0xc5, 0xff, 
	0x5d, 0x30, 0xc3, 0xff, 0x5d, 0x30, 0xc3, 0xff, 
	0x60, 0x38, 0xc0, 0xff, 0x63, 0x41, 0xbd, 0xff, 
	0x63, 0x55, 0xb5, 0xff, 0x5d, 0x6e, 0xb5, 0xff, 
	0x57, 0x88, 0xb5, 0xff, 0x52, 0xa2, 0xb5, 0xff, 
	0x39, 0xa6, 0xcb, 0xff, 0x31, 0xa2, 0xd9, 0xff, 
	0x29, 0x9e, 0xe7, 0xff, 0x29, 0x9e, 0xe7, 0xff, 
	0x2e, 0x97, 0xe9, 0xff, 0x2e, 0x97, 0xe9, 0xff, 
	0x33, 0x90, 0xec, 0xff, 0x33, 0x90, 0xec, 0xff, 
	0x42, 0x8a, 0xe7, 0xff, 0x4f, 0x7f, 0xe1, 0xff, 
	0x5d, 0x74, 0xdb, 0xff, 0x6b, 0x69, 0xd6, 0xff, 
	0x8c, 0x55, 0xd6, 0xff, 0x9c, 0x44, 0xd8, 0xff, 
	0xac, 0x34, 0xdb, 0xff, 0xbd, 0x24, 0xde, 0xff, 
	0xc8, 0x1c, 0xe1, 0xff, 0xcb, 0x18, 0xe4, 0xff, 
	0xce, 0x14, 0xe7, 0xff, 0xcb, 0x18, 0xe4, 0xff, 
	0xc6, 0x18, 0xe7, 0xff, 0xbd, 0x1e, 0xdc, 0xff, 
	0xb5, 0x25, 0xd1, 0xff, 0xad, 0x2c, 0xc6, 0xff, 
	0xa5, 0x34, 0xbd, 0xff, 0x9f, 0x3d, 0xaf, 0xff, 
	0x99, 0x47, 0xa1, 0xff, 0x94, 0x51, 0x94, 0xff, 
	0x8e, 0x61, 0x8c, 0xff, 0x8e, 0x61, 0x8c, 0xff, 
	0x8e, 0x61, 0x8c, 0xff, 0x8e, 0x61, 0x8c, 0xff, 
	0x83, 0x67, 0x8f, 0xff, 0x83, 0x67, 0x8f, 0xff, 
	0x7b, 0x6a, 0x9a, 0xff, 0x7b, 0x6a, 0x9a, 0xff, 
	0x60, 0x5b, 0xaf, 0xff, 0x60, 0x5b, 0xaf, 0xff, 
	0x5d, 0x4e, 0xb2, 0xff, 0x5a, 0x41, 0xb5, 0xff, 
	0x54, 0x3d, 0xc3, 0xff, 0x5a, 0x34, 0xc6, 0xff, 
	0x5a, 0x34, 0xc6, 0xff, 0x5a, 0x34, 0xc6, 0xff, 
	0x5d, 0x2d, 0xc6, 0xff, 0x5d, 0x2d, 0xc6, 0xff, 
	0x5d, 0x2d, 0xc6, 0xff, 0x5d, 0x2d, 0xc6, 0xff, 
	0x5d, 0x2f, 0xc5, 0xff, 0x5d, 0x2f, 0xc5, 0xff, 
	0x5d, 0x2f, 0xc5, 0xff, 0x5d, 0x2f, 0xc5, 0xff, 
	0x5d, 0x2f, 0xc5, 0xff, 0x5d, 0x2f, 0xc5, 0xff, 
	0x5d, 0x2f, 0xc5, 0xff, 0x5d, 0x2f, 0xc5, 0xff, 
	0x5d, 0x2e, 0xc8, 0xff, 0x5d, 0x2e, 0xc8, 0xff, 
	0x5d, 0x2e, 0xc8, 0xff, 0x5d, 0x2e, 0xc8, 0xff, 
	0x6b, 0x30, 0xce, 0xff, 0x6b, 0x30, 0xce, 0xff, 
	0x7e, 0x30, 0xd6, 0xff, 0x91, 0x30, 0xde, 0xff, 
	0xad, 0x28, 0xde, 0xff, 0xbd, 0x29, 0xe3, 0xff, 
	0xcd, 0x2a, 0xe9, 0xff, 0xde, 0x2c, 0xef, 0xff, 
	0xe1, 0x2b, 0xe9, 0xff, 0xe1, 0x2b, 0xe9, 0xff, 
	0xe1, 0x2b, 0xe9, 0xff, 0xdb, 0x36, 0xec, 0xff, 
	0xc6, 0x49, 0xe7, 0xff, 0xc6, 0x49, 0xe7, 0xff, 
	0xb2, 0x5a, 0xe7, 0xff, 0x9f, 0x6b, 0xe7, 0xff, 
	0x73, 0x7d, 0xef, 0xff, 0x62, 0x7b, 0xf1, 0xff, 
	0x52, 0x7a, 0xf4, 0xff, 0x42, 0x79, 0xf7, 0xff, 
	0x33, 0x6a, 0xf7, 0xff, 0x2e, 0x5f, 0xf7, 0xff, 
	0x2e, 0x5f, 0xf7, 0xff, 0x2e, 0x5f, 0xf7, 0xff, 
	0x31, 0x69, 0xf7, 0xff, 0x31, 0x69, 0xf7, 0xff, 
	0x3c, 0x74, 0xee, 0xff, 0x47, 0x7f, 0xe6, 0xff, 
	0x5a, 0x8a, 0xd6, 0xff, 0x62, 0x8b, 0xc0, 0xff, 
	0x6a, 0x8c, 0xaa, 0xff, 0x73, 0x8e, 0x94, 0xff, 
	0x8c, 0x7d, 0x8c, 0xff, 0x9c, 0x6a, 0x94, 0xff, 
	0xac, 0x57, 0x9c, 0xff, 0xbd, 0x45, 0xa5, 0xff, 
	0xbd, 0x45, 0xa5, 0xff, 0xb5, 0x4d, 0x9c, 0xff, 
	0xb5, 0x4d, 0x9c, 0xff, 0xad, 0x55, 0x94, 0xff, 
	0xa5, 0x5d, 0x8c, 0xff, 0x9a, 0x63, 0x89, 0xff, 
	0x8f, 0x6a, 0x86, 0xff, 0x84, 0x71, 0x84, 0xff, 
	0x7b, 0x61, 0x94, 0xff, 0x75, 0x52, 0xa1, 0xff, 
	0x70, 0x43, 0xaf, 0xff, 0x6b, 0x34, 0xbd, 0xff, 
	0x65, 0x2a, 0xc6, 0xff, 0x5f, 0x2d, 0xc6, 0xff, 
	0x5f, 0x2d, 0xc6, 0xff, 0x5f, 0x2d, 0xc6, 0xff, 
	0x5d, 0x2f, 0xc5, 0xff, 0x5d, 0x2f, 0xc5, 0xff, 
	0x5d, 0x2f, 0xc5, 0xff, 0x5d, 0x2f, 0xc5, 0xff, 
	0x5d, 0x2e, 0xc5, 0xff, 0x5d, 0x2e, 0xc5, 0xff, 
	0x5d, 0x2e, 0xc5, 0xff, 0x5d, 0x2e, 0xc5, 0xff, 
	0x5d, 0x30, 0xc3, 0xff, 0x5d, 0x30, 0xc3, 0xff, 
	0x60, 0x38, 0xc0, 0xff, 0x63, 0x41, 0xbd, 0xff, 
	0x63, 0x55, 0xb5, 0xff, 0x5d, 0x6e, 0xb5, 0xff, 
	0x57, 0x88, 0xb5, 0xff, 0x52, 0xa2, 0xb5, 0xff, 
	0x39, 0xa6, 0xcb, 0xff, 0x31, 0xa2, 0xd9, 0xff, 
	0x29, 0x9e, 0xe7, 0xff, 0x29, 0x9e, 0xe7, 0xff, 
	0x33, 0x90, 0xec, 0xff, 0x33, 0x90, 0xec, 0xff, 
	0x39, 0x8a, 0xef, 0xff, 0x39, 0x8a, 0xef, 0xff, 
	0x42, 0x8a, 0xe7, 0xff, 0x4f, 0x7f, 0xe1, 0xff, 
	0x5d, 0x74, 0xdb, 0xff, 0x6b, 0x69, 0xd6, 0xff, 
	0x8c, 0x55, 0xd6, 0xff, 0x9c, 0x44, 0xd8, 0xff, 
	0xac, 0x34, 0xdb, 0xff, 0xbd, 0x24, 0xde, 0xff, 
	0xc8, 0x1c, 0xe1, 0xff, 0xcb, 0x18, 0xe4, 0xff, 
	0xce, 0x14, 0xe7, 0xff, 0xcb, 0x18, 0xe4, 0xff, 
	0xc6, 0x18, 0xe7, 0xff, 0xbd, 0x1e, 0xdc, 0xff, 
	0xbd, 0x1e, 0xdc, 0xff, 0xb5, 0x25, 0xd1, 0xff, 
	0xa5, 0x34, 0xbd, 0xff, 0x9f, 0x3d, 0xaf, 0xff, 
	0x99, 0x47, 0xa1, 0xff, 0x99, 0x47, 0xa1, 0xff, 
	0x89, 0x65, 0x94, 0xff, 0x89, 0x65, 0x94, 0xff, 
	0x89, 0x65, 0x94, 0xff, 0x89, 0x65, 0x94, 0xff, 
	0x83, 0x67, 0x8f, 0xff, 0x7b, 0x6a, 0x9a, 0xff, 
	0x7b, 0x6a, 0x9a, 0xff, 0x73, 0x6d, 0xa5, 0xff, 
	0x63, 0x69, 0xad, 0xff, 0x60, 0x5b, 0xaf, 0xff, 
	0x60, 0x5b, 0xaf, 0xff, 0x5d, 0x4e, 0xb2, 0xff, 
	0x4f, 0x47, 0xc0, 0xff, 0x54, 0x3d, 0xc3, 0xff, 
	0x54, 0x3d, 0xc3, 0xff, 0x5a, 0x34, 0xc6, 0xff, 
	0x57, 0x32, 0xc6, 0xff, 0x57, 0x32, 0xc6, 0xff, 
	0x5d, 0x2d, 0xc6, 0xff, 0x5d, 0x2d, 0xc6, 0xff, 
	0x5d, 0x2f, 0xc5, 0xff, 0x5d, 0x2f, 0xc5, 0xff, 
	0x5d, 0x2f, 0xc5, 0xff, 0x5d, 0x2f, 0xc5, 0xff, 
	0x5d, 0x2f, 0xc5, 0xff, 0x5d, 0x2f, 0xc5, 0xff, 
	0x5d, 0x2f, 0xc5, 0xff, 0x5d, 0x2f, 0xc5, 0xff, 
	0x5d, 0x2e, 0xc8, 0xff, 0x5d, 0x2e, 0xc8, 0xff, 
	0x5d, 0x2e, 0xc8, 0xff, 0x60, 0x31, 0xcb, 0xff, 
	0x6b, 0x30, 0xce, 0xff, 0x7e, 0x30, 0xd6, 0xff, 
	0x91, 0x30, 0xde, 0xff, 0xa5, 0x30, 0xe7, 0xff, 
	0xbd, 0x29, 0xe3, 0xff, 0xcd, 0x2a, 0xe9, 0xff, 
	0xde, 0x2c, 0xef, 0xff, 0xde, 0x2c, 0xef, 0xff, 
	0xe1, 0x2b, 0xe9, 0xff, 0xe1, 0x2b, 0xe9, 0xff, 
	0xdb, 0x36, 0xec, 0xff, 0xd6, 0x41, 0xef, 0xff, 
	0xc6, 0x49, 0xe7, 0xff, 0xb2, 0x5a, 0xe7, 0xff, 
	0x9f, 0x6b, 0xe7, 0xff, 0x8c, 0x7d, 0xe7, 0xff, 
	0x73, 0x7d, 0xef, 0xff, 0x62, 0x7b, 0xf1, 0xff, 
	0x52, 0x7a, 0xf4, 0xff, 0x42, 0x79, 0xf7, 0xff, 
	0x39, 0x75, 0xf7, 0xff, 0x33, 0x6a, 0xf7, 0xff, 
	0x33, 0x6a, 0xf7, 0xff, 0x33, 0x6a, 0xf7, 0xff, 
	0x31, 0x69, 0xf7, 0xff, 0x3c, 0x74, 0xee, 0xff, 
	0x47, 0x7f, 0xe6, 0xff, 0x52, 0x8a, 0xde, 0xff, 
	0x5a, 0x8a, 0xd6, 0xff, 0x62, 0x8b, 0xc0, 0xff, 
	0x6a, 0x8c, 0xaa, 0xff, 0x73, 0x8e, 0x94, 0xff, 
	0x8c, 0x7d, 0x8c, 0xff, 0x9c, 0x6a, 0x94, 0xff, 
	0xac, 0x57, 0x9c, 0xff, 0xac, 0x57, 0x9c, 0xff, 
	0xb5, 0x4d, 0x9c, 0xff, 0xb5, 0x4d, 0x9c, 0xff, 
	0xad, 0x55, 0x94, 0xff, 0xa5, 0x5d, 0x8c, 0xff, 
	0x9a, 0x63, 0x89, 0xff, 0x8f, 0x6a, 0x86, 0xff, 
	0x8f, 0x6a, 0x86, 0xff, 0x84, 0x71, 0x84, 0xff, 
	0x7b, 0x61, 0x94, 0xff, 0x75, 0x52, 0xa1, 0xff, 
	0x70, 0x43, 0xaf, 0xff, 0x6b, 0x34, 0xbd, 0xff, 
	0x65, 0x2a, 0xc6, 0xff, 0x5f, 0x2d, 0xc6, 0xff, 
	0x5f, 0x2d, 0xc6, 0xff, 0x5a, 0x30, 0xc6, 0xff, 
	0x5d, 0x2f, 0xc5, 0xff, 0x5d, 0x2f, 0xc5, 0xff, 
	0x5d, 0x2f, 0xc5, 0xff, 0x5d, 0x2f, 0xc5, 0xff, 
	0x5d, 0x2e, 0xc5, 0xff, 0x5d, 0x2e, 0xc5, 0xff, 
	0x5d, 0x2e, 0xc5, 0xff, 0x5d, 0x2e, 0xc5, 0xff, 
	0x5d, 0x30, 0xc3, 0xff, 0x5d, 0x30, 0xc3, 0xff, 
	0x60, 0x38, 0xc0, 0xff, 0x63, 0x41, 0xbd, 0xff, 
	0x63, 0x55, 0xb5, 0xff, 0x5d, 0x6e, 0xb5, 0xff, 
	0x57, 0x88, 0xb5, 0xff, 0x52, 0xa2, 0xb5, 0xff, 
	0x39, 0xa6, 0xcb, 0xff, 0x31, 0xa2, 0xd9, 0xff, 
	0x29, 0x9e, 0xe7, 0xff, 0x29, 0x9e, 0xe7, 0xff, 
	0x39, 0x8a, 0xef, 0xff, 0x39, 0x8a, 0xef, 0xff, 
	0x39, 0x8a, 0xef, 0xff, 0x39, 0x8a, 0xef, 0xff, 
	0x42, 0x8a, 0xe7, 0xff, 0x4f, 0x7f, 0xe1, 0xff, 
	0x5d, 0x74, 0xdb, 0xff, 0x6b, 0x69, 0xd6, 0xff, 
	0x8c, 0x55, 0xd6, 0xff, 0x9c, 0x44, 0xd8, 0xff, 
	0xac, 0x34, 0xdb, 0xff, 0xbd, 0x24, 0xde, 0xff, 
	0xc6, 0x20, 0xde, 0xff, 0xcb, 0x18, 0xe4, 0xff, 
	0xce, 0x14, 0xe7, 0xff, 0xce, 0x14, 0xe7, 0xff, 
	0xc6, 0x18, 0xe7, 0xff, 0xc6, 0x18, 0xe7, 0xff, 
	0xbd, 0x1e, 0xdc, 0xff, 0xb5, 0x25, 0xd1, 0xff, 
	0xa5, 0x34, 0xbd, 0xff, 0xa5, 0x34, 0xbd, 0xff, 
	0x9f, 0x3d, 0xaf, 0xff, 0x99, 0x47, 0xa1, 0xff, 
	0x89, 0x65, 0x94, 0xff, 0x84, 0x69, 0x9c, 0xff, 
	0x84, 0x69, 0x9c, 0xff, 0x84, 0x69, 0x9c, 0xff, 
	0x7b, 0x6a, 0x9a, 0xff, 0x7b, 0x6a, 0x9a, 0xff, 
	0x73, 0x6d, 0xa5, 0xff, 0x73, 0x6d, 0xa5, 0xff, 
	0x63, 0x69, 0xad, 0xff, 0x63, 0x69, 0xad, 0xff, 
	0x60, 0x5b, 0xaf, 0xff, 0x60, 0x5b, 0xaf, 0xff, 
	0x4a, 0x51, 0xbd, 0xff, 0x4f, 0x47, 0xc0, 0xff, 
	0x4f, 0x47, 0xc0, 0xff, 0x54, 0x3d, 0xc3, 0xff, 
	0x52, 0x38, 0xc6, 0xff, 0x57, 0x32, 0xc6, 0xff, 
	0x57, 0x32, 0xc6, 0xff, 0x57, 0x32, 0xc6, 0xff, 
	0x5d, 0x2f, 0xc5, 0xff, 0x5d, 0x2f, 0xc5, 0xff, 
	0x5d, 0x2f, 0xc5, 0xff, 0x5d, 0x2f, 0xc5, 0xff, 
	0x5d, 0x2f, 0xc5, 0xff, 0x5d, 0x2f, 0xc5, 0xff, 
	0x5d, 0x2f, 0xc5, 0xff, 0x5d, 0x2f, 0xc5, 0xff, 
	0x5d, 0x2e, 0xc8, 0xff, 0x5d, 0x2e, 0xc8, 0xff, 
	0x60, 0x31, 0xcb, 0xff, 0x63, 0x34, 0xce, 0xff, 
	0x6b, 0x30, 0xce, 0xff, 0x7e, 0x30, 0xd6, 0xff, 
	0x91, 0x30, 0xde, 0xff, 0xa5, 0x30, 0xe7, 0xff, 
	0xbd, 0x29, 0xe3, 0xff, 0xcd, 0x2a, 0xe9, 0xff, 
	0xde, 0x2c, 0xef, 0xff, 0xde, 0x2c, 0xef, 0xff, 
	0xdb, 0x36, 0xec, 0xff, 0xdb, 0x36, 0xec, 0xff, 
	0xd6, 0x41, 0xef, 0xff, 0xd6, 0x41, 0xef, 0xff, 
	0xc6, 0x49, 0xe7, 0xff, 0xb2, 0x5a, 0xe7, 0xff, 
	0x9f, 0x6b, 0xe7, 0xff, 0x8c, 0x7d, 0xe7, 0xff, 
	0x73, 0x7d, 0xef, 0xff, 0x62, 0x7b, 0xf1, 0xff, 
	0x52, 0x7a, 0xf4, 0xff, 0x42, 0x79, 0xf7, 0xff, 
	0x39, 0x75, 0xf7, 0xff, 0x39, 0x75, 0xf7, 0xff, 
	0x39, 0x75, 0xf7, 0xff, 0x39, 0x75, 0xf7, 0xff, 
	0x3c, 0x74, 0xee, 0xff, 0x47, 0x7f, 0xe6, 0xff, 
	0x52, 0x8a, 0xde, 0xff, 0x52, 0x8a, 0xde, 0xff, 
	0x62, 0x8b, 0xc0, 0xff, 0x6a, 0x8c, 0xaa, 0xff, 
	0x73, 0x8e, 0x94, 0xff, 0x73, 0x8e, 0x94, 0xff, 
	0x8c, 0x7d, 0x8c, 0xff, 0x8c, 0x7d, 0x8c, 0xff, 
	0x9c, 0x6a, 0x94, 0xff, 0xac, 0x57, 0x9c, 0xff, 
	0xad, 0x55, 0x94, 0xff, 0xad, 0x55, 0x94, 0xff, 
	0xa5, 0x5d, 0x8c, 0xff, 0xa5, 0x5d, 0x8c, 0xff, 
	0x8f, 0x6a, 0x86, 0xff, 0x8f, 0x6a, 0x86, 0xff, 
	0x84, 0x71, 0x84, 0xff, 0x84, 0x71, 0x84, 0xff, 
	0x7b, 0x61, 0x94, 0xff, 0x75, 0x52, 0xa1, 0xff, 
	0x70, 0x43, 0xaf, 0xff, 0x6b, 0x34, 0xbd, 0xff, 
	0x65, 0x2a, 0xc6, 0xff, 0x5f, 0x2d, 0xc6, 0xff, 
	0x5f, 0x2d, 0xc6, 0xff, 0x5a, 0x30, 0xc6, 0xff, 
	0x5d, 0x2f, 0xc5, 0xff, 0x5d, 0x2f, 0xc5, 0xff, 
	0x5d, 0x2f, 0xc5, 0xff, 0x5d, 0x2f, 0xc5, 0xff, 
	0x5d, 0x2f, 0xc5, 0xff, 0x5d, 0x2f, 0xc5, 0xff, 
	0x5d, 0x2f, 0xc5, 0xff, 0x5d, 0x2f, 0xc5, 0xff, 
	0x5a, 0x30, 0xc6, 0xff, 0x5a, 0x30, 0xc6, 0xff, 
	0x5a, 0x30, 0xc6, 0xff, 0x5d, 0x35, 0xc0, 0xff, 
	0x63, 0x45, 0xbd, 0xff, 0x60, 0x5d, 0xba, 0xff, 
	0x5d, 0x75, 0xb7, 0xff, 0x5a, 0x8e, 0xb5, 0xff, 
	0x44, 0x9a, 0xc5, 0xff, 0x3e, 0x96, 0xd6, 0xff, 
	0x39, 0x92, 0xe7, 0xff, 0x39, 0x92, 0xe7, 0xff, 
	0x39, 0x8a, 0xef, 0xff, 0x39, 0x8a, 0xef, 0xff, 
	0x3c, 0x87, 0xef, 0xff, 0x3f, 0x84, 0xef, 0xff, 
	0x4a, 0x7d, 0xef, 0xff, 0x55, 0x73, 0xec, 0xff, 
	0x60, 0x6a, 0xe9, 0xff, 0x6b, 0x61, 0xe7, 0xff, 
	0x7b, 0x55, 0xde, 0xff, 0x8b, 0x48, 0xde, 0xff, 
	0xad, 0x30, 0xde, 0xff, 0xad, 0x30, 0xde, 0xff, 
	0xbd, 0x21, 0xe1, 0xff, 0xc5, 0x1a, 0xe4, 0xff, 
	0xce, 0x14, 0xe7, 0xff, 0xce, 0x14, 0xe7, 0xff, 
	0xce, 0x14, 0xe7, 0xff, 0xc5, 0x1a, 0xe4, 0xff, 
	0xbd, 0x21, 0xe1, 0xff, 0xb5, 0x28, 0xde, 0xff, 
	0xaa, 0x30, 0xcb, 0xff, 0x9f, 0x3c, 0xc0, 0xff, 
	0x9f, 0x3c, 0xc0, 0xff, 0x94, 0x49, 0xb5, 0xff, 
	0x86, 0x5b, 0xaf, 0xff, 0x80, 0x66, 0xaa, 0xff, 
	0x7b, 0x71, 0xa5, 0xff, 0x7b, 0x71, 0xa5, 0xff, 
	0x73, 0x75, 0xa5, 0xff, 0x73, 0x75, 0xa5, 0xff, 
	0x6d, 0x77, 0xaa, 0xff, 0x6d, 0x77, 0xaa, 0xff, 
	0x5a, 0x75, 0xb5, 0xff, 0x5a, 0x75, 0xb5, 0xff, 
	0x52, 0x79, 0xbd, 0xff, 0x52, 0x79, 0xbd, 0xff, 
	0x41, 0x61, 0xcb, 0xff, 0x4a, 0x51, 0xc6, 0xff, 
	0x4a, 0x51, 0xc6, 0xff, 0x4a, 0x51, 0xc6, 0xff, 
	0x52, 0x3c, 0xc6, 0xff, 0x52, 0x3c, 0xc6, 0xff, 
	0x52, 0x3c, 0xc6, 0xff, 0x52, 0x3c, 0xc6, 0xff, 
	0x5a, 0x30, 0xc6, 0xff, 0x5a, 0x30, 0xc6, 0xff, 
	0x5a, 0x30, 0xc6, 0xff, 0x5a, 0x30, 0xc6, 0xff, 
	0x5a, 0x30, 0xc6, 0xff, 0x5a, 0x30, 0xc6, 0xff, 
	0x5a, 0x30, 0xc6, 0xff, 0x5a, 0x30, 0xc6, 0xff, 
	0x5a, 0x38, 0xce, 0xff, 0x5a, 0x38, 0xce, 0xff, 
	0x5a, 0x38, 0xce, 0xff, 0x5a, 0x38, 0xce, 0xff, 
	0x73, 0x4d, 0xe7, 0xff, 0x86, 0x4d, 0xe9, 0xff, 
	0x99, 0x4d, 0xec, 0xff, 0xad, 0x4d, 0xef, 0xff, 
	0xcd, 0x43, 0xf4, 0xff, 0xcd, 0x43, 0xf4, 0xff, 
	0xd6, 0x38, 0xf7, 0xff, 0xd6, 0x38, 0xf7, 0xff, 
	0xd6, 0x45, 0xef, 0xff, 0xd6, 0x45, 0xef, 0xff, 
	0xd6, 0x45, 0xef, 0xff, 0xc8, 0x53, 0xe6, 0xff, 
	0xad, 0x6d, 0xde, 0xff, 0xad, 0x6d, 0xde, 0xff, 
	0x97, 0x82, 0xde, 0xff, 0x81, 0x98, 0xde, 0xff, 
	0x57, 0xa2, 0xf4, 0xff, 0x57, 0xa2, 0xf4, 0xff, 
	0x52, 0x96, 0xf7, 0xff, 0x52, 0x96, 0xf7, 0xff, 
	0x47, 0x90, 0xf7, 0xff, 0x42, 0x82, 0xf7, 0xff, 
	0x42, 0x82, 0xf7, 0xff, 0x42, 0x82, 0xf7, 0xff, 
	0x4a, 0x92, 0xf7, 0xff, 0x4a, 0x92, 0xf7, 0xff, 
	0x55, 0x96, 0xe3, 0xff, 0x60, 0x9a, 0xd0, 0xff, 
	0x63, 0x96, 0xbd, 0xff, 0x68, 0x96, 0xa4, 0xff, 
	0x6d, 0x96, 0x8b, 0xff, 0x73, 0x96, 0x73, 0xff, 
	0x89, 0x7f, 0x76, 0xff, 0x89, 0x7f, 0x76, 0xff, 
	0x97, 0x70, 0x81, 0xff, 0xa5, 0x61, 0x8c, 0xff, 
	0xa5, 0x5d, 0x8c, 0xff, 0xa5, 0x5d, 0x8c, 0xff, 
	0xa5, 0x5d, 0x8c, 0xff, 0x9a, 0x6a, 0x81, 0xff, 
	0x84, 0x75, 0x7b, 0xff, 0x84, 0x75, 0x7b, 0xff, 
	0x84, 0x75, 0x7b, 0xff, 0x84, 0x75, 0x7b, 0xff, 
	0x7b, 0x5d, 0x9c, 0xff, 0x75, 0x4c, 0xaa, 0xff, 
	0x70, 0x3c, 0xb8, 0xff, 0x6b, 0x2c, 0xc6, 0xff, 
	0x63, 0x30, 0xc6, 0xff, 0x60, 0x2e, 0xc6, 0xff, 
	0x5d, 0x2d, 0xc6, 0xff, 0x5a, 0x2c, 0xc6, 0xff, 
	0x5d, 0x2f, 0xc5, 0xff, 0x5d, 0x2f, 0xc5, 0xff, 
	0x5d, 0x2f, 0xc5, 0xff, 0x5d, 0x2f, 0xc5, 0xff, 
	0x5d, 0x2f, 0xc5, 0xff, 0x5d, 0x2f, 0xc5, 0xff, 
	0x5d, 0x2f, 0xc5, 0xff, 0x5d, 0x2f, 0xc5, 0xff, 
	0x5a, 0x30, 0xc6, 0xff, 0x5a, 0x30, 0xc6, 0xff, 
	0x5a, 0x30, 0xc6, 0xff, 0x5d, 0x35, 0xc0, 0xff, 
	0x63, 0x45, 0xbd, 0xff, 0x60, 0x5d, 0xba, 0xff, 
	0x5d, 0x75, 0xb7, 0xff, 0x5a, 0x8e, 0xb5, 0xff, 
	0x44, 0x9a, 0xc5, 0xff, 0x3e, 0x96, 0xd6, 0xff, 
	0x39, 0x92, 0xe7, 0xff, 0x39, 0x92, 0xe7, 0xff, 
	0x39, 0x8a, 0xef, 0xff, 0x3c, 0x87, 0xef, 0xff, 
	0x3f, 0x84, 0xef, 0xff, 0x42, 0x82, 0xef, 0xff, 
	0x4a, 0x7d, 0xef, 0xff, 0x55, 0x73, 0xec, 0xff, 
	0x60, 0x6a, 0xe9, 0xff, 0x6b, 0x61, 0xe7, 0xff, 
	0x7b, 0x55, 0xde, 0xff, 0x8b, 0x48, 0xde, 0xff, 
	0x9c, 0x3c, 0xde, 0xff, 0xad, 0x30, 0xde, 0xff, 
	0xbd, 0x21, 0xe1, 0xff, 0xc5, 0x1a, 0xe4, 0xff, 
	0xce, 0x14, 0xe7, 0xff, 0xce, 0x14, 0xe7, 0xff, 
	0xce, 0x14, 0xe7, 0xff, 0xc5, 0x1a, 0xe4, 0xff, 
	0xc5, 0x1a, 0xe4, 0xff, 0xbd, 0x21, 0xe1, 0xff, 
	0xb5, 0x24, 0xd6, 0xff, 0xaa, 0x30, 0xcb, 0xff, 
	0x9f, 0x3c, 0xc0, 0xff, 0x94, 0x49, 0xb5, 0xff, 
	0x86, 0x5b, 0xaf, 0xff, 0x80, 0x66, 0xaa, 0xff, 
	0x7b, 0x71, 0xa5, 0xff, 0x7b, 0x71, 0xa5, 0xff, 
	0x73, 0x75, 0xa5, 0xff, 0x6d, 0x77, 0xaa, 0xff, 
	0x6d, 0x77, 0xaa, 0xff, 0x68, 0x7a, 0xaf, 0xff, 
	0x5a, 0x75, 0xb5, 0xff, 0x52, 0x79, 0xbd, 0xff, 
	0x52, 0x79, 0xbd, 0xff, 0x4a, 0x7d, 0xc5, 0xff, 
	0x39, 0x71, 0xd0, 0xff, 0x41, 0x61, 0xcb, 0xff, 
	0x41, 0x61, 0xcb, 0xff, 0x41, 0x61, 0xcb, 0xff, 
	0x47, 0x4c, 0xce, 0xff, 0x47, 0x4c, 0xce, 0xff, 
	0x47, 0x4c, 0xce, 0xff, 0x52, 0x3c, 0xc6, 0xff, 
	0x52, 0x3b, 0xcb, 0xff, 0x52, 0x3b, 0xcb, 0xff, 
	0x52, 0x3b, 0xcb, 0xff, 0x52, 0x3b, 0xcb, 0xff, 
	0x52, 0x3b, 0xcb, 0xff, 0x52, 0x3b, 0xcb, 0xff, 
	0x52, 0x3b, 0xcb, 0xff, 0x52, 0x3b, 0xcb, 0xff, 
	0x5a, 0x38, 0xce, 0xff, 0x57, 0x43, 0xd6, 0xff, 
	0x57, 0x43, 0xd6, 0xff, 0x57, 0x43, 0xd6, 0xff, 
	0x73, 0x4d, 0xe7, 0xff, 0x86, 0x4d, 0xe9, 0xff, 
	0x99, 0x4d, 0xec, 0xff, 0xad, 0x4d, 0xef, 0xff, 
	0xc5, 0x4e, 0xf1, 0xff, 0xcd, 0x43, 0xf4, 0xff, 
	0xcd, 0x43, 0xf4, 0xff, 0xcd, 0x43, 0xf4, 0xff, 
	0xd6, 0x45, 0xef, 0xff, 0xd6, 0x45, 0xef, 0xff, 
	0xc8, 0x53, 0xe6, 0xff, 0xba, 0x62, 0xde, 0xff, 
	0xad, 0x6d, 0xde, 0xff, 0x97, 0x82, 0xde, 0xff, 
	0x81, 0x98, 0xde, 0xff, 0x81, 0x98, 0xde, 0xff, 
	0x5d, 0xae, 0xf1, 0xff, 0x5d, 0xae, 0xf1, 0xff, 
	0x57, 0xa2, 0xf4, 0xff, 0x52, 0x96, 0xf7, 0xff, 
	0x47, 0x90, 0xf7, 0xff, 0x47, 0x90, 0xf7, 0xff, 
	0x47, 0x90, 0xf7, 0xff, 0x47, 0x90, 0xf7, 0xff, 
	0x4a, 0x92, 0xf7, 0xff, 0x55, 0x96, 0xe3, 0xff, 
	0x55, 0x96, 0xe3, 0xff, 0x60, 0x9a, 0xd0, 0xff, 
	0x63, 0x96, 0xbd, 0xff, 0x68, 0x96, 0xa4, 0xff, 
	0x6d, 0x96, 0x8b, 0xff, 0x73, 0x96, 0x73, 0xff, 
	0x7b, 0x8e, 0x6b, 0xff, 0x89, 0x7f, 0x76, 0xff, 
	0x97, 0x70, 0x81, 0xff, 0x97, 0x70, 0x81, 0xff, 
	0xa5, 0x5d, 0x8c, 0xff, 0xa5, 0x5d, 0x8c, 0xff, 
	0x9a, 0x6a, 0x81, 0xff, 0x9a, 0x6a, 0x81, 0xff, 
	0x84, 0x75, 0x7b, 0xff, 0x7e, 0x7d, 0x73, 0xff, 
	0x7e, 0x7d, 0x73, 0xff, 0x84, 0x75, 0x7b, 0xff, 
	0x7b, 0x5d, 0x9c, 0xff, 0x75, 0x4c, 0xaa, 0xff, 
	0x70, 0x3c, 0xb8, 0xff, 0x6b, 0x2c, 0xc6, 0xff, 
	0x63, 0x30, 0xc6, 0xff, 0x60, 0x2e, 0xc6, 0xff, 
	0x5d, 0x2d, 0xc6, 0xff, 0x5d, 0x2d, 0xc6, 0xff, 
	0x5d, 0x2f, 0xc5, 0xff, 0x5d, 0x2f, 0xc5, 0xff, 
	0x5d, 0x2f, 0xc5, 0xff, 0x5d, 0x2f, 0xc5, 0xff, 
	0x5d, 0x2f, 0xc5, 0xff, 0x5d, 0x2f, 0xc5, 0xff, 
	0x5d, 0x2f, 0xc5, 0xff, 0x5d, 0x2f, 0xc5, 0xff, 
	0x5a, 0x30, 0xc6, 0xff, 0x5a, 0x30, 0xc6, 0xff, 
	0x5a, 0x30, 0xc6, 0xff, 0x5d, 0x35, 0xc0, 0xff, 
	0x63, 0x45, 0xbd, 0xff, 0x60, 0x5d, 0xba, 0xff, 
	0x5d, 0x75, 0xb7, 0xff, 0x5a, 0x8e, 0xb5, 0xff, 
	0x44, 0x9a, 0xc5, 0xff, 0x3e, 0x96, 0xd6, 0xff, 
	0x39, 0x92, 0xe7, 0xff, 0x39, 0x92, 0xe7, 0xff, 
	0x39, 0x8a, 0xef, 0xff, 0x3c, 0x87, 0xef, 0xff, 
	0x3f, 0x84, 0xef, 0xff, 0x42, 0x82, 0xef, 0xff, 
	0x4a, 0x7d, 0xef, 0xff, 0x55, 0x73, 0xec, 0xff, 
	0x60, 0x6a, 0xe9, 0xff, 0x6b, 0x61, 0xe7, 0xff, 
	0x7b, 0x55, 0xde, 0xff, 0x8b, 0x48, 0xde, 0xff, 
	0x9c, 0x3c, 0xde, 0xff, 0xad, 0x30, 0xde, 0xff, 
	0xb5, 0x28, 0xde, 0xff, 0xbd, 0x21, 0xe1, 0xff, 
	0xc5, 0x1a, 0xe4, 0xff, 0xce, 0x14, 0xe7, 0xff, 
	0xce, 0x14, 0xe7, 0xff, 0xce, 0x14, 0xe7, 0xff, 
	0xc5, 0x1a, 0xe4, 0xff, 0xbd, 0x21, 0xe1, 0xff, 
	0xb5, 0x24, 0xd6, 0xff, 0xaa, 0x30, 0xcb, 0xff, 
	0x9f, 0x3c, 0xc0, 0xff, 0x94, 0x49, 0xb5, 0xff, 
	0x8c, 0x51, 0xb5, 0xff, 0x86, 0x5b, 0xaf, 0xff, 
	0x80, 0x66, 0xaa, 0xff, 0x7b, 0x71, 0xa5, 0xff, 
	0x6d, 0x77, 0xaa, 0xff, 0x6d, 0x77, 0xaa, 0xff, 
	0x68, 0x7a, 0xaf, 0xff, 0x63, 0x7d, 0xb5, 0xff, 
	0x52, 0x79, 0xbd, 0xff, 0x52, 0x79, 0xbd, 0xff, 
	0x4a, 0x7d, 0xc5, 0xff, 0x42, 0x82, 0xce, 0xff, 
	0x39, 0x71, 0xd0, 0xff, 0x39, 0x71, 0xd0, 0xff, 
	0x39, 0x71, 0xd0, 0xff, 0x39, 0x71, 0xd0, 0xff, 
	0x3c, 0x5c, 0xd6, 0xff, 0x3c, 0x5c, 0xd6, 0xff, 
	0x3c, 0x5c, 0xd6, 0xff, 0x47, 0x4c, 0xce, 0xff, 
	0x4a, 0x46, 0xd0, 0xff, 0x4a, 0x46, 0xd0, 0xff, 
	0x4a, 0x46, 0xd0, 0xff, 0x4a, 0x46, 0xd0, 0xff, 
	0x4a, 0x46, 0xd0, 0xff, 0x4a, 0x46, 0xd0, 0xff, 
	0x4a, 0x46, 0xd0, 0xff, 0x4a, 0x46, 0xd0, 0xff, 
	0x57, 0x43, 0xd6, 0xff, 0x54, 0x4e, 0xde, 0xff, 
	0x54, 0x4e, 0xde, 0xff, 0x54, 0x4e, 0xde, 0xff, 
	0x73, 0x4d, 0xe7, 0xff, 0x86, 0x4d, 0xe9, 0xff, 
	0x99, 0x4d, 0xec, 0xff, 0xad, 0x4d, 0xef, 0xff, 
	0xbd, 0x59, 0xef, 0xff, 0xc5, 0x4e, 0xf1, 0xff, 
	0xc5, 0x4e, 0xf1, 0xff, 0xc5, 0x4e, 0xf1, 0xff, 
	0xc8, 0x53, 0xe6, 0xff, 0xc8, 0x53, 0xe6, 0xff, 
	0xba, 0x62, 0xde, 0xff, 0xad, 0x71, 0xd6, 0xff, 
	0x97, 0x82, 0xde, 0xff, 0x97, 0x82, 0xde, 0xff, 
	0x81, 0x98, 0xde, 0xff, 0x6b, 0xae, 0xde, 0xff, 
	0x63, 0xba, 0xef, 0xff, 0x5d, 0xae, 0xf1, 0xff, 
	0x5d, 0xae, 0xf1, 0xff, 0x57, 0xa2, 0xf4, 0xff, 
	0x4c, 0x9f, 0xf7, 0xff, 0x4c, 0x9f, 0xf7, 0xff, 
	0x4c, 0x9f, 0xf7, 0xff, 0x4c, 0x9f, 0xf7, 0xff, 
	0x55, 0x96, 0xe3, 0xff, 0x55, 0x96, 0xe3, 0xff, 
	0x60, 0x9a, 0xd0, 0xff, 0x6b, 0x9e, 0xbd, 0xff, 
	0x68, 0x96, 0xa4, 0xff, 0x6d, 0x96, 0x8b, 0xff, 
	0x73, 0x96, 0x73, 0xff, 0x73, 0x96, 0x73, 0xff, 
	0x7b, 0x8e, 0x6b, 0xff, 0x89, 0x7f, 0x76, 0xff, 
	0x89, 0x7f, 0x76, 0xff, 0x97, 0x70, 0x81, 0xff, 
	0x9a, 0x6a, 0x81, 0xff, 0x9a, 0x6a, 0x81, 0xff, 
	0x8f, 0x78, 0x76, 0xff, 0x8f, 0x78, 0x76, 0xff, 
	0x7e, 0x7d, 0x73, 0xff, 0x78, 0x85, 0x6b, 0xff, 
	0x78, 0x85, 0x6b, 0xff, 0x84, 0x75, 0x7b, 0xff, 
	0x7b, 0x5d, 0x9c, 0xff, 0x75, 0x4c, 0xaa, 0xff, 
	0x70, 0x3c, 0xb8, 0xff, 0x6b, 0x2c, 0xc6, 0xff, 
	0x63, 0x30, 0xc6, 0xff, 0x60, 0x2e, 0xc6, 0xff, 
	0x5d, 0x2d, 0xc6, 0xff, 0x5d, 0x2d, 0xc6, 0xff, 
	0x5d, 0x2f, 0xc5, 0xff, 0x5d, 0x2f, 0xc5, 0xff, 
	0x5d, 0x2f, 0xc5, 0xff, 0x5d, 0x2f, 0xc5, 0xff, 
	0x5d, 0x2f, 0xc5, 0xff, 0x5d, 0x2f, 0xc5, 0xff, 
	0x5d, 0x2f, 0xc5, 0xff, 0x5d, 0x2f, 0xc5, 0xff, 
	0x5a, 0x30, 0xc6, 0xff, 0x5a, 0x30, 0xc6, 0xff, 
	0x5a, 0x30, 0xc6, 0xff, 0x5d, 0x35, 0xc0, 0xff, 
	0x63, 0x45, 0xbd, 0xff, 0x60, 0x5d, 0xba, 0xff, 
	0x5d, 0x75, 0xb7, 0xff, 0x5a, 0x8e, 0xb5, 0xff, 
	0x44, 0x9a, 0xc5, 0xff, 0x3e, 0x96, 0xd6, 0xff, 
	0x39, 0x92, 0xe7, 0xff, 0x39, 0x92, 0xe7, 0xff, 
	0x3c, 0x87, 0xef, 0xff, 0x3f, 0x84, 0xef, 0xff, 
	0x42, 0x82, 0xef, 0xff, 0x42, 0x82, 0xef, 0xff, 
	0x55, 0x73, 0xec, 0xff, 0x55, 0x73, 0xec, 0xff, 
	0x60, 0x6a, 0xe9, 0xff, 0x6b, 0x61, 0xe7, 0xff, 
	0x7b, 0x55, 0xde, 0xff, 0x8b, 0x48, 0xde, 0xff, 
	0x9c, 0x3c, 0xde, 0xff, 0xad, 0x30, 0xde, 0xff, 
	0xb5, 0x28, 0xde, 0xff, 0xbd, 0x21, 0xe1, 0xff, 
	0xc5, 0x1a, 0xe4, 0xff, 0xce, 0x14, 0xe7, 0xff, 
	0xce, 0x14, 0xe7, 0xff, 0xce, 0x14, 0xe7, 0xff, 
	0xce, 0x14, 0xe7, 0xff, 0xc5, 0x1a, 0xe4, 0xff, 
	0xb5, 0x24, 0xd6, 0xff, 0xb5, 0x24, 0xd6, 0xff, 
	0xaa, 0x30, 0xcb, 0xff, 0x9f, 0x3c, 0xc0, 0xff, 
	0x8c, 0x51, 0xb5, 0xff, 0x86, 0x5b, 0xaf, 0xff, 
	0x80, 0x66, 0xaa, 0xff, 0x7b, 0x71, 0xa5, 0xff, 
	0x6d, 0x77, 0xaa, 0xff, 0x68, 0x7a, 0xaf, 0xff, 
	0x63, 0x7d, 0xb5, 0xff, 0x63, 0x7d, 0xb5, 0xff, 
	0x52, 0x79, 0xbd, 0xff, 0x4a, 0x7d, 0xc5, 0xff, 
	0x42, 0x82, 0xce, 0xff, 0x42, 0x82, 0xce, 0xff, 
	0x31, 0x82, 0xd6, 0xff, 0x31, 0x82, 0xd6, 0xff, 
	0x31, 0x82, 0xd6, 0xff, 0x31, 0x82, 0xd6, 0xff, 
	0x31, 0x6d, 0xde, 0xff, 0x31, 0x6d, 0xde, 0xff, 
	0x31, 0x6d, 0xde, 0xff, 0x3c, 0x5c, 0xd6, 0xff, 
	0x42, 0x51, 0xd6, 0xff, 0x42, 0x51, 0xd6, 0xff, 
	0x42, 0x51, 0xd6, 0xff, 0x42, 0x51, 0xd6, 0xff, 
	0x42, 0x51, 0xd6, 0xff, 0x42, 0x51, 0xd6, 0xff, 
	0x42, 0x51, 0xd6, 0xff, 0x42, 0x51, 0xd6, 0xff, 
	0x52, 0x59, 0xe7, 0xff, 0x52, 0x59, 0xe7, 0xff, 
	0x52, 0x59, 0xe7, 0xff, 0x52, 0x59, 0xe7, 0xff, 
	0x73, 0x4d, 0xe7, 0xff, 0x86, 0x4d, 0xe9, 0xff, 
	0x99, 0x4d, 0xec, 0xff, 0xad, 0x4d, 0xef, 0xff, 
	0xbd, 0x59, 0xef, 0xff, 0xbd, 0x59, 0xef, 0xff, 
	0xbd, 0x59, 0xef, 0xff, 0xbd, 0x59, 0xef, 0xff, 
	0xba, 0x62, 0xde, 0xff, 0xba, 0x62, 0xde, 0xff, 
	0xad, 0x71, 0xd6, 0xff, 0xad, 0x71, 0xd6, 0xff, 
	0x97, 0x82, 0xde, 0xff, 0x81, 0x98, 0xde, 0xff, 
	0x6b, 0xae, 0xde, 0xff, 0x6b, 0xae, 0xde, 0xff, 
	0x63, 0xba, 0xef, 0xff, 0x63, 0xba, 0xef, 0xff, 
	0x63, 0xba, 0xef, 0xff, 0x5d, 0xae, 0xf1, 0xff, 
	0x52, 0xae, 0xf7, 0xff, 0x52, 0xae, 0xf7, 0xff, 
	0x52, 0xae, 0xf7, 0xff, 0x52, 0xae, 0xf7, 0xff, 
	0x55, 0x96, 0xe3, 0xff, 0x60, 0x9a, 0xd0, 0xff, 
	0x60, 0x9a, 0xd0, 0xff, 0x6b, 0x9e, 0xbd, 0xff, 
	0x68, 0x96, 0xa4, 0xff, 0x6d, 0x96, 0x8b, 0xff, 
	0x73, 0x96, 0x73, 0xff, 0x73, 0x96, 0x73, 0xff, 
	0x7b, 0x8e, 0x6b, 0xff, 0x7b, 0x8e, 0x6b, 0xff, 
	0x89, 0x7f, 0x76, 0xff, 0x89, 0x7f, 0x76, 0xff, 
	0x8f, 0x78, 0x76, 0xff, 0x8f, 0x78, 0x76, 0xff, 
	0x8f, 0x78, 0x76, 0xff, 0x84, 0x86, 0x6b, 0xff, 
	0x78, 0x85, 0x6b, 0xff, 0x73, 0x8e, 0x63, 0xff, 
	0x78, 0x85, 0x6b, 0xff, 0x84, 0x75, 0x7b, 0xff, 
	0x7b, 0x5d, 0x9c, 0xff, 0x75, 0x4c, 0xaa, 0xff, 
	0x70, 0x3c, 0xb8, 0xff, 0x6b, 0x2c, 0xc6, 0xff, 
	0x63, 0x30, 0xc6, 0xff, 0x60, 0x2e, 0xc6, 0xff, 
	0x60, 0x2e, 0xc6, 0xff, 0x5d, 0x2d, 0xc6, 0xff, 
	0x5d, 0x2f, 0xc5, 0xff, 0x5d, 0x2f, 0xc5, 0xff, 
	0x5d, 0x2f, 0xc5, 0xff, 0x5d, 0x2f, 0xc5, 0xff, 
	0x5d, 0x2f, 0xc5, 0xff, 0x5d, 0x2f, 0xc5, 0xff, 
	0x5d, 0x2f, 0xc5, 0xff, 0x5d, 0x2f, 0xc5, 0xff, 
	0x5d, 0x30, 0xc5, 0xff, 0x5d, 0x30, 0xc5, 0xff, 
	0x5d, 0x30, 0xc5, 0xff, 0x5d, 0x30, 0xc5, 0xff, 
	0x63, 0x3c, 0xbd, 0xff, 0x63, 0x50, 0xb7, 0xff, 
	0x63, 0x64, 0xb2, 0xff, 0x63, 0x79, 0xad, 0xff, 
	0x52, 0x8f, 0xc2, 0xff, 0x4a, 0x90, 0xd0, 0xff, 
	0x42, 0x92, 0xde, 0xff, 0x42, 0x92, 0xde, 0xff, 
	0x42, 0x86, 0xef, 0xff, 0x42, 0x86, 0xef, 0xff, 
	0x4a, 0x7d, 0xf1, 0xff, 0x4a, 0x7d, 0xf1, 0xff, 
	0x5a, 0x6d, 0xf7, 0xff, 0x5a, 0x6d, 0xf7, 0xff, 
	0x65, 0x63, 0xf4, 0xff, 0x70, 0x5a, 0xf1, 0xff, 
	0x7b, 0x55, 0xef, 0xff, 0x86, 0x4b, 0xe9, 0xff, 
	0x91, 0x41, 0xe3, 0xff, 0x9c, 0x38, 0xde, 0xff, 
	0xb0, 0x2a, 0xe1, 0xff, 0xbb, 0x21, 0xe4, 0xff, 
	0xc6, 0x18, 0xe7, 0xff, 0xc6, 0x18, 0xe7, 0xff, 
	0xce, 0x14, 0xe7, 0xff, 0xce, 0x14, 0xe7, 0xff, 
	0xc8, 0x16, 0xe4, 0xff, 0xc2, 0x19, 0xe1, 0xff, 
	0xbd, 0x1c, 0xde, 0xff, 0xb5, 0x24, 0xd6, 0xff, 
	0xad, 0x2c, 0xce, 0xff, 0xa5, 0x34, 0xc6, 0xff, 
	0x94, 0x41, 0xbd, 0xff, 0x89, 0x4e, 0xb7, 0xff, 
	0x7e, 0x5b, 0xb2, 0xff, 0x73, 0x69, 0xad, 0xff, 
	0x70, 0x6e, 0xb2, 0xff, 0x65, 0x78, 0xb7, 0xff, 
	0x65, 0x78, 0xb7, 0xff, 0x5a, 0x82, 0xbd, 0xff, 
	0x52, 0x82, 0xc6, 0xff, 0x4c, 0x84, 0xcb, 0xff, 
	0x47, 0x87, 0xd0, 0xff, 0x42, 0x8a, 0xd6, 0xff, 
	0x39, 0x8e, 0xde, 0xff, 0x31, 0x8f, 0xe1, 0xff, 
	0x29, 0x90, 0xe4, 0xff, 0x29, 0x90, 0xe4, 0xff, 
	0x23, 0x84, 0xe9, 0xff, 0x29, 0x79, 0xe7, 0xff, 
	0x29, 0x79, 0xe7, 0xff, 0x29, 0x79, 0xe7, 0xff, 
	0x31, 0x6d, 0xde, 0xff, 0x31, 0x6d, 0xde, 0xff, 
	0x31, 0x6d, 0xde, 0xff, 0x31, 0x6d, 0xde, 0xff, 
	0x31, 0x69, 0xde, 0xff, 0x31, 0x69, 0xde, 0xff, 
	0x31, 0x69, 0xde, 0xff, 0x31, 0x69, 0xde, 0xff, 
	0x4c, 0x71, 0xec, 0xff, 0x4c, 0x71, 0xec, 0xff, 
	0x5a, 0x65, 0xef, 0xff, 0x5a, 0x65, 0xef, 0xff, 
	0x6d, 0x72, 0xe9, 0xff, 0x80, 0x6b, 0xec, 0xff, 
	0x94, 0x65, 0xef, 0xff, 0x94, 0x65, 0xef, 0xff, 
	0xad, 0x65, 0xef, 0xff, 0xad, 0x65, 0xef, 0xff, 
	0xad, 0x65, 0xef, 0xff, 0xad, 0x65, 0xef, 0xff, 
	0xa5, 0x71, 0xd6, 0xff, 0xa5, 0x71, 0xd6, 0xff, 
	0xa5, 0x71, 0xd6, 0xff, 0x8c, 0x81, 0xc2, 0xff, 
	0x7b, 0x96, 0xce, 0xff, 0x6d, 0xa9, 0xc5, 0xff, 
	0x6d, 0xa9, 0xc5, 0xff, 0x5f, 0xbc, 0xbd, 0xff, 
	0x60, 0xd5, 0xe4, 0xff, 0x63, 0xcb, 0xef, 0xff, 
	0x63, 0xcb, 0xef, 0xff, 0x63, 0xcb, 0xef, 0xff, 
	0x5a, 0xba, 0xef, 0xff, 0x5a, 0xba, 0xef, 0xff, 
	0x5a, 0xba, 0xef, 0xff, 0x5a, 0xba, 0xef, 0xff, 
	0x63, 0xb2, 0xd6, 0xff, 0x63, 0xb2, 0xd6, 0xff, 
	0x60, 0xb2, 0xba, 0xff, 0x5d, 0xb2, 0x9f, 0xff, 
	0x6b, 0x9e, 0x8c, 0xff, 0x6b, 0xa0, 0x7b, 0xff, 
	0x6b, 0xa3, 0x6a, 0xff, 0x6b, 0xa3, 0x6a, 0xff, 
	0x7b, 0x8f, 0x62, 0xff, 0x7b, 0x8f, 0x62, 0xff, 
	0x84, 0x86, 0x6b, 0xff, 0x84, 0x86, 0x6b, 0xff, 
	0x84, 0x86, 0x6b, 0xff, 0x84, 0x86, 0x6b, 0xff, 
	0x84, 0x86, 0x6b, 0xff, 0x7b, 0x8f, 0x62, 0xff, 
	0x6b, 0x96, 0x5a, 0xff, 0x6b, 0x96, 0x5a, 0xff, 
	0x6d, 0x84, 0x6d, 0xff, 0x70, 0x72, 0x80, 0xff, 
	0x73, 0x51, 0xa5, 0xff, 0x70, 0x46, 0xb0, 0xff, 
	0x6d, 0x3b, 0xbb, 0xff, 0x6b, 0x30, 0xc6, 0xff, 
	0x63, 0x2c, 0xc6, 0xff, 0x60, 0x2d, 0xc6, 0xff, 
	0x5d, 0x2e, 0xc6, 0xff, 0x5d, 0x2e, 0xc6, 0xff, 
	0x5d, 0x2f, 0xc5, 0xff, 0x5d, 0x2f, 0xc5, 0xff, 
	0x5d, 0x2f, 0xc5, 0xff, 0x5d, 0x2f, 0xc5, 0xff, 
	0x5d, 0x2f, 0xc5, 0xff, 0x5d, 0x2f, 0xc5, 0xff, 
	0x5d, 0x2f, 0xc5, 0xff, 0x5d, 0x2f, 0xc5, 0xff, 
	0x5d, 0x30, 0xc5, 0xff, 0x5d, 0x30, 0xc5, 0xff, 
	0x5d, 0x30, 0xc5, 0xff, 0x5d, 0x30, 0xc5, 0xff, 
	0x63, 0x3c, 0xbd, 0xff, 0x63, 0x50, 0xb7, 0xff, 
	0x63, 0x64, 0xb2, 0xff, 0x63, 0x79, 0xad, 0xff, 
	0x5a, 0x8e, 0xb5, 0xff, 0x4a, 0x90, 0xd0, 0xff, 
	0x42, 0x92, 0xde, 0xff, 0x42, 0x92, 0xde, 0xff, 
	0x42, 0x86, 0xef, 0xff, 0x4a, 0x7d, 0xf1, 0xff, 
	0x4a, 0x7d, 0xf1, 0xff, 0x52, 0x75, 0xf4, 0xff, 
	0x5a, 0x6d, 0xf7, 0xff, 0x65, 0x63, 0xf4, 0xff, 
	0x65, 0x63, 0xf4, 0xff, 0x70, 0x5a, 0xf1, 0xff, 
	0x7b, 0x55, 0xef, 0xff, 0x86, 0x4b, 0xe9, 0xff, 
	0x91, 0x41, 0xe3, 0xff, 0x9c, 0x38, 0xde, 0xff, 
	0xb0, 0x2a, 0xe1, 0xff, 0xbb, 0x21, 0xe4, 0xff, 
	0xbb, 0x21, 0xe4, 0xff, 0xc6, 0x18, 0xe7, 0xff, 
	0xce, 0x14, 0xe7, 0xff, 0xce, 0x14, 0xe7, 0xff, 
	0xc8, 0x16, 0xe4, 0xff, 0xc8, 0x16, 0xe4, 0xff, 
	0xbd, 0x1c, 0xde, 0xff, 0xb5, 0x24, 0xd6, 0xff, 
	0xad, 0x2c, 0xce, 0xff, 0xa5, 0x34, 0xc6, 0xff, 
	0x94, 0x41, 0xbd, 0xff, 0x89, 0x4e, 0xb7, 0xff, 
	0x7e, 0x5b, 0xb2, 0xff, 0x73, 0x69, 0xad, 0xff, 
	0x70, 0x6e, 0xb2, 0xff, 0x65, 0x78, 0xb7, 0xff, 
	0x65, 0x78, 0xb7, 0xff, 0x5a, 0x82, 0xbd, 0xff, 
	0x52, 0x82, 0xc6, 0xff, 0x4c, 0x84, 0xcb, 0xff, 
	0x47, 0x87, 0xd0, 0xff, 0x42, 0x8a, 0xd6, 0xff, 
	0x39, 0x8e, 0xde, 0xff, 0x31, 0x8f, 0xe1, 0xff, 
	0x29, 0x90, 0xe4, 0xff, 0x21, 0x92, 0xe7, 0xff, 
	0x1d, 0x8f, 0xec, 0xff, 0x23, 0x84, 0xe9, 0xff, 
	0x23, 0x84, 0xe9, 0xff, 0x23, 0x84, 0xe9, 0xff, 
	0x20, 0x85, 0xe9, 0xff, 0x28, 0x79, 0xe3, 0xff, 
	0x28, 0x79, 0xe3, 0xff, 0x28, 0x79, 0xe3, 0xff, 
	0x28, 0x78, 0xe3, 0xff, 0x28, 0x78, 0xe3, 0xff, 
	0x28, 0x78, 0xe3, 0xff, 0x28, 0x78, 0xe3, 0xff, 
	0x3e, 0x7d, 0xe9, 0xff, 0x3e, 0x7d, 0xe9, 0xff, 
	0x4c, 0x71, 0xec, 0xff, 0x5a, 0x65, 0xef, 0xff, 
	0x6d, 0x72, 0xe9, 0xff, 0x80, 0x6b, 0xec, 0xff, 
	0x80, 0x6b, 0xec, 0xff, 0x94, 0x65, 0xef, 0xff, 
	0x9c, 0x6e, 0xe1, 0xff, 0x9c, 0x6e, 0xe1, 0xff, 
	0x9c, 0x6e, 0xe1, 0xff, 0x9c, 0x6e, 0xe1, 0xff, 
	0xa5, 0x71, 0xd6, 0xff, 0x8c, 0x81, 0xc2, 0xff, 
	0x8c, 0x81, 0xc2, 0xff, 0x73, 0x91, 0xaf, 0xff, 
	0x6d, 0xa9, 0xc5, 0xff, 0x5f, 0xbc, 0xbd, 0xff, 
	0x5f, 0xbc, 0xbd, 0xff, 0x5f, 0xbc, 0xbd, 0xff, 
	0x60, 0xd5, 0xe4, 0xff, 0x60, 0xd5, 0xe4, 0xff, 
	0x60, 0xd5, 0xe4, 0xff, 0x63, 0xcb, 0xef, 0xff, 
	0x5d, 0xc2, 0xe6, 0xff, 0x5d, 0xc2, 0xe6, 0xff, 
	0x5d, 0xc2, 0xe6, 0xff, 0x5d, 0xc2, 0xe6, 0xff, 
	0x63, 0xb2, 0xd6, 0xff, 0x60, 0xb2, 0xba, 0xff, 
	0x60, 0xb2, 0xba, 0xff, 0x5d, 0xb2, 0x9f, 0xff, 
	0x6b, 0xa0, 0x7b, 0xff, 0x6b, 0xa3, 0x6a, 0xff, 
	0x6b, 0xa3, 0x6a, 0xff, 0x6b, 0xa3, 0x6a, 0xff, 
	0x7b, 0x8f, 0x62, 0xff, 0x7b, 0x8f, 0x62, 0xff, 
	0x7b, 0x8f, 0x62, 0xff, 0x84, 0x86, 0x6b, 0xff, 
	0x84, 0x86, 0x6b, 0xff, 0x7b, 0x8f, 0x62, 0xff, 
	0x7b, 0x8f, 0x62, 0xff, 0x73, 0x98, 0x5a, 0xff, 
	0x6b, 0x96, 0x5a, 0xff, 0x6b, 0x96, 0x5a, 0xff, 
	0x6d, 0x84, 0x6d, 0xff, 0x70, 0x72, 0x80, 0xff, 
	0x73, 0x51, 0xa5, 0xff, 0x6d, 0x3b, 0xbb, 0xff, 
	0x6b, 0x30, 0xc6, 0xff, 0x6b, 0x30, 0xc6, 0xff, 
	0x60, 0x2d, 0xc6, 0xff, 0x5d, 0x2e, 0xc6, 0xff, 
	0x5d, 0x2e, 0xc6, 0xff, 0x5d, 0x2e, 0xc6, 0xff, 
	0x5d, 0x2f, 0xc5, 0xff, 0x5d, 0x2f, 0xc5, 0xff, 
	0x5d, 0x2f, 0xc5, 0xff, 0x5d, 0x2f, 0xc5, 0xff, 
	0x5d, 0x2f, 0xc5, 0xff, 0x5d, 0x2f, 0xc5, 0xff, 
	0x5d, 0x2f, 0xc5, 0xff, 0x5d, 0x2f, 0xc5, 0xff, 
	0x5d, 0x30, 0xc5, 0xff, 0x5d, 0x30, 0xc5, 0xff, 
	0x5d, 0x30, 0xc5, 0xff, 0x5d, 0x30, 0xc5, 0xff, 
	0x63, 0x3c, 0xbd, 0xff, 0x63, 0x50, 0xb7, 0xff, 
	0x63, 0x64, 0xb2, 0xff, 0x63, 0x79, 0xad, 0xff, 
	0x5a, 0x8e, 0xb5, 0xff, 0x52, 0x8f, 0xc2, 0xff, 
	0x4a, 0x90, 0xd0, 0xff, 0x42, 0x92, 0xde, 0xff, 
	0x4a, 0x7d, 0xf1, 0xff, 0x52, 0x75, 0xf4, 0xff, 
	0x52, 0x75, 0xf4, 0xff, 0x5a, 0x6d, 0xf7, 0xff, 
	0x65, 0x63, 0xf4, 0xff, 0x65, 0x63, 0xf4, 0xff, 
	0x70, 0x5a, 0xf1, 0xff, 0x70, 0x5a, 0xf1, 0xff, 
	0x7b, 0x55, 0xef, 0xff, 0x7b, 0x55, 0xef, 0xff, 
	0x86, 0x4b, 0xe9, 0xff, 0x9c, 0x38, 0xde, 0xff, 
	0xa5, 0x34, 0xde, 0xff, 0xb0, 0x2a, 0xe1, 0xff, 
	0xbb, 0x21, 0xe4, 0xff, 0xc6, 0x18, 0xe7, 0xff, 
	0xc8, 0x16, 0xe4, 0xff, 0xc8, 0x16, 0xe4, 0xff, 
	0xc8, 0x16, 0xe4, 0xff, 0xc2, 0x19, 0xe1, 0xff, 
	0xbd, 0x1c, 0xde, 0xff, 0xb5, 0x24, 0xd6, 0xff, 
	0xad, 0x2c, 0xce, 0xff, 0xa5, 0x34, 0xc6, 0xff, 
	0x94, 0x41, 0xbd, 0xff, 0x94, 0x41, 0xbd, 0xff, 
	0x89, 0x4e, 0xb7, 0xff, 0x7e, 0x5b, 0xb2, 0xff, 
	0x70, 0x6e, 0xb2, 0xff, 0x70, 0x6e, 0xb2, 0xff, 
	0x65, 0x78, 0xb7, 0xff, 0x5a, 0x82, 0xbd, 0xff, 
	0x52, 0x82, 0xc6, 0xff, 0x4c, 0x84, 0xcb, 0xff, 
	0x47, 0x87, 0xd0, 0xff, 0x42, 0x8a, 0xd6, 0xff, 
	0x39, 0x8e, 0xde, 0xff, 0x31, 0x8f, 0xe1, 0xff, 
	0x29, 0x90, 0xe4, 0xff, 0x21, 0x92, 0xe7, 0xff, 
	0x1d, 0x8f, 0xec, 0xff, 0x1d, 0x8f, 0xec, 0xff, 
	0x1d, 0x8f, 0xec, 0xff, 0x1d, 0x8f, 0xec, 0xff, 
	0x18, 0x92, 0xef, 0xff, 0x20, 0x85, 0xe9, 0xff, 
	0x20, 0x85, 0xe9, 0xff, 0x20, 0x85, 0xe9, 0xff, 
	0x20, 0x87, 0xe9, 0xff, 0x20, 0x87, 0xe9, 0xff, 
	0x20, 0x87, 0xe9, 0xff, 0x20, 0x87, 0xe9, 0xff, 
	0x31, 0x8a, 0xe7, 0xff, 0x3e, 0x7d, 0xe9, 0xff, 
	0x3e, 0x7d, 0xe9, 0xff, 0x4c, 0x71, 0xec, 0xff, 
	0x5a, 0x79, 0xe7, 0xff, 0x6d, 0x72, 0xe9, 0xff, 
	0x80, 0x6b, 0xec, 0xff, 0x80, 0x6b, 0xec, 0xff, 
	0x8b, 0x78, 0xd3, 0xff, 0x8b, 0x78, 0xd3, 0xff, 
	0x8b, 0x78, 0xd3, 0xff, 0x8b, 0x78, 0xd3, 0xff, 
	0x8c, 0x81, 0xc2, 0xff, 0x73, 0x91, 0xaf, 0xff, 
	0x73, 0x91, 0xaf, 0xff, 0x5a, 0xa2, 0x9c, 0xff, 
	0x5f, 0xbc, 0xbd, 0xff, 0x5f, 0xbc, 0xbd, 0xff, 
	0x52, 0xcf, 0xb5, 0xff, 0x52, 0xcf, 0xb5, 0xff, 
	0x5d, 0xe0, 0xd9, 0xff, 0x5d, 0xe0, 0xd9, 0xff, 
	0x60, 0xd5, 0xe4, 0xff, 0x60, 0xd5, 0xe4, 0xff, 
	0x60, 0xca, 0xde, 0xff, 0x60, 0xca, 0xde, 0xff, 
	0x60, 0xca, 0xde, 0xff, 0x60, 0xca, 0xde, 0xff, 
	0x63, 0xb2, 0xd6, 0xff, 0x60, 0xb2, 0xba, 0xff, 
	0x5d, 0xb2, 0x9f, 0xff, 0x5a, 0xb2, 0x84, 0xff, 
	0x6b, 0xa3, 0x6a, 0xff, 0x6b, 0xa3, 0x6a, 0xff, 
	0x6b, 0xa6, 0x5a, 0xff, 0x6b, 0xa6, 0x5a, 0xff, 
	0x73, 0x98, 0x5a, 0xff, 0x73, 0x98, 0x5a, 0xff, 
	0x73, 0x98, 0x5a, 0xff, 0x7b, 0x8f, 0x62, 0xff, 
	0x7b, 0x8f, 0x62, 0xff, 0x7b, 0x8f, 0x62, 0xff, 
	0x73, 0x98, 0x5a, 0xff, 0x73, 0x98, 0x5a, 0xff, 
	0x6b, 0x96, 0x5a, 0xff, 0x6b, 0x96, 0x5a, 0xff, 
	0x6d, 0x84, 0x6d, 0xff, 0x73, 0x61, 0x94, 0xff, 
	0x73, 0x51, 0xa5, 0xff, 0x6d, 0x3b, 0xbb, 0xff, 
	0x6b, 0x30, 0xc6, 0xff, 0x6b, 0x30, 0xc6, 0xff, 
	0x60, 0x2d, 0xc6, 0xff, 0x5d, 0x2e, 0xc6, 0xff, 
	0x5d, 0x2e, 0xc6, 0xff, 0x5d, 0x2e, 0xc6, 0xff, 
	0x5d, 0x2f, 0xc5, 0xff, 0x5d, 0x2f, 0xc5, 0xff, 
	0x5d, 0x2f, 0xc5, 0xff, 0x5d, 0x2f, 0xc5, 0xff, 
	0x5d, 0x2f, 0xc5, 0xff, 0x5d, 0x2f, 0xc5, 0xff, 
	0x5d, 0x2f, 0xc5, 0xff, 0x5d, 0x2f, 0xc5, 0xff, 
	0x5d, 0x30, 0xc5, 0xff, 0x5d, 0x30, 0xc5, 0xff, 
	0x5d, 0x30, 0xc5, 0xff, 0x5d, 0x30, 0xc5, 0xff, 
	0x63, 0x3c, 0xbd, 0xff, 0x63, 0x3c, 0xbd, 0xff, 
	0x63, 0x50, 0xb7, 0xff, 0x63, 0x64, 0xb2, 0xff, 
	0x5a, 0x8e, 0xb5, 0xff, 0x52, 0x8f, 0xc2, 0xff, 
	0x4a, 0x90, 0xd0, 0xff, 0x42, 0x92, 0xde, 0xff, 
	0x4a, 0x7d, 0xf1, 0xff, 0x52, 0x75, 0xf4, 0xff, 
	0x5a, 0x6d, 0xf7, 0xff, 0x5a, 0x6d, 0xf7, 0xff, 
	0x65, 0x63, 0xf4, 0xff, 0x70, 0x5a, 0xf1, 0xff, 
	0x70, 0x5a, 0xf1, 0xff, 0x70, 0x5a, 0xf1, 0xff, 
	0x7b, 0x55, 0xef, 0xff, 0x7b, 0x55, 0xef, 0xff, 
	0x86, 0x4b, 0xe9, 0xff, 0x91, 0x41, 0xe3, 0xff, 
	0xa5, 0x34, 0xde, 0xff, 0xb0, 0x2a, 0xe1, 0xff, 
	0xbb, 0x21, 0xe4, 0xff, 0xbb, 0x21, 0xe4, 0xff, 
	0xc2, 0x19, 0xe1, 0xff, 0xc2, 0x19, 0xe1, 0xff, 
	0xc2, 0x19, 0xe1, 0xff, 0xc2, 0x19, 0xe1, 0xff, 
	0xb5, 0x24, 0xd6, 0xff, 0xb5, 0x24, 0xd6, 0xff, 
	0xad, 0x2c, 0xce, 0xff, 0xa5, 0x34, 0xc6, 0xff, 
	0x94, 0x41, 0xbd, 0xff, 0x94, 0x41, 0xbd, 0xff, 
	0x89, 0x4e, 0xb7, 0xff, 0x7e, 0x5b, 0xb2, 0xff, 
	0x7b, 0x65, 0xad, 0xff, 0x70, 0x6e, 0xb2, 0xff, 
	0x65, 0x78, 0xb7, 0xff, 0x65, 0x78, 0xb7, 0xff, 
	0x52, 0x82, 0xc6, 0xff, 0x4c, 0x84, 0xcb, 0xff, 
	0x47, 0x87, 0xd0, 0xff, 0x42, 0x8a, 0xd6, 0xff, 
	0x39, 0x8e, 0xde, 0xff, 0x31, 0x8f, 0xe1, 0xff, 
	0x29, 0x90, 0xe4, 0xff, 0x21, 0x92, 0xe7, 0xff, 
	0x18, 0x9a, 0xef, 0xff, 0x18, 0x9a, 0xef, 0xff, 
	0x18, 0x9a, 0xef, 0xff, 0x18, 0x9a, 0xef, 0xff, 
	0x18, 0x92, 0xef, 0xff, 0x18, 0x92, 0xef, 0xff, 
	0x18, 0x92, 0xef, 0xff, 0x18, 0x92, 0xef, 0xff, 
	0x18, 0x96, 0xef, 0xff, 0x18, 0x96, 0xef, 0xff, 
	0x18, 0x96, 0xef, 0xff, 0x20, 0x87, 0xe9, 0xff, 
	0x31, 0x8a, 0xe7, 0xff, 0x31, 0x8a, 0xe7, 0xff, 
	0x3e, 0x7d, 0xe9, 0xff, 0x3e, 0x7d, 0xe9, 0xff, 
	0x5a, 0x79, 0xe7, 0xff, 0x5a, 0x79, 0xe7, 0xff, 
	0x6d, 0x72, 0xe9, 0xff, 0x6d, 0x72, 0xe9, 0xff, 
	0x7b, 0x82, 0xc6, 0xff, 0x7b, 0x82, 0xc6, 0xff, 
	0x7b, 0x82, 0xc6, 0xff, 0x7b, 0x82, 0xc6, 0xff, 
	0x73, 0x91, 0xaf, 0xff, 0x5a, 0xa2, 0x9c, 0xff, 
	0x5a, 0xa2, 0x9c, 0xff, 0x5a, 0xa2, 0x9c, 0xff, 
	0x52, 0xcf, 0xb5, 0xff, 0x52, 0xcf, 0xb5, 0xff, 
	0x52, 0xcf, 0xb5, 0xff, 0x52, 0xcf, 0xb5, 0xff, 
	0x5a, 0xeb, 0xce, 0xff, 0x5a, 0xeb, 0xce, 0xff, 
	0x5d, 0xe0, 0xd9, 0xff, 0x5d, 0xe0, 0xd9, 0xff, 
	0x63, 0xd3, 0xd6, 0xff, 0x63, 0xd3, 0xd6, 0xff, 
	0x63, 0xd3, 0xd6, 0xff, 0x63, 0xd3, 0xd6, 0xff, 
	0x60, 0xb2, 0xba, 0xff, 0x5d, 0xb2, 0x9f, 0xff, 
	0x5a, 0xb2, 0x84, 0xff, 0x5a, 0xb2, 0x84, 0xff, 
	0x6b, 0xa6, 0x5a, 0xff, 0x6b, 0xa6, 0x5a, 0xff, 
	0x6b, 0xa6, 0x5a, 0xff, 0x6b, 0xa6, 0x5a, 0xff, 
	0x6b, 0xa2, 0x52, 0xff, 0x6b, 0xa2, 0x52, 0xff, 
	0x6b, 0xa2, 0x52, 0xff, 0x73, 0x98, 0x5a, 0xff, 
	0x73, 0x98, 0x5a, 0xff, 0x73, 0x98, 0x5a, 0xff, 
	0x6b, 0xa2, 0x52, 0xff, 0x6b, 0xa2, 0x52, 0xff, 
	0x6b, 0x96, 0x5a, 0xff, 0x6b, 0x96, 0x5a, 0xff, 
	0x6d, 0x84, 0x6d, 0xff, 0x73, 0x61, 0x94, 0xff, 
	0x70, 0x46, 0xb0, 0xff, 0x6d, 0x3b, 0xbb, 0xff, 
	0x6b, 0x30, 0xc6, 0xff, 0x6b, 0x30, 0xc6, 0xff, 
	0x5d, 0x2e, 0xc6, 0xff, 0x5d, 0x2e, 0xc6, 0xff, 
	0x5d, 0x2e, 0xc6, 0xff, 0x5d, 0x2e, 0xc6, 0xff, 
	0x5d, 0x2f, 0xc5, 0xff, 0x5d, 0x2f, 0xc5, 0xff, 
	0x5d, 0x2f, 0xc5, 0xff, 0x5d, 0x2f, 0xc5, 0xff, 
	0x5d, 0x2f, 0xc5, 0xff, 0x5d, 0x2f, 0xc5, 0xff, 
	0x5d, 0x2f, 0xc5, 0xff, 0x5d, 0x2f, 0xc5, 0xff, 
	0x5d, 0x2f, 0xc5, 0xff, 0x5d, 0x2f, 0xc5, 0xff, 
	0x5d, 0x2f, 0xc5, 0xff, 0x5d, 0x2f, 0xc5, 0xff, 
	0x63, 0x34, 0xc6, 0xff, 0x63, 0x43, 0xc0, 0xff, 
	0x63, 0x52, 0xba, 0xff, 0x63, 0x61, 0xb5, 0xff, 
	0x63, 0x71, 0xb5, 0xff, 0x57, 0x81, 0xcb, 0xff, 
	0x52, 0x8a, 0xd6, 0xff, 0x52, 0x8a, 0xd6, 0xff, 
	0x52, 0x7d, 0xe7, 0xff, 0x57, 0x75, 0xec, 0xff, 
	0x63, 0x65, 0xf7, 0xff, 0x63, 0x65, 0xf7, 0xff, 
	0x6b, 0x5d, 0xf7, 0xff, 0x76, 0x55, 0xf7, 0xff, 
	0x76, 0x55, 0xf7, 0xff, 0x76, 0x55, 0xf7, 0xff, 
	0x7b, 0x51, 0xef, 0xff, 0x7b, 0x51, 0xef, 0xff, 
	0x83, 0x4a, 0xef, 0xff, 0x8b, 0x43, 0xef, 0xff, 
	0x9f, 0x38, 0xe4, 0xff, 0xaa, 0x30, 0xe1, 0xff, 
	0xb5, 0x28, 0xde, 0xff, 0xb5, 0x28, 0xde, 0xff, 
	0xc6, 0x1c, 0xde, 0xff, 0xc6, 0x1c, 0xde, 0xff, 
	0xc6, 0x1c, 0xde, 0xff, 0xbd, 0x21, 0xdb, 0xff, 
	0xb5, 0x24, 0xd6, 0xff, 0xb5, 0x24, 0xd6, 0xff, 
	0xac, 0x2c, 0xcb, 0xff, 0xa4, 0x34, 0xc0, 0xff, 
	0x9c, 0x3c, 0xbd, 0xff, 0x91, 0x43, 0xb5, 0xff, 
	0x86, 0x4a, 0xad, 0xff, 0x86, 0x4a, 0xad, 0xff, 
	0x75, 0x5d, 0xaa, 0xff, 0x70, 0x65, 0xaf, 0xff, 
	0x6b, 0x6d, 0xb5, 0xff, 0x6b, 0x6d, 0xb5, 0xff, 
	0x5a, 0x78, 0xbd, 0xff, 0x52, 0x7f, 0xc5, 0xff, 
	0x4a, 0x86, 0xce, 0xff, 0x4a, 0x86, 0xce, 0xff, 
	0x34, 0x92, 0xd3, 0xff, 0x34, 0x92, 0xd3, 0xff, 
	0x29, 0x96, 0xde, 0xff, 0x29, 0x96, 0xde, 0xff, 
	0x1d, 0x9b, 0xe1, 0xff, 0x1d, 0x9b, 0xe1, 0xff, 
	0x18, 0x9a, 0xef, 0xff, 0x18, 0x9a, 0xef, 0xff, 
	0x1b, 0x9e, 0xe1, 0xff, 0x18, 0x9a, 0xef, 0xff, 
	0x18, 0x9a, 0xef, 0xff, 0x18, 0x9a, 0xef, 0xff, 
	0x18, 0x9a, 0xe7, 0xff, 0x18, 0x9a, 0xe7, 0xff, 
	0x18, 0x9a, 0xe7, 0xff, 0x18, 0x9a, 0xe7, 0xff, 
	0x31, 0x96, 0xd3, 0xff, 0x39, 0x8e, 0xe7, 0xff, 
	0x39, 0x8e, 0xe7, 0xff, 0x39, 0x8e, 0xe7, 0xff, 
	0x5a, 0x82, 0xd6, 0xff, 0x5a, 0x82, 0xd6, 0xff, 
	0x5a, 0x82, 0xd6, 0xff, 0x5a, 0x82, 0xd6, 0xff, 
	0x6b, 0x8a, 0xb5, 0xff, 0x6b, 0x8a, 0xb5, 0xff, 
	0x6b, 0x8a, 0xb5, 0xff, 0x57, 0x97, 0x9c, 0xff, 
	0x52, 0xa2, 0x94, 0xff, 0x52, 0xa2, 0x94, 0xff, 
	0x41, 0xb2, 0x80, 0xff, 0x41, 0xb2, 0x80, 0xff, 
	0x3f, 0xe3, 0x94, 0xff, 0x3f, 0xe3, 0x94, 0xff, 
	0x4a, 0xe3, 0xa5, 0xff, 0x4a, 0xe3, 0xa5, 0xff, 
	0x52, 0xeb, 0xba, 0xff, 0x5a, 0xeb, 0xce, 0xff, 
	0x5a, 0xeb, 0xce, 0xff, 0x5a, 0xeb, 0xce, 0xff, 
	0x5a, 0xd7, 0xc6, 0xff, 0x5a, 0xd7, 0xc6, 0xff, 
	0x5a, 0xd7, 0xc6, 0xff, 0x54, 0xd3, 0xb0, 0xff, 
	0x5a, 0xbe, 0x94, 0xff, 0x5a, 0xbe, 0x94, 0xff, 
	0x52, 0xc3, 0x78, 0xff, 0x4a, 0xc9, 0x5d, 0xff, 
	0x5a, 0xb6, 0x4a, 0xff, 0x5a, 0xb6, 0x4a, 0xff, 
	0x5a, 0xb6, 0x4a, 0xff, 0x5a, 0xb6, 0x4a, 0xff, 
	0x5d, 0xb0, 0x44, 0xff, 0x63, 0xaa, 0x4a, 0xff, 
	0x63, 0xaa, 0x4a, 0xff, 0x63, 0xaa, 0x4a, 0xff, 
	0x63, 0xa6, 0x52, 0xff, 0x63, 0xa6, 0x52, 0xff, 
	0x63, 0xa6, 0x52, 0xff, 0x63, 0xa6, 0x52, 0xff, 
	0x5a, 0xa2, 0x52, 0xff, 0x5f, 0x88, 0x6d, 0xff, 
	0x65, 0x6e, 0x89, 0xff, 0x6b, 0x55, 0xa5, 0xff, 
	0x6b, 0x41, 0xb5, 0xff, 0x65, 0x35, 0xc0, 0xff, 
	0x63, 0x30, 0xc6, 0xff, 0x63, 0x30, 0xc6, 0xff, 
	0x5d, 0x2f, 0xc5, 0xff, 0x5d, 0x2f, 0xc5, 0xff, 
	0x5d, 0x2f, 0xc5, 0xff, 0x5d, 0x2f, 0xc5, 0xff, 
	0x5d, 0x2f, 0xc5, 0xff, 0x5d, 0x2f, 0xc5, 0xff, 
	0x5d, 0x2f, 0xc5, 0xff, 0x5d, 0x2f, 0xc5, 0xff, 
	0x5d, 0x2f, 0xc5, 0xff, 0x5d, 0x2f, 0xc5, 0xff, 
	0x5d, 0x2f, 0xc5, 0xff, 0x5d, 0x2f, 0xc5, 0xff, 
	0x5d, 0x2f, 0xc5, 0xff, 0x5d, 0x2f, 0xc5, 0xff, 
	0x5d, 0x2f, 0xc5, 0xff, 0x5d, 0x2f, 0xc5, 0xff, 
	0x63, 0x34, 0xc6, 0xff, 0x63, 0x43, 0xc0, 0xff, 
	0x63, 0x52, 0xba, 0xff, 0x63, 0x61, 0xb5, 0xff, 
	0x63, 0x71, 0xb5, 0xff, 0x5d, 0x79, 0xc0, 0xff, 
	0x57, 0x81, 0xcb, 0xff, 0x52, 0x8a, 0xd6, 0xff, 
	0x52, 0x7d, 0xe7, 0xff, 0x57, 0x75, 0xec, 0xff, 
	0x5d, 0x6d, 0xf1, 0xff, 0x63, 0x65, 0xf7, 0xff, 
	0x6b, 0x5d, 0xf7, 0xff, 0x76, 0x55, 0xf7, 0xff, 
	0x81, 0x4d, 0xf7, 0xff, 0x81, 0x4d, 0xf7, 0xff, 
	0x83, 0x4a, 0xef, 0xff, 0x83, 0x4a, 0xef, 0xff, 
	0x83, 0x4a, 0xef, 0xff, 0x8b, 0x43, 0xef, 0xff, 
	0x94, 0x41, 0xe7, 0xff, 0x9f, 0x38, 0xe4, 0xff, 
	0xaa, 0x30, 0xe1, 0xff, 0xb5, 0x28, 0xde, 0xff, 
	0xbd, 0x21, 0xdb, 0xff, 0xbd, 0x21, 0xdb, 0xff, 
	0xbd, 0x21, 0xdb, 0xff, 0xbd, 0x21, 0xdb, 0xff, 
	0xb5, 0x24, 0xd6, 0xff, 0xac, 0x2c, 0xcb, 0xff, 
	0xac, 0x2c, 0xcb, 0xff, 0xa4, 0x34, 0xc0, 0xff, 
	0x9c, 0x3c, 0xbd, 0xff, 0x91, 0x43, 0xb5, 0xff, 
	0x86, 0x4a, 0xad, 0xff, 0x86, 0x4a, 0xad, 0xff, 
	0x7b, 0x55, 0xa5, 0xff, 0x75, 0x5d, 0xaa, 0xff, 
	0x70, 0x65, 0xaf, 0xff, 0x6b, 0x6d, 0xb5, 0xff, 
	0x63, 0x71, 0xb5, 0xff, 0x5a, 0x78, 0xbd, 0xff, 
	0x52, 0x7f, 0xc5, 0xff, 0x4a, 0x86, 0xce, 0xff, 
	0x3f, 0x8e, 0xc8, 0xff, 0x34, 0x92, 0xd3, 0xff, 
	0x34, 0x92, 0xd3, 0xff, 0x29, 0x96, 0xde, 0xff, 
	0x1d, 0x9b, 0xe1, 0xff, 0x1d, 0x9b, 0xe1, 0xff, 
	0x1d, 0x9b, 0xe1, 0xff, 0x1d, 0x9b, 0xe1, 0xff, 
	0x1b, 0x9e, 0xe1, 0xff, 0x1b, 0x9e, 0xe1, 0xff, 
	0x1b, 0x9e, 0xe1, 0xff, 0x1b, 0x9e, 0xe1, 0xff, 
	0x18, 0x9a, 0xe7, 0xff, 0x18, 0x9f, 0xd9, 0xff, 
	0x18, 0x9f, 0xd9, 0xff, 0x18, 0x9f, 0xd9, 0xff, 
	0x31, 0x96, 0xd3, 0xff, 0x31, 0x96, 0xd3, 0xff, 
	0x31, 0x96, 0xd3, 0xff, 0x31, 0x96, 0xd3, 0xff, 
	0x4c, 0x8c, 0xc0, 0xff, 0x4c, 0x8c, 0xc0, 0xff, 
	0x4c, 0x8c, 0xc0, 0xff, 0x4c, 0x8c, 0xc0, 0xff, 
	0x57, 0x97, 0x9c, 0xff, 0x57, 0x97, 0x9c, 0xff, 
	0x57, 0x97, 0x9c, 0xff, 0x44, 0xa4, 0x83, 0xff, 
	0x41, 0xb2, 0x80, 0xff, 0x41, 0xb2, 0x80, 0xff, 
	0x31, 0xc2, 0x6d, 0xff, 0x31, 0xc2, 0x6d, 0xff, 
	0x34, 0xe3, 0x83, 0xff, 0x3f, 0xe3, 0x94, 0xff, 
	0x3f, 0xe3, 0x94, 0xff, 0x4a, 0xe3, 0xa5, 0xff, 
	0x4a, 0xeb, 0xa7, 0xff, 0x52, 0xeb, 0xba, 0xff, 
	0x52, 0xeb, 0xba, 0xff, 0x52, 0xeb, 0xba, 0xff, 
	0x5a, 0xd7, 0xc6, 0xff, 0x54, 0xd3, 0xb0, 0xff, 
	0x54, 0xd3, 0xb0, 0xff, 0x4f, 0xcf, 0x9a, 0xff, 
	0x5a, 0xbe, 0x94, 0xff, 0x52, 0xc3, 0x78, 0xff, 
	0x4a, 0xc9, 0x5d, 0xff, 0x4a, 0xc9, 0x5d, 0xff, 
	0x54, 0xbd, 0x41, 0xff, 0x54, 0xbd, 0x41, 0xff, 
	0x54, 0xbd, 0x41, 0xff, 0x5a, 0xb6, 0x4a, 0xff, 
	0x57, 0xb7, 0x3e, 0xff, 0x5d, 0xb0, 0x44, 0xff, 
	0x5d, 0xb0, 0x44, 0xff, 0x5d, 0xb0, 0x44, 0xff, 
	0x5a, 0xae, 0x49, 0xff, 0x5a, 0xae, 0x49, 0xff, 
	0x5a, 0xae, 0x49, 0xff, 0x5a, 0xae, 0x49, 0xff, 
	0x5a, 0xa2, 0x52, 0xff, 0x5f, 0x88, 0x6d, 0xff, 
	0x65, 0x6e, 0x89, 0xff, 0x6b, 0x55, 0xa5, 0xff, 
	0x6b, 0x41, 0xb5, 0xff, 0x65, 0x35, 0xc0, 0xff, 
	0x63, 0x30, 0xc6, 0xff, 0x63, 0x30, 0xc6, 0xff, 
	0x5d, 0x2f, 0xc5, 0xff, 0x5d, 0x2f, 0xc5, 0xff, 
	0x5d, 0x2f, 0xc5, 0xff, 0x5d, 0x2f, 0xc5, 0xff, 
	0x5d, 0x2f, 0xc5, 0xff, 0x5d, 0x2f, 0xc5, 0xff, 
	0x5d, 0x2f, 0xc5, 0xff, 0x5d, 0x2f, 0xc5, 0xff, 
	0x5d, 0x2f, 0xc5, 0xff, 0x5d, 0x2f, 0xc5, 0xff, 
	0x5d, 0x2f, 0xc5, 0xff, 0x5d, 0x2f, 0xc5, 0xff, 
	0x5d, 0x2f, 0xc5, 0xff, 0x5d, 0x2f, 0xc5, 0xff, 
	0x5d, 0x2f, 0xc5, 0xff, 0x5d, 0x2f, 0xc5, 0xff, 
	0x63, 0x34, 0xc6, 0xff, 0x63, 0x34, 0xc6, 0xff, 
	0x63, 0x43, 0xc0, 0xff, 0x63, 0x52, 0xba, 0xff, 
	0x63, 0x71, 0xb5, 0xff, 0x63, 0x71, 0xb5, 0xff, 
	0x57, 0x81, 0xcb, 0xff, 0x52, 0x8a, 0xd6, 0xff, 
	0x52, 0x7d, 0xe7, 0xff, 0x57, 0x75, 0xec, 0xff, 
	0x5d, 0x6d, 0xf1, 0xff, 0x63, 0x65, 0xf7, 0xff, 
	0x6b, 0x5d, 0xf7, 0xff, 0x76, 0x55, 0xf7, 0xff, 
	0x81, 0x4d, 0xf7, 0xff, 0x8c, 0x45, 0xf7, 0xff, 
	0x8b, 0x43, 0xef, 0xff, 0x8b, 0x43, 0xef, 0xff, 
	0x8b, 0x43, 0xef, 0xff, 0x94, 0x3c, 0xef, 0xff, 
	0x94, 0x41, 0xe7, 0xff, 0x9f, 0x38, 0xe4, 0xff, 
	0x9f, 0x38, 0xe4, 0xff, 0xaa, 0x30, 0xe1, 0xff, 
	0xb5, 0x26, 0xd8, 0xff, 0xb5, 0x26, 0xd8, 0xff, 
	0xb5, 0x26, 0xd8, 0xff, 0xb5, 0x26, 0xd8, 0xff, 
	0xac, 0x2c, 0xcb, 0xff, 0xac, 0x2c, 0xcb, 0xff, 
	0xa4, 0x34, 0xc0, 0xff, 0x9c, 0x3c, 0xb5, 0xff, 
	0x91, 0x43, 0xb5, 0xff, 0x91, 0x43, 0xb5, 0xff, 
	0x86, 0x4a, 0xad, 0xff, 0x7b, 0x51, 0xa5, 0xff, 
	0x7b, 0x55, 0xa5, 0xff, 0x75, 0x5d, 0xaa, 0xff, 
	0x75, 0x5d, 0xaa, 0xff, 0x70, 0x65, 0xaf, 0xff, 
	0x63, 0x71, 0xb5, 0xff, 0x63, 0x71, 0xb5, 0xff, 
	0x5a, 0x78, 0xbd, 0xff, 0x52, 0x7f, 0xc5, 0xff, 
	0x3f, 0x8e, 0xc8, 0xff, 0x3f, 0x8e, 0xc8, 0xff, 
	0x34, 0x92, 0xd3, 0xff, 0x34, 0x92, 0xd3, 0xff, 
	0x23, 0x9c, 0xd3, 0xff, 0x23, 0x9c, 0xd3, 0xff, 
	0x23, 0x9c, 0xd3, 0xff, 0x23, 0x9c, 0xd3, 0xff, 
	0x1e, 0xa2, 0xd3, 0xff, 0x1e, 0xa2, 0xd3, 0xff, 
	0x1e, 0xa2, 0xd3, 0xff, 0x1e, 0xa2, 0xd3, 0xff, 
	0x18, 0x9f, 0xd9, 0xff, 0x18, 0xa4, 0xcb, 0xff, 
	0x18, 0xa4, 0xcb, 0xff, 0x18, 0xa4, 0xcb, 0xff, 
	0x29, 0x9e, 0xc0, 0xff, 0x29, 0x9e, 0xc0, 0xff, 
	0x29, 0x9e, 0xc0, 0xff, 0x29, 0x9e, 0xc0, 0xff, 
	0x3e, 0x97, 0xaa, 0xff, 0x3e, 0x97, 0xaa, 0xff, 
	0x3e, 0x97, 0xaa, 0xff, 0x3e, 0x97, 0xaa, 0xff, 
	0x44, 0xa4, 0x83, 0xff, 0x44, 0xa4, 0x83, 0xff, 
	0x44, 0xa4, 0x83, 0xff, 0x31, 0xb2, 0x6b, 0xff, 
	0x31, 0xc2, 0x6d, 0xff, 0x31, 0xc2, 0x6d, 0xff, 
	0x31, 0xc2, 0x6d, 0xff, 0x31, 0xc2, 0x6d, 0xff, 
	0x29, 0xe3, 0x73, 0xff, 0x34, 0xe3, 0x83, 0xff, 
	0x3f, 0xe3, 0x94, 0xff, 0x3f, 0xe3, 0x94, 0xff, 
	0x4a, 0xeb, 0xa7, 0xff, 0x4a, 0xeb, 0xa7, 0xff, 
	0x4a, 0xeb, 0xa7, 0xff, 0x4a, 0xeb, 0xa7, 0xff, 
	0x54, 0xd3, 0xb0, 0xff, 0x4f, 0xcf, 0x9a, 0xff, 
	0x4f, 0xcf, 0x9a, 0xff, 0x4a, 0xcb, 0x84, 0xff, 
	0x52, 0xc3, 0x78, 0xff, 0x4a, 0xc9, 0x5d, 0xff, 
	0x42, 0xcf, 0x42, 0xff, 0x42, 0xcf, 0x42, 0xff, 
	0x4f, 0xc4, 0x39, 0xff, 0x4f, 0xc4, 0x39, 0xff, 
	0x54, 0xbd, 0x41, 0xff, 0x54, 0xbd, 0x41, 0xff, 
	0x57, 0xb7, 0x3e, 0xff, 0x57, 0xb7, 0x3e, 0xff, 
	0x57, 0xb7, 0x3e, 0xff, 0x57, 0xb7, 0x3e, 0xff, 
	0x52, 0xb6, 0x41, 0xff, 0x52, 0xb6, 0x41, 0xff, 
	0x52, 0xb6, 0x41, 0xff, 0x52, 0xb6, 0x41, 0xff, 
	0x5a, 0xa2, 0x52, 0xff, 0x5f, 0x88, 0x6d, 0xff, 
	0x65, 0x6e, 0x89, 0xff, 0x6b, 0x55, 0xa5, 0xff, 
	0x68, 0x3b, 0xba, 0xff, 0x65, 0x35, 0xc0, 0xff, 
	0x63, 0x30, 0xc6, 0xff, 0x63, 0x30, 0xc6, 0xff, 
	0x5d, 0x2f, 0xc5, 0xff, 0x5d, 0x2f, 0xc5, 0xff, 
	0x5d, 0x2f, 0xc5, 0xff, 0x5d, 0x2f, 0xc5, 0xff, 
	0x5d, 0x2f, 0xc5, 0xff, 0x5d, 0x2f, 0xc5, 0xff, 
	0x5d, 0x2f, 0xc5, 0xff, 0x5d, 0x2f, 0xc5, 0xff, 
	0x5d, 0x2f, 0xc5, 0xff, 0x5d, 0x2f, 0xc5, 0xff, 
	0x5d, 0x2f, 0xc5, 0xff, 0x5d, 0x2f, 0xc5, 0xff, 
	0x5d, 0x2f, 0xc5, 0xff, 0x5d, 0x2f, 0xc5, 0xff, 
	0x5d, 0x2f, 0xc5, 0xff, 0x5d, 0x2f, 0xc5, 0xff, 
	0x63, 0x34, 0xc6, 0xff, 0x63, 0x34, 0xc6, 0xff, 
	0x63, 0x43, 0xc0, 0xff, 0x63, 0x52, 0xba, 0xff, 
	0x63, 0x71, 0xb5, 0xff, 0x63, 0x71, 0xb5, 0xff, 
	0x5d, 0x79, 0xc0, 0xff, 0x57, 0x81, 0xcb, 0xff, 
	0x52, 0x7d, 0xe7, 0xff, 0x57, 0x75, 0xec, 0xff, 
	0x5d, 0x6d, 0xf1, 0xff, 0x63, 0x65, 0xf7, 0xff, 
	0x6b, 0x5d, 0xf7, 0xff, 0x81, 0x4d, 0xf7, 0xff, 
	0x8c, 0x45, 0xf7, 0xff, 0x8c, 0x45, 0xf7, 0xff, 
	0x94, 0x3c, 0xef, 0xff, 0x94, 0x3c, 0xef, 0xff, 
	0x94, 0x3c, 0xef, 0xff, 0x94, 0x3c, 0xef, 0xff, 
	0x94, 0x41, 0xe7, 0xff, 0x9f, 0x38, 0xe4, 0xff, 
	0x9f, 0x38, 0xe4, 0xff, 0xaa, 0x30, 0xe1, 0xff, 
	0xad, 0x2c, 0xd6, 0xff, 0xad, 0x2c, 0xd6, 0xff, 
	0xad, 0x2c, 0xd6, 0xff, 0xad, 0x2c, 0xd6, 0xff, 
	0xac, 0x2c, 0xcb, 0xff, 0xa4, 0x34, 0xc0, 0xff, 
	0xa4, 0x34, 0xc0, 0xff, 0x9c, 0x3c, 0xb5, 0xff, 
	0x91, 0x43, 0xb5, 0xff, 0x86, 0x4a, 0xad, 0xff, 
	0x7b, 0x51, 0xa5, 0xff, 0x7b, 0x51, 0xa5, 0xff, 
	0x7b, 0x55, 0xa5, 0xff, 0x75, 0x5d, 0xaa, 0xff, 
	0x75, 0x5d, 0xaa, 0xff, 0x70, 0x65, 0xaf, 0xff, 
	0x63, 0x71, 0xb5, 0xff, 0x63, 0x71, 0xb5, 0xff, 
	0x63, 0x71, 0xb5, 0xff, 0x5a, 0x78, 0xbd, 0xff, 
	0x4a, 0x8a, 0xbd, 0xff, 0x4a, 0x8a, 0xbd, 0xff, 
	0x3f, 0x8e, 0xc8, 0xff, 0x3f, 0x8e, 0xc8, 0xff, 
	0x29, 0x9e, 0xc6, 0xff, 0x29, 0x9e, 0xc6, 0xff, 
	0x29, 0x9e, 0xc6, 0xff, 0x29, 0x9e, 0xc6, 0xff, 
	0x21, 0xa6, 0xc6, 0xff, 0x21, 0xa6, 0xc6, 0xff, 
	0x21, 0xa6, 0xc6, 0xff, 0x21, 0xa6, 0xc6, 0xff, 
	0x18, 0xaa, 0xbd, 0xff, 0x18, 0xaa, 0xbd, 0xff, 
	0x18, 0xaa, 0xbd, 0xff, 0x18, 0xaa, 0xbd, 0xff, 
	0x21, 0xa6, 0xad, 0xff, 0x21, 0xa6, 0xad, 0xff, 
	0x21, 0xa6, 0xad, 0xff, 0x21, 0xa6, 0xad, 0xff, 
	0x31, 0xa2, 0x94, 0xff, 0x31, 0xa2, 0x94, 0xff, 
	0x31, 0xa2, 0x94, 0xff, 0x31, 0xa2, 0x94, 0xff, 
	0x31, 0xb2, 0x6b, 0xff, 0x31, 0xb2, 0x6b, 0xff, 
	0x31, 0xb2, 0x6b, 0xff, 0x31, 0xb2, 0x6b, 0xff, 
	0x21, 0xd3, 0x5a, 0xff, 0x21, 0xd3, 0x5a, 0xff, 
	0x21, 0xd3, 0x5a, 0xff, 0x21, 0xd3, 0x5a, 0xff, 
	0x29, 0xe3, 0x73, 0xff, 0x29, 0xe3, 0x73, 0xff, 
	0x34, 0xe3, 0x83, 0xff, 0x34, 0xe3, 0x83, 0xff, 
	0x42, 0xeb, 0x94, 0xff, 0x42, 0xeb, 0x94, 0xff, 
	0x42, 0xeb, 0x94, 0xff, 0x42, 0xeb, 0x94, 0xff, 
	0x4f, 0xcf, 0x9a, 0xff, 0x4a, 0xcb, 0x84, 0xff, 
	0x4a, 0xcb, 0x84, 0xff, 0x4a, 0xcb, 0x84, 0xff, 
	0x4a, 0xc9, 0x5d, 0xff, 0x42, 0xcf, 0x42, 0xff, 
	0x42, 0xcf, 0x42, 0xff, 0x42, 0xcf, 0x42, 0xff, 
	0x4a, 0xcb, 0x31, 0xff, 0x4f, 0xc4, 0x39, 0xff, 
	0x4f, 0xc4, 0x39, 0xff, 0x4f, 0xc4, 0x39, 0xff, 
	0x52, 0xbe, 0x39, 0xff, 0x52, 0xbe, 0x39, 0xff, 
	0x52, 0xbe, 0x39, 0xff, 0x52, 0xbe, 0x39, 0xff, 
	0x4a, 0xbe, 0x39, 0xff, 0x4a, 0xbe, 0x39, 0xff, 
	0x4a, 0xbe, 0x39, 0xff, 0x52, 0xb6, 0x41, 0xff, 
	0x5a, 0xa2, 0x52, 0xff, 0x5f, 0x88, 0x6d, 0xff, 
	0x6b, 0x55, 0xa5, 0xff, 0x6b, 0x55, 0xa5, 0xff, 
	0x65, 0x35, 0xc0, 0xff, 0x63, 0x30, 0xc6, 0xff, 
	0x63, 0x30, 0xc6, 0xff, 0x63, 0x30, 0xc6, 0xff, 
	0x5d, 0x2f, 0xc5, 0xff, 0x5d, 0x2f, 0xc5, 0xff, 
	0x5d, 0x2f, 0xc5, 0xff, 0x5d, 0x2f, 0xc5, 0xff, 
	0x5d, 0x2f, 0xc5, 0xff, 0x5d, 0x2f, 0xc5, 0xff, 
	0x5d, 0x2f, 0xc5, 0xff, 0x5d, 0x2f, 0xc5, 0xff, 
	0x5d, 0x2f, 0xc5, 0xff, 0x5d, 0x2f, 0xc5, 0xff, 
	0x5d, 0x2f, 0xc5, 0xff, 0x5d, 0x2f, 0xc5, 0xff, 
	0x5d, 0x2f, 0xc5, 0xff, 0x5d, 0x2f, 0xc5, 0xff, 
	0x5d, 0x2f, 0xc5, 0xff, 0x5d, 0x2f, 0xc5, 0xff, 
	0x5d, 0x30, 0xc3, 0xff, 0x5d, 0x30, 0xc3, 0xff, 
	0x60, 0x38, 0xc0, 0xff, 0x63, 0x41, 0xbd, 0xff, 
	0x63, 0x57, 0xbd, 0xff, 0x63, 0x66, 0xbd, 0xff, 
	0x63, 0x75, 0xbd, 0xff, 0x63, 0x75, 0xbd, 0xff, 
	0x5a, 0x79, 0xd6, 0xff, 0x5d, 0x72, 0xe1, 0xff, 
	0x60, 0x6b, 0xec, 0xff, 0x63, 0x65, 0xf7, 0xff, 
	0x73, 0x59, 0xf7, 0xff, 0x7b, 0x51, 0xf7, 0xff, 
	0x83, 0x49, 0xf7, 0xff, 0x8c, 0x41, 0xf7, 0xff, 
	0x94, 0x38, 0xf7, 0xff, 0x94, 0x38, 0xf7, 0xff, 
	0x9c, 0x34, 0xf7, 0xff, 0xa4, 0x30, 0xf7, 0xff, 
	0xa5, 0x34, 0xe7, 0xff, 0xa5, 0x34, 0xe7, 0xff, 
	0xa5, 0x34, 0xe7, 0xff, 0xa5, 0x34, 0xe7, 0xff, 
	0xa7, 0x32, 0xd9, 0xff, 0xa7, 0x32, 0xd9, 0xff, 
	0xa5, 0x34, 0xce, 0xff, 0xa5, 0x34, 0xce, 0xff, 
	0xa5, 0x34, 0xc6, 0xff, 0xa5, 0x34, 0xc6, 0xff, 
	0x9c, 0x3b, 0xbd, 0xff, 0x94, 0x42, 0xb5, 0xff, 
	0x8c, 0x49, 0xad, 0xff, 0x83, 0x55, 0xa4, 0xff, 
	0x83, 0x55, 0xa4, 0xff, 0x7b, 0x61, 0x9c, 0xff, 
	0x73, 0x61, 0x9c, 0xff, 0x73, 0x61, 0x9c, 0xff, 
	0x73, 0x61, 0x9c, 0xff, 0x6d, 0x70, 0x94, 0xff, 
	0x63, 0x75, 0xa5, 0xff, 0x63, 0x75, 0xa5, 0xff, 
	0x63, 0x75, 0xa5, 0xff, 0x63, 0x75, 0xa5, 0xff, 
	0x4a, 0x8e, 0xad, 0xff, 0x4a, 0x8e, 0xad, 0xff, 
	0x4a, 0x8e, 0xad, 0xff, 0x4a, 0x8e, 0xad, 0xff, 
	0x31, 0x9e, 0xad, 0xff, 0x31, 0x9e, 0xad, 0xff, 
	0x31, 0x9e, 0xad, 0xff, 0x31, 0x9e, 0xad, 0xff, 
	0x21, 0xaa, 0xad, 0xff, 0x21, 0xaa, 0xad, 0xff, 
	0x21, 0xaa, 0xad, 0xff, 0x21, 0xaa, 0xad, 0xff, 
	0x18, 0xae, 0xa5, 0xff, 0x18, 0xae, 0xa5, 0xff, 
	0x18, 0xae, 0xa5, 0xff, 0x18, 0xae, 0xa5, 0xff, 
	0x21, 0xae, 0x94, 0xff, 0x21, 0xae, 0x94, 0xff, 
	0x21, 0xae, 0x94, 0xff, 0x21, 0xae, 0x94, 0xff, 
	0x29, 0xaa, 0x7b, 0xff, 0x29, 0xaa, 0x7b, 0xff, 
	0x29, 0xaa, 0x7b, 0xff, 0x20, 0xb6, 0x68, 0xff, 
	0x21, 0xba, 0x5a, 0xff, 0x21, 0xba, 0x5a, 0xff, 
	0x1b, 0xc7, 0x4c, 0xff, 0x1b, 0xc7, 0x4c, 0xff, 
	0x18, 0xdf, 0x4a, 0xff, 0x18, 0xdf, 0x4a, 0xff, 
	0x18, 0xdf, 0x4a, 0xff, 0x18, 0xdf, 0x4a, 0xff, 
	0x20, 0xeb, 0x57, 0xff, 0x28, 0xeb, 0x65, 0xff, 
	0x31, 0xeb, 0x73, 0xff, 0x31, 0xeb, 0x73, 0xff, 
	0x39, 0xe3, 0x84, 0xff, 0x39, 0xe3, 0x84, 0xff, 
	0x39, 0xe3, 0x84, 0xff, 0x39, 0xe3, 0x84, 0xff, 
	0x42, 0xcf, 0x73, 0xff, 0x42, 0xcf, 0x73, 0xff, 
	0x42, 0xcf, 0x73, 0xff, 0x3c, 0xd3, 0x5d, 0xff, 
	0x39, 0xd3, 0x42, 0xff, 0x33, 0xd9, 0x34, 0xff, 
	0x33, 0xd9, 0x34, 0xff, 0x33, 0xd9, 0x34, 0xff, 
	0x41, 0xd0, 0x28, 0xff, 0x4a, 0xc7, 0x31, 0xff, 
	0x4a, 0xc7, 0x31, 0xff, 0x4a, 0xc7, 0x31, 0xff, 
	0x52, 0xbe, 0x39, 0xff, 0x52, 0xbe, 0x39, 0xff, 
	0x52, 0xbe, 0x39, 0xff, 0x4c, 0xc2, 0x36, 0xff, 
	0x4a, 0xc3, 0x39, 0xff, 0x4a, 0xc3, 0x39, 0xff, 
	0x4a, 0xc3, 0x39, 0xff, 0x4c, 0xb1, 0x49, 0xff, 
	0x5a, 0x86, 0x73, 0xff, 0x5d, 0x6c, 0x8b, 0xff, 
	0x60, 0x52, 0xa4, 0xff, 0x63, 0x38, 0xbd, 0xff, 
	0x60, 0x35, 0xbd, 0xff, 0x5d, 0x2e, 0xc5, 0xff, 
	0x5d, 0x2e, 0xc5, 0xff, 0x5d, 0x2e, 0xc5, 0xff, 
	0x5d, 0x2f, 0xc5, 0xff, 0x5d, 0x2f, 0xc5, 0xff, 
	0x5d, 0x2f, 0xc5, 0xff, 0x5d, 0x2f, 0xc5, 0xff, 
	0x5d, 0x2f, 0xc5, 0xff, 0x5d, 0x2f, 0xc5, 0xff, 
	0x5d, 0x2f, 0xc5, 0xff, 0x5d, 0x2f, 0xc5, 0xff, 
	0x5d, 0x2f, 0xc5, 0xff, 0x5d, 0x2f, 0xc5, 0xff, 
	0x5d, 0x2f, 0xc5, 0xff, 0x5d, 0x2f, 0xc5, 0xff, 
	0x5d, 0x2f, 0xc5, 0xff, 0x5d, 0x2f, 0xc5, 0xff, 
	0x5d, 0x2f, 0xc5, 0xff, 0x5d, 0x2f, 0xc5, 0xff, 
	0x5d, 0x30, 0xc3, 0xff, 0x5d, 0x30, 0xc3, 0xff, 
	0x60, 0x38, 0xc0, 0xff, 0x63, 0x41, 0xbd, 0xff, 
	0x63, 0x49, 0xbd, 0xff, 0x63, 0x66, 0xbd, 0xff, 
	0x63, 0x75, 0xbd, 0xff, 0x63, 0x75, 0xbd, 0xff, 
	0x5a, 0x79, 0xd6, 0xff, 0x5d, 0x72, 0xe1, 0xff, 
	0x60, 0x6b, 0xec, 0xff, 0x63, 0x65, 0xf7, 0xff, 
	0x73, 0x59, 0xf7, 0xff, 0x7b, 0x51, 0xf7, 0xff, 
	0x83, 0x49, 0xf7, 0xff, 0x8c, 0x41, 0xf7, 0xff, 
	0x94, 0x38, 0xf7, 0xff, 0x9c, 0x34, 0xf7, 0xff, 
	0xa4, 0x30, 0xf7, 0xff, 0xa4, 0x30, 0xf7, 0xff, 
	0xaa, 0x30, 0xec, 0xff, 0xaa, 0x30, 0xec, 0xff, 
	0xa5, 0x34, 0xe7, 0xff, 0xa5, 0x34, 0xe7, 0xff, 
	0xa7, 0x32, 0xd9, 0xff, 0xa7, 0x32, 0xd9, 0xff, 
	0xa5, 0x34, 0xce, 0xff, 0xa5, 0x34, 0xce, 0xff, 
	0xa5, 0x34, 0xc6, 0xff, 0x9c, 0x3b, 0xbd, 0xff, 
	0x94, 0x42, 0xb5, 0xff, 0x8c, 0x49, 0xad, 0xff, 
	0x8c, 0x49, 0xad, 0xff, 0x83, 0x55, 0xa4, 0xff, 
	0x7b, 0x61, 0x9c, 0xff, 0x7b, 0x61, 0x9c, 0xff, 
	0x6d, 0x70, 0x94, 0xff, 0x6d, 0x70, 0x94, 0xff, 
	0x6d, 0x70, 0x94, 0xff, 0x6d, 0x70, 0x94, 0xff, 
	0x5d, 0x82, 0x94, 0xff, 0x5d, 0x82, 0x94, 0xff, 
	0x5d, 0x82, 0x94, 0xff, 0x5d, 0x82, 0x94, 0xff, 
	0x47, 0x97, 0x99, 0xff, 0x47, 0x97, 0x99, 0xff, 
	0x47, 0x97, 0x99, 0xff, 0x47, 0x97, 0x99, 0xff, 
	0x31, 0xa4, 0x97, 0xff, 0x31, 0xa4, 0x97, 0xff, 
	0x31, 0xa4, 0x97, 0xff, 0x31, 0xa4, 0x97, 0xff, 
	0x23, 0xb0, 0x97, 0xff, 0x23, 0xb0, 0x97, 0xff, 
	0x23, 0xb0, 0x97, 0xff, 0x23, 0xb0, 0x97, 0xff, 
	0x18, 0xb5, 0x8f, 0xff, 0x18, 0xb5, 0x8f, 0xff, 
	0x18, 0xb5, 0x8f, 0xff, 0x18, 0xb5, 0x8f, 0xff, 
	0x1e, 0xb6, 0x7e, 0xff, 0x1e, 0xb6, 0x7e, 0xff, 
	0x1e, 0xb6, 0x7e, 0xff, 0x1e, 0xb6, 0x7e, 0xff, 
	0x20, 0xb6, 0x68, 0xff, 0x20, 0xb6, 0x68, 0xff, 
	0x20, 0xb6, 0x68, 0xff, 0x18, 0xc2, 0x55, 0xff, 
	0x1b, 0xc7, 0x4c, 0xff, 0x1b, 0xc7, 0x4c, 0xff, 
	0x15, 0xd5, 0x3e, 0xff, 0x15, 0xd5, 0x3e, 0xff, 
	0x12, 0xe4, 0x41, 0xff, 0x12, 0xe4, 0x41, 0xff, 
	0x12, 0xe4, 0x41, 0xff, 0x18, 0xdf, 0x4a, 0xff, 
	0x20, 0xeb, 0x57, 0xff, 0x20, 0xeb, 0x57, 0xff, 
	0x28, 0xeb, 0x65, 0xff, 0x31, 0xeb, 0x73, 0xff, 
	0x36, 0xdf, 0x73, 0xff, 0x36, 0xdf, 0x73, 0xff, 
	0x36, 0xdf, 0x73, 0xff, 0x36, 0xdf, 0x73, 0xff, 
	0x42, 0xcf, 0x73, 0xff, 0x3c, 0xd3, 0x5d, 0xff, 
	0x3c, 0xd3, 0x5d, 0xff, 0x36, 0xd7, 0x47, 0xff, 
	0x33, 0xd9, 0x34, 0xff, 0x2e, 0xe0, 0x26, 0xff, 
	0x2e, 0xe0, 0x26, 0xff, 0x2e, 0xe0, 0x26, 0xff, 
	0x41, 0xd0, 0x28, 0xff, 0x41, 0xd0, 0x28, 0xff, 
	0x4a, 0xc7, 0x31, 0xff, 0x4a, 0xc7, 0x31, 0xff, 
	0x4c, 0xc2, 0x36, 0xff, 0x4c, 0xc2, 0x36, 0xff, 
	0x4c, 0xc2, 0x36, 0xff, 0x4c, 0xc2, 0x36, 0xff, 
	0x4a, 0xc3, 0x39, 0xff, 0x4a, 0xc3, 0x39, 0xff, 
	0x4c, 0xb1, 0x49, 0xff, 0x4f, 0x9f, 0x5a, 0xff, 
	0x5a, 0x86, 0x73, 0xff, 0x5d, 0x6c, 0x8b, 0xff, 
	0x60, 0x52, 0xa4, 0xff, 0x63, 0x38, 0xbd, 0xff, 
	0x60, 0x35, 0xbd, 0xff, 0x5d, 0x2e, 0xc5, 0xff, 
	0x5d, 0x2e, 0xc5, 0xff, 0x5d, 0x2e, 0xc5, 0xff, 
	0x5d, 0x2f, 0xc5, 0xff, 0x5d, 0x2f, 0xc5, 0xff, 
	0x5d, 0x2f, 0xc5, 0xff, 0x5d, 0x2f, 0xc5, 0xff, 
	0x5d, 0x2f, 0xc5, 0xff, 0x5d, 0x2f, 0xc5, 0xff, 
	0x5d, 0x2f, 0xc5, 0xff, 0x5d, 0x2f, 0xc5, 0xff, 
	0x5d, 0x2f, 0xc5, 0xff, 0x5d, 0x2f, 0xc5, 0xff, 
	0x5d, 0x2f, 0xc5, 0xff, 0x5d, 0x2f, 0xc5, 0xff, 
	0x5d, 0x2f, 0xc5, 0xff, 0x5d, 0x2f, 0xc5, 0xff, 
	0x5d, 0x2f, 0xc5, 0xff, 0x5d, 0x2f, 0xc5, 0xff, 
	0x5d, 0x30, 0xc3, 0xff, 0x5d, 0x30, 0xc3, 0xff, 
	0x5d, 0x30, 0xc3, 0xff, 0x60, 0x38, 0xc0, 0xff, 
	0x63, 0x49, 0xbd, 0xff, 0x63, 0x57, 0xbd, 0xff, 
	0x63, 0x66, 0xbd, 0xff, 0x63, 0x75, 0xbd, 0xff, 
	0x5a, 0x79, 0xd6, 0xff, 0x5d, 0x72, 0xe1, 0xff, 
	0x60, 0x6b, 0xec, 0xff, 0x63, 0x65, 0xf7, 0xff, 
	0x73, 0x59, 0xf7, 0xff, 0x7b, 0x51, 0xf7, 0xff, 
	0x83, 0x49, 0xf7, 0xff, 0x8c, 0x41, 0xf7, 0xff, 
	0x94, 0x38, 0xf7, 0xff, 0x9c, 0x34, 0xf7, 0xff, 
	0xa4, 0x30, 0xf7, 0xff, 0xad, 0x2c, 0xf7, 0xff, 
	0xaf, 0x2c, 0xf1, 0xff, 0xaa, 0x30, 0xec, 0xff, 
	0xaa, 0x30, 0xec, 0xff, 0xa5, 0x34, 0xe7, 0xff, 
	0xa7, 0x32, 0xd9, 0xff, 0xa7, 0x32, 0xd9, 0xff, 
	0xa5, 0x34, 0xce, 0xff, 0xa5, 0x34, 0xce, 0xff, 
	0xa5, 0x34, 0xc6, 0xff, 0x9c, 0x3b, 0xbd, 0xff, 
	0x94, 0x42, 0xb5, 0xff, 0x8c, 0x49, 0xad, 0xff, 
	0x83, 0x55, 0xa4, 0xff, 0x7b, 0x61, 0x9c, 0xff, 
	0x7b, 0x61, 0x9c, 0xff, 0x73, 0x6d, 0x94, 0xff, 
	0x6d, 0x70, 0x94, 0xff, 0x68, 0x7f, 0x8c, 0xff, 
	0x68, 0x7f, 0x8c, 0xff, 0x68, 0x7f, 0x8c, 0xff, 
	0x57, 0x90, 0x83, 0xff, 0x57, 0x90, 0x83, 0xff, 
	0x57, 0x90, 0x83, 0xff, 0x57, 0x90, 0x83, 0xff, 
	0x44, 0xa0, 0x86, 0xff, 0x44, 0xa0, 0x86, 0xff, 
	0x44, 0xa0, 0x86, 0xff, 0x44, 0xa0, 0x86, 0xff, 
	0x31, 0xab, 0x81, 0xff, 0x31, 0xab, 0x81, 0xff, 
	0x31, 0xab, 0x81, 0xff, 0x31, 0xab, 0x81, 0xff, 
	0x26, 0xb7, 0x81, 0xff, 0x26, 0xb7, 0x81, 0xff, 
	0x26, 0xb7, 0x81, 0xff, 0x26, 0xb7, 0x81, 0xff, 
	0x18, 0xbc, 0x79, 0xff, 0x18, 0xbc, 0x79, 0xff, 
	0x18, 0xbc, 0x79, 0xff, 0x18, 0xbc, 0x79, 0xff, 
	0x1b, 0xbe, 0x68, 0xff, 0x1b, 0xbe, 0x68, 0xff, 
	0x1b, 0xbe, 0x68, 0xff, 0x1b, 0xbe, 0x68, 0xff, 
	0x18, 0xc2, 0x55, 0xff, 0x18, 0xc2, 0x55, 0xff, 
	0x18, 0xc2, 0x55, 0xff, 0x10, 0xcf, 0x42, 0xff, 
	0x15, 0xd5, 0x3e, 0xff, 0x15, 0xd5, 0x3e, 0xff, 
	0x10, 0xe3, 0x31, 0xff, 0x10, 0xe3, 0x31, 0xff, 
	0x0d, 0xe9, 0x39, 0xff, 0x0d, 0xe9, 0x39, 0xff, 
	0x0d, 0xe9, 0x39, 0xff, 0x12, 0xe4, 0x41, 0xff, 
	0x18, 0xeb, 0x4a, 0xff, 0x20, 0xeb, 0x57, 0xff, 
	0x20, 0xeb, 0x57, 0xff, 0x28, 0xeb, 0x65, 0xff, 
	0x33, 0xdb, 0x62, 0xff, 0x33, 0xdb, 0x62, 0xff, 
	0x33, 0xdb, 0x62, 0xff, 0x33, 0xdb, 0x62, 0xff, 
	0x3c, 0xd3, 0x5d, 0xff, 0x36, 0xd7, 0x47, 0xff, 
	0x36, 0xd7, 0x47, 0xff, 0x31, 0xdb, 0x31, 0xff, 
	0x2e, 0xe0, 0x26, 0xff, 0x29, 0xe7, 0x18, 0xff, 
	0x29, 0xe7, 0x18, 0xff, 0x29, 0xe7, 0x18, 0xff, 
	0x39, 0xd9, 0x20, 0xff, 0x41, 0xd0, 0x28, 0xff, 
	0x41, 0xd0, 0x28, 0xff, 0x4a, 0xc7, 0x31, 0xff, 
	0x47, 0xc6, 0x33, 0xff, 0x47, 0xc6, 0x33, 0xff, 
	0x47, 0xc6, 0x33, 0xff, 0x47, 0xc6, 0x33, 0xff, 
	0x4a, 0xc3, 0x39, 0xff, 0x4a, 0xc3, 0x39, 0xff, 
	0x4c, 0xb1, 0x49, 0xff, 0x52, 0x8e, 0x6b, 0xff, 
	0x5d, 0x6c, 0x8b, 0xff, 0x60, 0x52, 0xa4, 0xff, 
	0x63, 0x38, 0xbd, 0xff, 0x63, 0x38, 0xbd, 0xff, 
	0x5d, 0x2e, 0xc5, 0xff, 0x5d, 0x2e, 0xc5, 0xff, 
	0x5d, 0x2e, 0xc5, 0xff, 0x5d, 0x2e, 0xc5, 0xff, 
	0x5d, 0x2f, 0xc5, 0xff, 0x5d, 0x2f, 0xc5, 0xff, 
	0x5d, 0x2f, 0xc5, 0xff, 0x5d, 0x2f, 0xc5, 0xff, 
	0x5d, 0x2f, 0xc5, 0xff, 0x5d, 0x2f, 0xc5, 0xff, 
	0x5d, 0x2f, 0xc5, 0xff, 0x5d, 0x2f, 0xc5, 0xff, 
	0x5d, 0x2f, 0xc5, 0xff, 0x5d, 0x2f, 0xc5, 0xff, 
	0x5d, 0x2f, 0xc5, 0xff, 0x5d, 0x2f, 0xc5, 0xff, 
	0x5d, 0x2f, 0xc5, 0xff, 0x5d, 0x2f, 0xc5, 0xff, 
	0x5d, 0x2f, 0xc5, 0xff, 0x5d, 0x2f, 0xc5, 0xff, 
	0x5d, 0x30, 0xc3, 0xff, 0x5d, 0x30, 0xc3, 0xff, 
	0x5d, 0x30, 0xc3, 0xff, 0x60, 0x38, 0xc0, 0xff, 
	0x63, 0x49, 0xbd, 0xff, 0x63, 0x49, 0xbd, 0xff, 
	0x63, 0x57, 0xbd, 0xff, 0x63, 0x66, 0xbd, 0xff, 
	0x5a, 0x79, 0xd6, 0xff, 0x5a, 0x79, 0xd6, 0xff, 
	0x5d, 0x72, 0xe1, 0xff, 0x60, 0x6b, 0xec, 0xff, 
	0x73, 0x59, 0xf7, 0xff, 0x73, 0x59, 0xf7, 0xff, 
	0x7b, 0x51, 0xf7, 0xff, 0x83, 0x49, 0xf7, 0xff, 
	0x94, 0x38, 0xf7, 0xff, 0x9c, 0x34, 0xf7, 0xff, 
	0xa4, 0x30, 0xf7, 0xff, 0xad, 0x2c, 0xf7, 0xff, 
	0xaf, 0x2c, 0xf1, 0xff, 0xaf, 0x2c, 0xf1, 0xff, 
	0xaf, 0x2c, 0xf1, 0xff, 0xaa, 0x30, 0xec, 0xff, 
	0xaa, 0x31, 0xe4, 0xff, 0xa7, 0x32, 0xd9, 0xff, 
	0xa5, 0x34, 0xce, 0xff, 0xa5, 0x34, 0xce, 0xff, 
	0x9c, 0x3b, 0xbd, 0xff, 0x9c, 0x3b, 0xbd, 0xff, 
	0x8c, 0x49, 0xad, 0xff, 0x8c, 0x49, 0xad, 0xff, 
	0x83, 0x55, 0xa4, 0xff, 0x7b, 0x61, 0x9c, 0xff, 
	0x73, 0x6d, 0x94, 0xff, 0x73, 0x6d, 0x94, 0xff, 
	0x68, 0x7f, 0x8c, 0xff, 0x68, 0x7f, 0x8c, 0xff, 
	0x63, 0x8e, 0x84, 0xff, 0x63, 0x8e, 0x84, 0xff, 
	0x57, 0x90, 0x83, 0xff, 0x52, 0x9e, 0x73, 0xff, 
	0x52, 0x9e, 0x73, 0xff, 0x52, 0x9e, 0x73, 0xff, 
	0x42, 0xaa, 0x73, 0xff, 0x42, 0xaa, 0x73, 0xff, 
	0x42, 0xaa, 0x73, 0xff, 0x42, 0xaa, 0x73, 0xff, 
	0x31, 0xb2, 0x6b, 0xff, 0x31, 0xb2, 0x6b, 0xff, 
	0x31, 0xb2, 0x6b, 0xff, 0x31, 0xb2, 0x6b, 0xff, 
	0x29, 0xbe, 0x6b, 0xff, 0x29, 0xbe, 0x6b, 0xff, 
	0x29, 0xbe, 0x6b, 0xff, 0x29, 0xbe, 0x6b, 0xff, 
	0x18, 0xc3, 0x63, 0xff, 0x18, 0xc3, 0x63, 0xff, 
	0x18, 0xc3, 0x63, 0xff, 0x18, 0xc3, 0x63, 0xff, 
	0x18, 0xc7, 0x52, 0xff, 0x18, 0xc7, 0x52, 0xff, 
	0x18, 0xc7, 0x52, 0xff, 0x18, 0xc7, 0x52, 0xff, 
	0x10, 0xcf, 0x42, 0xff, 0x10, 0xcf, 0x42, 0xff, 
	0x10, 0xcf, 0x42, 0xff, 0x10, 0xcf, 0x42, 0xff, 
	0x10, 0xe3, 0x31, 0xff, 0x10, 0xe3, 0x31, 0xff, 
	0x10, 0xe3, 0x31, 0xff, 0x10, 0xe3, 0x31, 0xff, 
	0x08, 0xef, 0x31, 0xff, 0x08, 0xef, 0x31, 0xff, 
	0x0d, 0xe9, 0x39, 0xff, 0x0d, 0xe9, 0x39, 0xff, 
	0x18, 0xeb, 0x4a, 0xff, 0x18, 0xeb, 0x4a, 0xff, 
	0x20, 0xeb, 0x57, 0xff, 0x20, 0xeb, 0x57, 0xff, 
	0x31, 0xd7, 0x52, 0xff, 0x31, 0xd7, 0x52, 0xff, 
	0x31, 0xd7, 0x52, 0xff, 0x31, 0xd7, 0x52, 0xff, 
	0x36, 0xd7, 0x47, 0xff, 0x36, 0xd7, 0x47, 0xff, 
	0x31, 0xdb, 0x31, 0xff, 0x31, 0xdb, 0x31, 0xff, 
	0x29, 0xe7, 0x18, 0xff, 0x29, 0xe7, 0x18, 0xff, 
	0x29, 0xe7, 0x18, 0xff, 0x29, 0xe7, 0x18, 0xff, 
	0x31, 0xe3, 0x18, 0xff, 0x39, 0xd9, 0x20, 0xff, 
	0x39, 0xd9, 0x20, 0xff, 0x41, 0xd0, 0x28, 0xff, 
	0x42, 0xcb, 0x31, 0xff, 0x42, 0xcb, 0x31, 0xff, 
	0x42, 0xcb, 0x31, 0xff, 0x42, 0xcb, 0x31, 0xff, 
	0x4a, 0xc3, 0x39, 0xff, 0x4c, 0xb1, 0x49, 0xff, 
	0x4f, 0x9f, 0x5a, 0xff, 0x52, 0x8e, 0x6b, 0xff, 
	0x5d, 0x6c, 0x8b, 0xff, 0x60, 0x52, 0xa4, 0xff, 
	0x63, 0x38, 0xbd, 0xff, 0x63, 0x38, 0xbd, 0xff, 
	0x5d, 0x2e, 0xc5, 0xff, 0x5d, 0x2e, 0xc5, 0xff, 
	0x5d, 0x2e, 0xc5, 0xff, 0x5d, 0x2e, 0xc5, 0xff, 
	0x5d, 0x2f, 0xc5, 0xff, 0x5d, 0x2f, 0xc5, 0xff, 
	0x5d, 0x2f, 0xc5, 0xff, 0x5d, 0x2f, 0xc5, 0xff, 
	0x5d, 0x2f, 0xc5, 0xff, 0x5d, 0x2f, 0xc5, 0xff, 
	0x5d, 0x2f, 0xc5, 0xff, 0x5d, 0x2f, 0xc5, 0xff, 
	0x5d, 0x2f, 0xc5, 0xff, 0x5d, 0x2f, 0xc5, 0xff, 
	0x5d, 0x2f, 0xc5, 0xff, 0x5d, 0x2f, 0xc5, 0xff, 
	0x5d, 0x2f, 0xc5, 0xff, 0x5d, 0x2f, 0xc5, 0xff, 
	0x5d, 0x2f, 0xc5, 0xff, 0x5d, 0x2f, 0xc5, 0xff, 
	0x5d, 0x30, 0xc5, 0xff, 0x5d, 0x30, 0xc5, 0xff, 
	0x5d, 0x30, 0xc5, 0xff, 0x5d, 0x30, 0xc5, 0xff, 
	0x5d, 0x35, 0xc3, 0xff, 0x60, 0x47, 0xc0, 0xff, 
	0x63, 0x59, 0xbd, 0xff, 0x63, 0x59, 0xbd, 0xff, 
	0x5a, 0x66, 0xcb, 0xff, 0x5a, 0x6b, 0xd9, 0xff, 
	0x5a, 0x71, 0xe7, 0xff, 0x5a, 0x71, 0xe7, 0xff, 
	0x68, 0x5e, 0xf1, 0xff, 0x76, 0x53, 0xf4, 0xff, 
	0x76, 0x53, 0xf4, 0xff, 0x84, 0x49, 0xf7, 0xff, 
	0x8c, 0x41, 0xf7, 0xff, 0xa2, 0x30, 0xfc, 0xff, 
	0xa2, 0x30, 0xfc, 0xff, 0xad, 0x28, 0xff, 0xff, 
	0xb2, 0x26, 0xf7, 0xff, 0xb2, 0x26, 0xf7, 0xff, 
	0xb2, 0x26, 0xf7, 0xff, 0xb2, 0x26, 0xf7, 0xff, 
	0xb5, 0x2a, 0xe6, 0xff, 0xad, 0x31, 0xde, 0xff, 
	0xa5, 0x38, 0xd6, 0xff, 0xa5, 0x38, 0xd6, 0xff, 
	0x9c, 0x40, 0xc3, 0xff, 0x94, 0x48, 0xb8, 0xff, 
	0x94, 0x48, 0xb8, 0xff, 0x8c, 0x51, 0xad, 0xff, 
	0x84, 0x59, 0xa5, 0xff, 0x7e, 0x63, 0x9c, 0xff, 
	0x78, 0x6e, 0x94, 0xff, 0x73, 0x79, 0x8c, 0xff, 
	0x6b, 0x86, 0x8c, 0xff, 0x62, 0x90, 0x83, 0xff, 
	0x5a, 0x9b, 0x7b, 0xff, 0x52, 0xa6, 0x73, 0xff, 
	0x52, 0xa6, 0x73, 0xff, 0x52, 0xa6, 0x73, 0xff, 
	0x49, 0xae, 0x6a, 0xff, 0x49, 0xae, 0x6a, 0xff, 
	0x39, 0xb6, 0x63, 0xff, 0x39, 0xb6, 0x63, 0xff, 
	0x39, 0xb6, 0x63, 0xff, 0x33, 0xbe, 0x5a, 0xff, 
	0x29, 0xbe, 0x5a, 0xff, 0x29, 0xbe, 0x5a, 0xff, 
	0x29, 0xbe, 0x5a, 0xff, 0x29, 0xbe, 0x5a, 0xff, 
	0x23, 0xc5, 0x55, 0xff, 0x23, 0xc5, 0x55, 0xff, 
	0x23, 0xc5, 0x55, 0xff, 0x23, 0xc5, 0x55, 0xff, 
	0x18, 0xcb, 0x4a, 0xff, 0x18, 0xcb, 0x4a, 0xff, 
	0x18, 0xcb, 0x4a, 0xff, 0x18, 0xcb, 0x4a, 0xff, 
	0x10, 0xd3, 0x42, 0xff, 0x10, 0xd3, 0x42, 0xff, 
	0x10, 0xd3, 0x42, 0xff, 0x10, 0xd3, 0x42, 0xff, 
	0x10, 0xdb, 0x39, 0xff, 0x10, 0xdb, 0x39, 0xff, 
	0x0d, 0xe0, 0x33, 0xff, 0x0d, 0xe0, 0x33, 0xff, 
	0x0d, 0xe5, 0x2e, 0xff, 0x0a, 0xe8, 0x2b, 0xff, 
	0x0a, 0xe8, 0x2b, 0xff, 0x08, 0xeb, 0x29, 0xff, 
	0x0a, 0xed, 0x2b, 0xff, 0x0a, 0xed, 0x2b, 0xff, 
	0x0d, 0xe8, 0x2e, 0xff, 0x0d, 0xe8, 0x2e, 0xff, 
	0x18, 0xe7, 0x39, 0xff, 0x18, 0xe7, 0x39, 0xff, 
	0x1d, 0xe0, 0x3c, 0xff, 0x23, 0xd9, 0x3f, 0xff, 
	0x29, 0xd7, 0x4a, 0xff, 0x29, 0xd7, 0x4a, 0xff, 
	0x29, 0xd7, 0x4a, 0xff, 0x29, 0xd9, 0x3c, 0xff, 
	0x31, 0xd7, 0x39, 0xff, 0x2e, 0xdd, 0x2b, 0xff, 
	0x2e, 0xdd, 0x2b, 0xff, 0x2b, 0xe4, 0x1d, 0xff, 
	0x29, 0xe7, 0x18, 0xff, 0x26, 0xeb, 0x12, 0xff, 
	0x26, 0xeb, 0x12, 0xff, 0x26, 0xeb, 0x12, 0xff, 
	0x2b, 0xe5, 0x15, 0xff, 0x2b, 0xe5, 0x15, 0xff, 
	0x2e, 0xe0, 0x1b, 0xff, 0x31, 0xdb, 0x21, 0xff, 
	0x39, 0xdb, 0x21, 0xff, 0x39, 0xdb, 0x21, 0xff, 
	0x3c, 0xcd, 0x2e, 0xff, 0x3c, 0xcd, 0x2e, 0xff, 
	0x4a, 0xb2, 0x4a, 0xff, 0x4a, 0xb2, 0x4a, 0xff, 
	0x4f, 0x93, 0x68, 0xff, 0x54, 0x74, 0x86, 0xff, 
	0x5a, 0x51, 0xa5, 0xff, 0x5a, 0x46, 0xb0, 0xff, 
	0x5a, 0x3b, 0xbb, 0xff, 0x5a, 0x30, 0xc6, 0xff, 
	0x5d, 0x2f, 0xc5, 0xff, 0x5d, 0x2f, 0xc5, 0xff, 
	0x5d, 0x2f, 0xc5, 0xff, 0x5d, 0x2f, 0xc5, 0xff, 
	0x5d, 0x2f, 0xc5, 0xff, 0x5d, 0x2f, 0xc5, 0xff, 
	0x5d, 0x2f, 0xc5, 0xff, 0x5d, 0x2f, 0xc5, 0xff, 
	0x5d, 0x2f, 0xc5, 0xff, 0x5d, 0x2f, 0xc5, 0xff, 
	0x5d, 0x2f, 0xc5, 0xff, 0x5d, 0x2f, 0xc5, 0xff, 
	0x5d, 0x2f, 0xc5, 0xff, 0x5d, 0x2f, 0xc5, 0xff, 
	0x5d, 0x2f, 0xc5, 0xff, 0x5d, 0x2f, 0xc5, 0xff, 
	0x5d, 0x2f, 0xc5, 0xff, 0x5d, 0x2f, 0xc5, 0xff, 
	0x5d, 0x2f, 0xc5, 0xff, 0x5d, 0x2f, 0xc5, 0xff, 
	0x5d, 0x30, 0xc5, 0xff, 0x5d, 0x30, 0xc5, 0xff, 
	0x5d, 0x30, 0xc5, 0xff, 0x5d, 0x30, 0xc5, 0xff, 
	0x5d, 0x35, 0xc3, 0xff, 0x5d, 0x35, 0xc3, 0xff, 
	0x60, 0x47, 0xc0, 0xff, 0x63, 0x59, 0xbd, 0xff, 
	0x5a, 0x61, 0xbd, 0xff, 0x5a, 0x66, 0xcb, 0xff, 
	0x5a, 0x6b, 0xd9, 0xff, 0x5a, 0x71, 0xe7, 0xff, 
	0x5a, 0x69, 0xef, 0xff, 0x68, 0x5e, 0xf1, 0xff, 
	0x76, 0x53, 0xf4, 0xff, 0x84, 0x49, 0xf7, 0xff, 
	0x8c, 0x41, 0xf7, 0xff, 0x97, 0x38, 0xf9, 0xff, 
	0xa2, 0x30, 0xfc, 0xff, 0xad, 0x28, 0xff, 0xff, 
	0xb2, 0x26, 0xf7, 0xff, 0xb2, 0x26, 0xf7, 0xff, 
	0xb7, 0x21, 0xf7, 0xff, 0xb2, 0x26, 0xf7, 0xff, 
	0xb5, 0x2a, 0xe6, 0xff, 0xb5, 0x2a, 0xe6, 0xff, 
	0xad, 0x31, 0xde, 0xff, 0xa5, 0x38, 0xd6, 0xff, 
	0x9c, 0x40, 0xc3, 0xff, 0x9c, 0x40, 0xc3, 0xff, 
	0x94, 0x48, 0xb8, 0xff, 0x8c, 0x51, 0xad, 0xff, 
	0x84, 0x59, 0xa5, 0xff, 0x7e, 0x63, 0x9c, 0xff, 
	0x78, 0x6e, 0x94, 0xff, 0x73, 0x79, 0x8c, 0xff, 
	0x6b, 0x86, 0x8c, 0xff, 0x62, 0x90, 0x83, 0xff, 
	0x5a, 0x9b, 0x7b, 0xff, 0x52, 0xa6, 0x73, 0xff, 
	0x49, 0xae, 0x6a, 0xff, 0x49, 0xae, 0x6a, 0xff, 
	0x41, 0xb6, 0x62, 0xff, 0x39, 0xbe, 0x5a, 0xff, 
	0x33, 0xbe, 0x5a, 0xff, 0x33, 0xbe, 0x5a, 0xff, 
	0x33, 0xbe, 0x5a, 0xff, 0x2e, 0xc6, 0x52, 0xff, 
	0x26, 0xc6, 0x52, 0xff, 0x26, 0xc6, 0x52, 0xff, 
	0x23, 0xce, 0x4a, 0xff, 0x23, 0xce, 0x4a, 0xff, 
	0x1d, 0xd0, 0x47, 0xff, 0x1d, 0xd0, 0x47, 0xff, 
	0x1d, 0xd0, 0x47, 0xff, 0x1d, 0xd0, 0x47, 0xff, 
	0x15, 0xd3, 0x41, 0xff, 0x15, 0xd3, 0x41, 0xff, 
	0x15, 0xd3, 0x41, 0xff, 0x15, 0xd3, 0x41, 0xff, 
	0x0d, 0xdb, 0x39, 0xff, 0x0d, 0xdb, 0x39, 0xff, 
	0x0d, 0xdb, 0x39, 0xff, 0x0d, 0xdb, 0x39, 0xff, 
	0x0d, 0xe0, 0x33, 0xff, 0x0d, 0xe0, 0x33, 0xff, 
	0x0a, 0xe5, 0x2e, 0xff, 0x0a, 0xe5, 0x2e, 0xff, 
	0x0a, 0xe8, 0x2b, 0xff, 0x08, 0xeb, 0x29, 0xff, 
	0x08, 0xeb, 0x29, 0xff, 0x08, 0xeb, 0x29, 0xff, 
	0x0a, 0xed, 0x2b, 0xff, 0x0a, 0xed, 0x2b, 0xff, 
	0x0d, 0xe8, 0x2e, 0xff, 0x10, 0xe3, 0x31, 0xff, 
	0x18, 0xe7, 0x39, 0xff, 0x1d, 0xe0, 0x3c, 0xff, 
	0x1d, 0xe0, 0x3c, 0xff, 0x23, 0xd9, 0x3f, 0xff, 
	0x29, 0xd7, 0x4a, 0xff, 0x29, 0xd9, 0x3c, 0xff, 
	0x29, 0xd9, 0x3c, 0xff, 0x29, 0xd9, 0x3c, 0xff, 
	0x2e, 0xdd, 0x2b, 0xff, 0x2b, 0xe4, 0x1d, 0xff, 
	0x2b, 0xe4, 0x1d, 0xff, 0x29, 0xeb, 0x10, 0xff, 
	0x26, 0xeb, 0x12, 0xff, 0x23, 0xef, 0x0d, 0xff, 
	0x23, 0xef, 0x0d, 0xff, 0x26, 0xeb, 0x12, 0xff, 
	0x29, 0xeb, 0x10, 0xff, 0x2b, 0xe5, 0x15, 0xff, 
	0x2b, 0xe5, 0x15, 0xff, 0x2e, 0xe0, 0x1b, 0xff, 
	0x39, 0xdb, 0x21, 0xff, 0x39, 0xdb, 0x21, 0xff, 
	0x3c, 0xcd, 0x2e, 0xff, 0x3c, 0xcd, 0x2e, 0xff, 
	0x4a, 0xb2, 0x4a, 0xff, 0x4f, 0x93, 0x68, 0xff, 
	0x54, 0x74, 0x86, 0xff, 0x5a, 0x55, 0xa5, 0xff, 
	0x5a, 0x46, 0xb0, 0xff, 0x5a, 0x3b, 0xbb, 0xff, 
	0x5a, 0x30, 0xc6, 0xff, 0x5a, 0x30, 0xc6, 0xff, 
	0x5d, 0x2f, 0xc5, 0xff, 0x5d, 0x2f, 0xc5, 0xff, 
	0x5d, 0x2f, 0xc5, 0xff, 0x5d, 0x2f, 0xc5, 0xff, 
	0x5d, 0x2f, 0xc5, 0xff, 0x5d, 0x2f, 0xc5, 0xff, 
	0x5d, 0x2f, 0xc5, 0xff, 0x5d, 0x2f, 0xc5, 0xff, 
	0x5d, 0x2f, 0xc5, 0xff, 0x5d, 0x2f, 0xc5, 0xff, 
	0x5d, 0x2f, 0xc5, 0xff, 0x5d, 0x2f, 0xc5, 0xff, 
	0x5d, 0x2f, 0xc5, 0xff, 0x5d, 0x2f, 0xc5, 0xff, 
	0x5d, 0x2f, 0xc5, 0xff, 0x5d, 0x2f, 0xc5, 0xff, 
	0x5d, 0x2f, 0xc5, 0xff, 0x5d, 0x2f, 0xc5, 0xff, 
	0x5d, 0x2f, 0xc5, 0xff, 0x5d, 0x2f, 0xc5, 0xff, 
	0x5d, 0x30, 0xc5, 0xff, 0x5d, 0x30, 0xc5, 0xff, 
	0x5d, 0x30, 0xc5, 0xff, 0x5d, 0x30, 0xc5, 0xff, 
	0x5d, 0x35, 0xc3, 0xff, 0x5d, 0x35, 0xc3, 0xff, 
	0x60, 0x47, 0xc0, 0xff, 0x60, 0x47, 0xc0, 0xff, 
	0x5a, 0x61, 0xbd, 0xff, 0x5a, 0x66, 0xcb, 0xff, 
	0x5a, 0x6b, 0xd9, 0xff, 0x5a, 0x71, 0xe7, 0xff, 
	0x5a, 0x69, 0xef, 0xff, 0x68, 0x5e, 0xf1, 0xff, 
	0x76, 0x53, 0xf4, 0xff, 0x84, 0x49, 0xf7, 0xff, 
	0x8c, 0x41, 0xf7, 0xff, 0x97, 0x38, 0xf9, 0xff, 
	0xa2, 0x30, 0xfc, 0xff, 0xad, 0x28, 0xff, 0xff, 
	0xb2, 0x26, 0xf7, 0xff, 0xb7, 0x21, 0xf7, 0xff, 
	0xb7, 0x21, 0xf7, 0xff, 0xb7, 0x21, 0xf7, 0xff, 
	0xbd, 0x24, 0xef, 0xff, 0xb5, 0x2a, 0xe6, 0xff, 
	0xb5, 0x2a, 0xe6, 0xff, 0xad, 0x31, 0xde, 0xff, 
	0xa5, 0x38, 0xce, 0xff, 0x9c, 0x40, 0xc3, 0xff, 
	0x94, 0x48, 0xb8, 0xff, 0x8c, 0x51, 0xad, 0xff, 
	0x84, 0x59, 0xa5, 0xff, 0x7e, 0x63, 0x9c, 0xff, 
	0x78, 0x6e, 0x94, 0xff, 0x73, 0x79, 0x8c, 0xff, 
	0x6b, 0x86, 0x8c, 0xff, 0x62, 0x90, 0x83, 0xff, 
	0x5a, 0x9b, 0x7b, 0xff, 0x52, 0xa6, 0x73, 0xff, 
	0x49, 0xae, 0x6a, 0xff, 0x41, 0xb6, 0x62, 0xff, 
	0x39, 0xbe, 0x5a, 0xff, 0x39, 0xbe, 0x5a, 0xff, 
	0x2e, 0xc6, 0x52, 0xff, 0x2e, 0xc6, 0x52, 0xff, 
	0x2e, 0xc6, 0x52, 0xff, 0x29, 0xcf, 0x4a, 0xff, 
	0x23, 0xce, 0x4a, 0xff, 0x21, 0xd7, 0x42, 0xff, 
	0x21, 0xd7, 0x42, 0xff, 0x21, 0xd7, 0x42, 0xff, 
	0x18, 0xdb, 0x39, 0xff, 0x18, 0xdb, 0x39, 0xff, 
	0x18, 0xdb, 0x39, 0xff, 0x18, 0xdb, 0x39, 0xff, 
	0x12, 0xdb, 0x39, 0xff, 0x12, 0xdb, 0x39, 0xff, 
	0x12, 0xdb, 0x39, 0xff, 0x12, 0xdb, 0x39, 0xff, 
	0x0a, 0xe3, 0x31, 0xff, 0x0a, 0xe3, 0x31, 0xff, 
	0x0a, 0xe3, 0x31, 0xff, 0x0a, 0xe3, 0x31, 0xff, 
	0x0a, 0xe5, 0x2e, 0xff, 0x0a, 0xe5, 0x2e, 0xff, 
	0x08, 0xeb, 0x29, 0xff, 0x08, 0xeb, 0x29, 0xff, 
	0x08, 0xeb, 0x29, 0xff, 0x08, 0xeb, 0x29, 0xff, 
	0x08, 0xeb, 0x29, 0xff, 0x08, 0xeb, 0x29, 0xff, 
	0x0a, 0xed, 0x2b, 0xff, 0x0d, 0xe8, 0x2e, 0xff, 
	0x0d, 0xe8, 0x2e, 0xff, 0x10, 0xe3, 0x31, 0xff, 
	0x18, 0xe7, 0x39, 0xff, 0x1d, 0xe0, 0x3c, 0xff, 
	0x23, 0xd9, 0x3f, 0xff, 0x23, 0xd9, 0x3f, 0xff, 
	0x29, 0xd9, 0x3c, 0xff, 0x29, 0xd9, 0x3c, 0xff, 
	0x29, 0xdc, 0x2e, 0xff, 0x29, 0xdc, 0x2e, 0xff, 
	0x2b, 0xe4, 0x1d, 0xff, 0x2b, 0xe4, 0x1d, 0xff, 
	0x29, 0xeb, 0x10, 0xff, 0x29, 0xeb, 0x10, 0xff, 
	0x23, 0xef, 0x0d, 0xff, 0x23, 0xef, 0x0d, 0xff, 
	0x23, 0xef, 0x0d, 0xff, 0x23, 0xef, 0x0d, 0xff, 
	0x29, 0xeb, 0x10, 0xff, 0x29, 0xeb, 0x10, 0xff, 
	0x2b, 0xe5, 0x15, 0xff, 0x2b, 0xe5, 0x15, 0xff, 
	0x39, 0xdb, 0x21, 0xff, 0x39, 0xdb, 0x21, 0xff, 
	0x3c, 0xcd, 0x2e, 0xff, 0x3f, 0xbf, 0x3c, 0xff, 
	0x4a, 0xb2, 0x4a, 0xff, 0x4f, 0x93, 0x68, 0xff, 
	0x54, 0x74, 0x86, 0xff, 0x5a, 0x55, 0xa5, 0xff, 
	0x5a, 0x3b, 0xbb, 0xff, 0x5a, 0x3b, 0xbb, 0xff, 
	0x5a, 0x30, 0xc6, 0xff, 0x5a, 0x30, 0xc6, 0xff, 
	0x5d, 0x2f, 0xc5, 0xff, 0x5d, 0x2f, 0xc5, 0xff, 
	0x5d, 0x2f, 0xc5, 0xff, 0x5d, 0x2f, 0xc5, 0xff, 
	0x5d, 0x2f, 0xc5, 0xff, 0x5d, 0x2f, 0xc5, 0xff, 
	0x5d, 0x2f, 0xc5, 0xff, 0x5d, 0x2f, 0xc5, 0xff, 
	0x5d, 0x2f, 0xc5, 0xff, 0x5d, 0x2f, 0xc5, 0xff, 
	0x5d, 0x2f, 0xc5, 0xff, 0x5d, 0x2f, 0xc5, 0xff, 
	0x5d, 0x2f, 0xc5, 0xff, 0x5d, 0x2f, 0xc5, 0xff, 
	0x5d, 0x2f, 0xc5, 0xff, 0x5d, 0x2f, 0xc5, 0xff, 
	0x5d, 0x2f, 0xc5, 0xff, 0x5d, 0x2f, 0xc5, 0xff, 
	0x5d, 0x2f, 0xc5, 0xff, 0x5d, 0x2f, 0xc5, 0xff, 
	0x5d, 0x30, 0xc5, 0xff, 0x5d, 0x30, 0xc5, 0xff, 
	0x5d, 0x30, 0xc5, 0xff, 0x5d, 0x30, 0xc5, 0xff, 
	0x5d, 0x35, 0xc3, 0xff, 0x5d, 0x35, 0xc3, 0xff, 
	0x5d, 0x35, 0xc3, 0xff, 0x60, 0x47, 0xc0, 0xff, 
	0x5a, 0x61, 0xbd, 0xff, 0x5a, 0x61, 0xbd, 0xff, 
	0x5a, 0x66, 0xcb, 0xff, 0x5a, 0x6b, 0xd9, 0xff, 
	0x5a, 0x69, 0xef, 0xff, 0x5a, 0x69, 0xef, 0xff, 
	0x68, 0x5e, 0xf1, 0xff, 0x76, 0x53, 0xf4, 0xff, 
	0x8c, 0x41, 0xf7, 0xff, 0x97, 0x38, 0xf9, 0xff, 
	0xa2, 0x30, 0xfc, 0xff, 0xad, 0x28, 0xff, 0xff, 
	0xb2, 0x26, 0xf7, 0xff, 0xb7, 0x21, 0xf7, 0xff, 
	0xbd, 0x1c, 0xf7, 0xff, 0xbd, 0x1c, 0xf7, 0xff, 
	0xbd, 0x24, 0xef, 0xff, 0xbd, 0x24, 0xef, 0xff, 
	0xb5, 0x2a, 0xe6, 0xff, 0xad, 0x31, 0xde, 0xff, 
	0xa5, 0x38, 0xce, 0xff, 0xa5, 0x38, 0xce, 0xff, 
	0x9c, 0x40, 0xc3, 0xff, 0x94, 0x48, 0xb8, 0xff, 
	0x84, 0x59, 0xa5, 0xff, 0x84, 0x59, 0xa5, 0xff, 
	0x7e, 0x63, 0x9c, 0xff, 0x73, 0x79, 0x8c, 0xff, 
	0x6b, 0x86, 0x8c, 0xff, 0x62, 0x90, 0x83, 0xff, 
	0x5a, 0x9b, 0x7b, 0xff, 0x52, 0xa6, 0x73, 0xff, 
	0x49, 0xae, 0x6a, 0xff, 0x41, 0xb6, 0x62, 0xff, 
	0x39, 0xbe, 0x5a, 0xff, 0x39, 0xbe, 0x5a, 0xff, 
	0x2e, 0xc6, 0x52, 0xff, 0x29, 0xcf, 0x4a, 0xff, 
	0x29, 0xcf, 0x4a, 0xff, 0x29, 0xcf, 0x4a, 0xff, 
	0x21, 0xd7, 0x42, 0xff, 0x21, 0xd7, 0x42, 0xff, 
	0x21, 0xd7, 0x42, 0xff, 0x21, 0xd7, 0x42, 0xff, 
	0x18, 0xdb, 0x39, 0xff, 0x18, 0xdb, 0x39, 0xff, 
	0x18, 0xdb, 0x39, 0xff, 0x18, 0xdb, 0x39, 0xff, 
	0x10, 0xe3, 0x31, 0xff, 0x10, 0xe3, 0x31, 0xff, 
	0x10, 0xe3, 0x31, 0xff, 0x10, 0xe3, 0x31, 0xff, 
	0x0a, 0xe3, 0x31, 0xff, 0x08, 0xeb, 0x29, 0xff, 
	0x08, 0xeb, 0x29, 0xff, 0x08, 0xeb, 0x29, 0xff, 
	0x08, 0xeb, 0x29, 0xff, 0x08, 0xeb, 0x29, 0xff, 
	0x08, 0xeb, 0x29, 0xff, 0x08, 0xeb, 0x29, 0xff, 
	0x08, 0xeb, 0x29, 0xff, 0x08, 0xeb, 0x29, 0xff, 
	0x0a, 0xe8, 0x2b, 0xff, 0x0a, 0xe8, 0x2b, 0xff, 
	0x0d, 0xe8, 0x2e, 0xff, 0x10, 0xe3, 0x31, 0xff, 
	0x10, 0xe3, 0x31, 0xff, 0x10, 0xe3, 0x31, 0xff, 
	0x1d, 0xe0, 0x3c, 0xff, 0x23, 0xd9, 0x3f, 0xff, 
	0x23, 0xd9, 0x3f, 0xff, 0x23, 0xd9, 0x3f, 0xff, 
	0x29, 0xdc, 0x2e, 0xff, 0x29, 0xdc, 0x2e, 0xff, 
	0x29, 0xdf, 0x21, 0xff, 0x29, 0xdf, 0x21, 0xff, 
	0x2b, 0xe4, 0x1d, 0xff, 0x29, 0xeb, 0x10, 0xff, 
	0x29, 0xeb, 0x10, 0xff, 0x29, 0xeb, 0x10, 0xff, 
	0x23, 0xef, 0x0d, 0xff, 0x23, 0xef, 0x0d, 0xff, 
	0x23, 0xef, 0x0d, 0xff, 0x23, 0xef, 0x0d, 0xff, 
	0x29, 0xeb, 0x10, 0xff, 0x29, 0xeb, 0x10, 0xff, 
	0x2b, 0xe5, 0x15, 0xff, 0x2b, 0xe5, 0x15, 0xff, 
	0x39, 0xdb, 0x21, 0xff, 0x3c, 0xcd, 0x2e, 0xff, 
	0x3f, 0xbf, 0x3c, 0xff, 0x42, 0xb2, 0x4a, 0xff, 
	0x4f, 0x93, 0x68, 0xff, 0x54, 0x74, 0x86, 0xff, 
	0x5a, 0x55, 0xa5, 0xff, 0x5a, 0x55, 0xa5, 0xff, 
	0x5a, 0x3b, 0xbb, 0xff, 0x5a, 0x30, 0xc6, 0xff, 
	0x5a, 0x30, 0xc6, 0xff, 0x5a, 0x30, 0xc6, 0xff, 
	0x5d, 0x2f, 0xc5, 0xff, 0x5d, 0x2f, 0xc5, 0xff, 
	0x5d, 0x2f, 0xc5, 0xff, 0x5d, 0x2f, 0xc5, 0xff, 
	0x5d, 0x2f, 0xc5, 0xff, 0x5d, 0x2f, 0xc5, 0xff, 
	0x5d, 0x2f, 0xc5, 0xff, 0x5d, 0x2f, 0xc5, 0xff, 
	0x5d, 0x2f, 0xc5, 0xff, 0x5d, 0x2f, 0xc5, 0xff, 
	0x5d, 0x2f, 0xc5, 0xff, 0x5d, 0x2f, 0xc5, 0xff, 
	0x5d, 0x2f, 0xc5, 0xff, 0x5d, 0x2f, 0xc5, 0xff, 
	0x5d, 0x2f, 0xc5, 0xff, 0x5d, 0x2f, 0xc5, 0xff, 
	0x5d, 0x2f, 0xc5, 0xff, 0x5d, 0x2f, 0xc5, 0xff, 
	0x5d, 0x2f, 0xc5, 0xff, 0x5d, 0x2f, 0xc5, 0xff, 
	0x5d, 0x2f, 0xc5, 0xff, 0x5d, 0x2f, 0xc5, 0xff, 
	0x5d, 0x2f, 0xc5, 0xff, 0x5d, 0x2f, 0xc5, 0xff, 
	0x5a, 0x30, 0xc6, 0xff, 0x5a, 0x30, 0xc6, 0xff, 
	0x5d, 0x35, 0xc3, 0xff, 0x60, 0x3b, 0xc0, 0xff, 
	0x5d, 0x44, 0xc2, 0xff, 0x57, 0x54, 0xc8, 0xff, 
	0x52, 0x65, 0xce, 0xff, 0x52, 0x65, 0xce, 0xff, 
	0x55, 0x62, 0xe1, 0xff, 0x55, 0x62, 0xe1, 0xff, 
	0x60, 0x5f, 0xec, 0xff, 0x6b, 0x5d, 0xf7, 0xff, 
	0x7e, 0x47, 0xf9, 0xff, 0x91, 0x39, 0xfc, 0xff, 
	0xa5, 0x2c, 0xff, 0xff, 0xa5, 0x2c, 0xff, 0xff, 
	0xb2, 0x26, 0xff, 0xff, 0xb7, 0x21, 0xff, 0xff, 
	0xbd, 0x1c, 0xff, 0xff, 0xbd, 0x1c, 0xff, 0xff, 
	0xc3, 0x19, 0xf7, 0xff, 0xc3, 0x19, 0xf7, 0xff, 
	0xc0, 0x1e, 0xef, 0xff, 0xbd, 0x24, 0xe7, 0xff, 
	0xb5, 0x2d, 0xdc, 0xff, 0xad, 0x37, 0xd1, 0xff, 
	0xa5, 0x41, 0xc6, 0xff, 0xa5, 0x41, 0xc6, 0xff, 
	0x97, 0x4f, 0xb8, 0xff, 0x89, 0x5e, 0xaa, 0xff, 
	0x89, 0x5e, 0xaa, 0xff, 0x7b, 0x6d, 0x9c, 0xff, 
	0x79, 0x7a, 0x9a, 0xff, 0x6e, 0x88, 0x8f, 0xff, 
	0x63, 0x96, 0x84, 0xff, 0x63, 0x96, 0x84, 0xff, 
	0x4f, 0xaa, 0x70, 0xff, 0x4f, 0xaa, 0x70, 0xff, 
	0x42, 0xba, 0x63, 0xff, 0x42, 0xba, 0x63, 0xff, 
	0x36, 0xc1, 0x57, 0xff, 0x29, 0xcf, 0x4a, 0xff, 
	0x29, 0xcf, 0x4a, 0xff, 0x29, 0xcf, 0x4a, 0xff, 
	0x21, 0xdb, 0x42, 0xff, 0x21, 0xdb, 0x42, 0xff, 
	0x21, 0xdb, 0x42, 0xff, 0x21, 0xdb, 0x42, 0xff, 
	0x18, 0xdf, 0x39, 0xff, 0x18, 0xdf, 0x39, 0xff, 
	0x18, 0xdf, 0x39, 0xff, 0x18, 0xdf, 0x39, 0xff, 
	0x10, 0xe4, 0x31, 0xff, 0x10, 0xe4, 0x31, 0xff, 
	0x08, 0xeb, 0x29, 0xff, 0x08, 0xeb, 0x29, 0xff, 
	0x10, 0xe8, 0x2e, 0xff, 0x10, 0xe8, 0x2e, 0xff, 
	0x10, 0xe8, 0x2e, 0xff, 0x10, 0xe8, 0x2e, 0xff, 
	0x10, 0xe8, 0x2e, 0xff, 0x10, 0xe8, 0x2e, 0xff, 
	0x10, 0xe8, 0x2e, 0xff, 0x10, 0xe8, 0x2e, 0xff, 
	0x10, 0xe7, 0x29, 0xff, 0x10, 0xe7, 0x29, 0xff, 
	0x10, 0xe7, 0x29, 0xff, 0x10, 0xe7, 0x29, 0xff, 
	0x10, 0xdf, 0x31, 0xff, 0x10, 0xdf, 0x31, 0xff, 
	0x18, 0xdc, 0x31, 0xff, 0x18, 0xdc, 0x31, 0xff, 
	0x29, 0xd7, 0x31, 0xff, 0x29, 0xd7, 0x31, 0xff, 
	0x29, 0xd7, 0x31, 0xff, 0x29, 0xd7, 0x31, 0xff, 
	0x29, 0xdf, 0x29, 0xff, 0x29, 0xe3, 0x20, 0xff, 
	0x29, 0xe7, 0x18, 0xff, 0x29, 0xe7, 0x18, 0xff, 
	0x29, 0xeb, 0x10, 0xff, 0x26, 0xed, 0x10, 0xff, 
	0x26, 0xed, 0x10, 0xff, 0x26, 0xed, 0x10, 0xff, 
	0x26, 0xed, 0x0d, 0xff, 0x26, 0xed, 0x0d, 0xff, 
	0x26, 0xed, 0x0d, 0xff, 0x26, 0xed, 0x0d, 0xff, 
	0x29, 0xe7, 0x18, 0xff, 0x29, 0xe7, 0x18, 0xff, 
	0x29, 0xe7, 0x18, 0xff, 0x31, 0xdb, 0x23, 0xff, 
	0x39, 0xcb, 0x31, 0xff, 0x39, 0xcb, 0x31, 0xff, 
	0x44, 0xad, 0x4c, 0xff, 0x4f, 0x8f, 0x68, 0xff, 
	0x5a, 0x7d, 0x7b, 0xff, 0x5a, 0x66, 0x91, 0xff, 
	0x5a, 0x4f, 0xa7, 0xff, 0x5a, 0x38, 0xbd, 0xff, 
	0x5d, 0x30, 0xc5, 0xff, 0x5d, 0x30, 0xc5, 0xff, 
	0x5d, 0x30, 0xc5, 0xff, 0x5d, 0x30, 0xc5, 0xff, 
	0x5d, 0x2f, 0xc5, 0xff, 0x5d, 0x2f, 0xc5, 0xff, 
	0x5d, 0x2f, 0xc5, 0xff, 0x5d, 0x2f, 0xc5, 0xff, 
	0x5d, 0x2f, 0xc5, 0xff, 0x5d, 0x2f, 0xc5, 0xff, 
	0x5d, 0x2f, 0xc5, 0xff, 0x5d, 0x2f, 0xc5, 0xff, 
	0x5d, 0x2f, 0xc5, 0xff, 0x5d, 0x2f, 0xc5, 0xff, 
	0x5d, 0x2f, 0xc5, 0xff, 0x5d, 0x2f, 0xc5, 0xff, 
	0x5d, 0x2f, 0xc5, 0xff, 0x5d, 0x2f, 0xc5, 0xff, 
	0x5d, 0x2f, 0xc5, 0xff, 0x5d, 0x2f, 0xc5, 0xff, 
	0x5d, 0x2f, 0xc5, 0xff, 0x5d, 0x2f, 0xc5, 0xff, 
	0x5d, 0x2f, 0xc5, 0xff, 0x5d, 0x2f, 0xc5, 0xff, 
	0x5d, 0x2f, 0xc5, 0xff, 0x5d, 0x2f, 0xc5, 0xff, 
	0x5d, 0x2f, 0xc5, 0xff, 0x5d, 0x2f, 0xc5, 0xff, 
	0x5a, 0x30, 0xc6, 0xff, 0x5a, 0x30, 0xc6, 0xff, 
	0x5d, 0x35, 0xc3, 0xff, 0x5d, 0x35, 0xc3, 0xff, 
	0x5d, 0x44, 0xc2, 0xff, 0x5d, 0x44, 0xc2, 0xff, 
	0x57, 0x54, 0xc8, 0xff, 0x52, 0x65, 0xce, 0xff, 
	0x4a, 0x65, 0xd6, 0xff, 0x55, 0x62, 0xe1, 0xff, 
	0x60, 0x5f, 0xec, 0xff, 0x6b, 0x5d, 0xf7, 0xff, 
	0x7e, 0x47, 0xf9, 0xff, 0x91, 0x39, 0xfc, 0xff, 
	0xa5, 0x2c, 0xff, 0xff, 0xa5, 0x2c, 0xff, 0xff, 
	0xb2, 0x26, 0xff, 0xff, 0xb7, 0x21, 0xff, 0xff, 
	0xbd, 0x1c, 0xff, 0xff, 0xbd, 0x1c, 0xff, 0xff, 
	0xc3, 0x19, 0xf7, 0xff, 0xc3, 0x19, 0xf7, 0xff, 
	0xc0, 0x1e, 0xef, 0xff, 0xc0, 0x1e, 0xef, 0xff, 
	0xbd, 0x24, 0xe7, 0xff, 0xb5, 0x2d, 0xdc, 0xff, 
	0xad, 0x37, 0xd1, 0xff, 0xa5, 0x41, 0xc6, 0xff, 
	0x97, 0x4f, 0xb8, 0xff, 0x97, 0x4f, 0xb8, 0xff, 
	0x89, 0x5e, 0xaa, 0xff, 0x89, 0x5e, 0xaa, 0xff, 
	0x84, 0x6d, 0xa5, 0xff, 0x79, 0x7a, 0x9a, 0xff, 
	0x6e, 0x88, 0x8f, 0xff, 0x63, 0x96, 0x84, 0xff, 
	0x5d, 0x9a, 0x7e, 0xff, 0x4f, 0xaa, 0x70, 0xff, 
	0x4f, 0xaa, 0x70, 0xff, 0x42, 0xba, 0x63, 0xff, 
	0x36, 0xc1, 0x57, 0xff, 0x36, 0xc1, 0x57, 0xff, 
	0x36, 0xc1, 0x57, 0xff, 0x29, 0xcf, 0x4a, 0xff, 
	0x29, 0xd0, 0x4a, 0xff, 0x29, 0xd0, 0x4a, 0xff, 
	0x21, 0xdb, 0x42, 0xff, 0x21, 0xdb, 0x42, 0xff, 
	0x1d, 0xd9, 0x3e, 0xff, 0x18, 0xdf, 0x39, 0xff, 
	0x18, 0xdf, 0x39, 0xff, 0x18, 0xdf, 0x39, 0xff, 
	0x10, 0xe4, 0x31, 0xff, 0x10, 0xe4, 0x31, 0xff, 
	0x10, 0xe4, 0x31, 0xff, 0x10, 0xe4, 0x31, 0xff, 
	0x10, 0xe8, 0x2e, 0xff, 0x10, 0xe8, 0x2e, 0xff, 
	0x10, 0xe8, 0x2e, 0xff, 0x10, 0xe8, 0x2e, 0xff, 
	0x10, 0xe8, 0x2e, 0xff, 0x10, 0xe8, 0x2e, 0xff, 
	0x10, 0xe8, 0x2e, 0xff, 0x10, 0xe8, 0x2e, 0xff, 
	0x15, 0xe1, 0x2e, 0xff, 0x15, 0xe1, 0x2e, 0xff, 
	0x15, 0xe1, 0x2e, 0xff, 0x1b, 0xdc, 0x33, 0xff, 
	0x18, 0xdc, 0x31, 0xff, 0x18, 0xdc, 0x31, 0xff, 
	0x20, 0xd9, 0x31, 0xff, 0x20, 0xd9, 0x31, 0xff, 
	0x29, 0xd7, 0x31, 0xff, 0x29, 0xd7, 0x31, 0xff, 
	0x29, 0xdc, 0x28, 0xff, 0x29, 0xdc, 0x28, 0xff, 
	0x29, 0xe3, 0x20, 0xff, 0x29, 0xe7, 0x18, 0xff, 
	0x29, 0xe7, 0x18, 0xff, 0x29, 0xeb, 0x10, 0xff, 
	0x26, 0xed, 0x10, 0xff, 0x26, 0xed, 0x10, 0xff, 
	0x26, 0xed, 0x10, 0xff, 0x26, 0xed, 0x10, 0xff, 
	0x26, 0xed, 0x0d, 0xff, 0x26, 0xed, 0x0d, 0xff, 
	0x26, 0xed, 0x0d, 0xff, 0x2b, 0xe8, 0x12, 0xff, 
	0x29, 0xe7, 0x18, 0xff, 0x29, 0xe7, 0x18, 0xff, 
	0x31, 0xdb, 0x23, 0xff, 0x31, 0xdb, 0x23, 0xff, 
	0x39, 0xcb, 0x31, 0xff, 0x44, 0xad, 0x4c, 0xff, 
	0x44, 0xad, 0x4c, 0xff, 0x4f, 0x8f, 0x68, 0xff, 
	0x5a, 0x66, 0x91, 0xff, 0x5a, 0x4f, 0xa7, 0xff, 
	0x5a, 0x38, 0xbd, 0xff, 0x5a, 0x38, 0xbd, 0xff, 
	0x5d, 0x30, 0xc5, 0xff, 0x5d, 0x30, 0xc5, 0xff, 
	0x5d, 0x30, 0xc5, 0xff, 0x5d, 0x30, 0xc5, 0xff, 
	0x5d, 0x2f, 0xc5, 0xff, 0x5d, 0x2f, 0xc5, 0xff, 
	0x5d, 0x2f, 0xc5, 0xff, 0x5d, 0x2f, 0xc5, 0xff, 
	0x5d, 0x2f, 0xc5, 0xff, 0x5d, 0x2f, 0xc5, 0xff, 
	0x5d, 0x2f, 0xc5, 0xff, 0x5d, 0x2f, 0xc5, 0xff, 
	0x5d, 0x2f, 0xc5, 0xff, 0x5d, 0x2f, 0xc5, 0xff, 
	0x5d, 0x2f, 0xc5, 0xff, 0x5d, 0x2f, 0xc5, 0xff, 
	0x5d, 0x2f, 0xc5, 0xff, 0x5d, 0x2f, 0xc5, 0xff, 
	0x5d, 0x2f, 0xc5, 0xff, 0x5d, 0x2f, 0xc5, 0xff, 
	0x5d, 0x2f, 0xc5, 0xff, 0x5d, 0x2f, 0xc5, 0xff, 
	0x5d, 0x2f, 0xc5, 0xff, 0x5d, 0x2f, 0xc5, 0xff, 
	0x5d, 0x2f, 0xc5, 0xff, 0x5d, 0x2f, 0xc5, 0xff, 
	0x5d, 0x2f, 0xc5, 0xff, 0x5d, 0x2f, 0xc5, 0xff, 
	0x5a, 0x30, 0xc6, 0xff, 0x5a, 0x30, 0xc6, 0xff, 
	0x5a, 0x30, 0xc6, 0xff, 0x5d, 0x35, 0xc3, 0xff, 
	0x63, 0x34, 0xbd, 0xff, 0x5d, 0x44, 0xc2, 0xff, 
	0x5d, 0x44, 0xc2, 0xff, 0x57, 0x54, 0xc8, 0xff, 
	0x4a, 0x65, 0xd6, 0xff, 0x4a, 0x65, 0xd6, 0xff, 
	0x55, 0x62, 0xe1, 0xff, 0x60, 0x5f, 0xec, 0xff, 
	0x6b, 0x55, 0xf7, 0xff, 0x7e, 0x47, 0xf9, 0xff, 
	0x91, 0x39, 0xfc, 0xff, 0xa5, 0x2c, 0xff, 0xff, 
	0xad, 0x2c, 0xff, 0xff, 0xb2, 0x26, 0xff, 0xff, 
	0xb7, 0x21, 0xff, 0xff, 0xbd, 0x1c, 0xff, 0xff, 
	0xc3, 0x19, 0xf7, 0xff, 0xc3, 0x19, 0xf7, 0xff, 
	0xc3, 0x19, 0xf7, 0xff, 0xc0, 0x1e, 0xef, 0xff, 
	0xbd, 0x24, 0xe7, 0xff, 0xb5, 0x2d, 0xdc, 0xff, 
	0xb5, 0x2d, 0xdc, 0xff, 0xad, 0x37, 0xd1, 0xff, 
	0xa5, 0x41, 0xc6, 0xff, 0x97, 0x4f, 0xb8, 0xff, 
	0x97, 0x4f, 0xb8, 0xff, 0x89, 0x5e, 0xaa, 0xff, 
	0x84, 0x6d, 0xa5, 0xff, 0x84, 0x6d, 0xa5, 0xff, 
	0x79, 0x7a, 0x9a, 0xff, 0x6e, 0x88, 0x8f, 0xff, 
	0x6b, 0x8a, 0x8c, 0xff, 0x5d, 0x9a, 0x7e, 0xff, 
	0x5d, 0x9a, 0x7e, 0xff, 0x4f, 0xaa, 0x70, 0xff, 
	0x44, 0xb3, 0x65, 0xff, 0x44, 0xb3, 0x65, 0xff, 
	0x36, 0xc1, 0x57, 0xff, 0x36, 0xc1, 0x57, 0xff, 
	0x31, 0xc5, 0x52, 0xff, 0x29, 0xd0, 0x4a, 0xff, 
	0x29, 0xd0, 0x4a, 0xff, 0x29, 0xd0, 0x4a, 0xff, 
	0x23, 0xd4, 0x44, 0xff, 0x1d, 0xd9, 0x3e, 0xff, 
	0x1d, 0xd9, 0x3e, 0xff, 0x1d, 0xd9, 0x3e, 0xff, 
	0x18, 0xdd, 0x39, 0xff, 0x18, 0xdd, 0x39, 0xff, 
	0x18, 0xdd, 0x39, 0xff, 0x18, 0xdd, 0x39, 0xff, 
	0x18, 0xe1, 0x33, 0xff, 0x18, 0xe1, 0x33, 0xff, 
	0x18, 0xe1, 0x33, 0xff, 0x18, 0xe1, 0x33, 0xff, 
	0x18, 0xe1, 0x33, 0xff, 0x18, 0xe1, 0x33, 0xff, 
	0x18, 0xe1, 0x33, 0xff, 0x18, 0xe1, 0x33, 0xff, 
	0x1b, 0xdc, 0x33, 0xff, 0x1b, 0xdc, 0x33, 0xff, 
	0x1b, 0xdc, 0x33, 0xff, 0x21, 0xd7, 0x39, 0xff, 
	0x20, 0xd9, 0x31, 0xff, 0x20, 0xd9, 0x31, 0xff, 
	0x29, 0xd7, 0x31, 0xff, 0x29, 0xd7, 0x31, 0xff, 
	0x29, 0xdc, 0x28, 0xff, 0x29, 0xdc, 0x28, 0xff, 
	0x29, 0xe1, 0x20, 0xff, 0x29, 0xe1, 0x20, 0xff, 
	0x29, 0xe7, 0x18, 0xff, 0x29, 0xeb, 0x10, 0xff, 
	0x29, 0xeb, 0x10, 0xff, 0x29, 0xeb, 0x10, 0xff, 
	0x26, 0xed, 0x10, 0xff, 0x26, 0xed, 0x10, 0xff, 
	0x26, 0xed, 0x10, 0xff, 0x26, 0xed, 0x10, 0xff, 
	0x26, 0xed, 0x0d, 0xff, 0x26, 0xed, 0x0d, 0xff, 
	0x2b, 0xe8, 0x12, 0xff, 0x2b, 0xe8, 0x12, 0xff, 
	0x29, 0xe7, 0x18, 0xff, 0x31, 0xdb, 0x23, 0xff, 
	0x31, 0xdb, 0x23, 0xff, 0x39, 0xcf, 0x2e, 0xff, 
	0x44, 0xad, 0x4c, 0xff, 0x44, 0xad, 0x4c, 0xff, 
	0x4f, 0x8f, 0x68, 0xff, 0x5a, 0x71, 0x84, 0xff, 
	0x5a, 0x4f, 0xa7, 0xff, 0x5a, 0x4f, 0xa7, 0xff, 
	0x5a, 0x38, 0xbd, 0xff, 0x5a, 0x38, 0xbd, 0xff, 
	0x5d, 0x30, 0xc5, 0xff, 0x5d, 0x30, 0xc5, 0xff, 
	0x5d, 0x30, 0xc5, 0xff, 0x5d, 0x30, 0xc5, 0xff, 
	0x5d, 0x2f, 0xc5, 0xff, 0x5d, 0x2f, 0xc5, 0xff, 
	0x5d, 0x2f, 0xc5, 0xff, 0x5d, 0x2f, 0xc5, 0xff, 
	0x5d, 0x2f, 0xc5, 0xff, 0x5d, 0x2f, 0xc5, 0xff, 
	0x5d, 0x2f, 0xc5, 0xff, 0x5d, 0x2f, 0xc5, 0xff, 
	0x5d, 0x2f, 0xc5, 0xff, 0x5d, 0x2f, 0xc5, 0xff, 
	0x5d, 0x2f, 0xc5, 0xff, 0x5d, 0x2f, 0xc5, 0xff, 
	0x5d, 0x2f, 0xc5, 0xff, 0x5d, 0x2f, 0xc5, 0xff, 
	0x5d, 0x2f, 0xc5, 0xff, 0x5d, 0x2f, 0xc5, 0xff, 
	0x5d, 0x2f, 0xc5, 0xff, 0x5d, 0x2f, 0xc5, 0xff, 
	0x5d, 0x2f, 0xc5, 0xff, 0x5d, 0x2f, 0xc5, 0xff, 
	0x5d, 0x2f, 0xc5, 0xff, 0x5d, 0x2f, 0xc5, 0xff, 
	0x5d, 0x2f, 0xc5, 0xff, 0x5d, 0x2f, 0xc5, 0xff, 
	0x5a, 0x30, 0xc6, 0xff, 0x5a, 0x30, 0xc6, 0xff, 
	0x5a, 0x30, 0xc6, 0xff, 0x5a, 0x30, 0xc6, 0xff, 
	0x63, 0x34, 0xbd, 0xff, 0x63, 0x34, 0xbd, 0xff, 
	0x5d, 0x44, 0xc2, 0xff, 0x5d, 0x44, 0xc2, 0xff, 
	0x4a, 0x65, 0xd6, 0xff, 0x4a, 0x65, 0xd6, 0xff, 
	0x55, 0x62, 0xe1, 0xff, 0x55, 0x62, 0xe1, 0xff, 
	0x6b, 0x55, 0xf7, 0xff, 0x6b, 0x55, 0xf7, 0xff, 
	0x7e, 0x47, 0xf9, 0xff, 0x91, 0x39, 0xfc, 0xff, 
	0xad, 0x2c, 0xff, 0xff, 0xb2, 0x26, 0xff, 0xff, 
	0xb7, 0x21, 0xff, 0xff, 0xbd, 0x1c, 0xff, 0xff, 
	0xc3, 0x19, 0xf7, 0xff, 0xc3, 0x19, 0xf7, 0xff, 
	0xc3, 0x19, 0xf7, 0xff, 0xc0, 0x1e, 0xef, 0xff, 
	0xbd, 0x24, 0xe7, 0xff, 0xbd, 0x24, 0xe7, 0xff, 
	0xb5, 0x2d, 0xdc, 0xff, 0xad, 0x37, 0xd1, 0xff, 
	0xa5, 0x41, 0xc6, 0xff, 0xa5, 0x41, 0xc6, 0xff, 
	0x97, 0x4f, 0xb8, 0xff, 0x97, 0x4f, 0xb8, 0xff, 
	0x84, 0x6d, 0xa5, 0xff, 0x84, 0x6d, 0xa5, 0xff, 
	0x84, 0x6d, 0xa5, 0xff, 0x79, 0x7a, 0x9a, 0xff, 
	0x6b, 0x8a, 0x8c, 0xff, 0x6b, 0x8a, 0x8c, 0xff, 
	0x5d, 0x9a, 0x7e, 0xff, 0x5d, 0x9a, 0x7e, 0xff, 
	0x52, 0xa6, 0x73, 0xff, 0x52, 0xa6, 0x73, 0xff, 
	0x44, 0xb3, 0x65, 0xff, 0x44, 0xb3, 0x65, 0xff, 
	0x39, 0xba, 0x5a, 0xff, 0x39, 0xba, 0x5a, 0xff, 
	0x31, 0xc5, 0x52, 0xff, 0x31, 0xc5, 0x52, 0xff, 
	0x29, 0xcf, 0x4a, 0xff, 0x29, 0xcf, 0x4a, 0xff, 
	0x23, 0xd4, 0x44, 0xff, 0x23, 0xd4, 0x44, 0xff, 
	0x21, 0xd7, 0x42, 0xff, 0x21, 0xd7, 0x42, 0xff, 
	0x21, 0xd7, 0x42, 0xff, 0x21, 0xd7, 0x42, 0xff, 
	0x21, 0xdb, 0x39, 0xff, 0x21, 0xdb, 0x39, 0xff, 
	0x21, 0xdb, 0x39, 0xff, 0x21, 0xdb, 0x39, 0xff, 
	0x21, 0xdb, 0x39, 0xff, 0x21, 0xdb, 0x39, 0xff, 
	0x21, 0xdb, 0x39, 0xff, 0x21, 0xdb, 0x39, 0xff, 
	0x21, 0xd7, 0x39, 0xff, 0x21, 0xd7, 0x39, 0xff, 
	0x21, 0xd7, 0x39, 0xff, 0x21, 0xd7, 0x39, 0xff, 
	0x29, 0xd7, 0x31, 0xff, 0x29, 0xd7, 0x31, 0xff, 
	0x29, 0xd7, 0x31, 0xff, 0x29, 0xd7, 0x31, 0xff, 
	0x29, 0xe1, 0x20, 0xff, 0x29, 0xe1, 0x20, 0xff, 
	0x29, 0xe7, 0x18, 0xff, 0x29, 0xe7, 0x18, 0xff, 
	0x29, 0xeb, 0x10, 0xff, 0x29, 0xeb, 0x10, 0xff, 
	0x29, 0xeb, 0x10, 0xff, 0x29, 0xeb, 0x10, 0xff, 
	0x26, 0xed, 0x10, 0xff, 0x26, 0xed, 0x10, 0xff, 
	0x26, 0xed, 0x10, 0xff, 0x29, 0xeb, 0x10, 0xff, 
	0x26, 0xed, 0x0d, 0xff, 0x2b, 0xe8, 0x12, 0xff, 
	0x2b, 0xe8, 0x12, 0xff, 0x31, 0xe3, 0x18, 0xff, 
	0x31, 0xdb, 0x23, 0xff, 0x31, 0xdb, 0x23, 0xff, 
	0x39, 0xcf, 0x2e, 0xff, 0x42, 0xc3, 0x39, 0xff, 
	0x44, 0xad, 0x4c, 0xff, 0x4f, 0x8f, 0x68, 0xff, 
	0x5a, 0x71, 0x84, 0xff, 0x5a, 0x71, 0x84, 0xff, 
	0x5a, 0x4f, 0xa7, 0xff, 0x5a, 0x38, 0xbd, 0xff, 
	0x5a, 0x38, 0xbd, 0xff, 0x5a, 0x38, 0xbd, 0xff, 
	0x5d, 0x30, 0xc5, 0xff, 0x5d, 0x30, 0xc5, 0xff, 
	0x5d, 0x30, 0xc5, 0xff, 0x5d, 0x30, 0xc5, 0xff, 
	0x5d, 0x2f, 0xc5, 0xff, 0x5d, 0x2f, 0xc5, 0xff, 
	0x5d, 0x2f, 0xc5, 0xff, 0x5d, 0x2f, 0xc5, 0xff, 
	0x5d, 0x2f, 0xc5, 0xff, 0x5d, 0x2f, 0xc5, 0xff, 
	0x5d, 0x2f, 0xc5, 0xff, 0x5d, 0x2f, 0xc5, 0xff, 
	0x5d, 0x2f, 0xc5, 0xff, 0x5d, 0x2f, 0xc5, 0xff, 
	0x5d, 0x2f, 0xc5, 0xff, 0x5d, 0x2f, 0xc5, 0xff, 
	0x5d, 0x2f, 0xc5, 0xff, 0x5d, 0x2f, 0xc5, 0xff, 
	0x5d, 0x2f, 0xc5, 0xff, 0x5d, 0x2f, 0xc5, 0xff, 
	0x5d, 0x2f, 0xc5, 0xff, 0x5d, 0x2f, 0xc5, 0xff, 
	0x5d, 0x2f, 0xc5, 0xff, 0x5d, 0x2f, 0xc5, 0xff, 
	0x5d, 0x2f, 0xc5, 0xff, 0x5d, 0x2f, 0xc5, 0xff, 
	0x5d, 0x2f, 0xc5, 0xff, 0x5d, 0x2f, 0xc5, 0xff, 
	0x5d, 0x2f, 0xc5, 0xff, 0x5d, 0x2f, 0xc5, 0xff, 
	0x5d, 0x2f, 0xc5, 0xff, 0x5d, 0x2f, 0xc5, 0xff, 
	0x5d, 0x30, 0xc6, 0xff, 0x5d, 0x30, 0xc6, 0xff, 
	0x5a, 0x38, 0xc6, 0xff, 0x5a, 0x38, 0xc6, 0xff, 
	0x54, 0x40, 0xce, 0xff, 0x4f, 0x4c, 0xd6, 0xff, 
	0x4a, 0x59, 0xde, 0xff, 0x4a, 0x59, 0xde, 0xff, 
	0x52, 0x59, 0xe7, 0xff, 0x65, 0x52, 0xef, 0xff, 
	0x78, 0x4b, 0xf7, 0xff, 0x8c, 0x45, 0xff, 0xff, 
	0x99, 0x34, 0xfc, 0xff, 0xad, 0x28, 0xff, 0xff, 
	0xad, 0x28, 0xff, 0xff, 0xad, 0x28, 0xff, 0xff, 
	0xbd, 0x1c, 0xf7, 0xff, 0xbd, 0x1c, 0xf7, 0xff, 
	0xbd, 0x1c, 0xf7, 0xff, 0xbd, 0x1c, 0xf7, 0xff, 
	0xbd, 0x24, 0xe7, 0xff, 0xb7, 0x2c, 0xde, 0xff, 
	0xb2, 0x34, 0xd6, 0xff, 0xad, 0x3c, 0xce, 0xff, 
	0xad, 0x41, 0xc6, 0xff, 0xa7, 0x46, 0xc0, 0xff, 
	0xa1, 0x4b, 0xba, 0xff, 0x9c, 0x51, 0xb5, 0xff, 
	0x94, 0x5d, 0xad, 0xff, 0x8e, 0x63, 0xa7, 0xff, 
	0x89, 0x6a, 0xa1, 0xff, 0x84, 0x71, 0x9c, 0xff, 
	0x7b, 0x76, 0x96, 0xff, 0x73, 0x80, 0x91, 0xff, 
	0x6b, 0x8a, 0x8c, 0xff, 0x6b, 0x8a, 0x8c, 0xff, 
	0x5f, 0x91, 0x83, 0xff, 0x52, 0x9e, 0x7b, 0xff, 
	0x52, 0x9e, 0x7b, 0xff, 0x52, 0x9e, 0x7b, 0xff, 
	0x4d, 0xa6, 0x6e, 0xff, 0x42, 0xb2, 0x63, 0xff, 
	0x42, 0xb2, 0x63, 0xff, 0x42, 0xb2, 0x63, 0xff, 
	0x3c, 0xb9, 0x5a, 0xff, 0x31, 0xc3, 0x52, 0xff, 
	0x31, 0xc3, 0x52, 0xff, 0x31, 0xc3, 0x52, 0xff, 
	0x29, 0xcb, 0x4a, 0xff, 0x29, 0xcb, 0x4a, 0xff, 
	0x29, 0xcb, 0x4a, 0xff, 0x29, 0xcb, 0x4a, 0xff, 
	0x29, 0xcf, 0x42, 0xff, 0x29, 0xcf, 0x42, 0xff, 
	0x29, 0xcf, 0x42, 0xff, 0x29, 0xcf, 0x42, 0xff, 
	0x31, 0xcb, 0x42, 0xff, 0x31, 0xcf, 0x3c, 0xff, 
	0x31, 0xcf, 0x3c, 0xff, 0x31, 0xcf, 0x3c, 0xff, 
	0x29, 0xcf, 0x39, 0xff, 0x29, 0xcf, 0x39, 0xff, 
	0x2b, 0xd5, 0x31, 0xff, 0x2b, 0xd5, 0x31, 0xff, 
	0x29, 0xd7, 0x31, 0xff, 0x29, 0xdc, 0x28, 0xff, 
	0x29, 0xe1, 0x20, 0xff, 0x29, 0xe1, 0x20, 0xff, 
	0x29, 0xe7, 0x18, 0xff, 0x29, 0xe9, 0x15, 0xff, 
	0x29, 0xe9, 0x15, 0xff, 0x29, 0xec, 0x12, 0xff, 
	0x26, 0xed, 0x10, 0xff, 0x26, 0xed, 0x10, 0xff, 
	0x26, 0xed, 0x10, 0xff, 0x26, 0xed, 0x10, 0xff, 
	0x29, 0xeb, 0x10, 0xff, 0x29, 0xeb, 0x10, 0xff, 
	0x29, 0xeb, 0x10, 0xff, 0x29, 0xeb, 0x10, 0xff, 
	0x31, 0xe3, 0x18, 0xff, 0x31, 0xe3, 0x18, 0xff, 
	0x31, 0xe3, 0x18, 0xff, 0x31, 0xe3, 0x18, 0xff, 
	0x39, 0xd3, 0x29, 0xff, 0x39, 0xd3, 0x29, 0xff, 
	0x41, 0xb5, 0x44, 0xff, 0x41, 0xb5, 0x44, 0xff, 
	0x52, 0x82, 0x73, 0xff, 0x52, 0x82, 0x73, 0xff, 
	0x54, 0x6a, 0x89, 0xff, 0x57, 0x53, 0x9f, 0xff, 
	0x5a, 0x41, 0xb5, 0xff, 0x5a, 0x35, 0xc0, 0xff, 
	0x5a, 0x35, 0xc0, 0xff, 0x5a, 0x30, 0xc6, 0xff, 
	0x5d, 0x2f, 0xc5, 0xff, 0x5d, 0x2f, 0xc5, 0xff, 
	0x5d, 0x2f, 0xc5, 0xff, 0x5d, 0x2f, 0xc5, 0xff, 
	0x5d, 0x2f, 0xc5, 0xff, 0x5d, 0x2f, 0xc5, 0xff, 
	0x5d, 0x2f, 0xc5, 0xff, 0x5d, 0x2f, 0xc5, 0xff, 
	0x5d, 0x2f, 0xc5, 0xff, 0x5d, 0x2f, 0xc5, 0xff, 
	0x5d, 0x2f, 0xc5, 0xff, 0x5d, 0x2f, 0xc5, 0xff, 
	0x5d, 0x2f, 0xc5, 0xff, 0x5d, 0x2f, 0xc5, 0xff, 
	0x5d, 0x2f, 0xc5, 0xff, 0x5d, 0x2f, 0xc5, 0xff, 
	0x5d, 0x2f, 0xc5, 0xff, 0x5d, 0x2f, 0xc5, 0xff, 
	0x5d, 0x2f, 0xc5, 0xff, 0x5d, 0x2f, 0xc5, 0xff, 
	0x5d, 0x2f, 0xc5, 0xff, 0x5d, 0x2f, 0xc5, 0xff, 
	0x5d, 0x2f, 0xc5, 0xff, 0x5d, 0x2f, 0xc5, 0xff, 
	0x5d, 0x2f, 0xc5, 0xff, 0x5d, 0x2f, 0xc5, 0xff, 
	0x5d, 0x2f, 0xc5, 0xff, 0x5d, 0x2f, 0xc5, 0xff, 
	0x5d, 0x2f, 0xc5, 0xff, 0x5d, 0x2f, 0xc5, 0xff, 
	0x5d, 0x2f, 0xc5, 0xff, 0x5d, 0x2f, 0xc5, 0xff, 
	0x5d, 0x30, 0xc6, 0xff, 0x5d, 0x30, 0xc6, 0xff, 
	0x5d, 0x30, 0xc6, 0xff, 0x5a, 0x38, 0xc6, 0xff, 
	0x54, 0x40, 0xce, 0xff, 0x54, 0x40, 0xce, 0xff, 
	0x4f, 0x4c, 0xd6, 0xff, 0x4a, 0x59, 0xde, 0xff, 
	0x52, 0x59, 0xe7, 0xff, 0x52, 0x59, 0xe7, 0xff, 
	0x65, 0x52, 0xef, 0xff, 0x78, 0x4b, 0xf7, 0xff, 
	0x86, 0x40, 0xf9, 0xff, 0x99, 0x34, 0xfc, 0xff, 
	0xad, 0x28, 0xff, 0xff, 0xad, 0x28, 0xff, 0xff, 
	0xb7, 0x21, 0xf4, 0xff, 0xbd, 0x1c, 0xf7, 0xff, 
	0xb7, 0x21, 0xf4, 0xff, 0xb7, 0x21, 0xf4, 0xff, 
	0xbd, 0x24, 0xe7, 0xff, 0xb7, 0x2c, 0xde, 0xff, 
	0xb2, 0x34, 0xd6, 0xff, 0xad, 0x3c, 0xce, 0xff, 
	0xad, 0x41, 0xc6, 0xff, 0xa7, 0x46, 0xc0, 0xff, 
	0xa1, 0x4b, 0xba, 0xff, 0x9c, 0x51, 0xb5, 0xff, 
	0x94, 0x5d, 0xad, 0xff, 0x8e, 0x63, 0xa7, 0xff, 
	0x89, 0x6a, 0xa1, 0xff, 0x84, 0x71, 0x9c, 0xff, 
	0x7b, 0x76, 0x96, 0xff, 0x7b, 0x76, 0x96, 0xff, 
	0x73, 0x80, 0x91, 0xff, 0x73, 0x80, 0x91, 0xff, 
	0x6d, 0x85, 0x8b, 0xff, 0x6d, 0x85, 0x8b, 0xff, 
	0x5f, 0x91, 0x83, 0xff, 0x5f, 0x91, 0x83, 0xff, 
	0x58, 0x9a, 0x79, 0xff, 0x58, 0x9a, 0x79, 0xff, 
	0x4d, 0xa6, 0x6e, 0xff, 0x4d, 0xa6, 0x6e, 0xff, 
	0x47, 0xaf, 0x62, 0xff, 0x47, 0xaf, 0x62, 0xff, 
	0x3c, 0xb9, 0x5a, 0xff, 0x3c, 0xb9, 0x5a, 0xff, 
	0x3f, 0xba, 0x54, 0xff, 0x3f, 0xba, 0x54, 0xff, 
	0x34, 0xc2, 0x4f, 0xff, 0x34, 0xc2, 0x4f, 0xff, 
	0x39, 0xc3, 0x47, 0xff, 0x39, 0xc3, 0x47, 0xff, 
	0x39, 0xc3, 0x47, 0xff, 0x31, 0xc9, 0x44, 0xff, 
	0x31, 0xcb, 0x42, 0xff, 0x31, 0xcb, 0x42, 0xff, 
	0x31, 0xcb, 0x42, 0xff, 0x31, 0xcf, 0x3c, 0xff, 
	0x29, 0xcf, 0x39, 0xff, 0x2b, 0xd5, 0x31, 0xff, 
	0x2b, 0xd5, 0x31, 0xff, 0x2e, 0xdc, 0x29, 0xff, 
	0x29, 0xdc, 0x28, 0xff, 0x29, 0xe1, 0x20, 0xff, 
	0x29, 0xe1, 0x20, 0xff, 0x29, 0xe7, 0x18, 0xff, 
	0x29, 0xe9, 0x15, 0xff, 0x29, 0xec, 0x12, 0xff, 
	0x29, 0xec, 0x12, 0xff, 0x29, 0xef, 0x10, 0xff, 
	0x26, 0xed, 0x10, 0xff, 0x26, 0xed, 0x10, 0xff, 
	0x29, 0xeb, 0x10, 0xff, 0x29, 0xeb, 0x10, 0xff, 
	0x29, 0xeb, 0x10, 0xff, 0x29, 0xeb, 0x10, 0xff, 
	0x2b, 0xe7, 0x15, 0xff, 0x2b, 0xe7, 0x15, 0xff, 
	0x31, 0xe3, 0x18, 0xff, 0x31, 0xe3, 0x18, 0xff, 
	0x36, 0xd6, 0x26, 0xff, 0x36, 0xd6, 0x26, 0xff, 
	0x39, 0xd3, 0x29, 0xff, 0x41, 0xb5, 0x44, 0xff, 
	0x41, 0xb5, 0x44, 0xff, 0x49, 0x97, 0x5f, 0xff, 
	0x52, 0x82, 0x73, 0xff, 0x54, 0x6a, 0x89, 0xff, 
	0x57, 0x53, 0x9f, 0xff, 0x5a, 0x3c, 0xb5, 0xff, 
	0x5a, 0x3b, 0xba, 0xff, 0x5a, 0x35, 0xc0, 0xff, 
	0x5a, 0x30, 0xc6, 0xff, 0x5a, 0x30, 0xc6, 0xff, 
	0x5d, 0x2f, 0xc5, 0xff, 0x5d, 0x2f, 0xc5, 0xff, 
	0x5d, 0x2f, 0xc5, 0xff, 0x5d, 0x2f, 0xc5, 0xff, 
	0x5d, 0x2f, 0xc5, 0xff, 0x5d, 0x2f, 0xc5, 0xff, 
	0x5d, 0x2f, 0xc5, 0xff, 0x5d, 0x2f, 0xc5, 0xff, 
	0x5d, 0x2f, 0xc5, 0xff, 0x5d, 0x2f, 0xc5, 0xff, 
	0x5d, 0x2f, 0xc5, 0xff, 0x5d, 0x2f, 0xc5, 0xff, 
	0x5d, 0x2f, 0xc5, 0xff, 0x5d, 0x2f, 0xc5, 0xff, 
	0x5d, 0x2f, 0xc5, 0xff, 0x5d, 0x2f, 0xc5, 0xff, 
	0x5d, 0x2f, 0xc5, 0xff, 0x5d, 0x2f, 0xc5, 0xff, 
	0x5d, 0x2f, 0xc5, 0xff, 0x5d, 0x2f, 0xc5, 0xff, 
	0x5d, 0x2f, 0xc5, 0xff, 0x5d, 0x2f, 0xc5, 0xff, 
	0x5d, 0x2f, 0xc5, 0xff, 0x5d, 0x2f, 0xc5, 0xff, 
	0x5d, 0x2f, 0xc5, 0xff, 0x5d, 0x2f, 0xc5, 0xff, 
	0x5d, 0x2f, 0xc5, 0xff, 0x5d, 0x2f, 0xc5, 0xff, 
	0x5d, 0x2f, 0xc5, 0xff, 0x5d, 0x2f, 0xc5, 0xff, 
	0x5d, 0x2f, 0xc5, 0xff, 0x5d, 0x2f, 0xc5, 0xff, 
	0x5d, 0x30, 0xc6, 0xff, 0x5d, 0x30, 0xc6, 0xff, 
	0x5d, 0x30, 0xc6, 0xff, 0x5d, 0x30, 0xc6, 0xff, 
	0x5a, 0x34, 0xc6, 0xff, 0x54, 0x40, 0xce, 0xff, 
	0x54, 0x40, 0xce, 0xff, 0x4f, 0x4c, 0xd6, 0xff, 
	0x52, 0x59, 0xe7, 0xff, 0x52, 0x59, 0xe7, 0xff, 
	0x52, 0x59, 0xe7, 0xff, 0x65, 0x52, 0xef, 0xff, 
	0x73, 0x4d, 0xf7, 0xff, 0x86, 0x40, 0xf9, 0xff, 
	0x99, 0x34, 0xfc, 0xff, 0xad, 0x28, 0xff, 0xff, 
	0xb7, 0x21, 0xf4, 0xff, 0xb7, 0x21, 0xf4, 0xff, 
	0xb7, 0x21, 0xf4, 0xff, 0xb2, 0x26, 0xf1, 0xff, 
	0xb7, 0x2c, 0xde, 0xff, 0xb2, 0x34, 0xd6, 0xff, 
	0xad, 0x3c, 0xce, 0xff, 0xad, 0x3c, 0xce, 0xff, 
	0xad, 0x41, 0xc6, 0xff, 0xa7, 0x46, 0xc0, 0xff, 
	0xa1, 0x4b, 0xba, 0xff, 0x9c, 0x51, 0xb5, 0xff, 
	0x94, 0x5d, 0xad, 0xff, 0x8e, 0x63, 0xa7, 0xff, 
	0x89, 0x6a, 0xa1, 0xff, 0x84, 0x71, 0x9c, 0xff, 
	0x84, 0x6d, 0x9c, 0xff, 0x84, 0x6d, 0x9c, 0xff, 
	0x7b, 0x76, 0x96, 0xff, 0x7b, 0x76, 0x96, 0xff, 
	0x7b, 0x79, 0x94, 0xff, 0x6d, 0x85, 0x8b, 0xff, 
	0x6d, 0x85, 0x8b, 0xff, 0x6d, 0x85, 0x8b, 0xff, 
	0x63, 0x8e, 0x84, 0xff, 0x63, 0x8e, 0x84, 0xff, 
	0x58, 0x9a, 0x79, 0xff, 0x58, 0x9a, 0x79, 0xff, 
	0x52, 0xa6, 0x6b, 0xff, 0x52, 0xa6, 0x6b, 0xff, 
	0x52, 0xa6, 0x6b, 0xff, 0x47, 0xaf, 0x62, 0xff, 
	0x4a, 0xb2, 0x5a, 0xff, 0x4a, 0xb2, 0x5a, 0xff, 
	0x4a, 0xb2, 0x5a, 0xff, 0x3f, 0xba, 0x54, 0xff, 
	0x42, 0xbe, 0x4a, 0xff, 0x42, 0xbe, 0x4a, 0xff, 
	0x39, 0xc3, 0x47, 0xff, 0x39, 0xc3, 0x47, 0xff, 
	0x31, 0xcb, 0x42, 0xff, 0x31, 0xcb, 0x42, 0xff, 
	0x31, 0xcf, 0x3c, 0xff, 0x31, 0xd3, 0x36, 0xff, 
	0x2b, 0xd5, 0x31, 0xff, 0x2e, 0xdc, 0x29, 0xff, 
	0x2e, 0xdc, 0x29, 0xff, 0x2e, 0xdc, 0x29, 0xff, 
	0x29, 0xe1, 0x20, 0xff, 0x29, 0xe7, 0x18, 0xff, 
	0x29, 0xe7, 0x18, 0xff, 0x29, 0xe7, 0x18, 0xff, 
	0x29, 0xec, 0x12, 0xff, 0x29, 0xec, 0x12, 0xff, 
	0x29, 0xef, 0x10, 0xff, 0x29, 0xef, 0x10, 0xff, 
	0x29, 0xeb, 0x10, 0xff, 0x29, 0xeb, 0x10, 0xff, 
	0x29, 0xeb, 0x10, 0xff, 0x29, 0xeb, 0x10, 0xff, 
	0x29, 0xeb, 0x10, 0xff, 0x2b, 0xe7, 0x15, 0xff, 
	0x2b, 0xe7, 0x15, 0xff, 0x2e, 0xe3, 0x1b, 0xff, 
	0x31, 0xe3, 0x18, 0xff, 0x36, 0xd6, 0x26, 0xff, 
	0x36, 0xd6, 0x26, 0xff, 0x3c, 0xca, 0x34, 0xff, 
	0x41, 0xb5, 0x44, 0xff, 0x41, 0xb5, 0x44, 0xff, 
	0x49, 0x97, 0x5f, 0xff, 0x52, 0x79, 0x7b, 0xff, 
	0x54, 0x6a, 0x89, 0xff, 0x57, 0x53, 0x9f, 0xff, 
	0x5a, 0x3c, 0xb5, 0xff, 0x5a, 0x3c, 0xb5, 0xff, 
	0x5a, 0x35, 0xc0, 0xff, 0x5a, 0x30, 0xc6, 0xff, 
	0x5a, 0x30, 0xc6, 0xff, 0x5a, 0x30, 0xc6, 0xff, 
	0x5d, 0x2f, 0xc5, 0xff, 0x5d, 0x2f, 0xc5, 0xff, 
	0x5d, 0x2f, 0xc5, 0xff, 0x5d, 0x2f, 0xc5, 0xff, 
	0x5d, 0x2f, 0xc5, 0xff, 0x5d, 0x2f, 0xc5, 0xff, 
	0x5d, 0x2f, 0xc5, 0xff, 0x5d, 0x2f, 0xc5, 0xff, 
	0x5d, 0x2f, 0xc5, 0xff, 0x5d, 0x2f, 0xc5, 0xff, 
	0x5d, 0x2f, 0xc5, 0xff, 0x5d, 0x2f, 0xc5, 0xff, 
	0x5d, 0x2f, 0xc5, 0xff, 0x5d, 0x2f, 0xc5, 0xff, 
	0x5d, 0x2f, 0xc5, 0xff, 0x5d, 0x2f, 0xc5, 0xff, 
	0x5d, 0x2f, 0xc5, 0xff, 0x5d, 0x2f, 0xc5, 0xff, 
	0x5d, 0x2f, 0xc5, 0xff, 0x5d, 0x2f, 0xc5, 0xff, 
	0x5d, 0x2f, 0xc5, 0xff, 0x5d, 0x2f, 0xc5, 0xff, 
	0x5d, 0x2f, 0xc5, 0xff, 0x5d, 0x2f, 0xc5, 0xff, 
	0x5d, 0x2f, 0xc5, 0xff, 0x5d, 0x2f, 0xc5, 0xff, 
	0x5d, 0x2f, 0xc5, 0xff, 0x5d, 0x2f, 0xc5, 0xff, 
	0x5d, 0x2f, 0xc5, 0xff, 0x5d, 0x2f, 0xc5, 0xff, 
	0x5d, 0x2f, 0xc5, 0xff, 0x5d, 0x2f, 0xc5, 0xff, 
	0x5d, 0x30, 0xc6, 0xff, 0x5d, 0x30, 0xc6, 0xff, 
	0x5d, 0x30, 0xc6, 0xff, 0x5d, 0x30, 0xc6, 0xff, 
	0x5a, 0x34, 0xc6, 0xff, 0x5a, 0x34, 0xc6, 0xff, 
	0x54, 0x40, 0xce, 0xff, 0x54, 0x40, 0xce, 0xff, 
	0x52, 0x59, 0xe7, 0xff, 0x52, 0x59, 0xe7, 0xff, 
	0x52, 0x59, 0xe7, 0xff, 0x52, 0x59, 0xe7, 0xff, 
	0x73, 0x4d, 0xf7, 0xff, 0x73, 0x4d, 0xf7, 0xff, 
	0x86, 0x40, 0xf9, 0xff, 0x99, 0x34, 0xfc, 0xff, 
	0xad, 0x2c, 0xef, 0xff, 0xb2, 0x26, 0xf1, 0xff, 
	0xb2, 0x26, 0xf1, 0xff, 0xad, 0x2c, 0xef, 0xff, 
	0xb7, 0x2c, 0xde, 0xff, 0xb2, 0x34, 0xd6, 0xff, 
	0xad, 0x3c, 0xce, 0xff, 0xad, 0x3c, 0xce, 0xff, 
	0xad, 0x41, 0xc6, 0xff, 0xad, 0x41, 0xc6, 0xff, 
	0xa1, 0x4b, 0xba, 0xff, 0x9c, 0x51, 0xb5, 0xff, 
	0x94, 0x5d, 0xad, 0xff, 0x8e, 0x63, 0xa7, 0xff, 
	0x89, 0x6a, 0xa1, 0xff, 0x84, 0x71, 0x9c, 0xff, 
	0x84, 0x6d, 0x9c, 0xff, 0x84, 0x6d, 0x9c, 0xff, 
	0x84, 0x6d, 0x9c, 0xff, 0x7b, 0x76, 0x96, 0xff, 
	0x7b, 0x79, 0x94, 0xff, 0x7b, 0x79, 0x94, 0xff, 
	0x6d, 0x85, 0x8b, 0xff, 0x6d, 0x85, 0x8b, 0xff, 
	0x63, 0x8e, 0x84, 0xff, 0x63, 0x8e, 0x84, 0xff, 
	0x58, 0x9a, 0x79, 0xff, 0x58, 0x9a, 0x79, 0xff, 
	0x52, 0xa6, 0x6b, 0xff, 0x52, 0xa6, 0x6b, 0xff, 
	0x52, 0xa6, 0x6b, 0xff, 0x52, 0xa6, 0x6b, 0xff, 
	0x4a, 0xb2, 0x5a, 0xff, 0x4a, 0xb2, 0x5a, 0xff, 
	0x4a, 0xb2, 0x5a, 0xff, 0x3f, 0xba, 0x54, 0xff, 
	0x42, 0xbe, 0x4a, 0xff, 0x42, 0xbe, 0x4a, 0xff, 
	0x39, 0xc3, 0x47, 0xff, 0x39, 0xc3, 0x47, 0xff, 
	0x31, 0xcf, 0x3c, 0xff, 0x31, 0xd3, 0x36, 0xff, 
	0x31, 0xd3, 0x36, 0xff, 0x31, 0xd7, 0x31, 0xff, 
	0x2e, 0xdc, 0x29, 0xff, 0x2e, 0xdc, 0x29, 0xff, 
	0x31, 0xe3, 0x21, 0xff, 0x31, 0xe3, 0x21, 0xff, 
	0x29, 0xe7, 0x18, 0xff, 0x29, 0xe7, 0x18, 0xff, 
	0x29, 0xe7, 0x18, 0xff, 0x29, 0xe7, 0x18, 0xff, 
	0x29, 0xec, 0x12, 0xff, 0x29, 0xef, 0x10, 0xff, 
	0x29, 0xef, 0x10, 0xff, 0x29, 0xef, 0x10, 0xff, 
	0x29, 0xeb, 0x10, 0xff, 0x29, 0xeb, 0x10, 0xff, 
	0x29, 0xeb, 0x10, 0xff, 0x29, 0xeb, 0x10, 0xff, 
	0x2b, 0xe7, 0x15, 0xff, 0x2e, 0xe3, 0x1b, 0xff, 
	0x2e, 0xe3, 0x1b, 0xff, 0x31, 0xdf, 0x21, 0xff, 
	0x36, 0xd6, 0x26, 0xff, 0x36, 0xd6, 0x26, 0xff, 
	0x3c, 0xca, 0x34, 0xff, 0x42, 0xbe, 0x42, 0xff, 
	0x41, 0xb5, 0x44, 0xff, 0x49, 0x97, 0x5f, 0xff, 
	0x52, 0x79, 0x7b, 0xff, 0x52, 0x79, 0x7b, 0xff, 
	0x57, 0x53, 0x9f, 0xff, 0x5a, 0x3c, 0xb5, 0xff, 
	0x5a, 0x3c, 0xb5, 0xff, 0x5a, 0x3c, 0xb5, 0xff, 
	0x5a, 0x30, 0xc6, 0xff, 0x5a, 0x30, 0xc6, 0xff, 
	0x5a, 0x30, 0xc6, 0xff, 0x5a, 0x30, 0xc6, 0xff, 
	0x5d, 0x2f, 0xc5, 0xff, 0x5d, 0x2f, 0xc5, 0xff, 
	0x5d, 0x2f, 0xc5, 0xff, 0x5d, 0x2f, 0xc5, 0xff, 
	0x5d, 0x2f, 0xc5, 0xff, 0x5d, 0x2f, 0xc5, 0xff, 
	0x5d, 0x2f, 0xc5, 0xff, 0x5d, 0x2f, 0xc5, 0xff, 
	0x5d, 0x2f, 0xc5, 0xff, 0x5d, 0x2f, 0xc5, 0xff, 
	0x5d, 0x2f, 0xc5, 0xff, 0x5d, 0x2f, 0xc5, 0xff, 
	0x5d, 0x2f, 0xc5, 0xff, 0x5d, 0x2f, 0xc5, 0xff, 
	0x5d, 0x2f, 0xc5, 0xff, 0x5d, 0x2f, 0xc5, 0xff, 
	0x5d, 0x2f, 0xc5, 0xff, 0x5d, 0x2f, 0xc5, 0xff, 
	0x5d, 0x2f, 0xc5, 0xff, 0x5d, 0x2f, 0xc5, 0xff, 
	0x5d, 0x2f, 0xc5, 0xff, 0x5d, 0x2f, 0xc5, 0xff, 
	0x5d, 0x2f, 0xc5, 0xff, 0x5d, 0x2f, 0xc5, 0xff, 
	0x5d, 0x2f, 0xc5, 0xff, 0x5d, 0x2f, 0xc5, 0xff, 
	0x5d, 0x2f, 0xc5, 0xff, 0x5d, 0x2f, 0xc5, 0xff, 
	0x5d, 0x2f, 0xc5, 0xff, 0x5d, 0x2f, 0xc5, 0xff, 
	0x5d, 0x2f, 0xc5, 0xff, 0x5d, 0x2f, 0xc5, 0xff, 
	0x5d, 0x2f, 0xc5, 0xff, 0x5d, 0x2f, 0xc5, 0xff, 
	0x5d, 0x2f, 0xc5, 0xff, 0x5d, 0x2f, 0xc5, 0xff, 
	0x5a, 0x30, 0xc6, 0xff, 0x5a, 0x30, 0xc6, 0xff, 
	0x57, 0x34, 0xc8, 0xff, 0x54, 0x38, 0xcb, 0xff, 
	0x54, 0x3c, 0xce, 0xff, 0x4f, 0x48, 0xd6, 0xff, 
	0x4a, 0x55, 0xde, 0xff, 0x4a, 0x55, 0xde, 0xff, 
	0x52, 0x55, 0xe7, 0xff, 0x62, 0x4f, 0xef, 0xff, 
	0x73, 0x4a, 0xf7, 0xff, 0x84, 0x45, 0xff, 0xff, 
	0x91, 0x3d, 0xef, 0xff, 0xa5, 0x34, 0xef, 0xff, 
	0xa5, 0x34, 0xef, 0xff, 0xa5, 0x34, 0xef, 0xff, 
	0xa1, 0x41, 0xd6, 0xff, 0xa7, 0x41, 0xce, 0xff, 
	0xa7, 0x41, 0xce, 0xff, 0xad, 0x41, 0xc6, 0xff, 
	0xa5, 0x45, 0xc6, 0xff, 0xa5, 0x45, 0xc6, 0xff, 
	0xa2, 0x4a, 0xc0, 0xff, 0x9f, 0x4f, 0xba, 0xff, 
	0x94, 0x5d, 0xad, 0xff, 0x8e, 0x65, 0xa2, 0xff, 
	0x89, 0x6d, 0x97, 0xff, 0x89, 0x6d, 0x97, 0xff, 
	0x84, 0x71, 0x94, 0xff, 0x84, 0x71, 0x94, 0xff, 
	0x84, 0x71, 0x94, 0xff, 0x84, 0x71, 0x94, 0xff, 
	0x73, 0x82, 0x84, 0xff, 0x73, 0x82, 0x84, 0xff, 
	0x73, 0x82, 0x84, 0xff, 0x73, 0x82, 0x84, 0xff, 
	0x63, 0x96, 0x73, 0xff, 0x63, 0x96, 0x73, 0xff, 
	0x63, 0x96, 0x73, 0xff, 0x5a, 0xa3, 0x62, 0xff, 
	0x5a, 0xa6, 0x63, 0xff, 0x5a, 0xa6, 0x63, 0xff, 
	0x5a, 0xa6, 0x63, 0xff, 0x52, 0xb2, 0x52, 0xff, 
	0x4a, 0xb2, 0x52, 0xff, 0x4a, 0xb2, 0x52, 0xff, 
	0x4a, 0xb2, 0x52, 0xff, 0x44, 0xbe, 0x44, 0xff, 
	0x42, 0xc7, 0x42, 0xff, 0x42, 0xc7, 0x42, 0xff, 
	0x3c, 0xcf, 0x37, 0xff, 0x3c, 0xcf, 0x37, 0xff, 
	0x39, 0xd3, 0x31, 0xff, 0x33, 0xd9, 0x28, 0xff, 
	0x33, 0xd9, 0x28, 0xff, 0x2e, 0xe0, 0x20, 0xff, 
	0x31, 0xdf, 0x21, 0xff, 0x2e, 0xe3, 0x1b, 0xff, 
	0x2e, 0xe3, 0x1b, 0xff, 0x2e, 0xe3, 0x1b, 0xff, 
	0x2e, 0xe8, 0x15, 0xff, 0x2b, 0xe9, 0x12, 0xff, 
	0x2b, 0xe9, 0x12, 0xff, 0x29, 0xeb, 0x10, 0xff, 
	0x29, 0xeb, 0x10, 0xff, 0x29, 0xeb, 0x10, 0xff, 
	0x29, 0xeb, 0x10, 0xff, 0x29, 0xeb, 0x10, 0xff, 
	0x29, 0xeb, 0x10, 0xff, 0x29, 0xeb, 0x10, 0xff, 
	0x2e, 0xe4, 0x18, 0xff, 0x2e, 0xe4, 0x18, 0xff, 
	0x31, 0xdf, 0x21, 0xff, 0x31, 0xdf, 0x21, 0xff, 
	0x31, 0xdf, 0x21, 0xff, 0x31, 0xdf, 0x21, 0xff, 
	0x42, 0xc3, 0x39, 0xff, 0x42, 0xc3, 0x39, 0xff, 
	0x42, 0xc3, 0x39, 0xff, 0x4a, 0xa5, 0x54, 0xff, 
	0x52, 0x7d, 0x7b, 0xff, 0x52, 0x7d, 0x7b, 0xff, 
	0x54, 0x69, 0x8e, 0xff, 0x57, 0x55, 0xa1, 0xff, 
	0x5a, 0x41, 0xb5, 0xff, 0x5a, 0x3b, 0xba, 0xff, 
	0x5a, 0x35, 0xc0, 0xff, 0x5a, 0x30, 0xc6, 0xff, 
	0x5d, 0x2f, 0xc5, 0xff, 0x5d, 0x2f, 0xc5, 0xff, 
	0x5d, 0x2f, 0xc5, 0xff, 0x5d, 0x2f, 0xc5, 0xff, 
	0x5d, 0x2f, 0xc5, 0xff, 0x5d, 0x2f, 0xc5, 0xff, 
	0x5d, 0x2f, 0xc5, 0xff, 0x5d, 0x2f, 0xc5, 0xff, 
	0x5d, 0x2f, 0xc5, 0xff, 0x5d, 0x2f, 0xc5, 0xff, 
	0x5d, 0x2f, 0xc5, 0xff, 0x5d, 0x2f, 0xc5, 0xff, 
	0x5d, 0x2f, 0xc5, 0xff, 0x5d, 0x2f, 0xc5, 0xff, 
	0x5d, 0x2f, 0xc5, 0xff, 0x5d, 0x2f, 0xc5, 0xff, 
	0x5d, 0x2f, 0xc5, 0xff, 0x5d, 0x2f, 0xc5, 0xff, 
	0x5d, 0x2f, 0xc5, 0xff, 0x5d, 0x2f, 0xc5, 0xff, 
	0x5d, 0x2f, 0xc5, 0xff, 0x5d, 0x2f, 0xc5, 0xff, 
	0x5d, 0x2f, 0xc5, 0xff, 0x5d, 0x2f, 0xc5, 0xff, 
	0x5d, 0x2f, 0xc5, 0xff, 0x5d, 0x2f, 0xc5, 0xff, 
	0x5d, 0x2f, 0xc5, 0xff, 0x5d, 0x2f, 0xc5, 0xff, 
	0x5d, 0x2f, 0xc5, 0xff, 0x5d, 0x2f, 0xc5, 0xff, 
	0x5d, 0x2f, 0xc5, 0xff, 0x5d, 0x2f, 0xc5, 0xff, 
	0x5d, 0x2f, 0xc5, 0xff, 0x5d, 0x2f, 0xc5, 0xff, 
	0x5d, 0x2f, 0xc5, 0xff, 0x5d, 0x2f, 0xc5, 0xff, 
	0x5d, 0x2f, 0xc5, 0xff, 0x5d, 0x2f, 0xc5, 0xff, 
	0x5d, 0x2f, 0xc5, 0xff, 0x5d, 0x2f, 0xc5, 0xff, 
	0x5a, 0x30, 0xc6, 0xff, 0x5a, 0x30, 0xc6, 0xff, 
	0x5a, 0x30, 0xc6, 0xff, 0x57, 0x34, 0xc8, 0xff, 
	0x54, 0x3c, 0xce, 0xff, 0x54, 0x3c, 0xce, 0xff, 
	0x4f, 0x48, 0xd6, 0xff, 0x4a, 0x55, 0xde, 0xff, 
	0x52, 0x55, 0xe7, 0xff, 0x52, 0x55, 0xe7, 0xff, 
	0x62, 0x4f, 0xef, 0xff, 0x73, 0x4a, 0xf7, 0xff, 
	0x7e, 0x47, 0xef, 0xff, 0x91, 0x3d, 0xef, 0xff, 
	0xa5, 0x34, 0xef, 0xff, 0xa5, 0x34, 0xef, 0xff, 
	0xa1, 0x41, 0xd6, 0xff, 0xa7, 0x41, 0xce, 0xff, 
	0xa7, 0x41, 0xce, 0xff, 0xa7, 0x41, 0xce, 0xff, 
	0xa5, 0x45, 0xc6, 0xff, 0xa5, 0x45, 0xc6, 0xff, 
	0xa2, 0x4a, 0xc0, 0xff, 0x9c, 0x55, 0xb5, 0xff, 
	0x94, 0x5d, 0xad, 0xff, 0x8e, 0x65, 0xa2, 0xff, 
	0x89, 0x6d, 0x97, 0xff, 0x89, 0x6d, 0x97, 0xff, 
	0x84, 0x71, 0x94, 0xff, 0x84, 0x71, 0x94, 0xff, 
	0x7b, 0x7d, 0x86, 0xff, 0x7b, 0x7d, 0x86, 0xff, 
	0x73, 0x82, 0x84, 0xff, 0x68, 0x92, 0x70, 0xff, 
	0x68, 0x92, 0x70, 0xff, 0x68, 0x92, 0x70, 0xff, 
	0x5a, 0xa3, 0x62, 0xff, 0x5a, 0xa3, 0x62, 0xff, 
	0x5a, 0xa3, 0x62, 0xff, 0x52, 0xb0, 0x52, 0xff, 
	0x52, 0xb2, 0x52, 0xff, 0x52, 0xb2, 0x52, 0xff, 
	0x52, 0xb2, 0x52, 0xff, 0x52, 0xb2, 0x52, 0xff, 
	0x44, 0xbe, 0x44, 0xff, 0x44, 0xbe, 0x44, 0xff, 
	0x44, 0xbe, 0x44, 0xff, 0x3e, 0xca, 0x36, 0xff, 
	0x3c, 0xcf, 0x37, 0xff, 0x3c, 0xcf, 0x37, 0xff, 
	0x36, 0xd7, 0x2c, 0xff, 0x36, 0xd7, 0x2c, 0xff, 
	0x33, 0xd9, 0x28, 0xff, 0x2e, 0xe0, 0x20, 0xff, 
	0x2e, 0xe0, 0x20, 0xff, 0x2e, 0xe0, 0x20, 0xff, 
	0x2e, 0xe3, 0x1b, 0xff, 0x2b, 0xe7, 0x15, 0xff, 
	0x2b, 0xe7, 0x15, 0xff, 0x2e, 0xe3, 0x1b, 0xff, 
	0x2b, 0xe9, 0x12, 0xff, 0x2b, 0xe9, 0x12, 0xff, 
	0x2b, 0xe9, 0x12, 0xff, 0x2b, 0xe9, 0x12, 0xff, 
	0x29, 0xeb, 0x10, 0xff, 0x29, 0xeb, 0x10, 0xff, 
	0x2b, 0xe9, 0x12, 0xff, 0x2b, 0xe9, 0x12, 0xff, 
	0x2e, 0xe4, 0x18, 0xff, 0x2e, 0xe4, 0x18, 0xff, 
	0x2e, 0xe4, 0x18, 0xff, 0x2e, 0xe4, 0x18, 0xff, 
	0x31, 0xdf, 0x21, 0xff, 0x31, 0xdf, 0x21, 0xff, 
	0x31, 0xdf, 0x21, 0xff, 0x39, 0xcc, 0x31, 0xff, 
	0x42, 0xc3, 0x39, 0xff, 0x4a, 0xa5, 0x54, 0xff, 
	0x4a, 0xa5, 0x54, 0xff, 0x52, 0x87, 0x70, 0xff, 
	0x52, 0x7d, 0x7b, 0xff, 0x54, 0x69, 0x8e, 0xff, 
	0x57, 0x55, 0xa1, 0xff, 0x5a, 0x41, 0xb5, 0xff, 
	0x5a, 0x3b, 0xba, 0xff, 0x5a, 0x35, 0xc0, 0xff, 
	0x5a, 0x30, 0xc6, 0xff, 0x5a, 0x30, 0xc6, 0xff, 
	0x5d, 0x2f, 0xc5, 0xff, 0x5d, 0x2f, 0xc5, 0xff, 
	0x5d, 0x2f, 0xc5, 0xff, 0x5d, 0x2f, 0xc5, 0xff, 
	0x5d, 0x2f, 0xc5, 0xff, 0x5d, 0x2f, 0xc5, 0xff, 
	0x5d, 0x2f, 0xc5, 0xff, 0x5d, 0x2f, 0xc5, 0xff, 
	0x5d, 0x2f, 0xc5, 0xff, 0x5d, 0x2f, 0xc5, 0xff, 
	0x5d, 0x2f, 0xc5, 0xff, 0x5d, 0x2f, 0xc5, 0xff, 
	0x5d, 0x2f, 0xc5, 0xff, 0x5d, 0x2f, 0xc5, 0xff, 
	0x5d, 0x2f, 0xc5, 0xff, 0x5d, 0x2f, 0xc5, 0xff, 
	0x5d, 0x2f, 0xc5, 0xff, 0x5d, 0x2f, 0xc5, 0xff, 
	0x5d, 0x2f, 0xc5, 0xff, 0x5d, 0x2f, 0xc5, 0xff, 
	0x5d, 0x2f, 0xc5, 0xff, 0x5d, 0x2f, 0xc5, 0xff, 
	0x5d, 0x2f, 0xc5, 0xff, 0x5d, 0x2f, 0xc5, 0xff, 
	0x5d, 0x2f, 0xc5, 0xff, 0x5d, 0x2f, 0xc5, 0xff, 
	0x5d, 0x2f, 0xc5, 0xff, 0x5d, 0x2f, 0xc5, 0xff, 
	0x5d, 0x2f, 0xc5, 0xff, 0x5d, 0x2f, 0xc5, 0xff, 
	0x5d, 0x2f, 0xc5, 0xff, 0x5d, 0x2f, 0xc5, 0xff, 
	0x5d, 0x2f, 0xc5, 0xff, 0x5d, 0x2f, 0xc5, 0xff, 
	0x5d, 0x2f, 0xc5, 0xff, 0x5d, 0x2f, 0xc5, 0xff, 
	0x5d, 0x2f, 0xc5, 0xff, 0x5d, 0x2f, 0xc5, 0xff, 
	0x5d, 0x2f, 0xc5, 0xff, 0x5d, 0x2f, 0xc5, 0xff, 
	0x5a, 0x30, 0xc6, 0xff, 0x5a, 0x30, 0xc6, 0xff, 
	0x5a, 0x30, 0xc6, 0xff, 0x5a, 0x30, 0xc6, 0xff, 
	0x5a, 0x30, 0xc6, 0xff, 0x54, 0x3c, 0xce, 0xff, 
	0x54, 0x3c, 0xce, 0xff, 0x4f, 0x48, 0xd6, 0xff, 
	0x52, 0x55, 0xe7, 0xff, 0x52, 0x55, 0xe7, 0xff, 
	0x52, 0x55, 0xe7, 0xff, 0x62, 0x4f, 0xef, 0xff, 
	0x6b, 0x51, 0xef, 0xff, 0x7e, 0x47, 0xef, 0xff, 
	0x91, 0x3d, 0xef, 0xff, 0x91, 0x3d, 0xef, 0xff, 
	0x9c, 0x41, 0xde, 0xff, 0xa1, 0x41, 0xd6, 0xff, 
	0xa7, 0x41, 0xce, 0xff, 0xa7, 0x41, 0xce, 0xff, 
	0xa5, 0x45, 0xc6, 0xff, 0xa2, 0x4a, 0xc0, 0xff, 
	0x9f, 0x4f, 0xba, 0xff, 0x9c, 0x55, 0xb5, 0xff, 
	0x94, 0x5d, 0xad, 0xff, 0x89, 0x6d, 0x97, 0xff, 
	0x89, 0x6d, 0x97, 0xff, 0x84, 0x75, 0x8c, 0xff, 
	0x7b, 0x7d, 0x86, 0xff, 0x7b, 0x7d, 0x86, 0xff, 
	0x73, 0x89, 0x78, 0xff, 0x73, 0x89, 0x78, 0xff, 
	0x68, 0x92, 0x70, 0xff, 0x5d, 0xa2, 0x5d, 0xff, 
	0x5d, 0xa2, 0x5d, 0xff, 0x5d, 0xa2, 0x5d, 0xff, 
	0x52, 0xb0, 0x52, 0xff, 0x52, 0xb0, 0x52, 0xff, 
	0x52, 0xb0, 0x52, 0xff, 0x4a, 0xbe, 0x42, 0xff, 
	0x4a, 0xbe, 0x41, 0xff, 0x4a, 0xbe, 0x41, 0xff, 
	0x4a, 0xbe, 0x41, 0xff, 0x4a, 0xbe, 0x41, 0xff, 
	0x3e, 0xca, 0x36, 0xff, 0x3e, 0xca, 0x36, 0xff, 
	0x3e, 0xca, 0x36, 0xff, 0x39, 0xd7, 0x29, 0xff, 
	0x36, 0xd7, 0x2c, 0xff, 0x36, 0xd7, 0x2c, 0xff, 
	0x31, 0xdf, 0x21, 0xff, 0x31, 0xdf, 0x21, 0xff, 
	0x2e, 0xe0, 0x20, 0xff, 0x2e, 0xe0, 0x20, 0xff, 
	0x29, 0xe7, 0x18, 0xff, 0x29, 0xe7, 0x18, 0xff, 
	0x2b, 0xe7, 0x15, 0xff, 0x2b, 0xe7, 0x15, 0xff, 
	0x2b, 0xe7, 0x15, 0xff, 0x2b, 0xe7, 0x15, 0xff, 
	0x2e, 0xe8, 0x15, 0xff, 0x2e, 0xe8, 0x15, 0xff, 
	0x2e, 0xe8, 0x15, 0xff, 0x2e, 0xe8, 0x15, 0xff, 
	0x2b, 0xe9, 0x12, 0xff, 0x2b, 0xe9, 0x12, 0xff, 
	0x2e, 0xe8, 0x15, 0xff, 0x2e, 0xe8, 0x15, 0xff, 
	0x2e, 0xe4, 0x18, 0xff, 0x2e, 0xe4, 0x18, 0xff, 
	0x2e, 0xe4, 0x18, 0xff, 0x33, 0xdd, 0x20, 0xff, 
	0x31, 0xdf, 0x21, 0xff, 0x39, 0xcc, 0x31, 0xff, 
	0x39, 0xcc, 0x31, 0xff, 0x41, 0xb9, 0x41, 0xff, 
	0x4a, 0xa5, 0x54, 0xff, 0x4a, 0xa5, 0x54, 0xff, 
	0x52, 0x87, 0x70, 0xff, 0x5a, 0x69, 0x8c, 0xff, 
	0x54, 0x69, 0x8e, 0xff, 0x57, 0x55, 0xa1, 0xff, 
	0x5a, 0x41, 0xb5, 0xff, 0x5a, 0x41, 0xb5, 0xff, 
	0x5a, 0x35, 0xc0, 0xff, 0x5a, 0x35, 0xc0, 0xff, 
	0x5a, 0x30, 0xc6, 0xff, 0x5a, 0x30, 0xc6, 0xff, 
	0x5d, 0x2f, 0xc5, 0xff, 0x5d, 0x2f, 0xc5, 0xff, 
	0x5d, 0x2f, 0xc5, 0xff, 0x5d, 0x2f, 0xc5, 0xff, 
	0x5d, 0x2f, 0xc5, 0xff, 0x5d, 0x2f, 0xc5, 0xff, 
	0x5d, 0x2f, 0xc5, 0xff, 0x5d, 0x2f, 0xc5, 0xff, 
	0x5d, 0x2f, 0xc5, 0xff, 0x5d, 0x2f, 0xc5, 0xff, 
	0x5d, 0x2f, 0xc5, 0xff, 0x5d, 0x2f, 0xc5, 0xff, 
	0x5d, 0x2f, 0xc5, 0xff, 0x5d, 0x2f, 0xc5, 0xff, 
	0x5d, 0x2f, 0xc5, 0xff, 0x5d, 0x2f, 0xc5, 0xff, 
	0x5d, 0x2f, 0xc5, 0xff, 0x5d, 0x2f, 0xc5, 0xff, 
	0x5d, 0x2f, 0xc5, 0xff, 0x5d, 0x2f, 0xc5, 0xff, 
	0x5d, 0x2f, 0xc5, 0xff, 0x5d, 0x2f, 0xc5, 0xff, 
	0x5d, 0x2f, 0xc5, 0xff, 0x5d, 0x2f, 0xc5, 0xff, 
	0x5d, 0x2f, 0xc5, 0xff, 0x5d, 0x2f, 0xc5, 0xff, 
	0x5d, 0x2f, 0xc5, 0xff, 0x5d, 0x2f, 0xc5, 0xff, 
	0x5d, 0x2f, 0xc5, 0xff, 0x5d, 0x2f, 0xc5, 0xff, 
	0x5d, 0x2f, 0xc5, 0xff, 0x5d, 0x2f, 0xc5, 0xff, 
	0x5d, 0x2f, 0xc5, 0xff, 0x5d, 0x2f, 0xc5, 0xff, 
	0x5d, 0x2f, 0xc5, 0xff, 0x5d, 0x2f, 0xc5, 0xff, 
	0x5d, 0x2f, 0xc5, 0xff, 0x5d, 0x2f, 0xc5, 0xff, 
	0x5d, 0x2f, 0xc5, 0xff, 0x5d, 0x2f, 0xc5, 0xff, 
	0x5a, 0x30, 0xc6, 0xff, 0x5a, 0x30, 0xc6, 0xff, 
	0x5a, 0x30, 0xc6, 0xff, 0x5a, 0x30, 0xc6, 0xff, 
	0x5a, 0x30, 0xc6, 0xff, 0x5a, 0x30, 0xc6, 0xff, 
	0x54, 0x3c, 0xce, 0xff, 0x54, 0x3c, 0xce, 0xff, 
	0x52, 0x55, 0xe7, 0xff, 0x52, 0x55, 0xe7, 0xff, 
	0x52, 0x55, 0xe7, 0xff, 0x52, 0x55, 0xe7, 0xff, 
	0x6b, 0x51, 0xef, 0xff, 0x6b, 0x51, 0xef, 0xff, 
	0x7e, 0x47, 0xef, 0xff, 0x7e, 0x47, 0xef, 0xff, 
	0x9c, 0x41, 0xde, 0xff, 0x9c, 0x41, 0xde, 0xff, 
	0xa1, 0x41, 0xd6, 0xff, 0xa7, 0x41, 0xce, 0xff, 
	0xa5, 0x45, 0xc6, 0xff, 0xa2, 0x4a, 0xc0, 0xff, 
	0x9f, 0x4f, 0xba, 0xff, 0x9c, 0x55, 0xb5, 0xff, 
	0x8e, 0x65, 0xa2, 0xff, 0x89, 0x6d, 0x97, 0xff, 
	0x84, 0x75, 0x8c, 0xff, 0x84, 0x75, 0x8c, 0xff, 
	0x7b, 0x7d, 0x86, 0xff, 0x73, 0x89, 0x78, 0xff, 
	0x6b, 0x96, 0x6b, 0xff, 0x6b, 0x96, 0x6b, 0xff, 
	0x5d, 0xa2, 0x5d, 0xff, 0x5d, 0xa2, 0x5d, 0xff, 
	0x52, 0xb2, 0x4a, 0xff, 0x52, 0xb2, 0x4a, 0xff, 
	0x4a, 0xbe, 0x42, 0xff, 0x4a, 0xbe, 0x42, 0xff, 
	0x4a, 0xbe, 0x42, 0xff, 0x4a, 0xbe, 0x42, 0xff, 
	0x42, 0xcb, 0x31, 0xff, 0x42, 0xcb, 0x31, 0xff, 
	0x42, 0xcb, 0x31, 0xff, 0x42, 0xcb, 0x31, 0xff, 
	0x39, 0xd7, 0x29, 0xff, 0x39, 0xd7, 0x29, 0xff, 
	0x39, 0xd7, 0x29, 0xff, 0x39, 0xd7, 0x29, 0xff, 
	0x31, 0xdf, 0x21, 0xff, 0x31, 0xdf, 0x21, 0xff, 
	0x31, 0xdf, 0x21, 0xff, 0x31, 0xdf, 0x21, 0xff, 
	0x29, 0xe7, 0x18, 0xff, 0x29, 0xe7, 0x18, 0xff, 
	0x29, 0xe7, 0x18, 0xff, 0x29, 0xe7, 0x18, 0xff, 
	0x2b, 0xe7, 0x15, 0xff, 0x2b, 0xe7, 0x15, 0xff, 
	0x2b, 0xe7, 0x15, 0xff, 0x2b, 0xe7, 0x15, 0xff, 
	0x31, 0xe7, 0x18, 0xff, 0x2e, 0xe8, 0x15, 0xff, 
	0x2e, 0xe8, 0x15, 0xff, 0x2e, 0xe8, 0x15, 0xff, 
	0x2e, 0xe8, 0x15, 0xff, 0x2e, 0xe8, 0x15, 0xff, 
	0x31, 0xe7, 0x18, 0xff, 0x31, 0xe7, 0x18, 0xff, 
	0x2e, 0xe4, 0x18, 0xff, 0x2e, 0xe4, 0x18, 0xff, 
	0x33, 0xdd, 0x20, 0xff, 0x39, 0xd7, 0x29, 0xff, 
	0x39, 0xcc, 0x31, 0xff, 0x41, 0xb9, 0x41, 0xff, 
	0x41, 0xb9, 0x41, 0xff, 0x4a, 0xa6, 0x52, 0xff, 
	0x52, 0x87, 0x70, 0xff, 0x52, 0x87, 0x70, 0xff, 
	0x5a, 0x69, 0x8c, 0xff, 0x5a, 0x69, 0x8c, 0xff, 
	0x57, 0x55, 0xa1, 0xff, 0x5a, 0x41, 0xb5, 0xff, 
	0x5a, 0x41, 0xb5, 0xff, 0x5a, 0x41, 0xb5, 0xff, 
	0x5a, 0x35, 0xc0, 0xff, 0x5a, 0x30, 0xc6, 0xff, 
	0x5a, 0x30, 0xc6, 0xff, 0x5a, 0x30, 0xc6, 0xff, 
	0x5d, 0x2f, 0xc5, 0xff, 0x5d, 0x2f, 0xc5, 0xff, 
	0x5d, 0x2f, 0xc5, 0xff, 0x5d, 0x2f, 0xc5, 0xff, 
	0x5d, 0x2f, 0xc5, 0xff, 0x5d, 0x2f, 0xc5, 0xff, 
	0x5d, 0x2f, 0xc5, 0xff, 0x5d, 0x2f, 0xc5, 0xff, 
	0x5d, 0x2f, 0xc5, 0xff, 0x5d, 0x2f, 0xc5, 0xff, 
	0x5d, 0x2f, 0xc5, 0xff, 0x5d, 0x2f, 0xc5, 0xff, 
	0x5d, 0x2f, 0xc5, 0xff, 0x5d, 0x2f, 0xc5, 0xff, 
	0x5d, 0x2f, 0xc5, 0xff, 0x5d, 0x2f, 0xc5, 0xff, 
	0x5d, 0x2f, 0xc5, 0xff, 0x5d, 0x2f, 0xc5, 0xff, 
	0x5d, 0x2f, 0xc5, 0xff, 0x5d, 0x2f, 0xc5, 0xff, 
	0x5d, 0x2f, 0xc5, 0xff, 0x5d, 0x2f, 0xc5, 0xff, 
	0x5d, 0x2f, 0xc5, 0xff, 0x5d, 0x2f, 0xc5, 0xff, 
	0x5d, 0x2f, 0xc5, 0xff, 0x5d, 0x2f, 0xc5, 0xff, 
	0x5d, 0x2f, 0xc5, 0xff, 0x5d, 0x2f, 0xc5, 0xff, 
	0x5d, 0x2f, 0xc5, 0xff, 0x5d, 0x2f, 0xc5, 0xff, 
	0x5d, 0x2f, 0xc5, 0xff, 0x5d, 0x2f, 0xc5, 0xff, 
	0x5d, 0x2f, 0xc5, 0xff, 0x5d, 0x2f, 0xc5, 0xff, 
	0x5d, 0x2f, 0xc5, 0xff, 0x5d, 0x2f, 0xc5, 0xff, 
	0x5d, 0x2f, 0xc5, 0xff, 0x5d, 0x2f, 0xc5, 0xff, 
	0x5d, 0x2f, 0xc5, 0xff, 0x5d, 0x2f, 0xc5, 0xff, 
	0x5d, 0x2f, 0xc5, 0xff, 0x5d, 0x2f, 0xc5, 0xff, 
	0x5d, 0x2f, 0xc5, 0xff, 0x5d, 0x2f, 0xc5, 0xff, 
	0x5d, 0x2e, 0xc6, 0xff, 0x5d, 0x2e, 0xc6, 0xff, 
	0x5a, 0x34, 0xc6, 0xff, 0x5a, 0x34, 0xc6, 0xff, 
	0x57, 0x39, 0xce, 0xff, 0x54, 0x43, 0xd6, 0xff, 
	0x52, 0x4d, 0xde, 0xff, 0x52, 0x4d, 0xde, 0xff, 
	0x5d, 0x4c, 0xde, 0xff, 0x63, 0x55, 0xe7, 0xff, 
	0x63, 0x55, 0xe7, 0xff, 0x63, 0x55, 0xe7, 0xff, 
	0x83, 0x46, 0xde, 0xff, 0x94, 0x45, 0xde, 0xff, 
	0x94, 0x45, 0xde, 0xff, 0x94, 0x45, 0xde, 0xff, 
	0x8e, 0x4b, 0xcb, 0xff, 0x91, 0x52, 0xc0, 0xff, 
	0x91, 0x52, 0xc0, 0xff, 0x94, 0x59, 0xb5, 0xff, 
	0x8c, 0x61, 0xa5, 0xff, 0x86, 0x6a, 0x9c, 0xff, 
	0x80, 0x73, 0x94, 0xff, 0x7b, 0x7d, 0x8c, 0xff, 
	0x73, 0x88, 0x79, 0xff, 0x73, 0x88, 0x79, 0xff, 
	0x6b, 0x93, 0x6e, 0xff, 0x63, 0x9e, 0x63, 0xff, 
	0x57, 0xae, 0x52, 0xff, 0x57, 0xae, 0x52, 0xff, 
	0x52, 0xb6, 0x4a, 0xff, 0x52, 0xb6, 0x4a, 0xff, 
	0x4c, 0xbd, 0x41, 0xff, 0x47, 0xc4, 0x39, 0xff, 
	0x47, 0xc4, 0x39, 0xff, 0x47, 0xc4, 0x39, 0xff, 
	0x3f, 0xcc, 0x33, 0xff, 0x3c, 0xd1, 0x2e, 0xff, 
	0x3c, 0xd1, 0x2e, 0xff, 0x39, 0xd7, 0x29, 0xff, 
	0x33, 0xdc, 0x23, 0xff, 0x33, 0xdc, 0x23, 0xff, 
	0x33, 0xdc, 0x23, 0xff, 0x33, 0xdc, 0x23, 0xff, 
	0x33, 0xdf, 0x1d, 0xff, 0x33, 0xdf, 0x1d, 0xff, 
	0x31, 0xe3, 0x18, 0xff, 0x31, 0xe3, 0x18, 0xff, 
	0x2b, 0xe7, 0x15, 0xff, 0x2b, 0xe7, 0x15, 0xff, 
	0x2b, 0xe7, 0x15, 0xff, 0x2b, 0xe7, 0x15, 0xff, 
	0x2e, 0xe4, 0x18, 0xff, 0x2e, 0xe4, 0x18, 0xff, 
	0x2e, 0xe4, 0x18, 0xff, 0x2e, 0xe4, 0x18, 0xff, 
	0x31, 0xe3, 0x18, 0xff, 0x31, 0xe3, 0x18, 0xff, 
	0x31, 0xe3, 0x18, 0xff, 0x31, 0xe3, 0x18, 0xff, 
	0x31, 0xdf, 0x21, 0xff, 0x31, 0xdf, 0x21, 0xff, 
	0x31, 0xdf, 0x21, 0xff, 0x31, 0xdf, 0x21, 0xff, 
	0x42, 0xcf, 0x31, 0xff, 0x42, 0xcf, 0x31, 0xff, 
	0x42, 0xcf, 0x31, 0xff, 0x42, 0xcf, 0x31, 0xff, 
	0x52, 0xa2, 0x5a, 0xff, 0x52, 0xa2, 0x5a, 0xff, 
	0x52, 0xa2, 0x5a, 0xff, 0x54, 0x87, 0x73, 0xff, 
	0x52, 0x75, 0x84, 0xff, 0x54, 0x60, 0x97, 0xff, 
	0x54, 0x60, 0x97, 0xff, 0x57, 0x4c, 0xaa, 0xff, 
	0x5a, 0x41, 0xb5, 0xff, 0x5a, 0x35, 0xc0, 0xff, 
	0x5a, 0x35, 0xc0, 0xff, 0x5a, 0x30, 0xc6, 0xff, 
	0x5d, 0x2f, 0xc5, 0xff, 0x5d, 0x2f, 0xc5, 0xff, 
	0x5d, 0x2f, 0xc5, 0xff, 0x5d, 0x2f, 0xc5, 0xff, 
	0x5d, 0x2f, 0xc5, 0xff, 0x5d, 0x2f, 0xc5, 0xff, 
	0x5d, 0x2f, 0xc5, 0xff, 0x5d, 0x2f, 0xc5, 0xff, 
	0x5d, 0x2f, 0xc5, 0xff, 0x5d, 0x2f, 0xc5, 0xff, 
	0x5d, 0x2f, 0xc5, 0xff, 0x5d, 0x2f, 0xc5, 0xff, 
	0x5d, 0x2f, 0xc5, 0xff, 0x5d, 0x2f, 0xc5, 0xff, 
	0x5d, 0x2f, 0xc5, 0xff, 0x5d, 0x2f, 0xc5, 0xff, 
	0x5d, 0x2f, 0xc5, 0xff, 0x5d, 0x2f, 0xc5, 0xff, 
	0x5d, 0x2f, 0xc5, 0xff, 0x5d, 0x2f, 0xc5, 0xff, 
	0x5d, 0x2f, 0xc5, 0xff, 0x5d, 0x2f, 0xc5, 0xff, 
	0x5d, 0x2f, 0xc5, 0xff, 0x5d, 0x2f, 0xc5, 0xff, 
	0x5d, 0x2f, 0xc5, 0xff, 0x5d, 0x2f, 0xc5, 0xff, 
	0x5d, 0x2f, 0xc5, 0xff, 0x5d, 0x2f, 0xc5, 0xff, 
	0x5d, 0x2f, 0xc5, 0xff, 0x5d, 0x2f, 0xc5, 0xff, 
	0x5d, 0x2f, 0xc5, 0xff, 0x5d, 0x2f, 0xc5, 0xff, 
	0x5d, 0x2f, 0xc5, 0xff, 0x5d, 0x2f, 0xc5, 0xff, 
	0x5d, 0x2f, 0xc5, 0xff, 0x5d, 0x2f, 0xc5, 0xff, 
	0x5d, 0x2f, 0xc5, 0xff, 0x5d, 0x2f, 0xc5, 0xff, 
	0x5d, 0x2f, 0xc5, 0xff, 0x5d, 0x2f, 0xc5, 0xff, 
	0x5d, 0x2f, 0xc5, 0xff, 0x5d, 0x2f, 0xc5, 0xff, 
	0x5d, 0x2f, 0xc5, 0xff, 0x5d, 0x2f, 0xc5, 0xff, 
	0x5d, 0x2f, 0xc5, 0xff, 0x5d, 0x2f, 0xc5, 0xff, 
	0x5d, 0x2f, 0xc5, 0xff, 0x5d, 0x2f, 0xc5, 0xff, 
	0x5d, 0x2e, 0xc6, 0xff, 0x5d, 0x2e, 0xc6, 0xff, 
	0x5d, 0x2e, 0xc6, 0xff, 0x5a, 0x34, 0xc6, 0xff, 
	0x5a, 0x30, 0xc6, 0xff, 0x57, 0x39, 0xce, 0xff, 
	0x57, 0x39, 0xce, 0xff, 0x54, 0x43, 0xd6, 0xff, 
	0x57, 0x44, 0xd6, 0xff, 0x5d, 0x4c, 0xde, 0xff, 
	0x5d, 0x4c, 0xde, 0xff, 0x63, 0x55, 0xe7, 0xff, 
	0x73, 0x47, 0xde, 0xff, 0x83, 0x46, 0xde, 0xff, 
	0x83, 0x46, 0xde, 0xff, 0x94, 0x45, 0xde, 0xff, 
	0x8e, 0x4b, 0xcb, 0xff, 0x8e, 0x4b, 0xcb, 0xff, 
	0x91, 0x52, 0xc0, 0xff, 0x94, 0x59, 0xb5, 0xff, 
	0x8c, 0x61, 0xa5, 0xff, 0x86, 0x6a, 0x9c, 0xff, 
	0x80, 0x73, 0x94, 0xff, 0x7b, 0x7d, 0x8c, 0xff, 
	0x7b, 0x7d, 0x84, 0xff, 0x73, 0x88, 0x79, 0xff, 
	0x6b, 0x93, 0x6e, 0xff, 0x63, 0x9e, 0x63, 0xff, 
	0x5d, 0xa6, 0x5a, 0xff, 0x57, 0xae, 0x52, 0xff, 
	0x57, 0xae, 0x52, 0xff, 0x52, 0xb6, 0x4a, 0xff, 
	0x4c, 0xbd, 0x41, 0xff, 0x4c, 0xbd, 0x41, 0xff, 
	0x47, 0xc4, 0x39, 0xff, 0x42, 0xcb, 0x31, 0xff, 
	0x3f, 0xcc, 0x33, 0xff, 0x3c, 0xd1, 0x2e, 0xff, 
	0x3c, 0xd1, 0x2e, 0xff, 0x39, 0xd7, 0x29, 0xff, 
	0x33, 0xdc, 0x23, 0xff, 0x33, 0xdc, 0x23, 0xff, 
	0x33, 0xdc, 0x23, 0xff, 0x33, 0xdc, 0x23, 0xff, 
	0x33, 0xdf, 0x1d, 0xff, 0x33, 0xdf, 0x1d, 0xff, 
	0x33, 0xdf, 0x1d, 0xff, 0x31, 0xe3, 0x18, 0xff, 
	0x2b, 0xe7, 0x15, 0xff, 0x2b, 0xe7, 0x15, 0xff, 
	0x2b, 0xe7, 0x15, 0xff, 0x2b, 0xe7, 0x15, 0xff, 
	0x2e, 0xe4, 0x18, 0xff, 0x2e, 0xe4, 0x18, 0xff, 
	0x2e, 0xe4, 0x18, 0xff, 0x2e, 0xe4, 0x18, 0xff, 
	0x31, 0xe3, 0x18, 0xff, 0x31, 0xe3, 0x18, 0xff, 
	0x31, 0xe3, 0x18, 0xff, 0x36, 0xd9, 0x23, 0xff, 
	0x31, 0xdf, 0x21, 0xff, 0x31, 0xdf, 0x21, 0xff, 
	0x31, 0xdf, 0x21, 0xff, 0x3c, 0xce, 0x31, 0xff, 
	0x42, 0xcf, 0x31, 0xff, 0x42, 0xcf, 0x31, 0xff, 
	0x4d, 0xb2, 0x4c, 0xff, 0x4d, 0xb2, 0x4c, 0xff, 
	0x52, 0xa2, 0x5a, 0xff, 0x54, 0x87, 0x73, 0xff, 
	0x54, 0x87, 0x73, 0xff, 0x57, 0x6c, 0x8c, 0xff, 
	0x54, 0x60, 0x97, 0xff, 0x57, 0x4c, 0xaa, 0xff, 
	0x57, 0x4c, 0xaa, 0xff, 0x5a, 0x38, 0xbd, 0xff, 
	0x5a, 0x3b, 0xba, 0xff, 0x5a, 0x35, 0xc0, 0xff, 
	0x5a, 0x30, 0xc6, 0xff, 0x5a, 0x30, 0xc6, 0xff, 
	0x5d, 0x2f, 0xc5, 0xff, 0x5d, 0x2f, 0xc5, 0xff, 
	0x5d, 0x2f, 0xc5, 0xff, 0x5d, 0x2f, 0xc5, 0xff, 
	0x5d, 0x2f, 0xc5, 0xff, 0x5d, 0x2f, 0xc5, 0xff, 
	0x5d, 0x2f, 0xc5, 0xff, 0x5d, 0x2f, 0xc5, 0xff, 
	0x5d, 0x2f, 0xc5, 0xff, 0x5d, 0x2f, 0xc5, 0xff, 
	0x5d, 0x2f, 0xc5, 0xff, 0x5d, 0x2f, 0xc5, 0xff, 
	0x5d, 0x2f, 0xc5, 0xff, 0x5d, 0x2f, 0xc5, 0xff, 
	0x5d, 0x2f, 0xc5, 0xff, 0x5d, 0x2f, 0xc5, 0xff, 
	0x5d, 0x2f, 0xc5, 0xff, 0x5d, 0x2f, 0xc5, 0xff, 
	0x5d, 0x2f, 0xc5, 0xff, 0x5d, 0x2f, 0xc5, 0xff, 
	0x5d, 0x2f, 0xc5, 0xff, 0x5d, 0x2f, 0xc5, 0xff, 
	0x5d, 0x2f, 0xc5, 0xff, 0x5d, 0x2f, 0xc5, 0xff, 
	0x5d, 0x2f, 0xc5, 0xff, 0x5d, 0x2f, 0xc5, 0xff, 
	0x5d, 0x2f, 0xc5, 0xff, 0x5d, 0x2f, 0xc5, 0xff, 
	0x5d, 0x2f, 0xc5, 0xff, 0x5d, 0x2f, 0xc5, 0xff, 
	0x5d, 0x2f, 0xc5, 0xff, 0x5d, 0x2f, 0xc5, 0xff, 
	0x5d, 0x2f, 0xc5, 0xff, 0x5d, 0x2f, 0xc5, 0xff, 
	0x5d, 0x2f, 0xc5, 0xff, 0x5d, 0x2f, 0xc5, 0xff, 
	0x5d, 0x2f, 0xc5, 0xff, 0x5d, 0x2f, 0xc5, 0xff, 
	0x5d, 0x2f, 0xc5, 0xff, 0x5d, 0x2f, 0xc5, 0xff, 
	0x5d, 0x2f, 0xc5, 0xff, 0x5d, 0x2f, 0xc5, 0xff, 
	0x5d, 0x2f, 0xc5, 0xff, 0x5d, 0x2f, 0xc5, 0xff, 
	0x5d, 0x2f, 0xc5, 0xff, 0x5d, 0x2f, 0xc5, 0xff, 
	0x5d, 0x2f, 0xc5, 0xff, 0x5d, 0x2f, 0xc5, 0xff, 
	0x5d, 0x2e, 0xc6, 0xff, 0x5d, 0x2e, 0xc6, 0xff, 
	0x5d, 0x2e, 0xc6, 0xff, 0x5d, 0x2e, 0xc6, 0xff, 
	0x5a, 0x30, 0xc6, 0xff, 0x5a, 0x30, 0xc6, 0xff, 
	0x57, 0x39, 0xce, 0xff, 0x57, 0x39, 0xce, 0xff, 
	0x52, 0x3c, 0xce, 0xff, 0x57, 0x44, 0xd6, 0xff, 
	0x57, 0x44, 0xd6, 0xff, 0x5d, 0x4c, 0xde, 0xff, 
	0x63, 0x49, 0xde, 0xff, 0x73, 0x47, 0xde, 0xff, 
	0x83, 0x46, 0xde, 0xff, 0x83, 0x46, 0xde, 0xff, 
	0x8c, 0x45, 0xd6, 0xff, 0x8e, 0x4b, 0xcb, 0xff, 
	0x91, 0x52, 0xc0, 0xff, 0x94, 0x59, 0xb5, 0xff, 
	0x8c, 0x61, 0xa5, 0xff, 0x8c, 0x61, 0xa5, 0xff, 
	0x86, 0x6a, 0x9c, 0xff, 0x80, 0x73, 0x94, 0xff, 
	0x7b, 0x7d, 0x84, 0xff, 0x73, 0x88, 0x79, 0xff, 
	0x6b, 0x93, 0x6e, 0xff, 0x63, 0x9e, 0x63, 0xff, 
	0x63, 0x9e, 0x63, 0xff, 0x5d, 0xa6, 0x5a, 0xff, 
	0x5d, 0xa6, 0x5a, 0xff, 0x57, 0xae, 0x52, 0xff, 
	0x52, 0xb6, 0x4a, 0xff, 0x4c, 0xbd, 0x41, 0xff, 
	0x47, 0xc4, 0x39, 0xff, 0x47, 0xc4, 0x39, 0xff, 
	0x3f, 0xcc, 0x33, 0xff, 0x3f, 0xcc, 0x33, 0xff, 
	0x3c, 0xd1, 0x2e, 0xff, 0x39, 0xd7, 0x29, 0xff, 
	0x36, 0xd9, 0x26, 0xff, 0x36, 0xd9, 0x26, 0xff, 
	0x36, 0xd9, 0x26, 0xff, 0x36, 0xd9, 0x26, 0xff, 
	0x36, 0xdb, 0x23, 0xff, 0x36, 0xdb, 0x23, 0xff, 
	0x33, 0xdf, 0x1d, 0xff, 0x33, 0xdf, 0x1d, 0xff, 
	0x2e, 0xe3, 0x1b, 0xff, 0x2e, 0xe3, 0x1b, 0xff, 
	0x2e, 0xe3, 0x1b, 0xff, 0x2e, 0xe3, 0x1b, 0xff, 
	0x2e, 0xe4, 0x18, 0xff, 0x2e, 0xe4, 0x18, 0xff, 
	0x2e, 0xe4, 0x18, 0xff, 0x33, 0xdd, 0x20, 0xff, 
	0x36, 0xd9, 0x23, 0xff, 0x36, 0xd9, 0x23, 0xff, 
	0x36, 0xd9, 0x23, 0xff, 0x36, 0xd9, 0x23, 0xff, 
	0x3c, 0xce, 0x31, 0xff, 0x3c, 0xce, 0x31, 0xff, 
	0x3c, 0xce, 0x31, 0xff, 0x47, 0xbe, 0x41, 0xff, 
	0x4d, 0xb2, 0x4c, 0xff, 0x4d, 0xb2, 0x4c, 0xff, 
	0x58, 0x95, 0x68, 0xff, 0x58, 0x95, 0x68, 0xff, 
	0x54, 0x87, 0x73, 0xff, 0x57, 0x6c, 0x8c, 0xff, 
	0x57, 0x6c, 0x8c, 0xff, 0x5a, 0x51, 0xa5, 0xff, 
	0x57, 0x4c, 0xaa, 0xff, 0x57, 0x4c, 0xaa, 0xff, 
	0x5a, 0x38, 0xbd, 0xff, 0x5a, 0x38, 0xbd, 0xff, 
	0x5a, 0x35, 0xc0, 0xff, 0x5a, 0x30, 0xc6, 0xff, 
	0x5a, 0x30, 0xc6, 0xff, 0x5a, 0x30, 0xc6, 0xff, 
	0x5d, 0x2f, 0xc5, 0xff, 0x5d, 0x2f, 0xc5, 0xff, 
	0x5d, 0x2f, 0xc5, 0xff, 0x5d, 0x2f, 0xc5, 0xff, 
	0x5d, 0x2f, 0xc5, 0xff, 0x5d, 0x2f, 0xc5, 0xff, 
	0x5d, 0x2f, 0xc5, 0xff, 0x5d, 0x2f, 0xc5, 0xff, 
	0x5d, 0x2f, 0xc5, 0xff, 0x5d, 0x2f, 0xc5, 0xff, 
	0x5d, 0x2f, 0xc5, 0xff, 0x5d, 0x2f, 0xc5, 0xff, 
	0x5d, 0x2f, 0xc5, 0xff, 0x5d, 0x2f, 0xc5, 0xff, 
	0x5d, 0x2f, 0xc5, 0xff, 0x5d, 0x2f, 0xc5, 0xff, 
	0x5d, 0x2f, 0xc5, 0xff, 0x5d, 0x2f, 0xc5, 0xff, 
	0x5d, 0x2f, 0xc5, 0xff, 0x5d, 0x2f, 0xc5, 0xff, 
	0x5d, 0x2f, 0xc5, 0xff, 0x5d, 0x2f, 0xc5, 0xff, 
	0x5d, 0x2f, 0xc5, 0xff, 0x5d, 0x2f, 0xc5, 0xff, 
	0x5d, 0x2f, 0xc5, 0xff, 0x5d, 0x2f, 0xc5, 0xff, 
	0x5d, 0x2f, 0xc5, 0xff, 0x5d, 0x2f, 0xc5, 0xff, 
	0x5d, 0x2f, 0xc5, 0xff, 0x5d, 0x2f, 0xc5, 0xff, 
	0x5d, 0x2f, 0xc5, 0xff, 0x5d, 0x2f, 0xc5, 0xff, 
	0x5d, 0x2f, 0xc5, 0xff, 0x5d, 0x2f, 0xc5, 0xff, 
	0x5d, 0x2f, 0xc5, 0xff, 0x5d, 0x2f, 0xc5, 0xff, 
	0x5d, 0x2f, 0xc5, 0xff, 0x5d, 0x2f, 0xc5, 0xff, 
	0x5d, 0x2f, 0xc5, 0xff, 0x5d, 0x2f, 0xc5, 0xff, 
	0x5d, 0x2f, 0xc5, 0xff, 0x5d, 0x2f, 0xc5, 0xff, 
	0x5d, 0x2f, 0xc5, 0xff, 0x5d, 0x2f, 0xc5, 0xff, 
	0x5d, 0x2f, 0xc5, 0xff, 0x5d, 0x2f, 0xc5, 0xff, 
	0x5d, 0x2f, 0xc5, 0xff, 0x5d, 0x2f, 0xc5, 0xff, 
	0x5d, 0x2e, 0xc6, 0xff, 0x5d, 0x2e, 0xc6, 0xff, 
	0x5d, 0x2e, 0xc6, 0xff, 0x5d, 0x2e, 0xc6, 0xff, 
	0x5a, 0x30, 0xc6, 0xff, 0x5a, 0x30, 0xc6, 0xff, 
	0x5a, 0x30, 0xc6, 0xff, 0x57, 0x39, 0xce, 0xff, 
	0x52, 0x3c, 0xce, 0xff, 0x52, 0x3c, 0xce, 0xff, 
	0x57, 0x44, 0xd6, 0xff, 0x57, 0x44, 0xd6, 0xff, 
	0x63, 0x49, 0xde, 0xff, 0x63, 0x49, 0xde, 0xff, 
	0x73, 0x47, 0xde, 0xff, 0x73, 0x47, 0xde, 0xff, 
	0x8c, 0x45, 0xd6, 0xff, 0x8c, 0x45, 0xd6, 0xff, 
	0x8e, 0x4b, 0xcb, 0xff, 0x91, 0x52, 0xc0, 0xff, 
	0x8c, 0x61, 0xa5, 0xff, 0x8c, 0x61, 0xa5, 0xff, 
	0x8c, 0x61, 0xa5, 0xff, 0x86, 0x6a, 0x9c, 0xff, 
	0x7b, 0x7d, 0x84, 0xff, 0x7b, 0x7d, 0x84, 0xff, 
	0x73, 0x88, 0x79, 0xff, 0x6b, 0x93, 0x6e, 0xff, 
	0x63, 0x9e, 0x63, 0xff, 0x63, 0x9e, 0x63, 0xff, 
	0x63, 0x9e, 0x63, 0xff, 0x5d, 0xa6, 0x5a, 0xff, 
	0x52, 0xb6, 0x4a, 0xff, 0x52, 0xb6, 0x4a, 0xff, 
	0x4c, 0xbd, 0x41, 0xff, 0x47, 0xc4, 0x39, 0xff, 
	0x42, 0xc7, 0x39, 0xff, 0x3f, 0xcc, 0x33, 0xff, 
	0x3c, 0xd1, 0x2e, 0xff, 0x3c, 0xd1, 0x2e, 0xff, 
	0x39, 0xd7, 0x29, 0xff, 0x39, 0xd7, 0x29, 0xff, 
	0x39, 0xd7, 0x29, 0xff, 0x39, 0xd7, 0x29, 0xff, 
	0x39, 0xd7, 0x29, 0xff, 0x39, 0xd7, 0x29, 0xff, 
	0x36, 0xdb, 0x23, 0xff, 0x36, 0xdb, 0x23, 0xff, 
	0x31, 0xdf, 0x21, 0xff, 0x31, 0xdf, 0x21, 0xff, 
	0x31, 0xdf, 0x21, 0xff, 0x31, 0xdf, 0x21, 0xff, 
	0x33, 0xdd, 0x20, 0xff, 0x33, 0xdd, 0x20, 0xff, 
	0x33, 0xdd, 0x20, 0xff, 0x39, 0xd7, 0x29, 0xff, 
	0x3c, 0xd0, 0x2e, 0xff, 0x3c, 0xd0, 0x2e, 0xff, 
	0x3c, 0xd0, 0x2e, 0xff, 0x42, 0xc7, 0x39, 0xff, 
	0x47, 0xbe, 0x41, 0xff, 0x47, 0xbe, 0x41, 0xff, 
	0x52, 0xae, 0x52, 0xff, 0x52, 0xae, 0x52, 0xff, 
	0x58, 0x95, 0x68, 0xff, 0x58, 0x95, 0x68, 0xff, 
	0x63, 0x79, 0x84, 0xff, 0x63, 0x79, 0x84, 0xff, 
	0x57, 0x6c, 0x8c, 0xff, 0x5a, 0x51, 0xa5, 0xff, 
	0x5a, 0x51, 0xa5, 0xff, 0x5a, 0x51, 0xa5, 0xff, 
	0x5a, 0x38, 0xbd, 0xff, 0x5a, 0x38, 0xbd, 0xff, 
	0x5a, 0x38, 0xbd, 0xff, 0x5a, 0x38, 0xbd, 0xff, 
	0x5a, 0x30, 0xc6, 0xff, 0x5a, 0x30, 0xc6, 0xff, 
	0x5a, 0x30, 0xc6, 0xff, 0x5a, 0x30, 0xc6, 0xff, 
	0x5d, 0x2f, 0xc5, 0xff, 0x5d, 0x2f, 0xc5, 0xff, 
	0x5d, 0x2f, 0xc5, 0xff, 0x5d, 0x2f, 0xc5, 0xff, 
	0x5d, 0x2f, 0xc5, 0xff, 0x5d, 0x2f, 0xc5, 0xff, 
	0x5d, 0x2f, 0xc5, 0xff, 0x5d, 0x2f, 0xc5, 0xff, 
	0x5d, 0x2f, 0xc5, 0xff, 0x5d, 0x2f, 0xc5, 0xff, 
	0x5d, 0x2f, 0xc5, 0xff, 0x5d, 0x2f, 0xc5, 0xff, 
	0x5d, 0x2f, 0xc5, 0xff, 0x5d, 0x2f, 0xc5, 0xff, 
	0x5d, 0x2f, 0xc5, 0xff, 0x5d, 0x2f, 0xc5, 0xff, 
	0x5d, 0x2f, 0xc5, 0xff, 0x5d, 0x2f, 0xc5, 0xff, 
	0x5d, 0x2f, 0xc5, 0xff, 0x5d, 0x2f, 0xc5, 0xff, 
	0x5d, 0x2f, 0xc5, 0xff, 0x5d, 0x2f, 0xc5, 0xff, 
	0x5d, 0x2f, 0xc5, 0xff, 0x5d, 0x2f, 0xc5, 0xff, 
	0x5d, 0x2f, 0xc5, 0xff, 0x5d, 0x2f, 0xc5, 0xff, 
	0x5d, 0x2f, 0xc5, 0xff, 0x5d, 0x2f, 0xc5, 0xff, 
	0x5d, 0x2f, 0xc5, 0xff, 0x5d, 0x2f, 0xc5, 0xff, 
	0x5d, 0x2f, 0xc5, 0xff, 0x5d, 0x2f, 0xc5, 0xff, 
	0x5d, 0x2f, 0xc5, 0xff, 0x5d, 0x2f, 0xc5, 0xff, 
	0x5d, 0x2f, 0xc5, 0xff, 0x5d, 0x2f, 0xc5, 0xff, 
	0x5d, 0x2f, 0xc5, 0xff, 0x5d, 0x2f, 0xc5, 0xff, 
	0x5d, 0x2f, 0xc5, 0xff, 0x5d, 0x2f, 0xc5, 0xff, 
	0x5d, 0x2f, 0xc5, 0xff, 0x5d, 0x2f, 0xc5, 0xff, 
	0x5d, 0x2f, 0xc5, 0xff, 0x5d, 0x2f, 0xc5, 0xff, 
	0x5d, 0x2f, 0xc5, 0xff, 0x5d, 0x2f, 0xc5, 0xff, 
	0x5d, 0x2f, 0xc5, 0xff, 0x5d, 0x2f, 0xc5, 0xff, 
	0x5d, 0x2f, 0xc5, 0xff, 0x5d, 0x2f, 0xc5, 0xff, 
	0x5d, 0x2f, 0xc5, 0xff, 0x5d, 0x2f, 0xc5, 0xff, 
	0x5d, 0x2f, 0xc5, 0xff, 0x5d, 0x2f, 0xc5, 0xff, 
	0x5d, 0x2f, 0xc5, 0xff, 0x5d, 0x2f, 0xc5, 0xff, 
	0x5a, 0x32, 0xc8, 0xff, 0x5a, 0x32, 0xc8, 0xff, 
	0x5a, 0x35, 0xcb, 0xff, 0x5a, 0x38, 0xce, 0xff, 
	0x5f, 0x37, 0xce, 0xff, 0x65, 0x3e, 0xd6, 0xff, 
	0x65, 0x3e, 0xd6, 0xff, 0x6b, 0x45, 0xde, 0xff, 
	0x73, 0x46, 0xce, 0xff, 0x7b, 0x4d, 0xce, 0xff, 
	0x7b, 0x4d, 0xce, 0xff, 0x7b, 0x4d, 0xce, 0xff, 
	0x83, 0x5b, 0xb5, 0xff, 0x83, 0x5b, 0xb5, 0xff, 
	0x8c, 0x61, 0xad, 0xff, 0x8c, 0x61, 0xad, 0xff, 
	0x7b, 0x69, 0xa4, 0xff, 0x7b, 0x75, 0x94, 0xff, 
	0x7b, 0x82, 0x84, 0xff, 0x7b, 0x82, 0x84, 0xff, 
	0x70, 0x89, 0x7b, 0xff, 0x6b, 0x96, 0x6b, 0xff, 
	0x6b, 0x96, 0x6b, 0xff, 0x6b, 0x96, 0x6b, 0xff, 
	0x5d, 0xa6, 0x5d, 0xff, 0x52, 0xb6, 0x4a, 0xff, 
	0x52, 0xb6, 0x4a, 0xff, 0x52, 0xb6, 0x4a, 0xff, 
	0x4d, 0xbe, 0x41, 0xff, 0x42, 0xcf, 0x31, 0xff, 
	0x42, 0xcf, 0x31, 0xff, 0x42, 0xcf, 0x31, 0xff, 
	0x42, 0xcf, 0x31, 0xff, 0x42, 0xcf, 0x31, 0xff, 
	0x42, 0xcf, 0x31, 0xff, 0x42, 0xcf, 0x31, 0xff, 
	0x42, 0xcf, 0x31, 0xff, 0x42, 0xcf, 0x31, 0xff, 
	0x42, 0xcf, 0x31, 0xff, 0x42, 0xcf, 0x31, 0xff, 
	0x39, 0xdb, 0x21, 0xff, 0x39, 0xdb, 0x21, 0xff, 
	0x39, 0xdb, 0x21, 0xff, 0x39, 0xdb, 0x21, 0xff, 
	0x42, 0xd3, 0x29, 0xff, 0x42, 0xd3, 0x29, 0xff, 
	0x42, 0xd3, 0x29, 0xff, 0x42, 0xd3, 0x29, 0xff, 
	0x4a, 0xbe, 0x42, 0xff, 0x4a, 0xbe, 0x42, 0xff, 
	0x4a, 0xbe, 0x42, 0xff, 0x4a, 0xbe, 0x42, 0xff, 
	0x5a, 0xa6, 0x5a, 0xff, 0x5a, 0xa6, 0x5a, 0xff, 
	0x5f, 0x88, 0x78, 0xff, 0x5f, 0x88, 0x78, 0xff, 
	0x63, 0x71, 0x8c, 0xff, 0x63, 0x71, 0x8c, 0xff, 
	0x63, 0x5e, 0x9c, 0xff, 0x63, 0x5e, 0x9c, 0xff, 
	0x5a, 0x49, 0xad, 0xff, 0x5a, 0x49, 0xad, 0xff, 
	0x5a, 0x40, 0xb5, 0xff, 0x5a, 0x40, 0xb5, 0xff, 
	0x5a, 0x34, 0xbd, 0xff, 0x5a, 0x32, 0xc0, 0xff, 
	0x5a, 0x31, 0xc3, 0xff, 0x5a, 0x31, 0xc3, 0xff, 
	0x5d, 0x2f, 0xc5, 0xff, 0x5d, 0x2f, 0xc5, 0xff, 
	0x5d, 0x2f, 0xc5, 0xff, 0x5d, 0x2f, 0xc5, 0xff, 
	0x5d, 0x2f, 0xc5, 0xff, 0x5d, 0x2f, 0xc5, 0xff, 
	0x5d, 0x2f, 0xc5, 0xff, 0x5d, 0x2f, 0xc5, 0xff, 
	0x5d, 0x2f, 0xc5, 0xff, 0x5d, 0x2f, 0xc5, 0xff, 
	0x5d, 0x2f, 0xc5, 0xff, 0x5d, 0x2f, 0xc5, 0xff, 
	0x5d, 0x2f, 0xc5, 0xff, 0x5d, 0x2f, 0xc5, 0xff, 
	0x5d, 0x2f, 0xc5, 0xff, 0x5d, 0x2f, 0xc5, 0xff, 
	0x5d, 0x2f, 0xc5, 0xff, 0x5d, 0x2f, 0xc5, 0xff, 
	0x5d, 0x2f, 0xc5, 0xff, 0x5d, 0x2f, 0xc5, 0xff, 
	0x5d, 0x2f, 0xc5, 0xff, 0x5d, 0x2f, 0xc5, 0xff, 
	0x5d, 0x2f, 0xc5, 0xff, 0x5d, 0x2f, 0xc5, 0xff, 
	0x5d, 0x2f, 0xc5, 0xff, 0x5d, 0x2f, 0xc5, 0xff, 
	0x5d, 0x2f, 0xc5, 0xff, 0x5d, 0x2f, 0xc5, 0xff, 
	0x5d, 0x2f, 0xc5, 0xff, 0x5d, 0x2f, 0xc5, 0xff, 
	0x5d, 0x2f, 0xc5, 0xff, 0x5d, 0x2f, 0xc5, 0xff, 
	0x5d, 0x2f, 0xc5, 0xff, 0x5d, 0x2f, 0xc5, 0xff, 
	0x5d, 0x2f, 0xc5, 0xff, 0x5d, 0x2f, 0xc5, 0xff, 
	0x5d, 0x2f, 0xc5, 0xff, 0x5d, 0x2f, 0xc5, 0xff, 
	0x5d, 0x2f, 0xc5, 0xff, 0x5d, 0x2f, 0xc5, 0xff, 
	0x5d, 0x2f, 0xc5, 0xff, 0x5d, 0x2f, 0xc5, 0xff, 
	0x5d, 0x2f, 0xc5, 0xff, 0x5d, 0x2f, 0xc5, 0xff, 
	0x5d, 0x2f, 0xc5, 0xff, 0x5d, 0x2f, 0xc5, 0xff, 
	0x5d, 0x2f, 0xc5, 0xff, 0x5d, 0x2f, 0xc5, 0xff, 
	0x5d, 0x2f, 0xc5, 0xff, 0x5d, 0x2f, 0xc5, 0xff, 
	0x5d, 0x2f, 0xc5, 0xff, 0x5d, 0x2f, 0xc5, 0xff, 
	0x5d, 0x2f, 0xc5, 0xff, 0x5d, 0x2f, 0xc5, 0xff, 
	0x5d, 0x2f, 0xc5, 0xff, 0x5d, 0x2f, 0xc5, 0xff, 
	0x5d, 0x2f, 0xc5, 0xff, 0x5d, 0x2f, 0xc5, 0xff, 
	0x5d, 0x2f, 0xc5, 0xff, 0x5d, 0x2f, 0xc5, 0xff, 
	0x5a, 0x30, 0xc6, 0xff, 0x5a, 0x32, 0xc8, 0xff, 
	0x5a, 0x32, 0xc8, 0xff, 0x5a, 0x35, 0xcb, 0xff, 
	0x5f, 0x37, 0xce, 0xff, 0x5f, 0x37, 0xce, 0xff, 
	0x5f, 0x37, 0xce, 0xff, 0x65, 0x3e, 0xd6, 0xff, 
	0x6b, 0x3f, 0xce, 0xff, 0x73, 0x46, 0xce, 0xff, 
	0x73, 0x46, 0xce, 0xff, 0x7b, 0x4d, 0xce, 0xff, 
	0x7b, 0x56, 0xbd, 0xff, 0x7b, 0x56, 0xbd, 0xff, 
	0x83, 0x5b, 0xb5, 0xff, 0x83, 0x5b, 0xb5, 0xff, 
	0x7b, 0x69, 0xa4, 0xff, 0x7b, 0x69, 0xa4, 0xff, 
	0x7b, 0x75, 0x94, 0xff, 0x7b, 0x82, 0x84, 0xff, 
	0x75, 0x7d, 0x8b, 0xff, 0x70, 0x89, 0x7b, 0xff, 
	0x70, 0x89, 0x7b, 0xff, 0x6b, 0x96, 0x6b, 0xff, 
	0x68, 0x96, 0x70, 0xff, 0x5d, 0xa6, 0x5d, 0xff, 
	0x52, 0xb6, 0x4a, 0xff, 0x52, 0xb6, 0x4a, 0xff, 
	0x4d, 0xbe, 0x41, 0xff, 0x4d, 0xbe, 0x41, 0xff, 
	0x4d, 0xbe, 0x41, 0xff, 0x4d, 0xbe, 0x41, 0xff, 
	0x42, 0xcf, 0x31, 0xff, 0x42, 0xcf, 0x31, 0xff, 
	0x42, 0xcf, 0x31, 0xff, 0x42, 0xcf, 0x31, 0xff, 
	0x42, 0xcf, 0x31, 0xff, 0x42, 0xcf, 0x31, 0xff, 
	0x42, 0xcf, 0x31, 0xff, 0x42, 0xcf, 0x31, 0xff, 
	0x49, 0xc2, 0x39, 0xff, 0x49, 0xc2, 0x39, 0xff, 
	0x49, 0xc2, 0x39, 0xff, 0x49, 0xc2, 0x39, 0xff, 
	0x52, 0xb6, 0x47, 0xff, 0x52, 0xb6, 0x47, 0xff, 
	0x52, 0xb6, 0x47, 0xff, 0x52, 0xb6, 0x47, 0xff, 
	0x57, 0x9f, 0x63, 0xff, 0x57, 0x9f, 0x63, 0xff, 
	0x57, 0x9f, 0x63, 0xff, 0x57, 0x9f, 0x63, 0xff, 
	0x5f, 0x88, 0x78, 0xff, 0x5f, 0x88, 0x78, 0xff, 
	0x65, 0x6a, 0x96, 0xff, 0x65, 0x6a, 0x96, 0xff, 
	0x63, 0x5e, 0x9c, 0xff, 0x63, 0x4b, 0xac, 0xff, 
	0x63, 0x4b, 0xac, 0xff, 0x63, 0x4b, 0xac, 0xff, 
	0x5a, 0x40, 0xb5, 0xff, 0x5a, 0x38, 0xbd, 0xff, 
	0x5a, 0x38, 0xbd, 0xff, 0x5a, 0x38, 0xbd, 0xff, 
	0x5a, 0x31, 0xc3, 0xff, 0x5a, 0x31, 0xc3, 0xff, 
	0x5a, 0x31, 0xc3, 0xff, 0x5a, 0x30, 0xc6, 0xff, 
	0x5d, 0x2f, 0xc5, 0xff, 0x5d, 0x2f, 0xc5, 0xff, 
	0x5d, 0x2f, 0xc5, 0xff, 0x5d, 0x2f, 0xc5, 0xff, 
	0x5d, 0x2f, 0xc5, 0xff, 0x5d, 0x2f, 0xc5, 0xff, 
	0x5d, 0x2f, 0xc5, 0xff, 0x5d, 0x2f, 0xc5, 0xff, 
	0x5d, 0x2f, 0xc5, 0xff, 0x5d, 0x2f, 0xc5, 0xff, 
	0x5d, 0x2f, 0xc5, 0xff, 0x5d, 0x2f, 0xc5, 0xff, 
	0x5d, 0x2f, 0xc5, 0xff, 0x5d, 0x2f, 0xc5, 0xff, 
	0x5d, 0x2f, 0xc5, 0xff, 0x5d, 0x2f, 0xc5, 0xff, 
	0x5d, 0x2f, 0xc5, 0xff, 0x5d, 0x2f, 0xc5, 0xff, 
	0x5d, 0x2f, 0xc5, 0xff, 0x5d, 0x2f, 0xc5, 0xff, 
	0x5d, 0x2f, 0xc5, 0xff, 0x5d, 0x2f, 0xc5, 0xff, 
	0x5d, 0x2f, 0xc5, 0xff, 0x5d, 0x2f, 0xc5, 0xff, 
	0x5d, 0x2f, 0xc5, 0xff, 0x5d, 0x2f, 0xc5, 0xff, 
	0x5d, 0x2f, 0xc5, 0xff, 0x5d, 0x2f, 0xc5, 0xff, 
	0x5d, 0x2f, 0xc5, 0xff, 0x5d, 0x2f, 0xc5, 0xff, 
	0x5d, 0x2f, 0xc5, 0xff, 0x5d, 0x2f, 0xc5, 0xff, 
	0x5d, 0x2f, 0xc5, 0xff, 0x5d, 0x2f, 0xc5, 0xff, 
	0x5d, 0x2f, 0xc5, 0xff, 0x5d, 0x2f, 0xc5, 0xff, 
	0x5d, 0x2f, 0xc5, 0xff, 0x5d, 0x2f, 0xc5, 0xff, 
	0x5d, 0x2f, 0xc5, 0xff, 0x5d, 0x2f, 0xc5, 0xff, 
	0x5d, 0x2f, 0xc5, 0xff, 0x5d, 0x2f, 0xc5, 0xff, 
	0x5d, 0x2f, 0xc5, 0xff, 0x5d, 0x2f, 0xc5, 0xff, 
	0x5d, 0x2f, 0xc5, 0xff, 0x5d, 0x2f, 0xc5, 0xff, 
	0x5d, 0x2f, 0xc5, 0xff, 0x5d, 0x2f, 0xc5, 0xff, 
	0x5d, 0x2f, 0xc5, 0xff, 0x5d, 0x2f, 0xc5, 0xff, 
	0x5d, 0x2f, 0xc5, 0xff, 0x5d, 0x2f, 0xc5, 0xff, 
	0x5d, 0x2f, 0xc5, 0xff, 0x5d, 0x2f, 0xc5, 0xff, 
	0x5d, 0x2f, 0xc5, 0xff, 0x5d, 0x2f, 0xc5, 0xff, 
	0x5d, 0x2f, 0xc5, 0xff, 0x5d, 0x2f, 0xc5, 0xff, 
	0x5d, 0x2f, 0xc5, 0xff, 0x5d, 0x2f, 0xc5, 0xff, 
	0x5a, 0x30, 0xc6, 0xff, 0x5a, 0x30, 0xc6, 0xff, 
	0x5a, 0x30, 0xc6, 0xff, 0x5a, 0x32, 0xc8, 0xff, 
	0x5a, 0x30, 0xc6, 0xff, 0x5a, 0x30, 0xc6, 0xff, 
	0x5f, 0x37, 0xce, 0xff, 0x5f, 0x37, 0xce, 0xff, 
	0x63, 0x38, 0xce, 0xff, 0x6b, 0x3f, 0xce, 0xff, 
	0x6b, 0x3f, 0xce, 0xff, 0x73, 0x46, 0xce, 0xff, 
	0x73, 0x51, 0xc6, 0xff, 0x73, 0x51, 0xc6, 0xff, 
	0x7b, 0x56, 0xbd, 0xff, 0x83, 0x5b, 0xb5, 0xff, 
	0x7b, 0x5d, 0xb5, 0xff, 0x7b, 0x5d, 0xb5, 0xff, 
	0x7b, 0x69, 0xa4, 0xff, 0x7b, 0x75, 0x94, 0xff, 
	0x7b, 0x71, 0x9c, 0xff, 0x75, 0x7d, 0x8b, 0xff, 
	0x75, 0x7d, 0x8b, 0xff, 0x70, 0x89, 0x7b, 0xff, 
	0x73, 0x86, 0x84, 0xff, 0x68, 0x96, 0x70, 0xff, 
	0x68, 0x96, 0x70, 0xff, 0x5d, 0xa6, 0x5d, 0xff, 
	0x58, 0xae, 0x52, 0xff, 0x58, 0xae, 0x52, 0xff, 
	0x58, 0xae, 0x52, 0xff, 0x58, 0xae, 0x52, 0xff, 
	0x4f, 0xb8, 0x49, 0xff, 0x4f, 0xb8, 0x49, 0xff, 
	0x4f, 0xb8, 0x49, 0xff, 0x4f, 0xb8, 0x49, 0xff, 
	0x52, 0xb6, 0x4c, 0xff, 0x52, 0xb6, 0x4c, 0xff, 
	0x52, 0xb6, 0x4c, 0xff, 0x52, 0xb6, 0x4c, 0xff, 
	0x5a, 0xaa, 0x52, 0xff, 0x5a, 0xaa, 0x52, 0xff, 
	0x5a, 0xaa, 0x52, 0xff, 0x5a, 0xaa, 0x52, 0xff, 
	0x62, 0x99, 0x65, 0xff, 0x62, 0x99, 0x65, 0xff, 
	0x62, 0x99, 0x65, 0xff, 0x62, 0x99, 0x65, 0xff, 
	0x65, 0x80, 0x84, 0xff, 0x65, 0x80, 0x84, 0xff, 
	0x65, 0x80, 0x84, 0xff, 0x65, 0x80, 0x84, 0xff, 
	0x65, 0x6a, 0x96, 0xff, 0x65, 0x6a, 0x96, 0xff, 
	0x6b, 0x4d, 0xb5, 0xff, 0x6b, 0x4d, 0xb5, 0xff, 
	0x63, 0x4b, 0xac, 0xff, 0x63, 0x38, 0xbd, 0xff, 
	0x63, 0x38, 0xbd, 0xff, 0x63, 0x38, 0xbd, 0xff, 
	0x5a, 0x38, 0xbd, 0xff, 0x5a, 0x30, 0xc6, 0xff, 
	0x5a, 0x30, 0xc6, 0xff, 0x5a, 0x30, 0xc6, 0xff, 
	0x5a, 0x31, 0xc3, 0xff, 0x5a, 0x30, 0xc6, 0xff, 
	0x5a, 0x30, 0xc6, 0xff, 0x5a, 0x30, 0xc6, 0xff, 
	0x5d, 0x2f, 0xc5, 0xff, 0x5d, 0x2f, 0xc5, 0xff, 
	0x5d, 0x2f, 0xc5, 0xff, 0x5d, 0x2f, 0xc5, 0xff, 
	0x5d, 0x2f, 0xc5, 0xff, 0x5d, 0x2f, 0xc5, 0xff, 
	0x5d, 0x2f, 0xc5, 0xff, 0x5d, 0x2f, 0xc5, 0xff, 
	0x5d, 0x2f, 0xc5, 0xff, 0x5d, 0x2f, 0xc5, 0xff, 
	0x5d, 0x2f, 0xc5, 0xff, 0x5d, 0x2f, 0xc5, 0xff, 
	0x5d, 0x2f, 0xc5, 0xff, 0x5d, 0x2f, 0xc5, 0xff, 
	0x5d, 0x2f, 0xc5, 0xff, 0x5d, 0x2f, 0xc5, 0xff, 
	0x5d, 0x2f, 0xc5, 0xff, 0x5d, 0x2f, 0xc5, 0xff, 
	0x5d, 0x2f, 0xc5, 0xff, 0x5d, 0x2f, 0xc5, 0xff, 
	0x5d, 0x2f, 0xc5, 0xff, 0x5d, 0x2f, 0xc5, 0xff, 
	0x5d, 0x2f, 0xc5, 0xff, 0x5d, 0x2f, 0xc5, 0xff, 
	0x5d, 0x2f, 0xc5, 0xff, 0x5d, 0x2f, 0xc5, 0xff, 
	0x5d, 0x2f, 0xc5, 0xff, 0x5d, 0x2f, 0xc5, 0xff, 
	0x5d, 0x2f, 0xc5, 0xff, 0x5d, 0x2f, 0xc5, 0xff, 
	0x5d, 0x2f, 0xc5, 0xff, 0x5d, 0x2f, 0xc5, 0xff, 
	0x5d, 0x2f, 0xc5, 0xff, 0x5d, 0x2f, 0xc5, 0xff, 
	0x5d, 0x2f, 0xc5, 0xff, 0x5d, 0x2f, 0xc5, 0xff, 
	0x5d, 0x2f, 0xc5, 0xff, 0x5d, 0x2f, 0xc5, 0xff, 
	0x5d, 0x2f, 0xc5, 0xff, 0x5d, 0x2f, 0xc5, 0xff, 
	0x5d, 0x2f, 0xc5, 0xff, 0x5d, 0x2f, 0xc5, 0xff, 
	0x5d, 0x2f, 0xc5, 0xff, 0x5d, 0x2f, 0xc5, 0xff, 
	0x5d, 0x2f, 0xc5, 0xff, 0x5d, 0x2f, 0xc5, 0xff, 
	0x5d, 0x2f, 0xc5, 0xff, 0x5d, 0x2f, 0xc5, 0xff, 
	0x5d, 0x2f, 0xc5, 0xff, 0x5d, 0x2f, 0xc5, 0xff, 
	0x5d, 0x2f, 0xc5, 0xff, 0x5d, 0x2f, 0xc5, 0xff, 
	0x5d, 0x2f, 0xc5, 0xff, 0x5d, 0x2f, 0xc5, 0xff, 
	0x5d, 0x2f, 0xc5, 0xff, 0x5d, 0x2f, 0xc5, 0xff, 
	0x5d, 0x2f, 0xc5, 0xff, 0x5d, 0x2f, 0xc5, 0xff, 
	0x5d, 0x2f, 0xc5, 0xff, 0x5d, 0x2f, 0xc5, 0xff, 
	0x5a, 0x30, 0xc6, 0xff, 0x5a, 0x30, 0xc6, 0xff, 
	0x5a, 0x30, 0xc6, 0xff, 0x5a, 0x30, 0xc6, 0xff, 
	0x5a, 0x30, 0xc6, 0xff, 0x5a, 0x30, 0xc6, 0xff, 
	0x5a, 0x30, 0xc6, 0xff, 0x5a, 0x30, 0xc6, 0xff, 
	0x63, 0x38, 0xce, 0xff, 0x63, 0x38, 0xce, 0xff, 
	0x63, 0x38, 0xce, 0xff, 0x6b, 0x3f, 0xce, 0xff, 
	0x73, 0x51, 0xc6, 0xff, 0x73, 0x51, 0xc6, 0xff, 
	0x73, 0x51, 0xc6, 0xff, 0x7b, 0x56, 0xbd, 0xff, 
	0x7b, 0x5d, 0xb5, 0xff, 0x7b, 0x5d, 0xb5, 0xff, 
	0x7b, 0x5d, 0xb5, 0xff, 0x7b, 0x69, 0xa4, 0xff, 
	0x7b, 0x71, 0x9c, 0xff, 0x7b, 0x71, 0x9c, 0xff, 
	0x7b, 0x71, 0x9c, 0xff, 0x7b, 0x71, 0x9c, 0xff, 
	0x73, 0x86, 0x84, 0xff, 0x73, 0x86, 0x84, 0xff, 
	0x73, 0x86, 0x84, 0xff, 0x68, 0x96, 0x70, 0xff, 
	0x63, 0x9e, 0x63, 0xff, 0x63, 0x9e, 0x63, 0xff, 
	0x63, 0x9e, 0x63, 0xff, 0x63, 0x9e, 0x63, 0xff, 
	0x5d, 0xa1, 0x62, 0xff, 0x5d, 0xa1, 0x62, 0xff, 
	0x5d, 0xa1, 0x62, 0xff, 0x5d, 0xa1, 0x62, 0xff, 
	0x62, 0x9e, 0x68, 0xff, 0x62, 0x9e, 0x68, 0xff, 
	0x62, 0x9e, 0x68, 0xff, 0x62, 0x9e, 0x68, 0xff, 
	0x6b, 0x92, 0x6b, 0xff, 0x6b, 0x92, 0x6b, 0xff, 
	0x6b, 0x92, 0x6b, 0xff, 0x6b, 0x92, 0x6b, 0xff, 
	0x73, 0x7d, 0x84, 0xff, 0x73, 0x7d, 0x84, 0xff, 
	0x73, 0x7d, 0x84, 0xff, 0x73, 0x7d, 0x84, 0xff, 
	0x73, 0x61, 0xa5, 0xff, 0x73, 0x61, 0xa5, 0xff, 
	0x73, 0x61, 0xa5, 0xff, 0x73, 0x61, 0xa5, 0xff, 
	0x6b, 0x4d, 0xb5, 0xff, 0x6b, 0x4d, 0xb5, 0xff, 
	0x6b, 0x4d, 0xb5, 0xff, 0x6b, 0x4d, 0xb5, 0xff, 
	0x63, 0x38, 0xbd, 0xff, 0x63, 0x38, 0xbd, 0xff, 
	0x63, 0x38, 0xbd, 0xff, 0x63, 0x38, 0xbd, 0xff, 
	0x5a, 0x30, 0xc6, 0xff, 0x5a, 0x30, 0xc6, 0xff, 
	0x5a, 0x30, 0xc6, 0xff, 0x5a, 0x30, 0xc6, 0xff, 
	0x5a, 0x30, 0xc6, 0xff, 0x5a, 0x30, 0xc6, 0xff, 
	0x5a, 0x30, 0xc6, 0xff, 0x5a, 0x30, 0xc6, 0xff, 
	0x5d, 0x2f, 0xc5, 0xff, 0x5d, 0x2f, 0xc5, 0xff, 
	0x5d, 0x2f, 0xc5, 0xff, 0x5d, 0x2f, 0xc5, 0xff, 
	0x5d, 0x2f, 0xc5, 0xff, 0x5d, 0x2f, 0xc5, 0xff, 
	0x5d, 0x2f, 0xc5, 0xff, 0x5d, 0x2f, 0xc5, 0xff, 
	0x5d, 0x2f, 0xc5, 0xff, 0x5d, 0x2f, 0xc5, 0xff, 
	0x5d, 0x2f, 0xc5, 0xff, 0x5d, 0x2f, 0xc5, 0xff, 
	0x5d, 0x2f, 0xc5, 0xff, 0x5d, 0x2f, 0xc5, 0xff, 
	0x5d, 0x2f, 0xc5, 0xff, 0x5d, 0x2f, 0xc5, 0xff, 
	0x5d, 0x2f, 0xc5, 0xff, 0x5d, 0x2f, 0xc5, 0xff, 
	0x5d, 0x2f, 0xc5, 0xff, 0x5d, 0x2f, 0xc5, 0xff, 
	0x5d, 0x2f, 0xc5, 0xff, 0x5d, 0x2f, 0xc5, 0xff, 
	0x5d, 0x2f, 0xc5, 0xff, 0x5d, 0x2f, 0xc5, 0xff, 
	0x5d, 0x2f, 0xc5, 0xff, 0x5d, 0x2f, 0xc5, 0xff, 
	0x5d, 0x2f, 0xc5, 0xff, 0x5d, 0x2f, 0xc5, 0xff, 
	0x5d, 0x2f, 0xc5, 0xff, 0x5d, 0x2f, 0xc5, 0xff, 
	0x5d, 0x2f, 0xc5, 0xff, 0x5d, 0x2f, 0xc5, 0xff, 
	0x5d, 0x2f, 0xc5, 0xff, 0x5d, 0x2f, 0xc5, 0xff, 
	0x5d, 0x2f, 0xc5, 0xff, 0x5d, 0x2f, 0xc5, 0xff, 
	0x5d, 0x2f, 0xc5, 0xff, 0x5d, 0x2f, 0xc5, 0xff, 
	0x5d, 0x2f, 0xc5, 0xff, 0x5d, 0x2f, 0xc5, 0xff, 
	0x5d, 0x2f, 0xc5, 0xff, 0x5d, 0x2f, 0xc5, 0xff, 
	0x5d, 0x2f, 0xc5, 0xff, 0x5d, 0x2f, 0xc5, 0xff, 
	0x5d, 0x2f, 0xc5, 0xff, 0x5d, 0x2f, 0xc5, 0xff, 
	0x5d, 0x2f, 0xc5, 0xff, 0x5d, 0x2f, 0xc5, 0xff, 
	0x5d, 0x2f, 0xc5, 0xff, 0x5d, 0x2f, 0xc5, 0xff, 
	0x5d, 0x2f, 0xc5, 0xff, 0x5d, 0x2f, 0xc5, 0xff, 
	0x5d, 0x2f, 0xc5, 0xff, 0x5d, 0x2f, 0xc5, 0xff, 
	0x5d, 0x2f, 0xc5, 0xff, 0x5d, 0x2f, 0xc5, 0xff, 
	0x5d, 0x2f, 0xc5, 0xff, 0x5d, 0x2f, 0xc5, 0xff, 
	0x5d, 0x2f, 0xc5, 0xff, 0x5d, 0x2f, 0xc5, 0xff, 
	0x5d, 0x2f, 0xc5, 0xff, 0x5d, 0x2f, 0xc5, 0xff, 
	0x5d, 0x2f, 0xc5, 0xff, 0x5d, 0x2f, 0xc5, 0xff, 
	0x5d, 0x2f, 0xc5, 0xff, 0x5d, 0x2f, 0xc5, 0xff, 
	0x5d, 0x2f, 0xc5, 0xff, 0x5d, 0x2f, 0xc5, 0xff, 
	0x60, 0x34, 0xc6, 0xff, 0x60, 0x34, 0xc6, 0xff, 
	0x60, 0x34, 0xc6, 0xff, 0x63, 0x38, 0xc6, 0xff, 
	0x65, 0x3e, 0xc6, 0xff, 0x65, 0x3e, 0xc6, 0xff, 
	0x6b, 0x49, 0xc6, 0xff, 0x6b, 0x49, 0xc6, 0xff, 
	0x6d, 0x4a, 0xc2, 0xff, 0x73, 0x55, 0xbd, 0xff, 
	0x73, 0x55, 0xbd, 0xff, 0x73, 0x55, 0xbd, 0xff, 
	0x7b, 0x5d, 0xb5, 0xff, 0x7b, 0x5d, 0xb5, 0xff, 
	0x7b, 0x5d, 0xb5, 0xff, 0x7b, 0x5d, 0xb5, 0xff, 
	0x78, 0x61, 0xac, 0xff, 0x7b, 0x71, 0x9c, 0xff, 
	0x7b, 0x71, 0x9c, 0xff, 0x7b, 0x71, 0x9c, 0xff, 
	0x75, 0x7f, 0x89, 0xff, 0x75, 0x7f, 0x89, 0xff, 
	0x75, 0x7f, 0x89, 0xff, 0x75, 0x7f, 0x89, 0xff, 
	0x75, 0x81, 0x84, 0xff, 0x75, 0x81, 0x84, 0xff, 
	0x75, 0x81, 0x84, 0xff, 0x75, 0x81, 0x84, 0xff, 
	0x73, 0x7d, 0x8c, 0xff, 0x73, 0x7d, 0x8c, 0xff, 
	0x73, 0x7d, 0x8c, 0xff, 0x73, 0x7d, 0x8c, 0xff, 
	0x7b, 0x6d, 0x9c, 0xff, 0x7b, 0x6d, 0x9c, 0xff, 
	0x7b, 0x6d, 0x9c, 0xff, 0x7b, 0x6d, 0x9c, 0xff, 
	0x7b, 0x61, 0xad, 0xff, 0x7b, 0x61, 0xad, 0xff, 
	0x7b, 0x61, 0xad, 0xff, 0x73, 0x54, 0xb8, 0xff, 
	0x73, 0x51, 0xbd, 0xff, 0x73, 0x51, 0xbd, 0xff, 
	0x73, 0x51, 0xbd, 0xff, 0x68, 0x44, 0xc2, 0xff, 
	0x63, 0x41, 0xbd, 0xff, 0x60, 0x3b, 0xc0, 0xff, 
	0x5d, 0x35, 0xc3, 0xff, 0x5d, 0x35, 0xc3, 0xff, 
	0x5d, 0x30, 0xc6, 0xff, 0x5d, 0x30, 0xc6, 0xff, 
	0x5d, 0x30, 0xc6, 0xff, 0x5d, 0x30, 0xc6, 0xff, 
	0x5d, 0x2f, 0xc5, 0xff, 0x5d, 0x2f, 0xc5, 0xff, 
	0x5d, 0x2f, 0xc5, 0xff, 0x5d, 0x2f, 0xc5, 0xff, 
	0x5d, 0x2f, 0xc5, 0xff, 0x5d, 0x2f, 0xc5, 0xff, 
	0x5d, 0x2f, 0xc5, 0xff, 0x5d, 0x2f, 0xc5, 0xff, 
	0x5d, 0x2f, 0xc5, 0xff, 0x5d, 0x2f, 0xc5, 0xff, 
	0x5d, 0x2f, 0xc5, 0xff, 0x5d, 0x2f, 0xc5, 0xff, 
	0x5d, 0x2f, 0xc5, 0xff, 0x5d, 0x2f, 0xc5, 0xff, 
	0x5d, 0x2f, 0xc5, 0xff, 0x5d, 0x2f, 0xc5, 0xff, 
	0x5d, 0x2f, 0xc5, 0xff, 0x5d, 0x2f, 0xc5, 0xff, 
	0x5d, 0x2f, 0xc5, 0xff, 0x5d, 0x2f, 0xc5, 0xff, 
	0x5d, 0x2f, 0xc5, 0xff, 0x5d, 0x2f, 0xc5, 0xff, 
	0x5d, 0x2f, 0xc5, 0xff, 0x5d, 0x2f, 0xc5, 0xff, 
	0x5d, 0x2f, 0xc5, 0xff, 0x5d, 0x2f, 0xc5, 0xff, 
	0x5d, 0x2f, 0xc5, 0xff, 0x5d, 0x2f, 0xc5, 0xff, 
	0x5d, 0x2f, 0xc5, 0xff, 0x5d, 0x2f, 0xc5, 0xff, 
	0x5d, 0x2f, 0xc5, 0xff, 0x5d, 0x2f, 0xc5, 0xff, 
	0x5d, 0x2f, 0xc5, 0xff, 0x5d, 0x2f, 0xc5, 0xff, 
	0x5d, 0x2f, 0xc5, 0xff, 0x5d, 0x2f, 0xc5, 0xff, 
	0x5d, 0x2f, 0xc5, 0xff, 0x5d, 0x2f, 0xc5, 0xff, 
	0x5d, 0x2f, 0xc5, 0xff, 0x5d, 0x2f, 0xc5, 0xff, 
	0x5d, 0x2f, 0xc5, 0xff, 0x5d, 0x2f, 0xc5, 0xff, 
	0x5d, 0x2f, 0xc5, 0xff, 0x5d, 0x2f, 0xc5, 0xff, 
	0x5d, 0x2f, 0xc5, 0xff, 0x5d, 0x2f, 0xc5, 0xff, 
	0x5d, 0x2f, 0xc5, 0xff, 0x5d, 0x2f, 0xc5, 0xff, 
	0x5d, 0x2f, 0xc5, 0xff, 0x5d, 0x2f, 0xc5, 0xff, 
	0x5d, 0x2f, 0xc5, 0xff, 0x5d, 0x2f, 0xc5, 0xff, 
	0x5d, 0x2f, 0xc5, 0xff, 0x5d, 0x2f, 0xc5, 0xff, 
	0x5d, 0x2f, 0xc5, 0xff, 0x5d, 0x2f, 0xc5, 0xff, 
	0x5d, 0x2f, 0xc5, 0xff, 0x5d, 0x2f, 0xc5, 0xff, 
	0x5d, 0x2f, 0xc5, 0xff, 0x5d, 0x2f, 0xc5, 0xff, 
	0x5d, 0x2f, 0xc5, 0xff, 0x5d, 0x2f, 0xc5, 0xff, 
	0x5d, 0x2f, 0xc5, 0xff, 0x5d, 0x2f, 0xc5, 0xff, 
	0x5d, 0x2f, 0xc5, 0xff, 0x5d, 0x2f, 0xc5, 0xff, 
	0x5d, 0x2f, 0xc5, 0xff, 0x5d, 0x2f, 0xc5, 0xff, 
	0x5d, 0x2f, 0xc5, 0xff, 0x5d, 0x2f, 0xc5, 0xff, 
	0x5d, 0x2f, 0xc5, 0xff, 0x5d, 0x2f, 0xc5, 0xff, 
	0x5d, 0x2f, 0xc5, 0xff, 0x5d, 0x2f, 0xc5, 0xff, 
	0x5d, 0x2f, 0xc5, 0xff, 0x5d, 0x2f, 0xc5, 0xff, 
	0x5d, 0x30, 0xc6, 0xff, 0x5d, 0x30, 0xc6, 0xff, 
	0x5d, 0x30, 0xc6, 0xff, 0x5d, 0x30, 0xc6, 0xff, 
	0x5f, 0x33, 0xc6, 0xff, 0x65, 0x3e, 0xc6, 0xff, 
	0x65, 0x3e, 0xc6, 0xff, 0x65, 0x3e, 0xc6, 0xff, 
	0x68, 0x3f, 0xc8, 0xff, 0x6d, 0x4a, 0xc2, 0xff, 
	0x6d, 0x4a, 0xc2, 0xff, 0x6d, 0x4a, 0xc2, 0xff, 
	0x75, 0x50, 0xbd, 0xff, 0x75, 0x50, 0xbd, 0xff, 
	0x75, 0x50, 0xbd, 0xff, 0x75, 0x50, 0xbd, 0xff, 
	0x75, 0x51, 0xbd, 0xff, 0x75, 0x51, 0xbd, 0xff, 
	0x78, 0x61, 0xac, 0xff, 0x78, 0x61, 0xac, 0xff, 
	0x78, 0x64, 0xa7, 0xff, 0x78, 0x64, 0xa7, 0xff, 
	0x78, 0x64, 0xa7, 0xff, 0x78, 0x64, 0xa7, 0xff, 
	0x78, 0x65, 0xa5, 0xff, 0x78, 0x65, 0xa5, 0xff, 
	0x78, 0x65, 0xa5, 0xff, 0x78, 0x65, 0xa5, 0xff, 
	0x75, 0x62, 0xad, 0xff, 0x75, 0x62, 0xad, 0xff, 
	0x75, 0x62, 0xad, 0xff, 0x75, 0x62, 0xad, 0xff, 
	0x75, 0x57, 0xb5, 0xff, 0x75, 0x57, 0xb5, 0xff, 
	0x75, 0x57, 0xb5, 0xff, 0x75, 0x57, 0xb5, 0xff, 
	0x73, 0x54, 0xb8, 0xff, 0x6b, 0x48, 0xc3, 0xff, 
	0x6b, 0x48, 0xc3, 0xff, 0x6b, 0x48, 0xc3, 0xff, 
	0x68, 0x44, 0xc2, 0xff, 0x68, 0x44, 0xc2, 0xff, 
	0x68, 0x44, 0xc2, 0xff, 0x5d, 0x38, 0xc8, 0xff, 
	0x5d, 0x35, 0xc3, 0xff, 0x5d, 0x35, 0xc3, 0xff, 
	0x5d, 0x35, 0xc3, 0xff, 0x5a, 0x30, 0xc6, 0xff, 
	0x5d, 0x30, 0xc6, 0xff, 0x5d, 0x30, 0xc6, 0xff, 
	0x5d, 0x30, 0xc6, 0xff, 0x5d, 0x30, 0xc6, 0xff, 
	0x5d, 0x2f, 0xc5, 0xff, 0x5d, 0x2f, 0xc5, 0xff, 
	0x5d, 0x2f, 0xc5, 0xff, 0x5d, 0x2f, 0xc5, 0xff, 
	0x5d, 0x2f, 0xc5, 0xff, 0x5d, 0x2f, 0xc5, 0xff, 
	0x5d, 0x2f, 0xc5, 0xff, 0x5d, 0x2f, 0xc5, 0xff, 
	0x5d, 0x2f, 0xc5, 0xff, 0x5d, 0x2f, 0xc5, 0xff, 
	0x5d, 0x2f, 0xc5, 0xff, 0x5d, 0x2f, 0xc5, 0xff, 
	0x5d, 0x2f, 0xc5, 0xff, 0x5d, 0x2f, 0xc5, 0xff, 
	0x5d, 0x2f, 0xc5, 0xff, 0x5d, 0x2f, 0xc5, 0xff, 
	0x5d, 0x2f, 0xc5, 0xff, 0x5d, 0x2f, 0xc5, 0xff, 
	0x5d, 0x2f, 0xc5, 0xff, 0x5d, 0x2f, 0xc5, 0xff, 
	0x5d, 0x2f, 0xc5, 0xff, 0x5d, 0x2f, 0xc5, 0xff, 
	0x5d, 0x2f, 0xc5, 0xff, 0x5d, 0x2f, 0xc5, 0xff, 
	0x5d, 0x2f, 0xc5, 0xff, 0x5d, 0x2f, 0xc5, 0xff, 
	0x5d, 0x2f, 0xc5, 0xff, 0x5d, 0x2f, 0xc5, 0xff, 
	0x5d, 0x2f, 0xc5, 0xff, 0x5d, 0x2f, 0xc5, 0xff, 
	0x5d, 0x2f, 0xc5, 0xff, 0x5d, 0x2f, 0xc5, 0xff, 
	0x5d, 0x2f, 0xc5, 0xff, 0x5d, 0x2f, 0xc5, 0xff, 
	0x5d, 0x2f, 0xc5, 0xff, 0x5d, 0x2f, 0xc5, 0xff, 
	0x5d, 0x2f, 0xc5, 0xff, 0x5d, 0x2f, 0xc5, 0xff, 
	0x5d, 0x2f, 0xc5, 0xff, 0x5d, 0x2f, 0xc5, 0xff, 
	0x5d, 0x2f, 0xc5, 0xff, 0x5d, 0x2f, 0xc5, 0xff, 
	0x5d, 0x2f, 0xc5, 0xff, 0x5d, 0x2f, 0xc5, 0xff, 
	0x5d, 0x2f, 0xc5, 0xff, 0x5d, 0x2f, 0xc5, 0xff, 
	0x5d, 0x2f, 0xc5, 0xff, 0x5d, 0x2f, 0xc5, 0xff, 
	0x5d, 0x2f, 0xc5, 0xff, 0x5d, 0x2f, 0xc5, 0xff, 
	0x5d, 0x2f, 0xc5, 0xff, 0x5d, 0x2f, 0xc5, 0xff, 
	0x5d, 0x2f, 0xc5, 0xff, 0x5d, 0x2f, 0xc5, 0xff, 
	0x5d, 0x2f, 0xc5, 0xff, 0x5d, 0x2f, 0xc5, 0xff, 
	0x5d, 0x2f, 0xc5, 0xff, 0x5d, 0x2f, 0xc5, 0xff, 
	0x5d, 0x2f, 0xc5, 0xff, 0x5d, 0x2f, 0xc5, 0xff, 
	0x5d, 0x2f, 0xc5, 0xff, 0x5d, 0x2f, 0xc5, 0xff, 
	0x5d, 0x2f, 0xc5, 0xff, 0x5d, 0x2f, 0xc5, 0xff, 
	0x5d, 0x2f, 0xc5, 0xff, 0x5d, 0x2f, 0xc5, 0xff, 
	0x5d, 0x2f, 0xc5, 0xff, 0x5d, 0x2f, 0xc5, 0xff, 
	0x5d, 0x2f, 0xc5, 0xff, 0x5d, 0x2f, 0xc5, 0xff, 
	0x5d, 0x2f, 0xc5, 0xff, 0x5d, 0x2f, 0xc5, 0xff, 
	0x5d, 0x2f, 0xc5, 0xff, 0x5d, 0x2f, 0xc5, 0xff, 
	0x5d, 0x2f, 0xc5, 0xff, 0x5d, 0x2f, 0xc5, 0xff, 
	0x5d, 0x30, 0xc6, 0xff, 0x5d, 0x30, 0xc6, 0xff, 
	0x5d, 0x30, 0xc6, 0xff, 0x5d, 0x30, 0xc6, 0xff, 
	0x5f, 0x33, 0xc6, 0xff, 0x5f, 0x33, 0xc6, 0xff, 
	0x5f, 0x33, 0xc6, 0xff, 0x5f, 0x33, 0xc6, 0xff, 
	0x63, 0x34, 0xce, 0xff, 0x68, 0x3f, 0xc8, 0xff, 
	0x68, 0x3f, 0xc8, 0xff, 0x68, 0x3f, 0xc8, 0xff, 
	0x70, 0x44, 0xc5, 0xff, 0x70, 0x44, 0xc5, 0xff, 
	0x70, 0x44, 0xc5, 0xff, 0x70, 0x44, 0xc5, 0xff, 
	0x73, 0x41, 0xce, 0xff, 0x73, 0x41, 0xce, 0xff, 
	0x73, 0x41, 0xce, 0xff, 0x75, 0x51, 0xbd, 0xff, 
	0x7b, 0x49, 0xc6, 0xff, 0x7b, 0x49, 0xc6, 0xff, 
	0x7b, 0x49, 0xc6, 0xff, 0x7b, 0x49, 0xc6, 0xff, 
	0x7b, 0x49, 0xc6, 0xff, 0x7b, 0x49, 0xc6, 0xff, 
	0x7b, 0x49, 0xc6, 0xff, 0x7b, 0x49, 0xc6, 0xff, 
	0x78, 0x47, 0xce, 0xff, 0x78, 0x47, 0xce, 0xff, 
	0x78, 0x47, 0xce, 0xff, 0x78, 0x47, 0xce, 0xff, 
	0x70, 0x41, 0xce, 0xff, 0x70, 0x41, 0xce, 0xff, 
	0x70, 0x41, 0xce, 0xff, 0x70, 0x41, 0xce, 0xff, 
	0x6b, 0x48, 0xc3, 0xff, 0x63, 0x3c, 0xce, 0xff, 
	0x63, 0x3c, 0xce, 0xff, 0x63, 0x3c, 0xce, 0xff, 
	0x5d, 0x38, 0xc8, 0xff, 0x5d, 0x38, 0xc8, 0xff, 
	0x5d, 0x38, 0xc8, 0xff, 0x5d, 0x38, 0xc8, 0xff, 
	0x5d, 0x35, 0xc3, 0xff, 0x5a, 0x30, 0xc6, 0xff, 
	0x5a, 0x30, 0xc6, 0xff, 0x5a, 0x30, 0xc6, 0xff, 
	0x5d, 0x30, 0xc6, 0xff, 0x5d, 0x30, 0xc6, 0xff, 
	0x5d, 0x30, 0xc6, 0xff, 0x5d, 0x30, 0xc6, 0xff, 
	0x5d, 0x2f, 0xc5, 0xff, 0x5d, 0x2f, 0xc5, 0xff, 
	0x5d, 0x2f, 0xc5, 0xff, 0x5d, 0x2f, 0xc5, 0xff, 
	0x5d, 0x2f, 0xc5, 0xff, 0x5d, 0x2f, 0xc5, 0xff, 
	0x5d, 0x2f, 0xc5, 0xff, 0x5d, 0x2f, 0xc5, 0xff, 
	0x5d, 0x2f, 0xc5, 0xff, 0x5d, 0x2f, 0xc5, 0xff, 
	0x5d, 0x2f, 0xc5, 0xff, 0x5d, 0x2f, 0xc5, 0xff, 
	0x5d, 0x2f, 0xc5, 0xff, 0x5d, 0x2f, 0xc5, 0xff, 
	0x5d, 0x2f, 0xc5, 0xff, 0x5d, 0x2f, 0xc5, 0xff, 
	0x5d, 0x2f, 0xc5, 0xff, 0x5d, 0x2f, 0xc5, 0xff, 
	0x5d, 0x2f, 0xc5, 0xff, 0x5d, 0x2f, 0xc5, 0xff, 
	0x5d, 0x2f, 0xc5, 0xff, 0x5d, 0x2f, 0xc5, 0xff, 
	0x5d, 0x2f, 0xc5, 0xff, 0x5d, 0x2f, 0xc5, 0xff, 
	0x5d, 0x2f, 0xc5, 0xff, 0x5d, 0x2f, 0xc5, 0xff, 
	0x5d, 0x2f, 0xc5, 0xff, 0x5d, 0x2f, 0xc5, 0xff, 
	0x5d, 0x2f, 0xc5, 0xff, 0x5d, 0x2f, 0xc5, 0xff, 
	0x5d, 0x2f, 0xc5, 0xff, 0x5d, 0x2f, 0xc5, 0xff, 
	0x5d, 0x2f, 0xc5, 0xff, 0x5d, 0x2f, 0xc5, 0xff, 
	0x5d, 0x2f, 0xc5, 0xff, 0x5d, 0x2f, 0xc5, 0xff, 
	0x5d, 0x2f, 0xc5, 0xff, 0x5d, 0x2f, 0xc5, 0xff, 
	0x5d, 0x2f, 0xc5, 0xff, 0x5d, 0x2f, 0xc5, 0xff, 
	0x5d, 0x2f, 0xc5, 0xff, 0x5d, 0x2f, 0xc5, 0xff, 
	0x5d, 0x2f, 0xc5, 0xff, 0x5d, 0x2f, 0xc5, 0xff, 
	0x5d, 0x2f, 0xc5, 0xff, 0x5d, 0x2f, 0xc5, 0xff, 
	0x5d, 0x2f, 0xc5, 0xff, 0x5d, 0x2f, 0xc5, 0xff, 
	0x5d, 0x2f, 0xc5, 0xff, 0x5d, 0x2f, 0xc5, 0xff, 
	0x5d, 0x2f, 0xc5, 0xff, 0x5d, 0x2f, 0xc5, 0xff, 
	0x5d, 0x2f, 0xc5, 0xff, 0x5d, 0x2f, 0xc5, 0xff, 
	0x5d, 0x2f, 0xc5, 0xff, 0x5d, 0x2f, 0xc5, 0xff, 
	0x5d, 0x2f, 0xc5, 0xff, 0x5d, 0x2f, 0xc5, 0xff, 
	0x5d, 0x2f, 0xc5, 0xff, 0x5d, 0x2f, 0xc5, 0xff, 
	0x5d, 0x2f, 0xc5, 0xff, 0x5d, 0x2f, 0xc5, 0xff, 
	0x5d, 0x2f, 0xc5, 0xff, 0x5d, 0x2f, 0xc5, 0xff, 
	0x5d, 0x2f, 0xc5, 0xff, 0x5d, 0x2f, 0xc5, 0xff, 
	0x5d, 0x2f, 0xc5, 0xff, 0x5d, 0x2f, 0xc5, 0xff, 
	0x5d, 0x2f, 0xc5, 0xff, 0x5d, 0x2f, 0xc5, 0xff, 
	0x5d, 0x2f, 0xc5, 0xff, 0x5d, 0x2f, 0xc5, 0xff, 
	0x5d, 0x2f, 0xc5, 0xff, 0x5d, 0x2f, 0xc5, 0xff, 
	0x5d, 0x2f, 0xc5, 0xff, 0x5d, 0x2f, 0xc5, 0xff, 
	0x5d, 0x30, 0xc6, 0xff, 0x5d, 0x30, 0xc6, 0xff, 
	0x5d, 0x30, 0xc6, 0xff, 0x5d, 0x30, 0xc6, 0xff, 
	0x5f, 0x33, 0xc6, 0xff, 0x5f, 0x33, 0xc6, 0xff, 
	0x5f, 0x33, 0xc6, 0xff, 0x5f, 0x33, 0xc6, 0xff, 
	0x63, 0x34, 0xce, 0xff, 0x63, 0x34, 0xce, 0xff, 
	0x63, 0x34, 0xce, 0xff, 0x63, 0x34, 0xce, 0xff, 
	0x6b, 0x38, 0xce, 0xff, 0x6b, 0x38, 0xce, 0xff, 
	0x6b, 0x38, 0xce, 0xff, 0x6b, 0x38, 0xce, 0xff, 
	0x73, 0x41, 0xce, 0xff, 0x73, 0x41, 0xce, 0xff, 
	0x73, 0x41, 0xce, 0xff, 0x73, 0x41, 0xce, 0xff, 
	0x7b, 0x49, 0xc6, 0xff, 0x7b, 0x49, 0xc6, 0xff, 
	0x7b, 0x49, 0xc6, 0xff, 0x7b, 0x49, 0xc6, 0xff, 
	0x7b, 0x49, 0xc6, 0xff, 0x7b, 0x49, 0xc6, 0xff, 
	0x7b, 0x49, 0xc6, 0xff, 0x7b, 0x49, 0xc6, 0xff, 
	0x78, 0x47, 0xce, 0xff, 0x78, 0x47, 0xce, 0xff, 
	0x78, 0x47, 0xce, 0xff, 0x78, 0x47, 0xce, 0xff, 
	0x70, 0x41, 0xce, 0xff, 0x70, 0x41, 0xce, 0xff, 
	0x70, 0x41, 0xce, 0xff, 0x70, 0x41, 0xce, 0xff, 
	0x63, 0x3c, 0xce, 0xff, 0x63, 0x3c, 0xce, 0xff, 
	0x63, 0x3c, 0xce, 0xff, 0x63, 0x3c, 0xce, 0xff, 
	0x5d, 0x38, 0xc8, 0xff, 0x5d, 0x38, 0xc8, 0xff, 
	0x5d, 0x38, 0xc8, 0xff, 0x5d, 0x38, 0xc8, 0xff, 
	0x5a, 0x30, 0xc6, 0xff, 0x5a, 0x30, 0xc6, 0xff, 
	0x5a, 0x30, 0xc6, 0xff, 0x5a, 0x30, 0xc6, 0xff, 
	0x5d, 0x30, 0xc6, 0xff, 0x5d, 0x30, 0xc6, 0xff, 
	0x5d, 0x30, 0xc6, 0xff, 0x5d, 0x30, 0xc6, 0xff, 
	0x5d, 0x2f, 0xc5, 0xff, 0x5d, 0x2f, 0xc5, 0xff, 
	0x5d, 0x2f, 0xc5, 0xff, 0x5d, 0x2f, 0xc5, 0xff, 
	0x5d, 0x2f, 0xc5, 0xff, 0x5d, 0x2f, 0xc5, 0xff, 
	0x5d, 0x2f, 0xc5, 0xff, 0x5d, 0x2f, 0xc5, 0xff, 
	0x5d, 0x2f, 0xc5, 0xff, 0x5d, 0x2f, 0xc5, 0xff, 
	0x5d, 0x2f, 0xc5, 0xff, 0x5d, 0x2f, 0xc5, 0xff, 
	0x5d, 0x2f, 0xc5, 0xff, 0x5d, 0x2f, 0xc5, 0xff, 
	0x5d, 0x2f, 0xc5, 0xff, 0x5d, 0x2f, 0xc5, 0xff, 
	0x5d, 0x2f, 0xc5, 0xff, 0x5d, 0x2f, 0xc5, 0xff, 
	0x5d, 0x2f, 0xc5, 0xff, 0x5d, 0x2f, 0xc5, 0xff, 
	0x5d, 0x2f, 0xc5, 0xff, 0x5d, 0x2f, 0xc5, 0xff, 
	0x5d, 0x2f, 0xc5, 0xff, 0x5d, 0x2f, 0xc5, 0xff, 
	0x5d, 0x2f, 0xc5, 0xff, 0x5d, 0x2f, 0xc5, 0xff, 
	0x5d, 0x2f, 0xc5, 0xff, 0x5d, 0x2f, 0xc5, 0xff, 
	0x5d, 0x2f, 0xc5, 0xff, 0x5d, 0x2f, 0xc5, 0xff, 
	0x5d, 0x2f, 0xc5, 0xff, 0x5d, 0x2f, 0xc5, 0xff, 
	0x5d, 0x2f, 0xc5, 0xff, 0x5d, 0x2f, 0xc5, 0xff, 
	0x5d, 0x2f, 0xc5, 0xff, 0x5d, 0x2f, 0xc5, 0xff, 
	0x5d, 0x2f, 0xc5, 0xff, 0x5d, 0x2f, 0xc5, 0xff, 
	0x5d, 0x2f, 0xc5, 0xff, 0x5d, 0x2f, 0xc5, 0xff, 
	0x5d, 0x2f, 0xc5, 0xff, 0x5d, 0x2f, 0xc5, 0xff, 
	0x5d, 0x2f, 0xc5, 0xff, 0x5d, 0x2f, 0xc5, 0xff, 
	0x5d, 0x2f, 0xc5, 0xff, 0x5d, 0x2f, 0xc5, 0xff, 
	0x5d, 0x2f, 0xc5, 0xff, 0x5d, 0x2f, 0xc5, 0xff, 
	0x5d, 0x2f, 0xc5, 0xff, 0x5d, 0x2f, 0xc5, 0xff, 
	0x5d, 0x2f, 0xc5, 0xff, 0x5d, 0x2f, 0xc5, 0xff, 
	0x5d, 0x2f, 0xc5, 0xff, 0x5d, 0x2f, 0xc5, 0xff, 
	0x5d, 0x2f, 0xc5, 0xff, 0x5d, 0x2f, 0xc5, 0xff, 
	0x5d, 0x2f, 0xc5, 0xff, 0x5d, 0x2f, 0xc5, 0xff, 
	0x5d, 0x2f, 0xc5, 0xff, 0x5d, 0x2f, 0xc5, 0xff, 
	0x5d, 0x2f, 0xc5, 0xff, 0x5d, 0x2f, 0xc5, 0xff, 
	0x5d, 0x2f, 0xc5, 0xff, 0x5d, 0x2f, 0xc5, 0xff, 
	0x5d, 0x2f, 0xc5, 0xff, 0x5d, 0x2f, 0xc5, 0xff, 
	0x5d, 0x2f, 0xc5, 0xff, 0x5d, 0x2f, 0xc5, 0xff, 
	0x5d, 0x2f, 0xc5, 0xff, 0x5d, 0x2f, 0xc5, 0xff, 
	0x5d, 0x2f, 0xc5, 0xff, 0x5d, 0x2f, 0xc5, 0xff, 
	0x5d, 0x2f, 0xc5, 0xff, 0x5d, 0x2f, 0xc5, 0xff, 
	0x5d, 0x2f, 0xc5, 0xff, 0x5d, 0x2f, 0xc5, 0xff, 
	0x5d, 0x2f, 0xc5, 0xff, 0x5d, 0x2f, 0xc5, 0xff, 
	0x5d, 0x2f, 0xc5, 0xff, 0x5d, 0x2f, 0xc5, 0xff, 
	0x5d, 0x2f, 0xc5, 0xff, 0x5d, 0x2f, 0xc5, 0xff, 
	0x5d, 0x2f, 0xc5, 0xff, 0x5d, 0x2f, 0xc5, 0xff, 
	0x60, 0x31, 0xc6, 0xff, 0x60, 0x31, 0xc6, 0xff, 
	0x60, 0x31, 0xc6, 0xff, 0x63, 0x34, 0xc6, 0xff, 
	0x65, 0x31, 0xcb, 0xff, 0x65, 0x31, 0xcb, 0xff, 
	0x65, 0x31, 0xcb, 0xff, 0x65, 0x31, 0xcb, 0xff, 
	0x65, 0x31, 0xcb, 0xff, 0x6b, 0x34, 0xce, 0xff, 
	0x6b, 0x34, 0xce, 0xff, 0x6b, 0x34, 0xce, 0xff, 
	0x65, 0x31, 0xcb, 0xff, 0x6b, 0x34, 0xce, 0xff, 
	0x6b, 0x34, 0xce, 0xff, 0x6b, 0x34, 0xce, 0xff, 
	0x6b, 0x38, 0xce, 0xff, 0x6b, 0x38, 0xce, 0xff, 
	0x6b, 0x38, 0xce, 0xff, 0x6b, 0x38, 0xce, 0xff, 
	0x65, 0x3e, 0xd6, 0xff, 0x65, 0x3e, 0xd6, 0xff, 
	0x65, 0x3e, 0xd6, 0xff, 0x65, 0x3e, 0xd6, 0xff, 
	0x60, 0x38, 0xd0, 0xff, 0x60, 0x38, 0xd0, 0xff, 
	0x60, 0x38, 0xd0, 0xff, 0x60, 0x38, 0xd0, 0xff, 
	0x5a, 0x35, 0xcb, 0xff, 0x5a, 0x35, 0xcb, 0xff, 
	0x5a, 0x32, 0xc8, 0xff, 0x5a, 0x32, 0xc8, 0xff, 
	0x5d, 0x30, 0xc6, 0xff, 0x5d, 0x30, 0xc6, 0xff, 
	0x5d, 0x30, 0xc6, 0xff, 0x5d, 0x30, 0xc6, 0xff, 
	0x5d, 0x2f, 0xc5, 0xff, 0x5d, 0x2f, 0xc5, 0xff, 
	0x5d, 0x2f, 0xc5, 0xff, 0x5d, 0x2f, 0xc5, 0xff, 
	0x5d, 0x2f, 0xc5, 0xff, 0x5d, 0x2f, 0xc5, 0xff, 
	0x5d, 0x2f, 0xc5, 0xff, 0x5d, 0x2f, 0xc5, 0xff, 
	0x5d, 0x2f, 0xc5, 0xff, 0x5d, 0x2f, 0xc5, 0xff, 
	0x5d, 0x2f, 0xc5, 0xff, 0x5d, 0x2f, 0xc5, 0xff, 
	0x5d, 0x2f, 0xc5, 0xff, 0x5d, 0x2f, 0xc5, 0xff, 
	0x5d, 0x2f, 0xc5, 0xff, 0x5d, 0x2f, 0xc5, 0xff, 
	0x5d, 0x2f, 0xc5, 0xff, 0x5d, 0x2f, 0xc5, 0xff, 
	0x5d, 0x2f, 0xc5, 0xff, 0x5d, 0x2f, 0xc5, 0xff, 
	0x5d, 0x2f, 0xc5, 0xff, 0x5d, 0x2f, 0xc5, 0xff, 
	0x5d, 0x2f, 0xc5, 0xff, 0x5d, 0x2f, 0xc5, 0xff, 
	0x5d, 0x2f, 0xc5, 0xff, 0x5d, 0x2f, 0xc5, 0xff, 
	0x5d, 0x2f, 0xc5, 0xff, 0x5d, 0x2f, 0xc5, 0xff, 
	0x5d, 0x2f, 0xc5, 0xff, 0x5d, 0x2f, 0xc5, 0xff, 
	0x5d, 0x2f, 0xc5, 0xff, 0x5d, 0x2f, 0xc5, 0xff, 
	0x5d, 0x2f, 0xc5, 0xff, 0x5d, 0x2f, 0xc5, 0xff, 
	0x5d, 0x2f, 0xc5, 0xff, 0x5d, 0x2f, 0xc5, 0xff, 
	0x5d, 0x2f, 0xc5, 0xff, 0x5d, 0x2f, 0xc5, 0xff, 
	0x5d, 0x2f, 0xc5, 0xff, 0x5d, 0x2f, 0xc5, 0xff, 
	0x5d, 0x2f, 0xc5, 0xff, 0x5d, 0x2f, 0xc5, 0xff, 
	0x5d, 0x2f, 0xc5, 0xff, 0x5d, 0x2f, 0xc5, 0xff, 
	0x5d, 0x2f, 0xc5, 0xff, 0x5d, 0x2f, 0xc5, 0xff, 
	0x5d, 0x2f, 0xc5, 0xff, 0x5d, 0x2f, 0xc5, 0xff, 
	0x5d, 0x2f, 0xc5, 0xff, 0x5d, 0x2f, 0xc5, 0xff, 
	0x5d, 0x2f, 0xc5, 0xff, 0x5d, 0x2f, 0xc5, 0xff, 
	0x5d, 0x2f, 0xc5, 0xff, 0x5d, 0x2f, 0xc5, 0xff, 
	0x5d, 0x2f, 0xc5, 0xff, 0x5d, 0x2f, 0xc5, 0xff, 
	0x5d, 0x2f, 0xc5, 0xff, 0x5d, 0x2f, 0xc5, 0xff, 
	0x5d, 0x2f, 0xc5, 0xff, 0x5d, 0x2f, 0xc5, 0xff, 
	0x5d, 0x2f, 0xc5, 0xff, 0x5d, 0x2f, 0xc5, 0xff, 
	0x5d, 0x2f, 0xc5, 0xff, 0x5d, 0x2f, 0xc5, 0xff, 
	0x5d, 0x2f, 0xc5, 0xff, 0x5d, 0x2f, 0xc5, 0xff, 
	0x5d, 0x2f, 0xc5, 0xff, 0x5d, 0x2f, 0xc5, 0xff, 
	0x5d, 0x2f, 0xc5, 0xff, 0x5d, 0x2f, 0xc5, 0xff, 
	0x5d, 0x2f, 0xc5, 0xff, 0x5d, 0x2f, 0xc5, 0xff, 
	0x5d, 0x2f, 0xc5, 0xff, 0x5d, 0x2f, 0xc5, 0xff, 
	0x5d, 0x2f, 0xc5, 0xff, 0x5d, 0x2f, 0xc5, 0xff, 
	0x5d, 0x2f, 0xc5, 0xff, 0x5d, 0x2f, 0xc5, 0xff, 
	0x5d, 0x2f, 0xc5, 0xff, 0x5d, 0x2f, 0xc5, 0xff, 
	0x5d, 0x2f, 0xc5, 0xff, 0x5d, 0x2f, 0xc5, 0xff, 
	0x5d, 0x2f, 0xc5, 0xff, 0x5d, 0x2f, 0xc5, 0xff, 
	0x5d, 0x2f, 0xc5, 0xff, 0x5d, 0x2f, 0xc5, 0xff, 
	0x5d, 0x2f, 0xc5, 0xff, 0x5d, 0x2f, 0xc5, 0xff, 
	0x5d, 0x2f, 0xc5, 0xff, 0x5d, 0x2f, 0xc5, 0xff, 
	0x5d, 0x2f, 0xc5, 0xff, 0x5d, 0x2f, 0xc5, 0xff, 
	0x5d, 0x2e, 0xc6, 0xff, 0x5d, 0x2e, 0xc6, 0xff, 
	0x5d, 0x2e, 0xc6, 0xff, 0x5d, 0x2e, 0xc6, 0xff, 
	0x5f, 0x2e, 0xc8, 0xff, 0x5f, 0x2e, 0xc8, 0xff, 
	0x5f, 0x2e, 0xc8, 0xff, 0x5f, 0x2e, 0xc8, 0xff, 
	0x65, 0x31, 0xcb, 0xff, 0x65, 0x31, 0xcb, 0xff, 
	0x65, 0x31, 0xcb, 0xff, 0x65, 0x31, 0xcb, 0xff, 
	0x65, 0x31, 0xcb, 0xff, 0x65, 0x31, 0xcb, 0xff, 
	0x65, 0x31, 0xcb, 0xff, 0x65, 0x31, 0xcb, 0xff, 
	0x65, 0x34, 0xcb, 0xff, 0x65, 0x34, 0xcb, 0xff, 
	0x65, 0x34, 0xcb, 0xff, 0x65, 0x34, 0xcb, 0xff, 
	0x5f, 0x37, 0xce, 0xff, 0x5f, 0x37, 0xce, 0xff, 
	0x5f, 0x37, 0xce, 0xff, 0x5f, 0x37, 0xce, 0xff, 
	0x5d, 0x34, 0xcb, 0xff, 0x5d, 0x34, 0xcb, 0xff, 
	0x5d, 0x34, 0xcb, 0xff, 0x5d, 0x34, 0xcb, 0xff, 
	0x5a, 0x32, 0xc8, 0xff, 0x5a, 0x32, 0xc8, 0xff, 
	0x5a, 0x32, 0xc8, 0xff, 0x5a, 0x30, 0xc6, 0xff, 
	0x5d, 0x30, 0xc6, 0xff, 0x5d, 0x30, 0xc6, 0xff, 
	0x5d, 0x30, 0xc6, 0xff, 0x5d, 0x30, 0xc6, 0xff, 
	0x5d, 0x2f, 0xc5, 0xff, 0x5d, 0x2f, 0xc5, 0xff, 
	0x5d, 0x2f, 0xc5, 0xff, 0x5d, 0x2f, 0xc5, 0xff, 
	0x5d, 0x2f, 0xc5, 0xff, 0x5d, 0x2f, 0xc5, 0xff, 
	0x5d, 0x2f, 0xc5, 0xff, 0x5d, 0x2f, 0xc5, 0xff, 
	0x5d, 0x2f, 0xc5, 0xff, 0x5d, 0x2f, 0xc5, 0xff, 
	0x5d, 0x2f, 0xc5, 0xff, 0x5d, 0x2f, 0xc5, 0xff, 
	0x5d, 0x2f, 0xc5, 0xff, 0x5d, 0x2f, 0xc5, 0xff, 
	0x5d, 0x2f, 0xc5, 0xff, 0x5d, 0x2f, 0xc5, 0xff, 
	0x5d, 0x2f, 0xc5, 0xff, 0x5d, 0x2f, 0xc5, 0xff, 
	0x5d, 0x2f, 0xc5, 0xff, 0x5d, 0x2f, 0xc5, 0xff, 
	0x5d, 0x2f, 0xc5, 0xff, 0x5d, 0x2f, 0xc5, 0xff, 
	0x5d, 0x2f, 0xc5, 0xff, 0x5d, 0x2f, 0xc5, 0xff, 
	0x5d, 0x2f, 0xc5, 0xff, 0x5d, 0x2f, 0xc5, 0xff, 
	0x5d, 0x2f, 0xc5, 0xff, 0x5d, 0x2f, 0xc5, 0xff, 
	0x5d, 0x2f, 0xc5, 0xff, 0x5d, 0x2f, 0xc5, 0xff, 
	0x5d, 0x2f, 0xc5, 0xff, 0x5d, 0x2f, 0xc5, 0xff, 
	0x5d, 0x2f, 0xc5, 0xff, 0x5d, 0x2f, 0xc5, 0xff, 
	0x5d, 0x2f, 0xc5, 0xff, 0x5d, 0x2f, 0xc5, 0xff, 
	0x5d, 0x2f, 0xc5, 0xff, 0x5d, 0x2f, 0xc5, 0xff, 
	0x5d, 0x2f, 0xc5, 0xff, 0x5d, 0x2f, 0xc5, 0xff, 
	0x5d, 0x2f, 0xc5, 0xff, 0x5d, 0x2f, 0xc5, 0xff, 
	0x5d, 0x2f, 0xc5, 0xff, 0x5d, 0x2f, 0xc5, 0xff, 
	0x5d, 0x2f, 0xc5, 0xff, 0x5d, 0x2f, 0xc5, 0xff, 
	0x5d, 0x2f, 0xc5, 0xff, 0x5d, 0x2f, 0xc5, 0xff, 
	0x5d, 0x2f, 0xc5, 0xff, 0x5d, 0x2f, 0xc5, 0xff, 
	0x5d, 0x2f, 0xc5, 0xff, 0x5d, 0x2f, 0xc5, 0xff, 
	0x5d, 0x2f, 0xc5, 0xff, 0x5d, 0x2f, 0xc5, 0xff, 
	0x5d, 0x2f, 0xc5, 0xff, 0x5d, 0x2f, 0xc5, 0xff, 
	0x5d, 0x2f, 0xc5, 0xff, 0x5d, 0x2f, 0xc5, 0xff, 
	0x5d, 0x2f, 0xc5, 0xff, 0x5d, 0x2f, 0xc5, 0xff, 
	0x5d, 0x2f, 0xc5, 0xff, 0x5d, 0x2f, 0xc5, 0xff, 
	0x5d, 0x2f, 0xc5, 0xff, 0x5d, 0x2f, 0xc5, 0xff, 
	0x5d, 0x2f, 0xc5, 0xff, 0x5d, 0x2f, 0xc5, 0xff, 
	0x5d, 0x2f, 0xc5, 0xff, 0x5d, 0x2f, 0xc5, 0xff, 
	0x5d, 0x2f, 0xc5, 0xff, 0x5d, 0x2f, 0xc5, 0xff, 
	0x5d, 0x2f, 0xc5, 0xff, 0x5d, 0x2f, 0xc5, 0xff, 
	0x5d, 0x2f, 0xc5, 0xff, 0x5d, 0x2f, 0xc5, 0xff, 
	0x5d, 0x2f, 0xc5, 0xff, 0x5d, 0x2f, 0xc5, 0xff, 
	0x5d, 0x2f, 0xc5, 0xff, 0x5d, 0x2f, 0xc5, 0xff, 
	0x5d, 0x2f, 0xc5, 0xff, 0x5d, 0x2f, 0xc5, 0xff, 
	0x5d, 0x2f, 0xc5, 0xff, 0x5d, 0x2f, 0xc5, 0xff, 
	0x5d, 0x2f, 0xc5, 0xff, 0x5d, 0x2f, 0xc5, 0xff, 
	0x5d, 0x2f, 0xc5, 0xff, 0x5d, 0x2f, 0xc5, 0xff, 
	0x5d, 0x2f, 0xc5, 0xff, 0x5d, 0x2f, 0xc5, 0xff, 
	0x5d, 0x2f, 0xc5, 0xff, 0x5d, 0x2f, 0xc5, 0xff, 
	0x5d, 0x2f, 0xc5, 0xff, 0x5d, 0x2f, 0xc5, 0xff, 
	0x5d, 0x2e, 0xc6, 0xff, 0x5d, 0x2e, 0xc6, 0xff, 
	0x5d, 0x2e, 0xc6, 0xff, 0x5d, 0x2e, 0xc6, 0xff, 
	0x5f, 0x2e, 0xc8, 0xff, 0x5f, 0x2e, 0xc8, 0xff, 
	0x5f, 0x2e, 0xc8, 0xff, 0x5f, 0x2e, 0xc8, 0xff, 
	0x5f, 0x2e, 0xc8, 0xff, 0x5f, 0x2e, 0xc8, 0xff, 
	0x5f, 0x2e, 0xc8, 0xff, 0x5f, 0x2e, 0xc8, 0xff, 
	0x5f, 0x2e, 0xc8, 0xff, 0x5f, 0x2e, 0xc8, 0xff, 
	0x5f, 0x2e, 0xc8, 0xff, 0x5f, 0x2e, 0xc8, 0xff, 
	0x5f, 0x30, 0xc8, 0xff, 0x5f, 0x30, 0xc8, 0xff, 
	0x5f, 0x30, 0xc8, 0xff, 0x5f, 0x30, 0xc8, 0xff, 
	0x5a, 0x30, 0xc6, 0xff, 0x5a, 0x30, 0xc6, 0xff, 
	0x5a, 0x30, 0xc6, 0xff, 0x5a, 0x30, 0xc6, 0xff, 
	0x5a, 0x30, 0xc6, 0xff, 0x5a, 0x30, 0xc6, 0xff, 
	0x5a, 0x30, 0xc6, 0xff, 0x5a, 0x30, 0xc6, 0xff, 
	0x5a, 0x30, 0xc6, 0xff, 0x5a, 0x30, 0xc6, 0xff, 
	0x5a, 0x30, 0xc6, 0xff, 0x5a, 0x30, 0xc6, 0xff, 
	0x5d, 0x30, 0xc6, 0xff, 0x5d, 0x30, 0xc6, 0xff, 
	0x5d, 0x30, 0xc6, 0xff, 0x5d, 0x30, 0xc6, 0xff, 
	0x5d, 0x2f, 0xc5, 0xff, 0x5d, 0x2f, 0xc5, 0xff, 
	0x5d, 0x2f, 0xc5, 0xff, 0x5d, 0x2f, 0xc5, 0xff, 
	0x5d, 0x2f, 0xc5, 0xff, 0x5d, 0x2f, 0xc5, 0xff, 
	0x5d, 0x2f, 0xc5, 0xff, 0x5d, 0x2f, 0xc5, 0xff, 
	0x5d, 0x2f, 0xc5, 0xff, 0x5d, 0x2f, 0xc5, 0xff, 
	0x5d, 0x2f, 0xc5, 0xff, 0x5d, 0x2f, 0xc5, 0xff, 
	0x5d, 0x2f, 0xc5, 0xff, 0x5d, 0x2f, 0xc5, 0xff, 
	0x5d, 0x2f, 0xc5, 0xff, 0x5d, 0x2f, 0xc5, 0xff, 
	0x5d, 0x2f, 0xc5, 0xff, 0x5d, 0x2f, 0xc5, 0xff, 
	0x5d, 0x2f, 0xc5, 0xff, 0x5d, 0x2f, 0xc5, 0xff, 
	0x5d, 0x2f, 0xc5, 0xff, 0x5d, 0x2f, 0xc5, 0xff, 
	0x5d, 0x2f, 0xc5, 0xff, 0x5d, 0x2f, 0xc5, 0xff, 
	0x5d, 0x2f, 0xc5, 0xff, 0x5d, 0x2f, 0xc5, 0xff, 
	0x5d, 0x2f, 0xc5, 0xff, 0x5d, 0x2f, 0xc5, 0xff, 
	0x5d, 0x2f, 0xc5, 0xff, 0x5d, 0x2f, 0xc5, 0xff, 
	0x5d, 0x2f, 0xc5, 0xff, 0x5d, 0x2f, 0xc5, 0xff, 
	0x5d, 0x2f, 0xc5, 0xff, 0x5d, 0x2f, 0xc5, 0xff, 
	0x5d, 0x2f, 0xc5, 0xff, 0x5d, 0x2f, 0xc5, 0xff, 
	0x5d, 0x2f, 0xc5, 0xff, 0x5d, 0x2f, 0xc5, 0xff, 
	0x5d, 0x2f, 0xc5, 0xff, 0x5d, 0x2f, 0xc5, 0xff, 
	0x5d, 0x2f, 0xc5, 0xff, 0x5d, 0x2f, 0xc5, 0xff, 
	0x5d, 0x2f, 0xc5, 0xff, 0x5d, 0x2f, 0xc5, 0xff, 
	0x5d, 0x2f, 0xc5, 0xff, 0x5d, 0x2f, 0xc5, 0xff, 
	0x5d, 0x2f, 0xc5, 0xff, 0x5d, 0x2f, 0xc5, 0xff, 
	0x5d, 0x2f, 0xc5, 0xff, 0x5d, 0x2f, 0xc5, 0xff, 
	0x5d, 0x2f, 0xc5, 0xff, 0x5d, 0x2f, 0xc5, 0xff, 
	0x5d, 0x2f, 0xc5, 0xff, 0x5d, 0x2f, 0xc5, 0xff, 
	0x5d, 0x2f, 0xc5, 0xff, 0x5d, 0x2f, 0xc5, 0xff, 
	0x5d, 0x2f, 0xc5, 0xff, 0x5d, 0x2f, 0xc5, 0xff, 
	0x5d, 0x2f, 0xc5, 0xff, 0x5d, 0x2f, 0xc5, 0xff, 
	0x5d, 0x2f, 0xc5, 0xff, 0x5d, 0x2f, 0xc5, 0xff, 
	0x5d, 0x2f, 0xc5, 0xff, 0x5d, 0x2f, 0xc5, 0xff, 
	0x5d, 0x2f, 0xc5, 0xff, 0x5d, 0x2f, 0xc5, 0xff, 
	0x5d, 0x2f, 0xc5, 0xff, 0x5d, 0x2f, 0xc5, 0xff, 
	0x5d, 0x2f, 0xc5, 0xff, 0x5d, 0x2f, 0xc5, 0xff, 
	0x5d, 0x2f, 0xc5, 0xff, 0x5d, 0x2f, 0xc5, 0xff, 
	0x5d, 0x2f, 0xc5, 0xff, 0x5d, 0x2f, 0xc5, 0xff, 
	0x5d, 0x2f, 0xc5, 0xff, 0x5d, 0x2f, 0xc5, 0xff, 
	0x5d, 0x2f, 0xc5, 0xff, 0x5d, 0x2f, 0xc5, 0xff, 
	0x5d, 0x2f, 0xc5, 0xff, 0x5d, 0x2f, 0xc5, 0xff, 
	0x5d, 0x2f, 0xc5, 0xff, 0x5d, 0x2f, 0xc5, 0xff, 
	0x5d, 0x2f, 0xc5, 0xff, 0x5d, 0x2f, 0xc5, 0xff, 
	0x5d, 0x2f, 0xc5, 0xff, 0x5d, 0x2f, 0xc5, 0xff, 
	0x5d, 0x2f, 0xc5, 0xff, 0x5d, 0x2f, 0xc5, 0xff, 
	0x5d, 0x2f, 0xc5, 0xff, 0x5d, 0x2f, 0xc5, 0xff, 
	0x5d, 0x2f, 0xc5, 0xff, 0x5d, 0x2f, 0xc5, 0xff, 
	0x5d, 0x2e, 0xc6, 0xff, 0x5d, 0x2e, 0xc6, 0xff, 
	0x5d, 0x2e, 0xc6, 0xff, 0x5d, 0x2e, 0xc6, 0xff, 
	0x5f, 0x2e, 0xc8, 0xff, 0x5f, 0x2e, 0xc8, 0xff, 
	0x5f, 0x2e, 0xc8, 0xff, 0x5f, 0x2e, 0xc8, 0xff, 
	0x5f, 0x2e, 0xc8, 0xff, 0x5f, 0x2e, 0xc8, 0xff, 
	0x5f, 0x2e, 0xc8, 0xff, 0x5f, 0x2e, 0xc8, 0xff, 
	0x5f, 0x2e, 0xc8, 0xff, 0x5f, 0x2e, 0xc8, 0xff, 
	0x5f, 0x2e, 0xc8, 0xff, 0x5f, 0x2e, 0xc8, 0xff, 
	0x5f, 0x30, 0xc8, 0xff, 0x5a, 0x2c, 0xc6, 0xff, 
	0x5a, 0x2c, 0xc6, 0xff, 0x5a, 0x2c, 0xc6, 0xff, 
	0x5a, 0x30, 0xc6, 0xff, 0x5a, 0x30, 0xc6, 0xff, 
	0x5a, 0x30, 0xc6, 0xff, 0x5a, 0x30, 0xc6, 0xff, 
	0x5a, 0x30, 0xc6, 0xff, 0x5a, 0x30, 0xc6, 0xff, 
	0x5a, 0x30, 0xc6, 0xff, 0x5a, 0x30, 0xc6, 0xff, 
	0x5a, 0x30, 0xc6, 0xff, 0x5a, 0x30, 0xc6, 0xff, 
	0x5a, 0x30, 0xc6, 0xff, 0x5a, 0x30, 0xc6, 0xff, 
	0x5d, 0x30, 0xc6, 0xff, 0x5d, 0x30, 0xc6, 0xff, 
	0x5d, 0x30, 0xc6, 0xff, 0x5d, 0x30, 0xc6, 0xff, 
	0x5d, 0x2f, 0xc5, 0xff, 0x5d, 0x2f, 0xc5, 0xff, 
	0x5d, 0x2f, 0xc5, 0xff, 0x5d, 0x2f, 0xc5, 0xff, 
	0x5d, 0x2f, 0xc5, 0xff, 0x5d, 0x2f, 0xc5, 0xff, 
	0x5d, 0x2f, 0xc5, 0xff, 0x5d, 0x2f, 0xc5, 0xff, 
	0x5d, 0x2f, 0xc5, 0xff, 0x5d, 0x2f, 0xc5, 0xff, 
	0x5d, 0x2f, 0xc5, 0xff, 0x5d, 0x2f, 0xc5, 0xff, 
	0x5d, 0x2f, 0xc5, 0xff, 0x5d, 0x2f, 0xc5, 0xff, 
	0x5d, 0x2f, 0xc5, 0xff, 0x5d, 0x2f, 0xc5, 0xff, 
	0x5d, 0x2f, 0xc5, 0xff, 0x5d, 0x2f, 0xc5, 0xff, 
	0x5d, 0x2f, 0xc5, 0xff, 0x5d, 0x2f, 0xc5, 0xff, 
	0x5d, 0x2f, 0xc5, 0xff, 0x5d, 0x2f, 0xc5, 0xff, 
	0x5d, 0x2f, 0xc5, 0xff, 0x5d, 0x2f, 0xc5, 0xff, 
	0x5d, 0x2f, 0xc5, 0xff, 0x5d, 0x2f, 0xc5, 0xff, 
	0x5d, 0x2f, 0xc5, 0xff, 0x5d, 0x2f, 0xc5, 0xff, 
	0x5d, 0x2f, 0xc5, 0xff, 0x5d, 0x2f, 0xc5, 0xff, 
	0x5d, 0x2f, 0xc5, 0xff, 0x5d, 0x2f, 0xc5, 0xff, 
	0x5d, 0x2f, 0xc5, 0xff, 0x5d, 0x2f, 0xc5, 0xff, 
	0x5d, 0x2f, 0xc5, 0xff, 0x5d, 0x2f, 0xc5, 0xff, 
	0x5d, 0x2f, 0xc5, 0xff, 0x5d, 0x2f, 0xc5, 0xff, 
	0x5d, 0x2f, 0xc5, 0xff, 0x5d, 0x2f, 0xc5, 0xff, 
	0x5d, 0x2f, 0xc5, 0xff, 0x5d, 0x2f, 0xc5, 0xff, 
	0x5d, 0x2f, 0xc5, 0xff, 0x5d, 0x2f, 0xc5, 0xff, 
	0x5d, 0x2f, 0xc5, 0xff, 0x5d, 0x2f, 0xc5, 0xff, 
	0x5d, 0x2f, 0xc5, 0xff, 0x5d, 0x2f, 0xc5, 0xff, 
	0x5d, 0x2f, 0xc5, 0xff, 0x5d, 0x2f, 0xc5, 0xff, 
	0x5d, 0x2f, 0xc5, 0xff, 0x5d, 0x2f, 0xc5, 0xff, 
	0x5d, 0x2f, 0xc5, 0xff, 0x5d, 0x2f, 0xc5, 0xff, 
	0x5d, 0x2f, 0xc5, 0xff, 0x5d, 0x2f, 0xc5, 0xff, 
	0x5d, 0x2f, 0xc5, 0xff, 0x5d, 0x2f, 0xc5, 0xff, 
	0x5d, 0x2f, 0xc5, 0xff, 0x5d, 0x2f, 0xc5, 0xff, 
	0x5d, 0x2f, 0xc5, 0xff, 0x5d, 0x2f, 0xc5, 0xff, 
	0x5d, 0x2f, 0xc5, 0xff, 0x5d, 0x2f, 0xc5, 0xff, 
	0x5d, 0x2f, 0xc5, 0xff, 0x5d, 0x2f, 0xc5, 0xff, 
	0x5d, 0x2f, 0xc5, 0xff, 0x5d, 0x2f, 0xc5, 0xff, 
	0x5d, 0x2f, 0xc5, 0xff, 0x5d, 0x2f, 0xc5, 0xff, 
	0x5d, 0x2f, 0xc5, 0xff, 0x5d, 0x2f, 0xc5, 0xff, 
	0x5d, 0x2f, 0xc5, 0xff, 0x5d, 0x2f, 0xc5, 0xff, 
	0x5d, 0x2f, 0xc5, 0xff, 0x5d, 0x2f, 0xc5, 0xff, 
	0x5d, 0x2f, 0xc5, 0xff, 0x5d, 0x2f, 0xc5, 0xff, 
	0x5d, 0x2f, 0xc5, 0xff, 0x5d, 0x2f, 0xc5, 0xff, 
	0x5d, 0x2f, 0xc5, 0xff, 0x5d, 0x2f, 0xc5, 0xff, 
	0x5d, 0x2f, 0xc5, 0xff, 0x5d, 0x2f, 0xc5, 0xff, 
	0x5d, 0x2f, 0xc5, 0xff, 0x5d, 0x2f, 0xc5, 0xff, 
	0x5d, 0x2f, 0xc5, 0xff, 0x5d, 0x2f, 0xc5, 0xff, 
	0x5d, 0x2f, 0xc5, 0xff, 0x5d, 0x2f, 0xc5, 0xff, 
	0x5d, 0x2f, 0xc5, 0xff, 0x5d, 0x2f, 0xc5, 0xff, 
	0x5d, 0x2f, 0xc5, 0xff, 0x5d, 0x2f, 0xc5, 0xff, 
	0x5d, 0x2f, 0xc5, 0xff, 0x5d, 0x2f, 0xc5, 0xff, 
	0x5d, 0x2f, 0xc5, 0xff, 0x5d, 0x2f, 0xc5, 0xff, 
	0x5d, 0x2f, 0xc5, 0xff, 0x5d, 0x2f, 0xc5, 0xff, 
	0x5d, 0x2f, 0xc5, 0xff, 0x5d, 0x2f, 0xc5, 0xff, 
	0x5d, 0x2f, 0xc5, 0xff, 0x5d, 0x2f, 0xc5, 0xff, 
	0x5d, 0x2f, 0xc5, 0xff, 0x5d, 0x2f, 0xc5, 0xff, 
	0x5d, 0x2f, 0xc5, 0xff, 0x5d, 0x2f, 0xc5, 0xff, 
	0x5d, 0x2f, 0xc5, 0xff, 0x5d, 0x2f, 0xc5, 0xff, 
	0x5d, 0x2f, 0xc5, 0xff, 0x5d, 0x2f, 0xc5, 0xff, 
	0x5d, 0x2f, 0xc5, 0xff, 0x5d, 0x2f, 0xc5, 0xff, 
	0x5d, 0x2f, 0xc5, 0xff, 0x5d, 0x2f, 0xc5, 0xff, 
	0x5d, 0x2f, 0xc5, 0xff, 0x5d, 0x2f, 0xc5, 0xff, 
	0x5d, 0x2f, 0xc5, 0xff, 0x5d, 0x2f, 0xc5, 0xff, 
	0x5d, 0x2f, 0xc5, 0xff, 0x5d, 0x2f, 0xc5, 0xff, 
	0x5d, 0x2f, 0xc5, 0xff, 0x5d, 0x2f, 0xc5, 0xff, 
	0x5d, 0x2f, 0xc5, 0xff, 0x5d, 0x2f, 0xc5, 0xff, 
	0x5d, 0x2f, 0xc5, 0xff, 0x5d, 0x2f, 0xc5, 0xff, 
	0x5d, 0x2f, 0xc5, 0xff, 0x5d, 0x2f, 0xc5, 0xff, 
	0x5d, 0x2f, 0xc5, 0xff, 0x5d, 0x2f, 0xc5, 0xff, 
	0x5d, 0x2f, 0xc5, 0xff, 0x5d, 0x2f, 0xc5, 0xff, 
	0x5d, 0x2f, 0xc5, 0xff, 0x5d, 0x2f, 0xc5, 0xff, 
	0x5d, 0x2f, 0xc5, 0xff, 0x5d, 0x2f, 0xc5, 0xff, 
	0x5d, 0x2f, 0xc5, 0xff, 0x5d, 0x2f, 0xc5, 0xff, 
	0x5d, 0x2f, 0xc5, 0xff, 0x5d, 0x2f, 0xc5, 0xff, 
	0x5d, 0x2f, 0xc5, 0xff, 0x5d, 0x2f, 0xc5, 0xff, 
	0x5d, 0x2f, 0xc5, 0xff, 0x5d, 0x2f, 0xc5, 0xff, 
	0x5d, 0x2f, 0xc5, 0xff, 0x5d, 0x2f, 0xc5, 0xff, 
	0x5d, 0x2f, 0xc5, 0xff, 0x5d, 0x2f, 0xc5, 0xff, 
	0x5d, 0x2f, 0xc5, 0xff, 0x5d, 0x2f, 0xc5, 0xff, 
	0x5d, 0x2f, 0xc5, 0xff, 0x5d, 0x2f, 0xc5, 0xff, 
	0x5d, 0x2f, 0xc5, 0xff, 0x5d, 0x2f, 0xc5, 0xff, 
	0x5d, 0x2f, 0xc5, 0xff, 0x5d, 0x2f, 0xc5, 0xff, 
	0x5d, 0x2f, 0xc5, 0xff, 0x5d, 0x2f, 0xc5, 0xff, 
	0x5d, 0x2f, 0xc5, 0xff, 0x5d, 0x2f, 0xc5, 0xff, 
	0x5d, 0x2f, 0xc5, 0xff, 0x5d, 0x2f, 0xc5, 0xff, 
	0x5d, 0x2f, 0xc5, 0xff, 0x5d, 0x2f, 0xc5, 0xff, 
	0x5d, 0x2f, 0xc5, 0xff, 0x5d, 0x2f, 0xc5, 0xff, 
	0x5d, 0x2f, 0xc5, 0xff, 0x5d, 0x2f, 0xc5, 0xff, 
	0x5d, 0x2f, 0xc5, 0xff, 0x5d, 0x2f, 0xc5, 0xff, 
	0x5d, 0x2f, 0xc5, 0xff, 0x5d, 0x2f, 0xc5, 0xff, 
	0x5d, 0x2f, 0xc5, 0xff, 0x5d, 0x2f, 0xc5, 0xff, 
	0x5d, 0x2f, 0xc5, 0xff, 0x5d, 0x2f, 0xc5, 0xff, 
	0x5d, 0x2f, 0xc5, 0xff, 0x5d, 0x2f, 0xc5, 0xff, 
	0x5d, 0x2f, 0xc5, 0xff, 0x5d, 0x2f, 0xc5, 0xff, 
	0x5d, 0x2f, 0xc5, 0xff, 0x5d, 0x2f, 0xc5, 0xff, 
	0x5d, 0x2f, 0xc5, 0xff, 0x5d, 0x2f, 0xc5, 0xff, 
	0x5d, 0x2f, 0xc5, 0xff, 0x5d, 0x2f, 0xc5, 0xff, 
	0x5d, 0x2f, 0xc5, 0xff, 0x5d, 0x2f, 0xc5, 0xff, 
	0x5d, 0x2f, 0xc5, 0xff, 0x5d, 0x2f, 0xc5, 0xff, 
	0x5d, 0x2f, 0xc5, 0xff, 0x5d, 0x2f, 0xc5, 0xff, 
	0x5d, 0x2f, 0xc5, 0xff, 0x5d, 0x2f, 0xc5, 0xff, 
	0x5d, 0x2f, 0xc5, 0xff, 0x5d, 0x2f, 0xc5, 0xff, 
	0x5d, 0x2f, 0xc5, 0xff, 0x5d, 0x2f, 0xc5, 0xff, 
	0x5d, 0x2f, 0xc5, 0xff, 0x5d, 0x2f, 0xc5, 0xff, 
	0x5d, 0x2f, 0xc5, 0xff, 0x5d, 0x2f, 0xc5, 0xff, 
	0x5d, 0x2f, 0xc5, 0xff, 0x5d, 0x2f, 0xc5, 0xff, 
	0x5d, 0x2f, 0xc5, 0xff, 0x5d, 0x2f, 0xc5, 0xff, 
	0x5d, 0x2f, 0xc5, 0xff, 0x5d, 0x2f, 0xc5, 0xff, 
	0x5d, 0x2f, 0xc5, 0xff, 0x5d, 0x2f, 0xc5, 0xff, 
	0x5d, 0x2f, 0xc5, 0xff, 0x5d, 0x2f, 0xc5, 0xff, 
	0x5d, 0x2f, 0xc5, 0xff, 0x5d, 0x2f, 0xc5, 0xff, 
	0x5d, 0x2f, 0xc5, 0xff, 0x5d, 0x2f, 0xc5, 0xff, 
	0x5d, 0x2f, 0xc5, 0xff, 0x5d, 0x2f, 0xc5, 0xff, 
	0x5d, 0x2f, 0xc5, 0xff, 0x5d, 0x2f, 0xc5, 0xff, 
	0x5d, 0x2f, 0xc5, 0xff, 0x5d, 0x2f, 0xc5, 0xff, 
	0x5d, 0x2f, 0xc5, 0xff, 0x5d, 0x2f, 0xc5, 0xff, 
	0x5d, 0x2f, 0xc5, 0xff, 0x5d, 0x2f, 0xc5, 0xff, 
	0x5d, 0x2f, 0xc5, 0xff, 0x5d, 0x2f, 0xc5, 0xff, 
	0x5d, 0x2f, 0xc5, 0xff, 0x5d, 0x2f, 0xc5, 0xff, 
	0x5d, 0x2f, 0xc5, 0xff, 0x5d, 0x2f, 0xc5, 0xff, 
	0x5d, 0x2f, 0xc5, 0xff, 0x5d, 0x2f, 0xc5, 0xff, 
	0x5d, 0x2f, 0xc5, 0xff, 0x5d, 0x2f, 0xc5, 0xff, 
	0x5d, 0x2f, 0xc5, 0xff, 0x5d, 0x2f, 0xc5, 0xff, 
	0x5d, 0x2f, 0xc5, 0xff, 0x5d, 0x2f, 0xc5, 0xff, 
	0x5d, 0x2f, 0xc5, 0xff, 0x5d, 0x2f, 0xc5, 0xff, 
	0x5d, 0x2f, 0xc5, 0xff, 0x5d, 0x2f, 0xc5, 0xff, 
	0x5d, 0x2f, 0xc5, 0xff, 0x5d, 0x2f, 0xc5, 0xff, 
	0x5d, 0x2f, 0xc5, 0xff, 0x5d, 0x2f, 0xc5, 0xff, 
	0x5d, 0x2f, 0xc5, 0xff, 0x5d, 0x2f, 0xc5, 0xff, 
	0x5d, 0x2f, 0xc5, 0xff, 0x5d, 0x2f, 0xc5, 0xff, 
	0x5d, 0x2f, 0xc5, 0xff, 0x5d, 0x2f, 0xc5, 0xff, 
	0x5d, 0x2f, 0xc5, 0xff, 0x5d, 0x2f, 0xc5, 0xff, 
	0x5d, 0x2f, 0xc5, 0xff, 0x5d, 0x2f, 0xc5, 0xff, 
	0x5d, 0x2f, 0xc5, 0xff, 0x5d, 0x2f, 0xc5, 0xff, 
	0x5d, 0x2f, 0xc5, 0xff, 0x5d, 0x2f, 0xc5, 0xff, 
	0x5d, 0x2f, 0xc5, 0xff, 0x5d, 0x2f, 0xc5, 0xff, 
	0x5d, 0x2f, 0xc5, 0xff, 0x5d, 0x2f, 0xc5, 0xff, 
	0x5d, 0x2f, 0xc5, 0xff, 0x5d, 0x2f, 0xc5, 0xff, 
	0x5d, 0x2f, 0xc5, 0xff, 0x5d, 0x2f, 0xc5, 0xff, 
	0x5d, 0x2f, 0xc5, 0xff, 0x5d, 0x2f, 0xc5, 0xff, 
	0x5d, 0x2f, 0xc5, 0xff, 0x5d, 0x2f, 0xc5, 0xff, 
	0x5d, 0x2f, 0xc5, 0xff, 0x5d, 0x2f, 0xc5, 0xff, 
	0x5d, 0x2f, 0xc5, 0xff, 0x5d, 0x2f, 0xc5, 0xff, 
	0x5d, 0x2f, 0xc5, 0xff, 0x5d, 0x2f, 0xc5, 0xff, 
	0x5d, 0x2f, 0xc5, 0xff, 0x5d, 0x2f, 0xc5, 0xff, 
	0x5d, 0x2f, 0xc5, 0xff, 0x5d, 0x2f, 0xc5, 0xff, 
	0x5d, 0x2f, 0xc5, 0xff, 0x5d, 0x2f, 0xc5, 0xff, 
	0x5d, 0x2f, 0xc5, 0xff, 0x5d, 0x2f, 0xc5, 0xff, 
	0x5d, 0x2f, 0xc5, 0xff, 0x5d, 0x2f, 0xc5, 0xff, 
	0x5d, 0x2f, 0xc5, 0xff, 0x5d, 0x2f, 0xc5, 0xff, 
	0x5d, 0x2f, 0xc5, 0xff, 0x5d, 0x2f, 0xc5, 0xff, 
	0x5d, 0x2f, 0xc5, 0xff, 0x5d, 0x2f, 0xc5, 0xff, 
	0x5d, 0x2f, 0xc5, 0xff, 0x5d, 0x2f, 0xc5, 0xff, 
	0x5d, 0x2f, 0xc5, 0xff, 0x5d, 0x2f, 0xc5, 0xff, 
	0x5d, 0x2f, 0xc5, 0xff, 0x5d, 0x2f, 0xc5, 0xff, 
	0x5d, 0x2f, 0xc5, 0xff, 0x5d, 0x2f, 0xc5, 0xff, 
	0x5d, 0x2f, 0xc5, 0xff, 0x5d, 0x2f, 0xc5, 0xff, 
	0x5d, 0x2f, 0xc5, 0xff, 0x5d, 0x2f, 0xc5, 0xff, 
	0x5d, 0x2f, 0xc5, 0xff, 0x5d, 0x2f, 0xc5, 0xff, 
	0x5d, 0x2f, 0xc5, 0xff, 0x5d, 0x2f, 0xc5, 0xff, 
	0x5d, 0x2f, 0xc5, 0xff, 0x5d, 0x2f, 0xc5, 0xff, 
	0x5d, 0x2f, 0xc5, 0xff, 0x5d, 0x2f, 0xc5, 0xff, 
	0x5d, 0x2f, 0xc5, 0xff, 0x5d, 0x2f, 0xc5, 0xff, 
	0x5d, 0x2f, 0xc5, 0xff, 0x5d, 0x2f, 0xc5, 0xff, 
	0x5d, 0x2f, 0xc5, 0xff, 0x5d, 0x2f, 0xc5, 0xff, 
	0x5d, 0x2f, 0xc5, 0xff, 0x5d, 0x2f, 0xc5, 0xff, 
	0x5d, 0x2f, 0xc5, 0xff, 0x5d, 0x2f, 0xc5, 0xff, 
	0x5d, 0x2f, 0xc5, 0xff, 0x5d, 0x2f, 0xc5, 0xff, 
	0x5d, 0x2f, 0xc5, 0xff, 0x5d, 0x2f, 0xc5, 0xff, 
	0x5d, 0x2f, 0xc5, 0xff, 0x5d, 0x2f, 0xc5, 0xff, 
	0x5d, 0x2f, 0xc5, 0xff, 0x5d, 0x2f, 0xc5, 0xff, 
	0x5d, 0x2f, 0xc5, 0xff, 0x5d, 0x2f, 0xc5, 0xff, 
	0x5d, 0x2f, 0xc5, 0xff, 0x5d, 0x2f, 0xc5, 0xff, 
	0x5d, 0x2f, 0xc5, 0xff, 0x5d, 0x2f, 0xc5, 0xff, 
	0x5d, 0x2f, 0xc5, 0xff, 0x5d, 0x2f, 0xc5, 0xff, 
	0x5d, 0x2f, 0xc5, 0xff, 0x5d, 0x2f, 0xc5, 0xff, 
	0x5d, 0x2f, 0xc5, 0xff, 0x5d, 0x2f, 0xc5, 0xff, 
	0x5d, 0x2f, 0xc5, 0xff, 0x5d, 0x2f, 0xc5, 0xff, 
	0x5d, 0x2f, 0xc5, 0xff, 0x5d, 0x2f, 0xc5, 0xff, 
	0x5d, 0x2f, 0xc5, 0xff, 0x5d, 0x2f, 0xc5, 0xff, 
	0x5d, 0x2f, 0xc5, 0xff, 0x5d, 0x2f, 0xc5, 0xff, 
	0x5d, 0x2f, 0xc5, 0xff, 0x5d, 0x2f, 0xc5, 0xff, 
	0x5d, 0x2f, 0xc5, 0xff, 0x5d, 0x2f, 0xc5, 0xff, 
	0x5d, 0x2f, 0xc5, 0xff, 0x5d, 0x2f, 0xc5, 0xff, 
	0x5d, 0x2f, 0xc5, 0xff, 0x5d, 0x2f, 0xc5, 0xff, 
	0x5d, 0x2f, 0xc5, 0xff, 0x5d, 0x2f, 0xc5, 0xff, 
	0x5d, 0x2f, 0xc5, 0xff, 0x5d, 0x2f, 0xc5, 0xff, 
	0x5d, 0x2f, 0xc5, 0xff, 0x5d, 0x2f, 0xc5, 0xff, 
	0x5d, 0x2f, 0xc5, 0xff, 0x5d, 0x2f, 0xc5, 0xff, 
	0x5d, 0x2f, 0xc5, 0xff, 0x5d, 0x2f, 0xc5, 0xff, 
	0x5d, 0x2f, 0xc5, 0xff, 0x5d, 0x2f, 0xc5, 0xff, 
	0x5d, 0x2f, 0xc5, 0xff, 0x5d, 0x2f, 0xc5, 0xff, 
	0x5d, 0x2f, 0xc5, 0xff, 0x5d, 0x2f, 0xc5, 0xff, 
	0x5d, 0x2f, 0xc5, 0xff, 0x5d, 0x2f, 0xc5, 0xff, 
	0x5d, 0x2f, 0xc5, 0xff, 0x5d, 0x2f, 0xc5, 0xff, 
	0x5d, 0x2f, 0xc5, 0xff, 0x5d, 0x2f, 0xc5, 0xff, 
	0x5d, 0x2f, 0xc5, 0xff, 0x5d, 0x2f, 0xc5, 0xff, 
	0x5d, 0x2f, 0xc5, 0xff, 0x5d, 0x2f, 0xc5, 0xff, 
	0x5d, 0x2f, 0xc5, 0xff, 0x5d, 0x2f, 0xc5, 0xff, 
	0x5d, 0x2f, 0xc5, 0xff, 0x5d, 0x2f, 0xc5, 0xff, 
	0x5d, 0x2f, 0xc5, 0xff, 0x5d, 0x2f, 0xc5, 0xff, 
	0x5d, 0x2f, 0xc5, 0xff, 0x5d, 0x2f, 0xc5, 0xff, 
	0x5d, 0x2f, 0xc5, 0xff, 0x5d, 0x2f, 0xc5, 0xff, 
	0x5d, 0x2f, 0xc5, 0xff, 0x5d, 0x2f, 0xc5, 0xff, 
	0x5d, 0x2f, 0xc5, 0xff, 0x5d, 0x2f, 0xc5, 0xff, 
	0x5d, 0x2f, 0xc5, 0xff, 0x5d, 0x2f, 0xc5, 0xff, 
	0x5d, 0x2f, 0xc5, 0xff, 0x5d, 0x2f, 0xc5, 0xff, 
	0x5d, 0x2f, 0xc5, 0xff, 0x5d, 0x2f, 0xc5, 0xff, 
	0x5d, 0x2f, 0xc5, 0xff, 0x5d, 0x2f, 0xc5, 0xff, 
	0x5d, 0x2f, 0xc5, 0xff, 0x5d, 0x2f, 0xc5, 0xff, 
	0x5d, 0x2f, 0xc5, 0xff, 0x5d, 0x2f, 0xc5, 0xff, 
	0x5d, 0x2f, 0xc5, 0xff, 0x5d, 0x2f, 0xc5, 0xff, 
	0x5d, 0x2f, 0xc5, 0xff, 0x5d, 0x2f, 0xc5, 0xff, 
	0x5d, 0x2f, 0xc5, 0xff, 0x5d, 0x2f, 0xc5, 0xff, 
	0x5d, 0x2f, 0xc5, 0xff, 0x5d, 0x2f, 0xc5, 0xff, 
	0x5d, 0x2f, 0xc5, 0xff, 0x5d, 0x2f, 0xc5, 0xff, 
	0x5d, 0x2f, 0xc5, 0xff, 0x5d, 0x2f, 0xc5, 0xff, 
	0x5d, 0x2f, 0xc5, 0xff, 0x5d, 0x2f, 0xc5, 0xff, 
	0x5d, 0x2f, 0xc5, 0xff, 0x5d, 0x2f, 0xc5, 0xff, 
	0x5d, 0x2f, 0xc5, 0xff, 0x5d, 0x2f, 0xc5, 0xff, 
	0x5d, 0x2f, 0xc5, 0xff, 0x5d, 0x2f, 0xc5, 0xff, 
	0x5d, 0x2f, 0xc5, 0xff, 0x5d, 0x2f, 0xc5, 0xff, 
	0x5d, 0x2f, 0xc5, 0xff, 0x5d, 0x2f, 0xc5, 0xff, 
	0x5d, 0x2f, 0xc5, 0xff, 0x5d, 0x2f, 0xc5, 0xff, 
	0x5d, 0x2f, 0xc5, 0xff, 0x5d, 0x2f, 0xc5, 0xff, 
	0x5d, 0x2f, 0xc5, 0xff, 0x5d, 0x2f, 0xc5, 0xff, 
	0x5d, 0x2f, 0xc5, 0xff, 0x5d, 0x2f, 0xc5, 0xff, 
	0x5d, 0x2f, 0xc5, 0xff, 0x5d, 0x2f, 0xc5, 0xff, 
	0x5d, 0x2f, 0xc5, 0xff, 0x5d, 0x2f, 0xc5, 0xff, 
	0x5d, 0x2f, 0xc5, 0xff, 0x5d, 0x2f, 0xc5, 0xff, 
	0x5d, 0x2f, 0xc5, 0xff, 0x5d, 0x2f, 0xc5, 0xff, 
	0x5d, 0x2f, 0xc5, 0xff, 0x5d, 0x2f, 0xc5, 0xff, 
	0x5d, 0x2f, 0xc5, 0xff, 0x5d, 0x2f, 0xc5, 0xff, 
	0x5d, 0x2f, 0xc5, 0xff, 0x5d, 0x2f, 0xc5, 0xff, 
	0x5d, 0x2f, 0xc5, 0xff, 0x5d, 0x2f, 0xc5, 0xff, 
	0x5d, 0x2f, 0xc5, 0xff, 0x5d, 0x2f, 0xc5, 0xff, 
	0x5d, 0x2f, 0xc5, 0xff, 0x5d, 0x2f, 0xc5, 0xff, 
	0x5d, 0x2f, 0xc5, 0xff, 0x5d, 0x2f, 0xc5, 0xff, 
	0x5d, 0x2f, 0xc5, 0xff, 0x5d, 0x2f, 0xc5, 0xff, 
	0x5d, 0x2f, 0xc5, 0xff, 0x5d, 0x2f, 0xc5, 0xff, 
	0x5d, 0x2f, 0xc5, 0xff, 0x5d, 0x2f, 0xc5, 0xff, 
	0x5d, 0x2f, 0xc5, 0xff, 0x5d, 0x2f, 0xc5, 0xff, 
	0x5d, 0x2f, 0xc5, 0xff, 0x5d, 0x2f, 0xc5, 0xff, 
	0x5d, 0x2f, 0xc5, 0xff, 0x5d, 0x2f, 0xc5, 0xff, 
	0x5d, 0x2f, 0xc5, 0xff, 0x5d, 0x2f, 0xc5, 0xff, 
	0x5d, 0x2f, 0xc5, 0xff, 0x5d, 0x2f, 0xc5, 0xff, 
	0x5d, 0x2f, 0xc5, 0xff, 0x5d, 0x2f, 0xc5, 0xff, 
	0x5d, 0x2f, 0xc5, 0xff, 0x5d, 0x2f, 0xc5, 0xff, 
	0x5d, 0x2f, 0xc5, 0xff, 0x5d, 0x2f, 0xc5, 0xff, 
	0x5d, 0x2f, 0xc5, 0xff, 0x5d, 0x2f, 0xc5, 0xff, 
	0x5d, 0x2f, 0xc5, 0xff, 0x5d, 0x2f, 0xc5, 0xff, 
	0x5d, 0x2f, 0xc5, 0xff, 0x5d, 0x2f, 0xc5, 0xff, 
	0x5d, 0x2f, 0xc5, 0xff, 0x5d, 0x2f, 0xc5, 0xff, 
	0x5d, 0x2f, 0xc5, 0xff, 0x5d, 0x2f, 0xc5, 0xff, 
	0x5d, 0x2f, 0xc5, 0xff, 0x5d, 0x2f, 0xc5, 0xff, 
	0x5d, 0x2f, 0xc5, 0xff, 0x5d, 0x2f, 0xc5, 0xff, 
	0x5d, 0x2f, 0xc5, 0xff, 0x5d, 0x2f, 0xc5, 0xff, 
	0x5d, 0x2f, 0xc5, 0xff, 0x5d, 0x2f, 0xc5, 0xff, 
	0x5d, 0x2f, 0xc5, 0xff, 0x5d, 0x2f, 0xc5, 0xff, 
	0x5d, 0x2f, 0xc5, 0xff, 0x5d, 0x2f, 0xc5, 0xff, 
	0x5d, 0x2f, 0xc5, 0xff, 0x5d, 0x2f, 0xc5, 0xff, 
	0x5d, 0x2f, 0xc5, 0xff, 0x5d, 0x2f, 0xc5, 0xff, 
	0x5d, 0x2f, 0xc5, 0xff, 0x5d, 0x2f, 0xc5, 0xff, 
	0x5d, 0x2f, 0xc5, 0xff, 0x5d, 0x2f, 0xc5, 0xff, 
	0x5d, 0x2f, 0xc5, 0xff, 0x5d, 0x2f, 0xc5, 0xff, 
	0x5d, 0x2f, 0xc5, 0xff, 0x5d, 0x2f, 0xc5, 0xff, 
	0x5d, 0x2f, 0xc5, 0xff, 0x5d, 0x2f, 0xc5, 0xff, 
	0x5d, 0x2f, 0xc5, 0xff, 0x5d, 0x2f, 0xc5, 0xff, 
	0x5d, 0x2f, 0xc5, 0xff, 0x5d, 0x2f, 0xc5, 0xff, 
	0x5d, 0x2f, 0xc5, 0xff, 0x5d, 0x2f, 0xc5, 0xff, 
	0x5d, 0x2f, 0xc5, 0xff, 0x5d, 0x2f, 0xc5, 0xff, 
	0x5d, 0x2f, 0xc5, 0xff, 0x5d, 0x2f, 0xc5, 0xff, 
	0x5d, 0x2f, 0xc5, 0xff, 0x5d, 0x2f, 0xc5, 0xff, 
	0x5d, 0x2f, 0xc5, 0xff, 0x5d, 0x2f, 0xc5, 0xff, 
	0x5d, 0x2f, 0xc5, 0xff, 0x5d, 0x2f, 0xc5, 0xff, 
	0x5d, 0x2f, 0xc5, 0xff, 0x5d, 0x2f, 0xc5, 0xff, 
	0x5d, 0x2f, 0xc5, 0xff, 0x5d, 0x2f, 0xc5, 0xff, 
	0x5d, 0x2f, 0xc5, 0xff, 0x5d, 0x2f, 0xc5, 0xff, 
	0x5d, 0x2f, 0xc5, 0xff, 0x5d, 0x2f, 0xc5, 0xff, 
	0x5d, 0x2f, 0xc5, 0xff, 0x5d, 0x2f, 0xc5, 0xff, 
	0x5d, 0x2f, 0xc5, 0xff, 0x5d, 0x2f, 0xc5, 0xff, 
	
};

Vtx r64planet_objplanet_mesh_layer_1_vtx_cull[8] = {
	{{{-351, -106, 368}, 0, {0, 0}, {0x00, 0x00, 0x00, 0x00}}},
	{{{-351, 114, 368}, 0, {0, 0}, {0x00, 0x00, 0x00, 0x00}}},
	{{{-351, 114, -369}, 0, {0, 0}, {0x00, 0x00, 0x00, 0x00}}},
	{{{-351, -106, -369}, 0, {0, 0}, {0x00, 0x00, 0x00, 0x00}}},
	{{{350, -106, 368}, 0, {0, 0}, {0x00, 0x00, 0x00, 0x00}}},
	{{{350, 114, 368}, 0, {0, 0}, {0x00, 0x00, 0x00, 0x00}}},
	{{{350, 114, -369}, 0, {0, 0}, {0x00, 0x00, 0x00, 0x00}}},
	{{{350, -106, -369}, 0, {0, 0}, {0x00, 0x00, 0x00, 0x00}}},
};

Vtx r64planet_objplanet_mesh_layer_1_vtx_0[300] = {
	{{{0, -106, 0}, 0, {2033, 2032}, {0x01, 0x81, 0x00, 0xFF}}},
	{{{54, -91, 0}, 0, {1497, 2168}, {0x45, 0x95, 0x00, 0xFF}}},
	{{{43, -91, 31}, 0, {1682, 2445}, {0x38, 0x95, 0x28, 0xFF}}},
	{{{0, -106, 0}, 0, {2033, 2032}, {0x00, 0x81, 0x01, 0xFF}}},
	{{{43, -91, 31}, 0, {1682, 2445}, {0x37, 0x95, 0x29, 0xFF}}},
	{{{16, -91, 51}, 0, {2002, 2565}, {0x15, 0x95, 0x41, 0xFF}}},
	{{{0, -106, 0}, 0, {2033, 2032}, {0x00, 0x81, 0x01, 0xFF}}},
	{{{16, -91, 51}, 0, {2002, 2565}, {0x15, 0x95, 0x42, 0xFF}}},
	{{{-17, -91, 51}, 0, {2333, 2482}, {0xEB, 0x95, 0x42, 0xFF}}},
	{{{0, -106, 0}, 0, {2033, 2032}, {0x00, 0x81, 0x01, 0xFF}}},
	{{{-17, -91, 51}, 0, {2333, 2482}, {0xEB, 0x95, 0x41, 0xFF}}},
	{{{-44, -91, 31}, 0, {2550, 2226}, {0xC9, 0x95, 0x29, 0xFF}}},
	{{{0, -106, 0}, 0, {2033, 2032}, {0xFF, 0x81, 0x00, 0xFF}}},
	{{{-44, -91, 31}, 0, {2550, 2226}, {0xC8, 0x95, 0x28, 0xFF}}},
	{{{-54, -91, 0}, 0, {2570, 1896}, {0xBB, 0x95, 0x00, 0xFF}}},
	{{{0, -106, 0}, 0, {2033, 2032}, {0xFF, 0x81, 0x00, 0xFF}}},
	{{{-54, -91, 0}, 0, {2570, 1896}, {0xBB, 0x95, 0x00, 0xFF}}},
	{{{-44, -91, -32}, 0, {2384, 1619}, {0xC8, 0x95, 0xD8, 0xFF}}},
	{{{0, -106, 0}, 0, {2033, 2032}, {0x00, 0x81, 0xFF, 0xFF}}},
	{{{-44, -91, -32}, 0, {2384, 1619}, {0xC9, 0x95, 0xD7, 0xFF}}},
	{{{-17, -91, -52}, 0, {2065, 1499}, {0xEB, 0x95, 0xBF, 0xFF}}},
	{{{0, -106, 0}, 0, {2033, 2032}, {0x00, 0x81, 0xFF, 0xFF}}},
	{{{-17, -91, -52}, 0, {2065, 1499}, {0xEB, 0x95, 0xBE, 0xFF}}},
	{{{16, -91, -52}, 0, {1734, 1582}, {0x15, 0x95, 0xBE, 0xFF}}},
	{{{0, -106, 0}, 0, {2033, 2032}, {0x00, 0x81, 0xFF, 0xFF}}},
	{{{16, -91, -52}, 0, {1734, 1582}, {0x15, 0x95, 0xBF, 0xFF}}},
	{{{43, -91, -32}, 0, {1517, 1838}, {0x37, 0x95, 0xD7, 0xFF}}},
	{{{0, -106, 0}, 0, {2033, 2032}, {0x01, 0x81, 0x00, 0xFF}}},
	{{{43, -91, -32}, 0, {1517, 1838}, {0x38, 0x95, 0xD8, 0xFF}}},
	{{{54, -91, 0}, 0, {1497, 2168}, {0x45, 0x95, 0x00, 0xFF}}},
	{{{93, -51, 0}, 0, {900, 2358}, {0x64, 0xB2, 0x00, 0xFF}}},
	{{{75, -51, 55}, 0, {1315, 2937}, {0x51, 0xB2, 0x3B, 0xFF}}},
	{{{54, -91, 0}, 0, {1497, 2168}, {0x45, 0x95, 0x00, 0xFF}}},
	{{{54, -91, 0}, 0, {1497, 2168}, {0x45, 0x95, 0x00, 0xFF}}},
	{{{75, -51, 55}, 0, {1315, 2937}, {0x51, 0xB2, 0x3B, 0xFF}}},
	{{{43, -91, 31}, 0, {1682, 2445}, {0x38, 0x96, 0x28, 0xFF}}},
	{{{43, -91, -32}, 0, {1517, 1838}, {0x38, 0x95, 0xD8, 0xFF}}},
	{{{93, -51, 0}, 0, {900, 2358}, {0x64, 0xB2, 0x00, 0xFF}}},
	{{{54, -91, 0}, 0, {1497, 2168}, {0x45, 0x96, 0x00, 0xFF}}},
	{{{29, -51, 88}, 0, {2005, 3171}, {0x1F, 0xB2, 0x5F, 0xFF}}},
	{{{43, -91, 31}, 0, {1682, 2445}, {0x38, 0x95, 0x29, 0xFF}}},
	{{{75, -51, 55}, 0, {1315, 2937}, {0x51, 0xB2, 0x3C, 0xFF}}},
	{{{29, -51, 88}, 0, {2005, 3171}, {0x1F, 0xB2, 0x5F, 0xFF}}},
	{{{16, -91, 51}, 0, {2002, 2565}, {0x16, 0x96, 0x42, 0xFF}}},
	{{{43, -91, 31}, 0, {1682, 2445}, {0x38, 0x95, 0x29, 0xFF}}},
	{{{-29, -51, 88}, 0, {2705, 2970}, {0xE1, 0xB2, 0x60, 0xFF}}},
	{{{16, -91, 51}, 0, {2002, 2565}, {0x15, 0x96, 0x42, 0xFF}}},
	{{{29, -51, 88}, 0, {2005, 3171}, {0x1F, 0xB2, 0x60, 0xFF}}},
	{{{16, -91, 51}, 0, {2002, 2565}, {0x15, 0x96, 0x42, 0xFF}}},
	{{{-29, -51, 88}, 0, {2705, 2970}, {0xE1, 0xB2, 0x60, 0xFF}}},
	{{{-17, -91, 51}, 0, {2333, 2482}, {0xEB, 0x96, 0x42, 0xFF}}},
	{{{-29, -51, 88}, 0, {2705, 2970}, {0xE1, 0xB2, 0x5F, 0xFF}}},
	{{{-76, -51, 55}, 0, {3149, 2410}, {0xAF, 0xB2, 0x3C, 0xFF}}},
	{{{-17, -91, 51}, 0, {2333, 2482}, {0xEA, 0x96, 0x42, 0xFF}}},
	{{{-17, -91, 51}, 0, {2333, 2482}, {0xEA, 0x96, 0x42, 0xFF}}},
	{{{-76, -51, 55}, 0, {3149, 2410}, {0xAF, 0xB2, 0x3C, 0xFF}}},
	{{{-44, -91, 31}, 0, {2550, 2226}, {0xC8, 0x96, 0x29, 0xFF}}},
	{{{-94, -51, 0}, 0, {3167, 1706}, {0x9C, 0xB2, 0x00, 0xFF}}},
	{{{-44, -91, 31}, 0, {2550, 2226}, {0xC8, 0x95, 0x28, 0xFF}}},
	{{{-76, -51, 55}, 0, {3149, 2410}, {0xAF, 0xB2, 0x3B, 0xFF}}},
	{{{-44, -91, 31}, 0, {2550, 2226}, {0xC8, 0x95, 0x28, 0xFF}}},
	{{{-94, -51, 0}, 0, {3167, 1706}, {0x9C, 0xB2, 0x00, 0xFF}}},
	{{{-54, -91, 0}, 0, {2570, 1896}, {0xBB, 0x96, 0x00, 0xFF}}},
	{{{-44, -91, -32}, 0, {2384, 1619}, {0xC8, 0x96, 0xD8, 0xFF}}},
	{{{-54, -91, 0}, 0, {2570, 1896}, {0xBB, 0x95, 0x00, 0xFF}}},
	{{{-76, -51, -55}, 0, {2751, 1127}, {0xAF, 0xB2, 0xC5, 0xFF}}},
	{{{-54, -91, 0}, 0, {2570, 1896}, {0xBB, 0x95, 0x00, 0xFF}}},
	{{{-94, -51, 0}, 0, {3167, 1706}, {0x9C, 0xB2, 0x00, 0xFF}}},
	{{{-76, -51, -55}, 0, {2751, 1127}, {0xAF, 0xB2, 0xC5, 0xFF}}},
	{{{-76, -51, -55}, 0, {2751, 1127}, {0xAF, 0xB2, 0xC5, 0xFF}}},
	{{{-29, -51, -89}, 0, {2062, 893}, {0xE1, 0xB2, 0xA1, 0xFF}}},
	{{{-44, -91, -32}, 0, {2384, 1619}, {0xC8, 0x95, 0xD7, 0xFF}}},
	{{{-44, -91, -32}, 0, {2384, 1619}, {0xC8, 0x95, 0xD7, 0xFF}}},
	{{{-29, -51, -89}, 0, {2062, 893}, {0xE1, 0xB2, 0xA1, 0xFF}}},
	{{{-17, -91, -52}, 0, {2065, 1499}, {0xEA, 0x96, 0xBE, 0xFF}}},
	{{{29, -51, -89}, 0, {1362, 1094}, {0x1F, 0xB2, 0xA0, 0xFF}}},
	{{{-17, -91, -52}, 0, {2065, 1499}, {0xEB, 0x96, 0xBE, 0xFF}}},
	{{{-29, -51, -89}, 0, {2062, 893}, {0xE1, 0xB2, 0xA0, 0xFF}}},
	{{{-17, -91, -52}, 0, {2065, 1499}, {0xEB, 0x96, 0xBE, 0xFF}}},
	{{{29, -51, -89}, 0, {1362, 1094}, {0x1F, 0xB2, 0xA0, 0xFF}}},
	{{{16, -91, -52}, 0, {1734, 1582}, {0x15, 0x96, 0xBE, 0xFF}}},
	{{{75, -51, -55}, 0, {918, 1654}, {0x51, 0xB2, 0xC5, 0xFF}}},
	{{{43, -91, -32}, 0, {1517, 1838}, {0x38, 0x96, 0xD7, 0xFF}}},
	{{{16, -91, -52}, 0, {1734, 1582}, {0x16, 0x96, 0xBE, 0xFF}}},
	{{{16, -91, -52}, 0, {1734, 1582}, {0x16, 0x96, 0xBE, 0xFF}}},
	{{{29, -51, -89}, 0, {1362, 1094}, {0x1F, 0xB2, 0xA1, 0xFF}}},
	{{{75, -51, -55}, 0, {918, 1654}, {0x51, 0xB2, 0xC5, 0xFF}}},
	{{{75, -51, -55}, 0, {918, 1654}, {0x51, 0xB2, 0xC5, 0xFF}}},
	{{{93, -51, 0}, 0, {900, 2358}, {0x64, 0xB2, 0x00, 0xFF}}},
	{{{43, -91, -32}, 0, {1517, 1838}, {0x38, 0x95, 0xD8, 0xFF}}},
	{{{128, 4, 0}, 0, {13, 2665}, {0x7F, 0x01, 0x00, 0xFF}}},
	{{{75, -51, 55}, 0, {1315, 2937}, {0x51, 0xB2, 0x3B, 0xFF}}},
	{{{93, -51, 0}, 0, {900, 2358}, {0x64, 0xB2, 0x00, 0xFF}}},
	{{{75, -51, -55}, 0, {918, 1654}, {0x51, 0xB2, 0xC5, 0xFF}}},
	{{{128, 4, 0}, 0, {13, 2665}, {0x7F, 0x01, 0x00, 0xFF}}},
	{{{93, -51, 0}, 0, {900, 2358}, {0x64, 0xB2, 0x00, 0xFF}}},
	{{{75, -51, 55}, 0, {1315, 2937}, {0x51, 0xB2, 0x3B, 0xFF}}},
	{{{128, 4, 0}, 0, {13, 2665}, {0x7F, 0x01, 0x00, 0xFF}}},
	{{{104, 4, 75}, 0, {785, 3689}, {0x67, 0x01, 0x4B, 0xFF}}},
	{{{104, 4, 75}, 0, {785, 3689}, {0x67, 0x01, 0x4B, 0xFF}}},
	{{{39, 4, 122}, 0, {2033, 4080}, {0x27, 0x01, 0x79, 0xFF}}},
	{{{75, -51, 55}, 0, {1315, 2937}, {0x50, 0xB2, 0x3C, 0xFF}}},
	{{{75, -51, 55}, 0, {1315, 2937}, {0x50, 0xB2, 0x3C, 0xFF}}},
	{{{39, 4, 122}, 0, {2033, 4080}, {0x27, 0x01, 0x79, 0xFF}}},
	{{{29, -51, 88}, 0, {2005, 3171}, {0x1F, 0xB2, 0x5F, 0xFF}}},
	{{{-40, 4, 122}, 0, {3282, 3689}, {0xD9, 0x01, 0x79, 0xFF}}},
	{{{29, -51, 88}, 0, {2005, 3171}, {0x1F, 0xB2, 0x5F, 0xFF}}},
	{{{39, 4, 122}, 0, {2033, 4080}, {0x27, 0x01, 0x79, 0xFF}}},
	{{{29, -51, 88}, 0, {2005, 3171}, {0x1F, 0xB2, 0x5F, 0xFF}}},
	{{{-40, 4, 122}, 0, {3282, 3689}, {0xD9, 0x01, 0x79, 0xFF}}},
	{{{-29, -51, 88}, 0, {2705, 2970}, {0xE1, 0xB2, 0x5F, 0xFF}}},
	{{{-40, 4, 122}, 0, {3282, 3689}, {0xD9, 0x01, 0x79, 0xFF}}},
	{{{-76, -51, 55}, 0, {3149, 2410}, {0xB0, 0xB2, 0x3C, 0xFF}}},
	{{{-29, -51, 88}, 0, {2705, 2970}, {0xE1, 0xB2, 0x5F, 0xFF}}},
	{{{-76, -51, 55}, 0, {3149, 2410}, {0xB0, 0xB2, 0x3C, 0xFF}}},
	{{{-40, 4, 122}, 0, {3282, 3689}, {0xD9, 0x01, 0x79, 0xFF}}},
	{{{-105, 4, 75}, 0, {4054, 2665}, {0x99, 0x01, 0x4B, 0xFF}}},
	{{{-129, 4, 0}, 0, {4054, 1399}, {0x81, 0x01, 0x00, 0xFF}}},
	{{{-76, -51, 55}, 0, {3149, 2410}, {0xAF, 0xB2, 0x3B, 0xFF}}},
	{{{-105, 4, 75}, 0, {4054, 2665}, {0x99, 0x01, 0x4B, 0xFF}}},
	{{{-76, -51, 55}, 0, {3149, 2410}, {0xAF, 0xB2, 0x3B, 0xFF}}},
	{{{-129, 4, 0}, 0, {4054, 1399}, {0x81, 0x01, 0x00, 0xFF}}},
	{{{-94, -51, 0}, 0, {3167, 1706}, {0x9C, 0xB2, 0x00, 0xFF}}},
	{{{-129, 4, 0}, 0, {4054, 1399}, {0x81, 0x01, 0x00, 0xFF}}},
	{{{-76, -51, -55}, 0, {2751, 1127}, {0xAF, 0xB2, 0xC5, 0xFF}}},
	{{{-94, -51, 0}, 0, {3167, 1706}, {0x9C, 0xB2, 0x00, 0xFF}}},
	{{{-76, -51, -55}, 0, {2751, 1127}, {0xAF, 0xB2, 0xC5, 0xFF}}},
	{{{-129, 4, 0}, 0, {4054, 1399}, {0x81, 0x01, 0x00, 0xFF}}},
	{{{-105, 4, -76}, 0, {3282, 375}, {0x99, 0x01, 0xB5, 0xFF}}},
	{{{-105, 4, -76}, 0, {3282, 375}, {0x99, 0x01, 0xB5, 0xFF}}},
	{{{-40, 4, -123}, 0, {2033, -16}, {0xD9, 0x01, 0x87, 0xFF}}},
	{{{-76, -51, -55}, 0, {2751, 1127}, {0xAF, 0xB2, 0xC5, 0xFF}}},
	{{{-76, -51, -55}, 0, {2751, 1127}, {0xAF, 0xB2, 0xC5, 0xFF}}},
	{{{-40, 4, -123}, 0, {2033, -16}, {0xD9, 0x01, 0x87, 0xFF}}},
	{{{-29, -51, -89}, 0, {2062, 893}, {0xE1, 0xB2, 0xA1, 0xFF}}},
	{{{39, 4, -123}, 0, {785, 375}, {0x27, 0x01, 0x87, 0xFF}}},
	{{{-29, -51, -89}, 0, {2062, 893}, {0xE1, 0xB2, 0xA1, 0xFF}}},
	{{{-40, 4, -123}, 0, {2033, -16}, {0xD9, 0x01, 0x87, 0xFF}}},
	{{{-29, -51, -89}, 0, {2062, 893}, {0xE1, 0xB2, 0xA1, 0xFF}}},
	{{{39, 4, -123}, 0, {785, 375}, {0x27, 0x01, 0x87, 0xFF}}},
	{{{29, -51, -89}, 0, {1362, 1094}, {0x1F, 0xB2, 0xA1, 0xFF}}},
	{{{39, 4, -123}, 0, {785, 375}, {0x27, 0x01, 0x87, 0xFF}}},
	{{{75, -51, -55}, 0, {918, 1654}, {0x51, 0xB2, 0xC5, 0xFF}}},
	{{{29, -51, -89}, 0, {1362, 1094}, {0x1F, 0xB2, 0xA1, 0xFF}}},
	{{{75, -51, -55}, 0, {918, 1654}, {0x51, 0xB2, 0xC5, 0xFF}}},
	{{{39, 4, -123}, 0, {785, 375}, {0x27, 0x01, 0x87, 0xFF}}},
	{{{104, 4, -76}, 0, {13, 1399}, {0x67, 0x01, 0xB5, 0xFF}}},
	{{{128, 4, 0}, 0, {13, 2665}, {0x7F, 0x01, 0x00, 0xFF}}},
	{{{75, -51, -55}, 0, {918, 1654}, {0x51, 0xB2, 0xC5, 0xFF}}},
	{{{104, 4, -76}, 0, {13, 1399}, {0x67, 0x01, 0xB5, 0xFF}}},
	{{{43, 100, 31}, 0, {2065, 1500}, {0x38, 0x6B, 0x28, 0xFF}}},
	{{{93, 59, 0}, 0, {1361, 1095}, {0x64, 0x4E, 0x00, 0xFF}}},
	{{{54, 100, 0}, 0, {1733, 1583}, {0x45, 0x6A, 0x00, 0xFF}}},
	{{{93, 59, 0}, 0, {1361, 1095}, {0x64, 0x4E, 0x00, 0xFF}}},
	{{{43, 100, 31}, 0, {2065, 1500}, {0x38, 0x6B, 0x28, 0xFF}}},
	{{{75, 59, 55}, 0, {2062, 894}, {0x51, 0x4E, 0x3B, 0xFF}}},
	{{{54, 100, 0}, 0, {1733, 1583}, {0x45, 0x6B, 0x00, 0xFF}}},
	{{{0, 114, 0}, 0, {2033, 2033}, {0x01, 0x7F, 0x00, 0xFF}}},
	{{{43, 100, 31}, 0, {2065, 1500}, {0x38, 0x6B, 0x28, 0xFF}}},
	{{{43, 100, 31}, 0, {2065, 1500}, {0x38, 0x6B, 0x29, 0xFF}}},
	{{{29, 59, 88}, 0, {2751, 1128}, {0x1F, 0x4E, 0x5F, 0xFF}}},
	{{{75, 59, 55}, 0, {2062, 894}, {0x51, 0x4E, 0x3C, 0xFF}}},
	{{{29, 59, 88}, 0, {2751, 1128}, {0x1F, 0x4E, 0x5F, 0xFF}}},
	{{{43, 100, 31}, 0, {2065, 1500}, {0x38, 0x6B, 0x29, 0xFF}}},
	{{{16, 100, 51}, 0, {2384, 1620}, {0x16, 0x6A, 0x42, 0xFF}}},
	{{{43, 100, 31}, 0, {2065, 1500}, {0x37, 0x6B, 0x29, 0xFF}}},
	{{{0, 114, 0}, 0, {2033, 2033}, {0x00, 0x7F, 0x01, 0xFF}}},
	{{{16, 100, 51}, 0, {2384, 1620}, {0x15, 0x6B, 0x41, 0xFF}}},
	{{{75, 59, 55}, 0, {2062, 894}, {0x51, 0x4E, 0x3B, 0xFF}}},
	{{{128, 4, 0}, 0, {784, 376}, {0x7F, 0xFF, 0x00, 0xFF}}},
	{{{93, 59, 0}, 0, {1361, 1095}, {0x64, 0x4E, 0x00, 0xFF}}},
	{{{93, 59, 0}, 0, {1361, 1095}, {0x64, 0x4E, 0x00, 0xFF}}},
	{{{43, 100, -32}, 0, {1516, 1839}, {0x38, 0x6B, 0xD8, 0xFF}}},
	{{{54, 100, 0}, 0, {1733, 1583}, {0x45, 0x6A, 0x00, 0xFF}}},
	{{{43, 100, -32}, 0, {1516, 1839}, {0x38, 0x6B, 0xD8, 0xFF}}},
	{{{93, 59, 0}, 0, {1361, 1095}, {0x64, 0x4E, 0x00, 0xFF}}},
	{{{75, 59, -55}, 0, {917, 1655}, {0x51, 0x4E, 0xC5, 0xFF}}},
	{{{128, 4, 0}, 0, {784, 376}, {0x7F, 0xFF, 0x00, 0xFF}}},
	{{{75, 59, -55}, 0, {917, 1655}, {0x51, 0x4E, 0xC5, 0xFF}}},
	{{{93, 59, 0}, 0, {1361, 1095}, {0x64, 0x4E, 0x00, 0xFF}}},
	{{{43, 100, -32}, 0, {1516, 1839}, {0x38, 0x6B, 0xD8, 0xFF}}},
	{{{0, 114, 0}, 0, {2033, 2033}, {0x01, 0x7F, 0x00, 0xFF}}},
	{{{54, 100, 0}, 0, {1733, 1583}, {0x45, 0x6B, 0x00, 0xFF}}},
	{{{16, 100, -52}, 0, {1497, 2169}, {0x15, 0x6B, 0xBF, 0xFF}}},
	{{{0, 114, 0}, 0, {2033, 2033}, {0x00, 0x7F, 0xFF, 0xFF}}},
	{{{43, 100, -32}, 0, {1516, 1839}, {0x37, 0x6B, 0xD7, 0xFF}}},
	{{{43, 100, -32}, 0, {1516, 1839}, {0x38, 0x6B, 0xD7, 0xFF}}},
	{{{29, 59, -89}, 0, {900, 2359}, {0x1F, 0x4E, 0xA1, 0xFF}}},
	{{{16, 100, -52}, 0, {1497, 2169}, {0x16, 0x6A, 0xBE, 0xFF}}},
	{{{75, 59, -55}, 0, {917, 1655}, {0x51, 0x4E, 0xC5, 0xFF}}},
	{{{29, 59, -89}, 0, {900, 2359}, {0x1F, 0x4E, 0xA1, 0xFF}}},
	{{{43, 100, -32}, 0, {1516, 1839}, {0x38, 0x6B, 0xD7, 0xFF}}},
	{{{75, 59, -55}, 0, {917, 1655}, {0x51, 0x4E, 0xC5, 0xFF}}},
	{{{39, 4, -123}, 0, {12, 2666}, {0x27, 0xFF, 0x87, 0xFF}}},
	{{{29, 59, -89}, 0, {900, 2359}, {0x1F, 0x4E, 0xA1, 0xFF}}},
	{{{39, 4, -123}, 0, {12, 2666}, {0x27, 0xFF, 0x87, 0xFF}}},
	{{{75, 59, -55}, 0, {917, 1655}, {0x51, 0x4E, 0xC5, 0xFF}}},
	{{{104, 4, -76}, 0, {12, 1400}, {0x67, 0xFF, 0xB5, 0xFF}}},
	{{{75, 59, -55}, 0, {917, 1655}, {0x51, 0x4E, 0xC5, 0xFF}}},
	{{{128, 4, 0}, 0, {784, 376}, {0x7F, 0xFF, 0x00, 0xFF}}},
	{{{104, 4, -76}, 0, {12, 1400}, {0x67, 0xFF, 0xB5, 0xFF}}},
	{{{128, 4, 0}, 0, {784, 376}, {0x7F, 0xFF, 0x00, 0xFF}}},
	{{{75, 59, 55}, 0, {2062, 894}, {0x51, 0x4E, 0x3B, 0xFF}}},
	{{{104, 4, 75}, 0, {2033, -15}, {0x67, 0xFF, 0x4B, 0xFF}}},
	{{{39, 4, 122}, 0, {3282, 376}, {0x27, 0xFF, 0x79, 0xFF}}},
	{{{75, 59, 55}, 0, {2062, 894}, {0x50, 0x4E, 0x3C, 0xFF}}},
	{{{29, 59, 88}, 0, {2751, 1128}, {0x1F, 0x4E, 0x5F, 0xFF}}},
	{{{75, 59, 55}, 0, {2062, 894}, {0x50, 0x4E, 0x3C, 0xFF}}},
	{{{39, 4, 122}, 0, {3282, 376}, {0x27, 0xFF, 0x79, 0xFF}}},
	{{{104, 4, 75}, 0, {2033, -15}, {0x67, 0xFF, 0x4B, 0xFF}}},
	{{{29, 59, 88}, 0, {2751, 1128}, {0x1F, 0x4E, 0x5F, 0xFF}}},
	{{{-40, 4, 122}, 0, {4053, 1400}, {0xD9, 0xFF, 0x79, 0xFF}}},
	{{{39, 4, 122}, 0, {3282, 376}, {0x27, 0xFF, 0x79, 0xFF}}},
	{{{16, 100, 51}, 0, {2384, 1620}, {0x15, 0x6A, 0x42, 0xFF}}},
	{{{-29, 59, 88}, 0, {3166, 1707}, {0xE1, 0x4E, 0x60, 0xFF}}},
	{{{29, 59, 88}, 0, {2751, 1128}, {0x1F, 0x4E, 0x60, 0xFF}}},
	{{{-40, 4, 122}, 0, {4053, 1400}, {0xD9, 0xFF, 0x79, 0xFF}}},
	{{{29, 59, 88}, 0, {2751, 1128}, {0x1F, 0x4E, 0x5F, 0xFF}}},
	{{{-29, 59, 88}, 0, {3166, 1707}, {0xE1, 0x4E, 0x5F, 0xFF}}},
	{{{-29, 59, 88}, 0, {3166, 1707}, {0xE1, 0x4E, 0x60, 0xFF}}},
	{{{16, 100, 51}, 0, {2384, 1620}, {0x15, 0x6A, 0x42, 0xFF}}},
	{{{-17, 100, 51}, 0, {2569, 1897}, {0xEB, 0x6A, 0x42, 0xFF}}},
	{{{16, 100, 51}, 0, {2384, 1620}, {0x15, 0x6B, 0x42, 0xFF}}},
	{{{0, 114, 0}, 0, {2033, 2033}, {0x00, 0x7F, 0x01, 0xFF}}},
	{{{-17, 100, 51}, 0, {2569, 1897}, {0xEB, 0x6B, 0x42, 0xFF}}},
	{{{-76, 59, 55}, 0, {3148, 2411}, {0xB0, 0x4E, 0x3C, 0xFF}}},
	{{{-40, 4, 122}, 0, {4053, 1400}, {0xD9, 0xFF, 0x79, 0xFF}}},
	{{{-29, 59, 88}, 0, {3166, 1707}, {0xE1, 0x4E, 0x5F, 0xFF}}},
	{{{-17, 100, 51}, 0, {2569, 1897}, {0xEA, 0x6A, 0x42, 0xFF}}},
	{{{-76, 59, 55}, 0, {3148, 2411}, {0xAF, 0x4E, 0x3C, 0xFF}}},
	{{{-29, 59, 88}, 0, {3166, 1707}, {0xE1, 0x4E, 0x5F, 0xFF}}},
	{{{-40, 4, 122}, 0, {4053, 1400}, {0xD9, 0xFF, 0x79, 0xFF}}},
	{{{-76, 59, 55}, 0, {3148, 2411}, {0xB0, 0x4E, 0x3C, 0xFF}}},
	{{{-105, 4, 75}, 0, {4053, 2666}, {0x99, 0xFF, 0x4B, 0xFF}}},
	{{{-76, 59, 55}, 0, {3148, 2411}, {0xAF, 0x4E, 0x3C, 0xFF}}},
	{{{-17, 100, 51}, 0, {2569, 1897}, {0xEA, 0x6A, 0x42, 0xFF}}},
	{{{-44, 100, 31}, 0, {2549, 2227}, {0xC8, 0x6A, 0x29, 0xFF}}},
	{{{-129, 4, 0}, 0, {3282, 3690}, {0x81, 0xFF, 0x00, 0xFF}}},
	{{{-76, 59, 55}, 0, {3148, 2411}, {0xAF, 0x4E, 0x3B, 0xFF}}},
	{{{-94, 59, 0}, 0, {2704, 2971}, {0x9C, 0x4E, 0x00, 0xFF}}},
	{{{-76, 59, 55}, 0, {3148, 2411}, {0xAF, 0x4E, 0x3B, 0xFF}}},
	{{{-129, 4, 0}, 0, {3282, 3690}, {0x81, 0xFF, 0x00, 0xFF}}},
	{{{-105, 4, 75}, 0, {4053, 2666}, {0x99, 0xFF, 0x4B, 0xFF}}},
	{{{-44, 100, 31}, 0, {2549, 2227}, {0xC8, 0x6B, 0x28, 0xFF}}},
	{{{-94, 59, 0}, 0, {2704, 2971}, {0x9C, 0x4E, 0x00, 0xFF}}},
	{{{-76, 59, 55}, 0, {3148, 2411}, {0xAF, 0x4E, 0x3B, 0xFF}}},
	{{{-17, 100, 51}, 0, {2569, 1897}, {0xEB, 0x6B, 0x41, 0xFF}}},
	{{{0, 114, 0}, 0, {2033, 2033}, {0x00, 0x7F, 0x01, 0xFF}}},
	{{{-44, 100, 31}, 0, {2549, 2227}, {0xC9, 0x6B, 0x29, 0xFF}}},
	{{{-44, 100, 31}, 0, {2549, 2227}, {0xC8, 0x6B, 0x28, 0xFF}}},
	{{{0, 114, 0}, 0, {2033, 2033}, {0xFF, 0x7F, 0x00, 0xFF}}},
	{{{-54, 100, 0}, 0, {2332, 2483}, {0xBB, 0x6B, 0x00, 0xFF}}},
	{{{-94, 59, 0}, 0, {2704, 2971}, {0x9C, 0x4E, 0x00, 0xFF}}},
	{{{-44, 100, 31}, 0, {2549, 2227}, {0xC8, 0x6B, 0x28, 0xFF}}},
	{{{-54, 100, 0}, 0, {2332, 2483}, {0xBB, 0x6A, 0x00, 0xFF}}},
	{{{-76, 59, -55}, 0, {2004, 3172}, {0xAF, 0x4E, 0xC5, 0xFF}}},
	{{{-129, 4, 0}, 0, {3282, 3690}, {0x81, 0xFF, 0x00, 0xFF}}},
	{{{-94, 59, 0}, 0, {2704, 2971}, {0x9C, 0x4E, 0x00, 0xFF}}},
	{{{-44, 100, -32}, 0, {2001, 2566}, {0xC8, 0x6B, 0xD8, 0xFF}}},
	{{{-94, 59, 0}, 0, {2704, 2971}, {0x9C, 0x4E, 0x00, 0xFF}}},
	{{{-54, 100, 0}, 0, {2332, 2483}, {0xBB, 0x6A, 0x00, 0xFF}}},
	{{{-94, 59, 0}, 0, {2704, 2971}, {0x9C, 0x4E, 0x00, 0xFF}}},
	{{{-44, 100, -32}, 0, {2001, 2566}, {0xC8, 0x6B, 0xD8, 0xFF}}},
	{{{-76, 59, -55}, 0, {2004, 3172}, {0xAF, 0x4E, 0xC5, 0xFF}}},
	{{{-129, 4, 0}, 0, {3282, 3690}, {0x81, 0xFF, 0x00, 0xFF}}},
	{{{-76, 59, -55}, 0, {2004, 3172}, {0xAF, 0x4E, 0xC5, 0xFF}}},
	{{{-105, 4, -76}, 0, {2033, 4081}, {0x99, 0xFF, 0xB5, 0xFF}}},
	{{{-40, 4, -123}, 0, {784, 3690}, {0xD9, 0xFF, 0x87, 0xFF}}},
	{{{-76, 59, -55}, 0, {2004, 3172}, {0xAF, 0x4E, 0xC5, 0xFF}}},
	{{{-29, 59, -89}, 0, {1315, 2938}, {0xE1, 0x4E, 0xA1, 0xFF}}},
	{{{-76, 59, -55}, 0, {2004, 3172}, {0xAF, 0x4E, 0xC5, 0xFF}}},
	{{{-40, 4, -123}, 0, {784, 3690}, {0xD9, 0xFF, 0x87, 0xFF}}},
	{{{-105, 4, -76}, 0, {2033, 4081}, {0x99, 0xFF, 0xB5, 0xFF}}},
	{{{-44, 100, -32}, 0, {2001, 2566}, {0xC8, 0x6B, 0xD7, 0xFF}}},
	{{{-29, 59, -89}, 0, {1315, 2938}, {0xE1, 0x4E, 0xA1, 0xFF}}},
	{{{-76, 59, -55}, 0, {2004, 3172}, {0xAF, 0x4E, 0xC5, 0xFF}}},
	{{{-54, 100, 0}, 0, {2332, 2483}, {0xBB, 0x6B, 0x00, 0xFF}}},
	{{{0, 114, 0}, 0, {2033, 2033}, {0xFF, 0x7F, 0x00, 0xFF}}},
	{{{-44, 100, -32}, 0, {2001, 2566}, {0xC8, 0x6B, 0xD8, 0xFF}}},
	{{{-44, 100, -32}, 0, {2001, 2566}, {0xC9, 0x6B, 0xD7, 0xFF}}},
	{{{0, 114, 0}, 0, {2033, 2033}, {0x00, 0x7F, 0xFF, 0xFF}}},
	{{{-17, 100, -52}, 0, {1682, 2446}, {0xEB, 0x6B, 0xBF, 0xFF}}},
	{{{-29, 59, -89}, 0, {1315, 2938}, {0xE1, 0x4E, 0xA1, 0xFF}}},
	{{{-44, 100, -32}, 0, {2001, 2566}, {0xC8, 0x6B, 0xD7, 0xFF}}},
	{{{-17, 100, -52}, 0, {1682, 2446}, {0xEA, 0x6A, 0xBE, 0xFF}}},
	{{{-17, 100, -52}, 0, {1682, 2446}, {0xEB, 0x6B, 0xBE, 0xFF}}},
	{{{0, 114, 0}, 0, {2033, 2033}, {0x00, 0x7F, 0xFF, 0xFF}}},
	{{{16, 100, -52}, 0, {1497, 2169}, {0x15, 0x6B, 0xBE, 0xFF}}},
	{{{29, 59, -89}, 0, {900, 2359}, {0x1F, 0x4E, 0xA0, 0xFF}}},
	{{{-17, 100, -52}, 0, {1682, 2446}, {0xEB, 0x6A, 0xBE, 0xFF}}},
	{{{16, 100, -52}, 0, {1497, 2169}, {0x15, 0x6A, 0xBE, 0xFF}}},
	{{{-17, 100, -52}, 0, {1682, 2446}, {0xEB, 0x6A, 0xBE, 0xFF}}},
	{{{29, 59, -89}, 0, {900, 2359}, {0x1F, 0x4E, 0xA0, 0xFF}}},
	{{{-29, 59, -89}, 0, {1315, 2938}, {0xE1, 0x4E, 0xA0, 0xFF}}},
	{{{29, 59, -89}, 0, {900, 2359}, {0x1F, 0x4E, 0xA1, 0xFF}}},
	{{{-40, 4, -123}, 0, {784, 3690}, {0xD9, 0xFF, 0x87, 0xFF}}},
	{{{-29, 59, -89}, 0, {1315, 2938}, {0xE1, 0x4E, 0xA1, 0xFF}}},
	{{{-40, 4, -123}, 0, {784, 3690}, {0xD9, 0xFF, 0x87, 0xFF}}},
	{{{29, 59, -89}, 0, {900, 2359}, {0x1F, 0x4E, 0xA1, 0xFF}}},
	{{{39, 4, -123}, 0, {12, 2666}, {0x27, 0xFF, 0x87, 0xFF}}},
};

Gfx r64planet_objplanet_mesh_layer_1_tri_0[] = {
	gsSPVertex(r64planet_objplanet_mesh_layer_1_vtx_0 + 0, 63, 0),
	gsSP2Triangles(0, 1, 2, 0, 3, 4, 5, 0),
	gsSP2Triangles(6, 7, 8, 0, 9, 10, 11, 0),
	gsSP2Triangles(12, 13, 14, 0, 15, 16, 17, 0),
	gsSP2Triangles(18, 19, 20, 0, 21, 22, 23, 0),
	gsSP2Triangles(24, 25, 26, 0, 27, 28, 29, 0),
	gsSP2Triangles(30, 31, 32, 0, 33, 34, 35, 0),
	gsSP2Triangles(36, 37, 38, 0, 39, 40, 41, 0),
	gsSP2Triangles(42, 43, 44, 0, 45, 46, 47, 0),
	gsSP2Triangles(48, 49, 50, 0, 51, 52, 53, 0),
	gsSP2Triangles(54, 55, 56, 0, 57, 58, 59, 0),
	gsSP1Triangle(60, 61, 62, 0),
	gsSPVertex(r64planet_objplanet_mesh_layer_1_vtx_0 + 63, 63, 0),
	gsSP2Triangles(0, 1, 2, 0, 3, 4, 5, 0),
	gsSP2Triangles(6, 7, 8, 0, 9, 10, 11, 0),
	gsSP2Triangles(12, 13, 14, 0, 15, 16, 17, 0),
	gsSP2Triangles(18, 19, 20, 0, 21, 22, 23, 0),
	gsSP2Triangles(24, 25, 26, 0, 27, 28, 29, 0),
	gsSP2Triangles(30, 31, 32, 0, 33, 34, 35, 0),
	gsSP2Triangles(36, 37, 38, 0, 39, 40, 41, 0),
	gsSP2Triangles(42, 43, 44, 0, 45, 46, 47, 0),
	gsSP2Triangles(48, 49, 50, 0, 51, 52, 53, 0),
	gsSP2Triangles(54, 55, 56, 0, 57, 58, 59, 0),
	gsSP1Triangle(60, 61, 62, 0),
	gsSPVertex(r64planet_objplanet_mesh_layer_1_vtx_0 + 126, 63, 0),
	gsSP2Triangles(0, 1, 2, 0, 3, 4, 5, 0),
	gsSP2Triangles(6, 7, 8, 0, 9, 10, 11, 0),
	gsSP2Triangles(12, 13, 14, 0, 15, 16, 17, 0),
	gsSP2Triangles(18, 19, 20, 0, 21, 22, 23, 0),
	gsSP2Triangles(24, 25, 26, 0, 27, 28, 29, 0),
	gsSP2Triangles(30, 31, 32, 0, 33, 34, 35, 0),
	gsSP2Triangles(36, 37, 38, 0, 39, 40, 41, 0),
	gsSP2Triangles(42, 43, 44, 0, 45, 46, 47, 0),
	gsSP2Triangles(48, 49, 50, 0, 51, 52, 53, 0),
	gsSP2Triangles(54, 55, 56, 0, 57, 58, 59, 0),
	gsSP1Triangle(60, 61, 62, 0),
	gsSPVertex(r64planet_objplanet_mesh_layer_1_vtx_0 + 189, 63, 0),
	gsSP2Triangles(0, 1, 2, 0, 3, 4, 5, 0),
	gsSP2Triangles(6, 7, 8, 0, 9, 10, 11, 0),
	gsSP2Triangles(12, 13, 14, 0, 15, 16, 17, 0),
	gsSP2Triangles(18, 19, 20, 0, 21, 22, 23, 0),
	gsSP2Triangles(24, 25, 26, 0, 27, 28, 29, 0),
	gsSP2Triangles(30, 31, 32, 0, 33, 34, 35, 0),
	gsSP2Triangles(36, 37, 38, 0, 39, 40, 41, 0),
	gsSP2Triangles(42, 43, 44, 0, 45, 46, 47, 0),
	gsSP2Triangles(48, 49, 50, 0, 51, 52, 53, 0),
	gsSP2Triangles(54, 55, 56, 0, 57, 58, 59, 0),
	gsSP1Triangle(60, 61, 62, 0),
	gsSPVertex(r64planet_objplanet_mesh_layer_1_vtx_0 + 252, 48, 0),
	gsSP2Triangles(0, 1, 2, 0, 3, 4, 5, 0),
	gsSP2Triangles(6, 7, 8, 0, 9, 10, 11, 0),
	gsSP2Triangles(12, 13, 14, 0, 15, 16, 17, 0),
	gsSP2Triangles(18, 19, 20, 0, 21, 22, 23, 0),
	gsSP2Triangles(24, 25, 26, 0, 27, 28, 29, 0),
	gsSP2Triangles(30, 31, 32, 0, 33, 34, 35, 0),
	gsSP2Triangles(36, 37, 38, 0, 39, 40, 41, 0),
	gsSP2Triangles(42, 43, 44, 0, 45, 46, 47, 0),
	gsSPEndDisplayList(),
};

Vtx r64planet_objplanet_mesh_layer_1_vtx_1[110] = {
	{{{350, 16, -114}, 0, {2126, 1938}, {0x67, 0x00, 0xB5, 0xFF}}},
	{{{216, -8, -299}, 0, {1938, 2126}, {0x67, 0x00, 0xB5, 0xFF}}},
	{{{216, 16, -299}, 0, {2126, 2126}, {0x67, 0x00, 0xB5, 0xFF}}},
	{{{216, -8, -299}, 0, {1938, 2126}, {0x67, 0x00, 0xB5, 0xFF}}},
	{{{350, 16, -114}, 0, {2126, 1938}, {0x67, 0x00, 0xB5, 0xFF}}},
	{{{350, -8, -114}, 0, {1938, 1938}, {0x67, 0x00, 0xB5, 0xFF}}},
	{{{-351, 16, 114}, 0, {2126, 1938}, {0x99, 0x00, 0x4B, 0xFF}}},
	{{{-217, -8, 298}, 0, {1938, 2126}, {0x99, 0x00, 0x4B, 0xFF}}},
	{{{-217, 16, 298}, 0, {2126, 2126}, {0x99, 0x00, 0x4B, 0xFF}}},
	{{{-351, 16, 114}, 0, {2126, 1938}, {0x99, 0x00, 0x4B, 0xFF}}},
	{{{-351, -8, 114}, 0, {1938, 1938}, {0x99, 0x00, 0x4B, 0xFF}}},
	{{{-217, 16, -299}, 0, {2126, 1938}, {0x99, 0x00, 0xB5, 0xFF}}},
	{{{-351, -8, -114}, 0, {1938, 2126}, {0x99, 0x00, 0xB5, 0xFF}}},
	{{{-351, 16, -114}, 0, {2126, 2126}, {0x99, 0x00, 0xB5, 0xFF}}},
	{{{-351, -8, -114}, 0, {1938, 2126}, {0x99, 0x00, 0xB5, 0xFF}}},
	{{{-217, -8, -299}, 0, {1938, 1938}, {0x99, 0x00, 0xB5, 0xFF}}},
	{{{216, 16, -299}, 0, {2126, 1938}, {0x27, 0x00, 0x87, 0xFF}}},
	{{{0, -8, -369}, 0, {1938, 2126}, {0x27, 0x00, 0x87, 0xFF}}},
	{{{0, 16, -369}, 0, {2126, 2126}, {0x27, 0x00, 0x87, 0xFF}}},
	{{{0, -8, -369}, 0, {1938, 2126}, {0x27, 0x00, 0x87, 0xFF}}},
	{{{216, 16, -299}, 0, {2126, 1938}, {0x27, 0x00, 0x87, 0xFF}}},
	{{{216, -8, -299}, 0, {1938, 1938}, {0x27, 0x00, 0x87, 0xFF}}},
	{{{0, -8, 368}, 0, {2126, 1938}, {0x27, 0x00, 0x79, 0xFF}}},
	{{{216, 16, 298}, 0, {1938, 2126}, {0x27, 0x00, 0x79, 0xFF}}},
	{{{0, 16, 368}, 0, {1938, 1938}, {0x27, 0x00, 0x79, 0xFF}}},
	{{{216, 16, 298}, 0, {1938, 2126}, {0x27, 0x00, 0x79, 0xFF}}},
	{{{0, -8, 368}, 0, {2126, 1938}, {0x27, 0x00, 0x79, 0xFF}}},
	{{{216, -8, 298}, 0, {2126, 2126}, {0x27, 0x00, 0x79, 0xFF}}},
	{{{216, 16, 298}, 0, {2126, 1938}, {0x67, 0x00, 0x4B, 0xFF}}},
	{{{350, -8, 114}, 0, {1938, 2126}, {0x67, 0x00, 0x4B, 0xFF}}},
	{{{350, 16, 114}, 0, {2126, 2126}, {0x67, 0x00, 0x4B, 0xFF}}},
	{{{350, -8, 114}, 0, {1938, 2126}, {0x67, 0x00, 0x4B, 0xFF}}},
	{{{216, 16, 298}, 0, {2126, 1938}, {0x67, 0x00, 0x4B, 0xFF}}},
	{{{216, -8, 298}, 0, {1938, 1938}, {0x67, 0x00, 0x4B, 0xFF}}},
	{{{0, -8, -369}, 0, {4, 2008}, {0x00, 0xAD, 0xA0, 0xFF}}},
	{{{0, 4, 0}, 0, {2008, 2008}, {0xD1, 0x8D, 0xE7, 0xFF}}},
	{{{-217, -8, -299}, 0, {387, 3186}, {0xC7, 0xAD, 0xB2, 0xFF}}},
	{{{216, -8, -299}, 0, {387, 830}, {0x39, 0xAD, 0xB2, 0xFF}}},
	{{{0, 4, 0}, 0, {2008, 2008}, {0xD1, 0x8D, 0xE7, 0xFF}}},
	{{{0, -8, -369}, 0, {4, 2008}, {0x00, 0xAD, 0xA0, 0xFF}}},
	{{{-217, -8, -299}, 0, {387, 3186}, {0xC7, 0xAD, 0xB2, 0xFF}}},
	{{{0, 4, 0}, 0, {2008, 2008}, {0xD1, 0x8D, 0xE7, 0xFF}}},
	{{{-351, -8, -114}, 0, {1389, 3914}, {0xA5, 0xAD, 0xE2, 0xFF}}},
	{{{-351, -8, -114}, 0, {1389, 3914}, {0xA5, 0xAD, 0xE2, 0xFF}}},
	{{{0, 4, 0}, 0, {2008, 2008}, {0xD1, 0x8D, 0xE7, 0xFF}}},
	{{{-351, -8, 114}, 0, {2628, 3914}, {0xA5, 0xAD, 0x1E, 0xFF}}},
	{{{-351, -8, 114}, 0, {2628, 3914}, {0xA5, 0xAD, 0x1E, 0xFF}}},
	{{{0, 4, 0}, 0, {2008, 2008}, {0xD1, 0x8D, 0xE7, 0xFF}}},
	{{{-217, -8, 298}, 0, {3630, 3186}, {0xC7, 0xAD, 0x4E, 0xFF}}},
	{{{-217, -8, 298}, 0, {3630, 3186}, {0xC7, 0xAD, 0x4E, 0xFF}}},
	{{{0, 4, 0}, 0, {2008, 2008}, {0xD1, 0x8D, 0xE7, 0xFF}}},
	{{{0, -8, 368}, 0, {4013, 2008}, {0x00, 0xAD, 0x60, 0xFF}}},
	{{{0, -8, 368}, 0, {4013, 2008}, {0x00, 0xAD, 0x60, 0xFF}}},
	{{{0, 4, 0}, 0, {2008, 2008}, {0xD1, 0x8D, 0xE7, 0xFF}}},
	{{{216, -8, 298}, 0, {3630, 830}, {0x39, 0xAD, 0x4E, 0xFF}}},
	{{{216, -8, 298}, 0, {3630, 830}, {0x39, 0xAD, 0x4E, 0xFF}}},
	{{{0, 4, 0}, 0, {2008, 2008}, {0xD1, 0x8D, 0xE7, 0xFF}}},
	{{{350, -8, 114}, 0, {2628, 102}, {0x5B, 0xAD, 0x1E, 0xFF}}},
	{{{350, -8, 114}, 0, {2628, 102}, {0x5B, 0xAD, 0x1E, 0xFF}}},
	{{{0, 4, 0}, 0, {2008, 2008}, {0xD1, 0x8D, 0xE7, 0xFF}}},
	{{{350, -8, -114}, 0, {1389, 102}, {0x5B, 0xAD, 0xE2, 0xFF}}},
	{{{216, -8, -299}, 0, {387, 830}, {0x39, 0xAD, 0xB2, 0xFF}}},
	{{{350, -8, -114}, 0, {1389, 102}, {0x5B, 0xAD, 0xE2, 0xFF}}},
	{{{0, 4, 0}, 0, {2008, 2008}, {0xD1, 0x8D, 0xE7, 0xFF}}},
	{{{350, 16, -114}, 0, {387, 834}, {0x5B, 0x53, 0xE2, 0xFF}}},
	{{{0, 4, 0}, 0, {2008, 2012}, {0xD1, 0x8D, 0xE7, 0xFF}}},
	{{{350, 16, 114}, 0, {1389, 106}, {0x5B, 0x53, 0x1E, 0xFF}}},
	{{{216, 16, -299}, 0, {4, 2012}, {0x39, 0x53, 0xB2, 0xFF}}},
	{{{0, 4, 0}, 0, {2008, 2012}, {0xD1, 0x8D, 0xE7, 0xFF}}},
	{{{350, 16, -114}, 0, {387, 834}, {0x5B, 0x53, 0xE2, 0xFF}}},
	{{{216, 16, 298}, 0, {2628, 106}, {0x38, 0x53, 0x4E, 0xFF}}},
	{{{350, 16, 114}, 0, {1389, 106}, {0x5B, 0x53, 0x1E, 0xFF}}},
	{{{0, 4, 0}, 0, {2008, 2012}, {0xD1, 0x8D, 0xE7, 0xFF}}},
	{{{216, 16, 298}, 0, {2628, 106}, {0x38, 0x53, 0x4E, 0xFF}}},
	{{{0, 4, 0}, 0, {2008, 2012}, {0xD1, 0x8D, 0xE7, 0xFF}}},
	{{{0, 16, 368}, 0, {3630, 834}, {0x00, 0x53, 0x60, 0xFF}}},
	{{{0, 16, 368}, 0, {3630, 834}, {0x00, 0x53, 0x60, 0xFF}}},
	{{{0, 4, 0}, 0, {2008, 2012}, {0xD1, 0x8D, 0xE7, 0xFF}}},
	{{{-217, 16, 298}, 0, {4013, 2012}, {0xC8, 0x53, 0x4E, 0xFF}}},
	{{{0, 16, -369}, 0, {387, 3190}, {0x00, 0x53, 0xA0, 0xFF}}},
	{{{0, 4, 0}, 0, {2008, 2012}, {0xD1, 0x8D, 0xE7, 0xFF}}},
	{{{216, 16, -299}, 0, {4, 2012}, {0x39, 0x53, 0xB2, 0xFF}}},
	{{{-217, 16, -299}, 0, {1389, 3918}, {0xC8, 0x53, 0xB2, 0xFF}}},
	{{{0, 4, 0}, 0, {2008, 2012}, {0xD1, 0x8D, 0xE7, 0xFF}}},
	{{{0, 16, -369}, 0, {387, 3190}, {0x00, 0x53, 0xA0, 0xFF}}},
	{{{-351, 16, -114}, 0, {2628, 3918}, {0xA5, 0x53, 0xE2, 0xFF}}},
	{{{0, 4, 0}, 0, {2008, 2012}, {0xD1, 0x8D, 0xE7, 0xFF}}},
	{{{-217, 16, -299}, 0, {1389, 3918}, {0xC8, 0x53, 0xB2, 0xFF}}},
	{{{-351, 16, 114}, 0, {3630, 3190}, {0xA5, 0x53, 0x1E, 0xFF}}},
	{{{0, 4, 0}, 0, {2008, 2012}, {0xD1, 0x8D, 0xE7, 0xFF}}},
	{{{-351, 16, -114}, 0, {2628, 3918}, {0xA5, 0x53, 0xE2, 0xFF}}},
	{{{-217, 16, 298}, 0, {4013, 2012}, {0xC8, 0x53, 0x4E, 0xFF}}},
	{{{0, 4, 0}, 0, {2008, 2012}, {0xD1, 0x8D, 0xE7, 0xFF}}},
	{{{-351, 16, 114}, 0, {3630, 3190}, {0xA5, 0x53, 0x1E, 0xFF}}},
	{{{-351, 16, -114}, 0, {2126, 1938}, {0x81, 0x00, 0x00, 0xFF}}},
	{{{-351, -8, 114}, 0, {1938, 2126}, {0x81, 0x00, 0x00, 0xFF}}},
	{{{-351, 16, 114}, 0, {2126, 2126}, {0x81, 0x00, 0x00, 0xFF}}},
	{{{-351, -8, -114}, 0, {1938, 1938}, {0x81, 0x00, 0x00, 0xFF}}},
	{{{0, 16, -369}, 0, {2126, 1938}, {0xD9, 0x00, 0x87, 0xFF}}},
	{{{-217, -8, -299}, 0, {1938, 2126}, {0xD9, 0x00, 0x87, 0xFF}}},
	{{{-217, 16, -299}, 0, {2126, 2126}, {0xD9, 0x00, 0x87, 0xFF}}},
	{{{0, -8, -369}, 0, {1938, 1938}, {0xD9, 0x00, 0x87, 0xFF}}},
	{{{-217, 16, 298}, 0, {2126, 1938}, {0xD9, 0x00, 0x79, 0xFF}}},
	{{{0, -8, 368}, 0, {1938, 2126}, {0xD9, 0x00, 0x79, 0xFF}}},
	{{{0, 16, 368}, 0, {1938, 1938}, {0xD9, 0x00, 0x79, 0xFF}}},
	{{{-217, -8, 298}, 0, {2126, 2126}, {0xD9, 0x00, 0x79, 0xFF}}},
	{{{350, 16, 114}, 0, {2126, 1938}, {0x7F, 0x00, 0x00, 0xFF}}},
	{{{350, -8, -114}, 0, {1938, 2126}, {0x7F, 0x00, 0x00, 0xFF}}},
	{{{350, 16, -114}, 0, {2126, 2126}, {0x7F, 0x00, 0x00, 0xFF}}},
	{{{350, -8, 114}, 0, {1938, 1938}, {0x7F, 0x00, 0x00, 0xFF}}},
};

Gfx r64planet_objplanet_mesh_layer_1_tri_1[] = {
	gsSPVertex(r64planet_objplanet_mesh_layer_1_vtx_1 + 0, 64, 0),
	gsSP2Triangles(0, 1, 2, 0, 3, 4, 5, 0),
	gsSP2Triangles(6, 7, 8, 0, 7, 9, 10, 0),
	gsSP2Triangles(11, 12, 13, 0, 14, 11, 15, 0),
	gsSP2Triangles(16, 17, 18, 0, 19, 20, 21, 0),
	gsSP2Triangles(22, 23, 24, 0, 25, 26, 27, 0),
	gsSP2Triangles(28, 29, 30, 0, 31, 32, 33, 0),
	gsSP2Triangles(34, 35, 36, 0, 37, 38, 39, 0),
	gsSP2Triangles(40, 41, 42, 0, 43, 44, 45, 0),
	gsSP2Triangles(46, 47, 48, 0, 49, 50, 51, 0),
	gsSP2Triangles(52, 53, 54, 0, 55, 56, 57, 0),
	gsSP2Triangles(58, 59, 60, 0, 61, 62, 63, 0),
	gsSPVertex(r64planet_objplanet_mesh_layer_1_vtx_1 + 64, 46, 0),
	gsSP2Triangles(0, 1, 2, 0, 3, 4, 5, 0),
	gsSP2Triangles(6, 7, 8, 0, 9, 10, 11, 0),
	gsSP2Triangles(12, 13, 14, 0, 15, 16, 17, 0),
	gsSP2Triangles(18, 19, 20, 0, 21, 22, 23, 0),
	gsSP2Triangles(24, 25, 26, 0, 27, 28, 29, 0),
	gsSP2Triangles(30, 31, 32, 0, 31, 30, 33, 0),
	gsSP2Triangles(34, 35, 36, 0, 35, 34, 37, 0),
	gsSP2Triangles(38, 39, 40, 0, 39, 38, 41, 0),
	gsSP2Triangles(42, 43, 44, 0, 43, 42, 45, 0),
	gsSPEndDisplayList(),
};


Gfx mat_r64planet_Planet1Mtl_f3d[] = {
	gsSPSetLights1(r64planet_Planet1Mtl_f3d_lights),
	gsDPPipeSync(),
	gsDPSetCombineLERP(TEXEL0, 0, SHADE, 0, 0, 0, 0, ENVIRONMENT, TEXEL0, 0, SHADE, 0, 0, 0, 0, ENVIRONMENT),
	gsDPSetAlphaDither(G_AD_NOISE),
	gsSPTexture(65535, 65535, 0, 0, 1),
	gsDPSetTextureImage(G_IM_FMT_RGBA, G_IM_SIZ_32b_LOAD_BLOCK, 1, r64planet_Planet1_diff_rgba32),
	gsDPSetTile(G_IM_FMT_RGBA, G_IM_SIZ_32b_LOAD_BLOCK, 0, 0, 7, 0, G_TX_WRAP | G_TX_NOMIRROR, 0, 0, G_TX_WRAP | G_TX_NOMIRROR, 0, 0),
	gsDPLoadBlock(7, 0, 0, 16383, 32),
	gsDPSetTile(G_IM_FMT_RGBA, G_IM_SIZ_32b, 32, 0, 0, 0, G_TX_WRAP | G_TX_NOMIRROR, 7, 0, G_TX_WRAP | G_TX_NOMIRROR, 7, 0),
	gsDPSetTileSize(0, 0, 0, 508, 508),
	gsSPEndDisplayList(),
};

Gfx mat_revert_r64planet_Planet1Mtl_f3d[] = {
	gsDPPipeSync(),
	gsDPSetAlphaDither(G_AD_DISABLE),
	gsSPEndDisplayList(),
};

Gfx mat_r64planet_Ring1Mtl_f3d[] = {
	gsSPSetLights1(r64planet_Ring1Mtl_f3d_lights),
	gsDPPipeSync(),
	gsDPSetCombineLERP(TEXEL0, 0, SHADE, 0, 0, 0, 0, ENVIRONMENT, TEXEL0, 0, SHADE, 0, 0, 0, 0, ENVIRONMENT),
	gsDPSetAlphaDither(G_AD_NOISE),
	gsSPTexture(65535, 65535, 0, 0, 1),
	gsDPSetTextureImage(G_IM_FMT_RGBA, G_IM_SIZ_32b_LOAD_BLOCK, 1, r64planet_Ring1_diff_rgba32),
	gsDPSetTile(G_IM_FMT_RGBA, G_IM_SIZ_32b_LOAD_BLOCK, 0, 0, 7, 0, G_TX_WRAP | G_TX_NOMIRROR, 0, 0, G_TX_WRAP | G_TX_NOMIRROR, 0, 0),
	gsDPLoadBlock(7, 0, 0, 16383, 32),
	gsDPSetTile(G_IM_FMT_RGBA, G_IM_SIZ_32b, 32, 0, 0, 0, G_TX_WRAP | G_TX_NOMIRROR, 7, 0, G_TX_WRAP | G_TX_NOMIRROR, 7, 0),
	gsDPSetTileSize(0, 0, 0, 508, 508),
	gsSPEndDisplayList(),
};

Gfx mat_revert_r64planet_Ring1Mtl_f3d[] = {
	gsDPPipeSync(),
	gsDPSetAlphaDither(G_AD_DISABLE),
	gsSPEndDisplayList(),
};

Gfx r64planet_objplanet_mesh_layer_1[] = {
	gsSPClearGeometryMode(G_LIGHTING),
	gsSPVertex(r64planet_objplanet_mesh_layer_1_vtx_cull + 0, 8, 0),
	gsSPSetGeometryMode(G_LIGHTING),
	gsSPCullDisplayList(0, 7),
	gsSPDisplayList(mat_r64planet_Planet1Mtl_f3d),
	gsSPDisplayList(r64planet_objplanet_mesh_layer_1_tri_0),
	gsSPDisplayList(mat_revert_r64planet_Planet1Mtl_f3d),
	gsSPDisplayList(mat_r64planet_Ring1Mtl_f3d),
	gsSPDisplayList(r64planet_objplanet_mesh_layer_1_tri_1),
	gsSPDisplayList(mat_revert_r64planet_Ring1Mtl_f3d),
	gsDPPipeSync(),
	gsSPSetGeometryMode(G_LIGHTING),
	gsSPClearGeometryMode(G_TEXTURE_GEN),
	gsDPSetCombineLERP(0, 0, 0, SHADE, 0, 0, 0, ENVIRONMENT, 0, 0, 0, SHADE, 0, 0, 0, ENVIRONMENT),
	gsSPTexture(65535, 65535, 0, 0, 0),
	gsDPSetEnvColor(255, 255, 255, 255),
	gsDPSetAlphaCompare(G_AC_NONE),
	gsSPEndDisplayList(),
};

