Lights1 r64soap_Soap1Mtl_f3d_lights = gdSPDefLights1(
	0x7F, 0x7F, 0x7F,
	0xFF, 0xFF, 0xFF, 0x28, 0x28, 0x28);

Texture r64soap_Soap1_diff_rgba32[] = {
	0xff, 0xc4, 0xe7, 0xff, 0xff, 0xc4, 0xe7, 0xff, 
	0xff, 0xc1, 0xe7, 0xff, 0xff, 0xc1, 0xe7, 0xff, 
	0xff, 0xc3, 0xe7, 0xff, 0xff, 0xc3, 0xe7, 0xff, 
	0xff, 0xc3, 0xe7, 0xff, 0xff, 0xc3, 0xe7, 0xff, 
	0xff, 0xbf, 0xe7, 0xff, 0xff, 0xc1, 0xe7, 0xff, 
	0xff, 0xbf, 0xe7, 0xff, 0xff, 0xbf, 0xe7, 0xff, 
	0xff, 0xbe, 0xe4, 0xff, 0xff, 0xbe, 0xe4, 0xff, 
	0xff, 0xbe, 0xe4, 0xff, 0xff, 0xbe, 0xe4, 0xff, 
	0xff, 0xc0, 0xe7, 0xff, 0xff, 0xc0, 0xe7, 0xff, 
	0xff, 0xc3, 0xe7, 0xff, 0xff, 0xc0, 0xe7, 0xff, 
	0xff, 0xc0, 0xe7, 0xff, 0xff, 0xc0, 0xe7, 0xff, 
	0xff, 0xc0, 0xe7, 0xff, 0xff, 0xc3, 0xe7, 0xff, 
	0xff, 0xc1, 0xe7, 0xff, 0xff, 0xbf, 0xe7, 0xff, 
	0xff, 0xbf, 0xe7, 0xff, 0xff, 0xbf, 0xe7, 0xff, 
	0xff, 0xc1, 0xe7, 0xff, 0xff, 0xc1, 0xe7, 0xff, 
	0xff, 0xc4, 0xe7, 0xff, 0xff, 0xc7, 0xe7, 0xff, 
	0xff, 0xc8, 0xe7, 0xff, 0xff, 0xc8, 0xe7, 0xff, 
	0xff, 0xc8, 0xe7, 0xff, 0xff, 0xc8, 0xe7, 0xff, 
	0xff, 0xc8, 0xe7, 0xff, 0xff, 0xc8, 0xe7, 0xff, 
	0xff, 0xc5, 0xe7, 0xff, 0xff, 0xc5, 0xe7, 0xff, 
	0xff, 0xc8, 0xe7, 0xff, 0xff, 0xc5, 0xe7, 0xff, 
	0xff, 0xc5, 0xe7, 0xff, 0xff, 0xc5, 0xe7, 0xff, 
	0xff, 0xc7, 0xe7, 0xff, 0xff, 0xc7, 0xe7, 0xff, 
	0xff, 0xc7, 0xe7, 0xff, 0xff, 0xc7, 0xe7, 0xff, 
	0xff, 0xc5, 0xe7, 0xff, 0xff, 0xc3, 0xe7, 0xff, 
	0xff, 0xc3, 0xe7, 0xff, 0xff, 0xc3, 0xe7, 0xff, 
	0xff, 0xc3, 0xe7, 0xff, 0xff, 0xc4, 0xe7, 0xff, 
	0xff, 0xc3, 0xe7, 0xff, 0xff, 0xc3, 0xe7, 0xff, 
	0xff, 0xc4, 0xe7, 0xff, 0xff, 0xc1, 0xe7, 0xff, 
	0xff, 0xc1, 0xe7, 0xff, 0xff, 0xc1, 0xe7, 0xff, 
	0xff, 0xbf, 0xe7, 0xff, 0xff, 0xbf, 0xe7, 0xff, 
	0xff, 0xbf, 0xe7, 0xff, 0xff, 0xc1, 0xe7, 0xff, 
	0xff, 0xc0, 0xe6, 0xff, 0xff, 0xc0, 0xe6, 0xff, 
	0xff, 0xc0, 0xe6, 0xff, 0xff, 0xc0, 0xe6, 0xff, 
	0xff, 0xc0, 0xe6, 0xff, 0xff, 0xc0, 0xe6, 0xff, 
	0xff, 0xc0, 0xe6, 0xff, 0xff, 0xc0, 0xe6, 0xff, 
	0xff, 0xbf, 0xe4, 0xff, 0xff, 0xbf, 0xe4, 0xff, 
	0xff, 0xbf, 0xe4, 0xff, 0xff, 0xbf, 0xe4, 0xff, 
	0xff, 0xbf, 0xe6, 0xff, 0xff, 0xbf, 0xe6, 0xff, 
	0xff, 0xbf, 0xe6, 0xff, 0xff, 0xbf, 0xe6, 0xff, 
	0xff, 0xc0, 0xe6, 0xff, 0xff, 0xc0, 0xe6, 0xff, 
	0xff, 0xc0, 0xe6, 0xff, 0xff, 0xc0, 0xe6, 0xff, 
	0xff, 0xc0, 0xe7, 0xff, 0xff, 0xc0, 0xe7, 0xff, 
	0xff, 0xbd, 0xe7, 0xff, 0xff, 0xc0, 0xe7, 0xff, 
	0xff, 0xc0, 0xe6, 0xff, 0xff, 0xc0, 0xe6, 0xff, 
	0xff, 0xc0, 0xe6, 0xff, 0xff, 0xc0, 0xe6, 0xff, 
	0xff, 0xc1, 0xe7, 0xff, 0xff, 0xc4, 0xe7, 0xff, 
	0xff, 0xc4, 0xe7, 0xff, 0xff, 0xc4, 0xe7, 0xff, 
	0xff, 0xc4, 0xe7, 0xff, 0xff, 0xc4, 0xe7, 0xff, 
	0xff, 0xc5, 0xe7, 0xff, 0xff, 0xc5, 0xe7, 0xff, 
	0xff, 0xc9, 0xe9, 0xff, 0xff, 0xc9, 0xe9, 0xff, 
	0xff, 0xc9, 0xe9, 0xff, 0xff, 0xc9, 0xe9, 0xff, 
	0xff, 0xc9, 0xe9, 0xff, 0xff, 0xc7, 0xe7, 0xff, 
	0xff, 0xc9, 0xe9, 0xff, 0xff, 0xc9, 0xe9, 0xff, 
	0xff, 0xca, 0xe9, 0xff, 0xff, 0xca, 0xe9, 0xff, 
	0xff, 0xca, 0xe9, 0xff, 0xff, 0xca, 0xe9, 0xff, 
	0xff, 0xcb, 0xe9, 0xff, 0xff, 0xcb, 0xe9, 0xff, 
	0xff, 0xcb, 0xe9, 0xff, 0xff, 0xcb, 0xe9, 0xff, 
	0xff, 0xcb, 0xe9, 0xff, 0xff, 0xcb, 0xe9, 0xff, 
	0xff, 0xcb, 0xe9, 0xff, 0xff, 0xcb, 0xe9, 0xff, 
	0xff, 0xcb, 0xe9, 0xff, 0xff, 0xcb, 0xe9, 0xff, 
	0xff, 0xcb, 0xe9, 0xff, 0xff, 0xc7, 0xe7, 0xff, 
	0xff, 0xc7, 0xe7, 0xff, 0xff, 0xc8, 0xe7, 0xff, 
	0xff, 0xc8, 0xe7, 0xff, 0xff, 0xc8, 0xe7, 0xff, 
	0xff, 0xc4, 0xe7, 0xff, 0xff, 0xc1, 0xe7, 0xff, 
	0xff, 0xc1, 0xe7, 0xff, 0xff, 0xbe, 0xe7, 0xff, 
	0xff, 0xc3, 0xe7, 0xff, 0xff, 0xc3, 0xe7, 0xff, 
	0xff, 0xc3, 0xe7, 0xff, 0xff, 0xc3, 0xe7, 0xff, 
	0xff, 0xbf, 0xe7, 0xff, 0xff, 0xbf, 0xe7, 0xff, 
	0xff, 0xc1, 0xe7, 0xff, 0xff, 0xc1, 0xe7, 0xff, 
	0xff, 0xbe, 0xe4, 0xff, 0xff, 0xbe, 0xe4, 0xff, 
	0xff, 0xbe, 0xe4, 0xff, 0xff, 0xbe, 0xe4, 0xff, 
	0xff, 0xc0, 0xe7, 0xff, 0xff, 0xc0, 0xe7, 0xff, 
	0xff, 0xc0, 0xe7, 0xff, 0xff, 0xc0, 0xe7, 0xff, 
	0xff, 0xc0, 0xe7, 0xff, 0xff, 0xc0, 0xe7, 0xff, 
	0xff, 0xc0, 0xe7, 0xff, 0xff, 0xc0, 0xe7, 0xff, 
	0xff, 0xbe, 0xe7, 0xff, 0xff, 0xbf, 0xe7, 0xff, 
	0xff, 0xbe, 0xe7, 0xff, 0xff, 0xbf, 0xe7, 0xff, 
	0xff, 0xc1, 0xe7, 0xff, 0xff, 0xc4, 0xe7, 0xff, 
	0xff, 0xc4, 0xe7, 0xff, 0xff, 0xc7, 0xe7, 0xff, 
	0xff, 0xc8, 0xe7, 0xff, 0xff, 0xc5, 0xe7, 0xff, 
	0xff, 0xc5, 0xe7, 0xff, 0xff, 0xc5, 0xe7, 0xff, 
	0xff, 0xc5, 0xe7, 0xff, 0xff, 0xc8, 0xe7, 0xff, 
	0xff, 0xc8, 0xe7, 0xff, 0xff, 0xc8, 0xe7, 0xff, 
	0xff, 0xc8, 0xe7, 0xff, 0xff, 0xc8, 0xe7, 0xff, 
	0xff, 0xc8, 0xe7, 0xff, 0xff, 0xc8, 0xe7, 0xff, 
	0xff, 0xc7, 0xe7, 0xff, 0xff, 0xc7, 0xe7, 0xff, 
	0xff, 0xc7, 0xe7, 0xff, 0xff, 0xc7, 0xe7, 0xff, 
	0xff, 0xc3, 0xe7, 0xff, 0xff, 0xc3, 0xe7, 0xff, 
	0xff, 0xc3, 0xe7, 0xff, 0xff, 0xc3, 0xe7, 0xff, 
	0xff, 0xc3, 0xe7, 0xff, 0xff, 0xc4, 0xe7, 0xff, 
	0xff, 0xc3, 0xe7, 0xff, 0xff, 0xc4, 0xe7, 0xff, 
	0xff, 0xc4, 0xe7, 0xff, 0xff, 0xc1, 0xe7, 0xff, 
	0xff, 0xc1, 0xe7, 0xff, 0xff, 0xc1, 0xe7, 0xff, 
	0xff, 0xbf, 0xe7, 0xff, 0xff, 0xc1, 0xe7, 0xff, 
	0xff, 0xbf, 0xe7, 0xff, 0xff, 0xc1, 0xe7, 0xff, 
	0xff, 0xc0, 0xe6, 0xff, 0xff, 0xc0, 0xe6, 0xff, 
	0xff, 0xc0, 0xe6, 0xff, 0xff, 0xc0, 0xe6, 0xff, 
	0xff, 0xc0, 0xe6, 0xff, 0xff, 0xc0, 0xe6, 0xff, 
	0xff, 0xc0, 0xe6, 0xff, 0xff, 0xc0, 0xe6, 0xff, 
	0xff, 0xbf, 0xe4, 0xff, 0xff, 0xbf, 0xe4, 0xff, 
	0xff, 0xbf, 0xe4, 0xff, 0xff, 0xbf, 0xe4, 0xff, 
	0xff, 0xbf, 0xe6, 0xff, 0xff, 0xbf, 0xe6, 0xff, 
	0xff, 0xbf, 0xe6, 0xff, 0xff, 0xbf, 0xe6, 0xff, 
	0xff, 0xc0, 0xe6, 0xff, 0xff, 0xc0, 0xe6, 0xff, 
	0xff, 0xc0, 0xe6, 0xff, 0xff, 0xc0, 0xe6, 0xff, 
	0xff, 0xc3, 0xe7, 0xff, 0xff, 0xc0, 0xe7, 0xff, 
	0xff, 0xc0, 0xe7, 0xff, 0xff, 0xc0, 0xe7, 0xff, 
	0xff, 0xc0, 0xe6, 0xff, 0xff, 0xc0, 0xe6, 0xff, 
	0xff, 0xc0, 0xe6, 0xff, 0xff, 0xc0, 0xe6, 0xff, 
	0xff, 0xc1, 0xe7, 0xff, 0xff, 0xc1, 0xe7, 0xff, 
	0xff, 0xc1, 0xe7, 0xff, 0xff, 0xc1, 0xe7, 0xff, 
	0xff, 0xc4, 0xe7, 0xff, 0xff, 0xc4, 0xe7, 0xff, 
	0xff, 0xc5, 0xe7, 0xff, 0xff, 0xc5, 0xe7, 0xff, 
	0xff, 0xc9, 0xe9, 0xff, 0xff, 0xc9, 0xe9, 0xff, 
	0xff, 0xc7, 0xe7, 0xff, 0xff, 0xc9, 0xe9, 0xff, 
	0xff, 0xc9, 0xe9, 0xff, 0xff, 0xc7, 0xe7, 0xff, 
	0xff, 0xc9, 0xe9, 0xff, 0xff, 0xc9, 0xe9, 0xff, 
	0xff, 0xca, 0xe9, 0xff, 0xff, 0xca, 0xe9, 0xff, 
	0xff, 0xca, 0xe9, 0xff, 0xff, 0xca, 0xe9, 0xff, 
	0xff, 0xcb, 0xe9, 0xff, 0xff, 0xcb, 0xe9, 0xff, 
	0xff, 0xcb, 0xe9, 0xff, 0xff, 0xcb, 0xe9, 0xff, 
	0xff, 0xcb, 0xe9, 0xff, 0xff, 0xcb, 0xe9, 0xff, 
	0xff, 0xcb, 0xe9, 0xff, 0xff, 0xcb, 0xe9, 0xff, 
	0xff, 0xcb, 0xe9, 0xff, 0xff, 0xcb, 0xe9, 0xff, 
	0xff, 0xcb, 0xe9, 0xff, 0xff, 0xc7, 0xe7, 0xff, 
	0xff, 0xc7, 0xe7, 0xff, 0xff, 0xc7, 0xe7, 0xff, 
	0xff, 0xc8, 0xe7, 0xff, 0xff, 0xc7, 0xe7, 0xff, 
	0xff, 0xc1, 0xe7, 0xff, 0xff, 0xbe, 0xe7, 0xff, 
	0xff, 0xbe, 0xe7, 0xff, 0xff, 0xc1, 0xe7, 0xff, 
	0xff, 0xc3, 0xe7, 0xff, 0xff, 0xc3, 0xe7, 0xff, 
	0xff, 0xc3, 0xe7, 0xff, 0xff, 0xc3, 0xe7, 0xff, 
	0xff, 0xc1, 0xe7, 0xff, 0xff, 0xbf, 0xe7, 0xff, 
	0xff, 0xc1, 0xe7, 0xff, 0xff, 0xc1, 0xe7, 0xff, 
	0xff, 0xbe, 0xe4, 0xff, 0xff, 0xbe, 0xe4, 0xff, 
	0xff, 0xbe, 0xe4, 0xff, 0xff, 0xbe, 0xe4, 0xff, 
	0xff, 0xc0, 0xe7, 0xff, 0xff, 0xbd, 0xe7, 0xff, 
	0xff, 0xbd, 0xe7, 0xff, 0xff, 0xbd, 0xe7, 0xff, 
	0xff, 0xc0, 0xe7, 0xff, 0xff, 0xbd, 0xe7, 0xff, 
	0xff, 0xbd, 0xe7, 0xff, 0xff, 0xba, 0xe7, 0xff, 
	0xff, 0xbe, 0xe7, 0xff, 0xff, 0xbf, 0xe7, 0xff, 
	0xff, 0xbe, 0xe7, 0xff, 0xff, 0xbf, 0xe7, 0xff, 
	0xff, 0xbe, 0xe7, 0xff, 0xff, 0xc4, 0xe7, 0xff, 
	0xff, 0xc4, 0xe7, 0xff, 0xff, 0xc4, 0xe7, 0xff, 
	0xff, 0xc8, 0xe7, 0xff, 0xff, 0xc5, 0xe7, 0xff, 
	0xff, 0xc3, 0xe7, 0xff, 0xff, 0xc3, 0xe7, 0xff, 
	0xff, 0xc5, 0xe7, 0xff, 0xff, 0xc5, 0xe7, 0xff, 
	0xff, 0xc8, 0xe7, 0xff, 0xff, 0xcb, 0xe7, 0xff, 
	0xff, 0xc8, 0xe7, 0xff, 0xff, 0xc8, 0xe7, 0xff, 
	0xff, 0xc8, 0xe7, 0xff, 0xff, 0xc8, 0xe7, 0xff, 
	0xff, 0xc9, 0xe9, 0xff, 0xff, 0xc9, 0xe9, 0xff, 
	0xff, 0xc7, 0xe7, 0xff, 0xff, 0xc7, 0xe7, 0xff, 
	0xff, 0xc5, 0xe7, 0xff, 0xff, 0xc5, 0xe7, 0xff, 
	0xff, 0xc3, 0xe7, 0xff, 0xff, 0xc3, 0xe7, 0xff, 
	0xff, 0xc5, 0xe7, 0xff, 0xff, 0xc4, 0xe7, 0xff, 
	0xff, 0xc4, 0xe7, 0xff, 0xff, 0xc5, 0xe7, 0xff, 
	0xff, 0xc4, 0xe7, 0xff, 0xff, 0xc1, 0xe7, 0xff, 
	0xff, 0xc1, 0xe7, 0xff, 0xff, 0xc1, 0xe7, 0xff, 
	0xff, 0xc1, 0xe7, 0xff, 0xff, 0xc1, 0xe7, 0xff, 
	0xff, 0xbf, 0xe7, 0xff, 0xff, 0xbf, 0xe7, 0xff, 
	0xff, 0xc0, 0xe6, 0xff, 0xff, 0xc0, 0xe6, 0xff, 
	0xff, 0xc0, 0xe6, 0xff, 0xff, 0xc0, 0xe6, 0xff, 
	0xff, 0xc0, 0xe6, 0xff, 0xff, 0xc0, 0xe6, 0xff, 
	0xff, 0xc0, 0xe6, 0xff, 0xff, 0xc0, 0xe6, 0xff, 
	0xff, 0xbf, 0xe4, 0xff, 0xff, 0xbf, 0xe4, 0xff, 
	0xff, 0xbf, 0xe4, 0xff, 0xff, 0xbf, 0xe4, 0xff, 
	0xff, 0xbf, 0xe6, 0xff, 0xff, 0xbf, 0xe6, 0xff, 
	0xff, 0xbf, 0xe6, 0xff, 0xff, 0xbf, 0xe6, 0xff, 
	0xff, 0xc0, 0xe6, 0xff, 0xff, 0xc0, 0xe6, 0xff, 
	0xff, 0xc0, 0xe6, 0xff, 0xff, 0xc0, 0xe6, 0xff, 
	0xff, 0xc3, 0xe7, 0xff, 0xff, 0xc0, 0xe7, 0xff, 
	0xff, 0xc0, 0xe7, 0xff, 0xff, 0xc0, 0xe7, 0xff, 
	0xff, 0xc0, 0xe6, 0xff, 0xff, 0xc0, 0xe6, 0xff, 
	0xff, 0xc0, 0xe6, 0xff, 0xff, 0xc0, 0xe6, 0xff, 
	0xff, 0xbe, 0xe7, 0xff, 0xff, 0xc1, 0xe7, 0xff, 
	0xff, 0xc1, 0xe7, 0xff, 0xff, 0xbe, 0xe7, 0xff, 
	0xff, 0xc3, 0xe7, 0xff, 0xff, 0xc3, 0xe7, 0xff, 
	0xff, 0xc5, 0xe7, 0xff, 0xff, 0xc5, 0xe7, 0xff, 
	0xff, 0xc9, 0xe9, 0xff, 0xff, 0xc7, 0xe7, 0xff, 
	0xff, 0xc7, 0xe7, 0xff, 0xff, 0xc9, 0xe9, 0xff, 
	0xff, 0xc9, 0xe9, 0xff, 0xff, 0xc9, 0xe9, 0xff, 
	0xff, 0xc9, 0xe9, 0xff, 0xff, 0xc9, 0xe9, 0xff, 
	0xff, 0xca, 0xe9, 0xff, 0xff, 0xca, 0xe9, 0xff, 
	0xff, 0xca, 0xe9, 0xff, 0xff, 0xca, 0xe9, 0xff, 
	0xff, 0xcb, 0xe9, 0xff, 0xff, 0xcb, 0xe9, 0xff, 
	0xff, 0xcb, 0xe9, 0xff, 0xff, 0xcb, 0xe9, 0xff, 
	0xff, 0xcb, 0xe9, 0xff, 0xff, 0xcb, 0xe9, 0xff, 
	0xff, 0xcb, 0xe9, 0xff, 0xff, 0xcb, 0xe9, 0xff, 
	0xff, 0xcf, 0xec, 0xff, 0xff, 0xcf, 0xec, 0xff, 
	0xff, 0xcb, 0xe9, 0xff, 0xff, 0xcb, 0xe9, 0xff, 
	0xff, 0xc9, 0xe7, 0xff, 0xff, 0xc8, 0xe7, 0xff, 
	0xff, 0xc8, 0xe7, 0xff, 0xff, 0xc7, 0xe7, 0xff, 
	0xff, 0xc1, 0xe7, 0xff, 0xff, 0xc1, 0xe7, 0xff, 
	0xff, 0xc1, 0xe7, 0xff, 0xff, 0xc1, 0xe7, 0xff, 
	0xff, 0xc3, 0xe7, 0xff, 0xff, 0xc3, 0xe7, 0xff, 
	0xff, 0xc3, 0xe7, 0xff, 0xff, 0xc3, 0xe7, 0xff, 
	0xff, 0xc1, 0xe7, 0xff, 0xff, 0xbf, 0xe7, 0xff, 
	0xff, 0xc1, 0xe7, 0xff, 0xff, 0xc3, 0xe7, 0xff, 
	0xff, 0xbe, 0xe4, 0xff, 0xff, 0xbe, 0xe4, 0xff, 
	0xff, 0xbe, 0xe4, 0xff, 0xff, 0xbe, 0xe4, 0xff, 
	0xff, 0xbd, 0xe7, 0xff, 0xff, 0xc0, 0xe7, 0xff, 
	0xff, 0xbd, 0xe7, 0xff, 0xff, 0xbd, 0xe7, 0xff, 
	0xff, 0xbd, 0xe7, 0xff, 0xff, 0xbd, 0xe7, 0xff, 
	0xff, 0xbd, 0xe7, 0xff, 0xff, 0xbd, 0xe7, 0xff, 
	0xff, 0xbf, 0xe7, 0xff, 0xff, 0xbf, 0xe7, 0xff, 
	0xff, 0xbe, 0xe7, 0xff, 0xff, 0xc1, 0xe7, 0xff, 
	0xff, 0xc1, 0xe7, 0xff, 0xff, 0xc4, 0xe7, 0xff, 
	0xff, 0xc4, 0xe7, 0xff, 0xff, 0xc7, 0xe7, 0xff, 
	0xff, 0xc8, 0xe7, 0xff, 0xff, 0xc3, 0xe7, 0xff, 
	0xff, 0xc3, 0xe7, 0xff, 0xff, 0xc3, 0xe7, 0xff, 
	0xff, 0xc5, 0xe7, 0xff, 0xff, 0xc5, 0xe7, 0xff, 
	0xff, 0xc5, 0xe7, 0xff, 0xff, 0xc8, 0xe7, 0xff, 
	0xff, 0xc5, 0xe7, 0xff, 0xff, 0xc8, 0xe7, 0xff, 
	0xff, 0xc8, 0xe7, 0xff, 0xff, 0xc8, 0xe7, 0xff, 
	0xff, 0xc7, 0xe7, 0xff, 0xff, 0xc7, 0xe7, 0xff, 
	0xff, 0xc7, 0xe7, 0xff, 0xff, 0xc9, 0xe9, 0xff, 
	0xff, 0xcb, 0xe7, 0xff, 0xff, 0xc8, 0xe7, 0xff, 
	0xff, 0xc8, 0xe7, 0xff, 0xff, 0xc5, 0xe7, 0xff, 
	0xff, 0xc4, 0xe7, 0xff, 0xff, 0xc5, 0xe7, 0xff, 
	0xff, 0xc7, 0xe7, 0xff, 0xff, 0xc4, 0xe7, 0xff, 
	0xff, 0xc4, 0xe7, 0xff, 0xff, 0xc1, 0xe7, 0xff, 
	0xff, 0xc4, 0xe7, 0xff, 0xff, 0xbe, 0xe7, 0xff, 
	0xff, 0xbf, 0xe7, 0xff, 0xff, 0xc1, 0xe7, 0xff, 
	0xff, 0xc3, 0xe7, 0xff, 0xff, 0xc1, 0xe7, 0xff, 
	0xff, 0xc0, 0xe6, 0xff, 0xff, 0xc0, 0xe6, 0xff, 
	0xff, 0xc0, 0xe6, 0xff, 0xff, 0xc0, 0xe6, 0xff, 
	0xff, 0xc0, 0xe6, 0xff, 0xff, 0xc0, 0xe6, 0xff, 
	0xff, 0xc0, 0xe6, 0xff, 0xff, 0xc0, 0xe6, 0xff, 
	0xff, 0xbf, 0xe4, 0xff, 0xff, 0xbf, 0xe4, 0xff, 
	0xff, 0xbf, 0xe4, 0xff, 0xff, 0xbf, 0xe4, 0xff, 
	0xff, 0xbf, 0xe6, 0xff, 0xff, 0xbf, 0xe6, 0xff, 
	0xff, 0xbf, 0xe6, 0xff, 0xff, 0xbf, 0xe6, 0xff, 
	0xff, 0xc0, 0xe6, 0xff, 0xff, 0xc0, 0xe6, 0xff, 
	0xff, 0xc0, 0xe6, 0xff, 0xff, 0xc0, 0xe6, 0xff, 
	0xff, 0xc0, 0xe7, 0xff, 0xff, 0xc0, 0xe7, 0xff, 
	0xff, 0xbd, 0xe7, 0xff, 0xff, 0xbd, 0xe7, 0xff, 
	0xff, 0xc0, 0xe6, 0xff, 0xff, 0xc0, 0xe6, 0xff, 
	0xff, 0xc0, 0xe6, 0xff, 0xff, 0xc0, 0xe6, 0xff, 
	0xff, 0xbe, 0xe7, 0xff, 0xff, 0xc1, 0xe7, 0xff, 
	0xff, 0xc1, 0xe7, 0xff, 0xff, 0xc1, 0xe7, 0xff, 
	0xff, 0xc4, 0xe7, 0xff, 0xff, 0xc5, 0xe7, 0xff, 
	0xff, 0xc4, 0xe7, 0xff, 0xff, 0xc5, 0xe7, 0xff, 
	0xff, 0xc7, 0xe7, 0xff, 0xff, 0xc9, 0xe9, 0xff, 
	0xff, 0xc7, 0xe7, 0xff, 0xff, 0xc7, 0xe7, 0xff, 
	0xff, 0xc7, 0xe7, 0xff, 0xff, 0xc9, 0xe9, 0xff, 
	0xff, 0xc9, 0xe9, 0xff, 0xff, 0xc9, 0xe9, 0xff, 
	0xff, 0xca, 0xe9, 0xff, 0xff, 0xca, 0xe9, 0xff, 
	0xff, 0xca, 0xe9, 0xff, 0xff, 0xca, 0xe9, 0xff, 
	0xff, 0xcb, 0xe9, 0xff, 0xff, 0xcb, 0xe9, 0xff, 
	0xff, 0xcb, 0xe9, 0xff, 0xff, 0xcb, 0xe9, 0xff, 
	0xff, 0xcb, 0xe9, 0xff, 0xff, 0xcb, 0xe9, 0xff, 
	0xff, 0xcb, 0xe9, 0xff, 0xff, 0xcb, 0xe9, 0xff, 
	0xff, 0xcb, 0xe9, 0xff, 0xff, 0xcb, 0xe9, 0xff, 
	0xff, 0xcb, 0xe9, 0xff, 0xff, 0xcb, 0xe9, 0xff, 
	0xff, 0xc8, 0xe7, 0xff, 0xff, 0xc8, 0xe7, 0xff, 
	0xff, 0xc8, 0xe7, 0xff, 0xff, 0xc8, 0xe7, 0xff, 
	0xff, 0xc0, 0xe7, 0xff, 0xff, 0xc0, 0xe7, 0xff, 
	0xff, 0xc0, 0xe7, 0xff, 0xff, 0xc0, 0xe7, 0xff, 
	0xff, 0xc0, 0xe7, 0xff, 0xff, 0xc0, 0xe7, 0xff, 
	0xff, 0xc0, 0xe7, 0xff, 0xff, 0xc0, 0xe7, 0xff, 
	0xff, 0xc0, 0xe6, 0xff, 0xff, 0xc0, 0xe6, 0xff, 
	0xff, 0xc0, 0xe6, 0xff, 0xff, 0xc0, 0xe6, 0xff, 
	0xff, 0xc0, 0xe6, 0xff, 0xff, 0xc0, 0xe6, 0xff, 
	0xff, 0xc0, 0xe6, 0xff, 0xff, 0xc0, 0xe6, 0xff, 
	0xff, 0xc0, 0xe6, 0xff, 0xff, 0xc0, 0xe6, 0xff, 
	0xff, 0xc0, 0xe6, 0xff, 0xff, 0xc0, 0xe6, 0xff, 
	0xff, 0xbd, 0xe7, 0xff, 0xff, 0xc0, 0xe7, 0xff, 
	0xff, 0xbd, 0xe7, 0xff, 0xff, 0xbd, 0xe7, 0xff, 
	0xff, 0xbe, 0xe4, 0xff, 0xff, 0xbe, 0xe4, 0xff, 
	0xff, 0xbe, 0xe4, 0xff, 0xff, 0xbe, 0xe4, 0xff, 
	0xff, 0xbf, 0xe7, 0xff, 0xff, 0xc1, 0xe7, 0xff, 
	0xff, 0xc1, 0xe7, 0xff, 0xff, 0xc3, 0xe7, 0xff, 
	0xff, 0xc3, 0xe7, 0xff, 0xff, 0xc1, 0xe7, 0xff, 
	0xff, 0xc1, 0xe7, 0xff, 0xff, 0xc1, 0xe7, 0xff, 
	0xff, 0xc1, 0xe7, 0xff, 0xff, 0xc4, 0xe7, 0xff, 
	0xff, 0xc7, 0xe7, 0xff, 0xff, 0xc4, 0xe7, 0xff, 
	0xff, 0xc4, 0xe7, 0xff, 0xff, 0xc3, 0xe7, 0xff, 
	0xff, 0xc4, 0xe7, 0xff, 0xff, 0xc5, 0xe7, 0xff, 
	0xff, 0xc8, 0xe9, 0xff, 0xff, 0xc8, 0xe9, 0xff, 
	0xff, 0xc8, 0xe9, 0xff, 0xff, 0xc8, 0xe9, 0xff, 
	0xff, 0xc8, 0xe7, 0xff, 0xff, 0xc8, 0xe7, 0xff, 
	0xff, 0xc5, 0xe7, 0xff, 0xff, 0xc3, 0xe7, 0xff, 
	0xff, 0xc3, 0xe7, 0xff, 0xff, 0xc3, 0xe7, 0xff, 
	0xff, 0xc5, 0xe7, 0xff, 0xff, 0xc5, 0xe7, 0xff, 
	0xff, 0xc4, 0xe7, 0xff, 0xff, 0xc4, 0xe7, 0xff, 
	0xff, 0xc1, 0xe7, 0xff, 0xff, 0xc1, 0xe7, 0xff, 
	0xff, 0xc3, 0xe7, 0xff, 0xff, 0xc3, 0xe7, 0xff, 
	0xff, 0xc4, 0xe7, 0xff, 0xff, 0xc3, 0xe7, 0xff, 
	0xff, 0xc4, 0xe7, 0xff, 0xff, 0xc3, 0xe7, 0xff, 
	0xff, 0xc3, 0xe7, 0xff, 0xff, 0xc3, 0xe7, 0xff, 
	0xff, 0xc3, 0xe7, 0xff, 0xff, 0xc3, 0xe7, 0xff, 
	0xff, 0xc3, 0xe7, 0xff, 0xff, 0xc3, 0xe7, 0xff, 
	0xff, 0xc3, 0xe7, 0xff, 0xff, 0xc3, 0xe7, 0xff, 
	0xff, 0xc3, 0xe7, 0xff, 0xff, 0xc3, 0xe7, 0xff, 
	0xff, 0xbf, 0xe6, 0xff, 0xff, 0xbf, 0xe6, 0xff, 
	0xff, 0xbf, 0xe6, 0xff, 0xff, 0xbf, 0xe6, 0xff, 
	0xff, 0xbe, 0xe7, 0xff, 0xff, 0xbf, 0xe7, 0xff, 
	0xff, 0xbf, 0xe7, 0xff, 0xff, 0xc1, 0xe7, 0xff, 
	0xff, 0xbf, 0xe7, 0xff, 0xff, 0xbf, 0xe7, 0xff, 
	0xff, 0xbe, 0xe7, 0xff, 0xff, 0xbf, 0xe7, 0xff, 
	0xff, 0xbe, 0xe7, 0xff, 0xff, 0xc1, 0xe7, 0xff, 
	0xff, 0xbe, 0xe7, 0xff, 0xff, 0xc1, 0xe7, 0xff, 
	0xff, 0xc4, 0xe7, 0xff, 0xff, 0xc3, 0xe7, 0xff, 
	0xff, 0xc3, 0xe7, 0xff, 0xff, 0xc3, 0xe7, 0xff, 
	0xff, 0xc5, 0xe7, 0xff, 0xff, 0xc8, 0xe7, 0xff, 
	0xff, 0xc8, 0xe7, 0xff, 0xff, 0xc8, 0xe7, 0xff, 
	0xff, 0xc8, 0xe9, 0xff, 0xff, 0xc8, 0xe9, 0xff, 
	0xff, 0xc8, 0xe9, 0xff, 0xff, 0xc7, 0xe7, 0xff, 
	0xff, 0xc8, 0xe9, 0xff, 0xff, 0xc8, 0xe9, 0xff, 
	0xff, 0xc8, 0xe9, 0xff, 0xff, 0xc8, 0xe9, 0xff, 
	0xff, 0xcb, 0xe9, 0xff, 0xff, 0xcb, 0xe9, 0xff, 
	0xff, 0xcb, 0xe9, 0xff, 0xff, 0xcb, 0xe9, 0xff, 
	0xff, 0xcb, 0xe9, 0xff, 0xff, 0xcb, 0xe9, 0xff, 
	0xff, 0xcb, 0xe9, 0xff, 0xff, 0xcb, 0xe9, 0xff, 
	0xff, 0xcb, 0xe9, 0xff, 0xff, 0xcb, 0xe9, 0xff, 
	0xff, 0xcb, 0xe9, 0xff, 0xff, 0xcb, 0xe9, 0xff, 
	0xff, 0xcb, 0xe9, 0xff, 0xff, 0xcb, 0xe9, 0xff, 
	0xff, 0xcb, 0xe9, 0xff, 0xff, 0xcb, 0xe9, 0xff, 
	0xff, 0xc9, 0xe9, 0xff, 0xff, 0xc7, 0xe7, 0xff, 
	0xff, 0xc9, 0xe9, 0xff, 0xff, 0xc7, 0xe7, 0xff, 
	0xff, 0xc0, 0xe7, 0xff, 0xff, 0xc0, 0xe7, 0xff, 
	0xff, 0xc0, 0xe7, 0xff, 0xff, 0xbd, 0xe7, 0xff, 
	0xff, 0xc0, 0xe7, 0xff, 0xff, 0xbd, 0xe7, 0xff, 
	0xff, 0xc0, 0xe7, 0xff, 0xff, 0xc0, 0xe7, 0xff, 
	0xff, 0xc0, 0xe6, 0xff, 0xff, 0xc0, 0xe6, 0xff, 
	0xff, 0xc0, 0xe6, 0xff, 0xff, 0xc0, 0xe6, 0xff, 
	0xff, 0xc0, 0xe6, 0xff, 0xff, 0xc0, 0xe6, 0xff, 
	0xff, 0xc0, 0xe6, 0xff, 0xff, 0xc0, 0xe6, 0xff, 
	0xff, 0xc0, 0xe6, 0xff, 0xff, 0xc0, 0xe6, 0xff, 
	0xff, 0xc0, 0xe6, 0xff, 0xff, 0xc0, 0xe6, 0xff, 
	0xff, 0xc0, 0xe7, 0xff, 0xff, 0xc0, 0xe7, 0xff, 
	0xff, 0xc0, 0xe7, 0xff, 0xff, 0xbd, 0xe7, 0xff, 
	0xff, 0xbe, 0xe4, 0xff, 0xff, 0xbe, 0xe4, 0xff, 
	0xff, 0xbe, 0xe4, 0xff, 0xff, 0xbe, 0xe4, 0xff, 
	0xff, 0xc1, 0xe7, 0xff, 0xff, 0xc1, 0xe7, 0xff, 
	0xff, 0xc1, 0xe7, 0xff, 0xff, 0xc1, 0xe7, 0xff, 
	0xff, 0xc1, 0xe7, 0xff, 0xff, 0xbe, 0xe7, 0xff, 
	0xff, 0xbf, 0xe7, 0xff, 0xff, 0xbf, 0xe7, 0xff, 
	0xff, 0xc1, 0xe7, 0xff, 0xff, 0xc1, 0xe7, 0xff, 
	0xff, 0xc4, 0xe7, 0xff, 0xff, 0xc4, 0xe7, 0xff, 
	0xff, 0xc5, 0xe7, 0xff, 0xff, 0xc3, 0xe7, 0xff, 
	0xff, 0xc4, 0xe7, 0xff, 0xff, 0xc4, 0xe7, 0xff, 
	0xff, 0xc8, 0xe9, 0xff, 0xff, 0xc8, 0xe9, 0xff, 
	0xff, 0xc8, 0xe9, 0xff, 0xff, 0xc8, 0xe9, 0xff, 
	0xff, 0xc8, 0xe7, 0xff, 0xff, 0xc8, 0xe7, 0xff, 
	0xff, 0xc5, 0xe7, 0xff, 0xff, 0xc3, 0xe7, 0xff, 
	0xff, 0xc3, 0xe7, 0xff, 0xff, 0xc3, 0xe7, 0xff, 
	0xff, 0xc5, 0xe7, 0xff, 0xff, 0xc5, 0xe7, 0xff, 
	0xff, 0xc4, 0xe7, 0xff, 0xff, 0xc1, 0xe7, 0xff, 
	0xff, 0xc1, 0xe7, 0xff, 0xff, 0xc1, 0xe7, 0xff, 
	0xff, 0xc4, 0xe7, 0xff, 0xff, 0xc3, 0xe7, 0xff, 
	0xff, 0xc4, 0xe7, 0xff, 0xff, 0xc5, 0xe7, 0xff, 
	0xff, 0xc3, 0xe7, 0xff, 0xff, 0xc4, 0xe7, 0xff, 
	0xff, 0xc4, 0xe7, 0xff, 0xff, 0xc5, 0xe7, 0xff, 
	0xff, 0xc5, 0xe7, 0xff, 0xff, 0xc5, 0xe7, 0xff, 
	0xff, 0xc5, 0xe7, 0xff, 0xff, 0xc5, 0xe7, 0xff, 
	0xff, 0xc5, 0xe7, 0xff, 0xff, 0xc5, 0xe7, 0xff, 
	0xff, 0xc3, 0xe7, 0xff, 0xff, 0xc3, 0xe7, 0xff, 
	0xff, 0xbf, 0xe6, 0xff, 0xff, 0xbf, 0xe6, 0xff, 
	0xff, 0xbf, 0xe6, 0xff, 0xff, 0xbf, 0xe6, 0xff, 
	0xff, 0xbe, 0xe7, 0xff, 0xff, 0xbe, 0xe7, 0xff, 
	0xff, 0xbe, 0xe7, 0xff, 0xff, 0xbf, 0xe7, 0xff, 
	0xff, 0xc1, 0xe7, 0xff, 0xff, 0xc1, 0xe7, 0xff, 
	0xff, 0xbf, 0xe7, 0xff, 0xff, 0xc1, 0xe7, 0xff, 
	0xff, 0xbe, 0xe7, 0xff, 0xff, 0xc1, 0xe7, 0xff, 
	0xff, 0xc1, 0xe7, 0xff, 0xff, 0xc4, 0xe7, 0xff, 
	0xff, 0xc3, 0xe7, 0xff, 0xff, 0xc4, 0xe7, 0xff, 
	0xff, 0xc4, 0xe7, 0xff, 0xff, 0xc5, 0xe7, 0xff, 
	0xff, 0xc5, 0xe7, 0xff, 0xff, 0xc8, 0xe7, 0xff, 
	0xff, 0xc8, 0xe7, 0xff, 0xff, 0xc8, 0xe7, 0xff, 
	0xff, 0xc8, 0xe9, 0xff, 0xff, 0xc8, 0xe9, 0xff, 
	0xff, 0xc8, 0xe9, 0xff, 0xff, 0xc7, 0xe7, 0xff, 
	0xff, 0xc7, 0xe7, 0xff, 0xff, 0xc8, 0xe9, 0xff, 
	0xff, 0xc8, 0xe9, 0xff, 0xff, 0xc8, 0xe9, 0xff, 
	0xff, 0xcb, 0xe9, 0xff, 0xff, 0xcb, 0xe9, 0xff, 
	0xff, 0xcb, 0xe9, 0xff, 0xff, 0xcb, 0xe9, 0xff, 
	0xff, 0xcb, 0xe9, 0xff, 0xff, 0xcb, 0xe9, 0xff, 
	0xff, 0xcb, 0xe9, 0xff, 0xff, 0xcb, 0xe9, 0xff, 
	0xff, 0xcb, 0xe9, 0xff, 0xff, 0xcb, 0xe9, 0xff, 
	0xff, 0xcb, 0xe9, 0xff, 0xff, 0xcb, 0xe9, 0xff, 
	0xff, 0xcb, 0xe9, 0xff, 0xff, 0xcb, 0xe9, 0xff, 
	0xff, 0xcb, 0xe9, 0xff, 0xff, 0xcb, 0xe9, 0xff, 
	0xff, 0xc9, 0xe9, 0xff, 0xff, 0xc7, 0xe7, 0xff, 
	0xff, 0xc7, 0xe7, 0xff, 0xff, 0xc7, 0xe7, 0xff, 
	0xff, 0xbd, 0xe7, 0xff, 0xff, 0xbd, 0xe7, 0xff, 
	0xff, 0xbd, 0xe7, 0xff, 0xff, 0xbd, 0xe7, 0xff, 
	0xff, 0xbd, 0xe7, 0xff, 0xff, 0xbd, 0xe7, 0xff, 
	0xff, 0xc0, 0xe7, 0xff, 0xff, 0xc0, 0xe7, 0xff, 
	0xff, 0xc0, 0xe6, 0xff, 0xff, 0xc0, 0xe6, 0xff, 
	0xff, 0xc0, 0xe6, 0xff, 0xff, 0xc0, 0xe6, 0xff, 
	0xff, 0xc0, 0xe6, 0xff, 0xff, 0xc0, 0xe6, 0xff, 
	0xff, 0xc0, 0xe6, 0xff, 0xff, 0xc0, 0xe6, 0xff, 
	0xff, 0xc0, 0xe6, 0xff, 0xff, 0xc0, 0xe6, 0xff, 
	0xff, 0xc0, 0xe6, 0xff, 0xff, 0xc0, 0xe6, 0xff, 
	0xff, 0xc0, 0xe7, 0xff, 0xff, 0xc0, 0xe7, 0xff, 
	0xff, 0xbd, 0xe7, 0xff, 0xff, 0xbd, 0xe7, 0xff, 
	0xff, 0xbe, 0xe4, 0xff, 0xff, 0xbe, 0xe4, 0xff, 
	0xff, 0xbe, 0xe4, 0xff, 0xff, 0xbe, 0xe4, 0xff, 
	0xff, 0xbf, 0xe7, 0xff, 0xff, 0xc1, 0xe7, 0xff, 
	0xff, 0xc1, 0xe7, 0xff, 0xff, 0xc1, 0xe7, 0xff, 
	0xff, 0xc1, 0xe7, 0xff, 0xff, 0xbf, 0xe7, 0xff, 
	0xff, 0xbf, 0xe7, 0xff, 0xff, 0xc1, 0xe7, 0xff, 
	0xff, 0xc1, 0xe7, 0xff, 0xff, 0xc1, 0xe7, 0xff, 
	0xff, 0xc4, 0xe7, 0xff, 0xff, 0xc4, 0xe7, 0xff, 
	0xff, 0xc3, 0xe7, 0xff, 0xff, 0xc3, 0xe7, 0xff, 
	0xff, 0xc5, 0xe7, 0xff, 0xff, 0xc5, 0xe7, 0xff, 
	0xff, 0xc7, 0xe7, 0xff, 0xff, 0xc8, 0xe9, 0xff, 
	0xff, 0xc7, 0xe7, 0xff, 0xff, 0xc8, 0xe9, 0xff, 
	0xff, 0xc8, 0xe7, 0xff, 0xff, 0xc8, 0xe7, 0xff, 
	0xff, 0xc8, 0xe7, 0xff, 0xff, 0xc5, 0xe7, 0xff, 
	0xff, 0xc4, 0xe7, 0xff, 0xff, 0xc3, 0xe7, 0xff, 
	0xff, 0xc4, 0xe7, 0xff, 0xff, 0xc3, 0xe7, 0xff, 
	0xff, 0xc1, 0xe7, 0xff, 0xff, 0xbe, 0xe7, 0xff, 
	0xff, 0xc1, 0xe7, 0xff, 0xff, 0xc1, 0xe7, 0xff, 
	0xff, 0xc3, 0xe7, 0xff, 0xff, 0xc5, 0xe7, 0xff, 
	0xff, 0xc4, 0xe7, 0xff, 0xff, 0xc5, 0xe7, 0xff, 
	0xff, 0xc7, 0xe7, 0xff, 0xff, 0xc5, 0xe7, 0xff, 
	0xff, 0xc5, 0xe7, 0xff, 0xff, 0xc5, 0xe7, 0xff, 
	0xff, 0xc5, 0xe7, 0xff, 0xff, 0xc5, 0xe7, 0xff, 
	0xff, 0xc3, 0xe7, 0xff, 0xff, 0xc5, 0xe7, 0xff, 
	0xff, 0xc3, 0xe7, 0xff, 0xff, 0xc4, 0xe7, 0xff, 
	0xff, 0xc5, 0xe7, 0xff, 0xff, 0xc4, 0xe7, 0xff, 
	0xff, 0xbf, 0xe6, 0xff, 0xff, 0xbf, 0xe6, 0xff, 
	0xff, 0xbf, 0xe6, 0xff, 0xff, 0xbf, 0xe6, 0xff, 
	0xff, 0xbe, 0xe7, 0xff, 0xff, 0xbe, 0xe7, 0xff, 
	0xff, 0xbe, 0xe7, 0xff, 0xff, 0xc1, 0xe7, 0xff, 
	0xff, 0xc1, 0xe7, 0xff, 0xff, 0xc1, 0xe7, 0xff, 
	0xff, 0xbf, 0xe7, 0xff, 0xff, 0xbf, 0xe7, 0xff, 
	0xff, 0xc1, 0xe7, 0xff, 0xff, 0xc1, 0xe7, 0xff, 
	0xff, 0xc1, 0xe7, 0xff, 0xff, 0xc4, 0xe7, 0xff, 
	0xff, 0xc7, 0xe7, 0xff, 0xff, 0xc5, 0xe7, 0xff, 
	0xff, 0xc5, 0xe7, 0xff, 0xff, 0xc5, 0xe7, 0xff, 
	0xff, 0xc8, 0xe7, 0xff, 0xff, 0xc8, 0xe7, 0xff, 
	0xff, 0xc8, 0xe7, 0xff, 0xff, 0xc5, 0xe7, 0xff, 
	0xff, 0xc7, 0xe7, 0xff, 0xff, 0xc7, 0xe7, 0xff, 
	0xff, 0xc8, 0xe9, 0xff, 0xff, 0xc8, 0xe9, 0xff, 
	0xff, 0xc8, 0xe9, 0xff, 0xff, 0xc8, 0xe9, 0xff, 
	0xff, 0xc8, 0xe9, 0xff, 0xff, 0xc8, 0xe9, 0xff, 
	0xff, 0xcb, 0xe9, 0xff, 0xff, 0xcb, 0xe9, 0xff, 
	0xff, 0xcb, 0xe9, 0xff, 0xff, 0xcb, 0xe9, 0xff, 
	0xff, 0xcb, 0xe9, 0xff, 0xff, 0xcb, 0xe9, 0xff, 
	0xff, 0xcb, 0xe9, 0xff, 0xff, 0xcb, 0xe9, 0xff, 
	0xff, 0xcb, 0xe9, 0xff, 0xff, 0xcb, 0xe9, 0xff, 
	0xff, 0xcb, 0xe9, 0xff, 0xff, 0xcb, 0xe9, 0xff, 
	0xff, 0xcb, 0xe9, 0xff, 0xff, 0xcb, 0xe9, 0xff, 
	0xff, 0xc7, 0xe7, 0xff, 0xff, 0xc7, 0xe7, 0xff, 
	0xff, 0xc7, 0xe7, 0xff, 0xff, 0xc7, 0xe7, 0xff, 
	0xff, 0xc7, 0xe7, 0xff, 0xff, 0xc7, 0xe7, 0xff, 
	0xff, 0xbd, 0xe7, 0xff, 0xff, 0xbd, 0xe7, 0xff, 
	0xff, 0xbd, 0xe7, 0xff, 0xff, 0xba, 0xe7, 0xff, 
	0xff, 0xbd, 0xe7, 0xff, 0xff, 0xbd, 0xe7, 0xff, 
	0xff, 0xbd, 0xe7, 0xff, 0xff, 0xbd, 0xe7, 0xff, 
	0xff, 0xc0, 0xe6, 0xff, 0xff, 0xc0, 0xe6, 0xff, 
	0xff, 0xc0, 0xe6, 0xff, 0xff, 0xc0, 0xe6, 0xff, 
	0xff, 0xc0, 0xe6, 0xff, 0xff, 0xc0, 0xe6, 0xff, 
	0xff, 0xc0, 0xe6, 0xff, 0xff, 0xc0, 0xe6, 0xff, 
	0xff, 0xc0, 0xe6, 0xff, 0xff, 0xc0, 0xe6, 0xff, 
	0xff, 0xc0, 0xe6, 0xff, 0xff, 0xc0, 0xe6, 0xff, 
	0xff, 0xc0, 0xe7, 0xff, 0xff, 0xbd, 0xe7, 0xff, 
	0xff, 0xbd, 0xe7, 0xff, 0xff, 0xbd, 0xe7, 0xff, 
	0xff, 0xbe, 0xe4, 0xff, 0xff, 0xbe, 0xe4, 0xff, 
	0xff, 0xbe, 0xe4, 0xff, 0xff, 0xbe, 0xe4, 0xff, 
	0xff, 0xbf, 0xe7, 0xff, 0xff, 0xc1, 0xe7, 0xff, 
	0xff, 0xbf, 0xe7, 0xff, 0xff, 0xbf, 0xe7, 0xff, 
	0xff, 0xbf, 0xe7, 0xff, 0xff, 0xbf, 0xe7, 0xff, 
	0xff, 0xbf, 0xe7, 0xff, 0xff, 0xbf, 0xe7, 0xff, 
	0xff, 0xc1, 0xe7, 0xff, 0xff, 0xc1, 0xe7, 0xff, 
	0xff, 0xc1, 0xe7, 0xff, 0xff, 0xc1, 0xe7, 0xff, 
	0xff, 0xc3, 0xe7, 0xff, 0xff, 0xc3, 0xe7, 0xff, 
	0xff, 0xc4, 0xe7, 0xff, 0xff, 0xc4, 0xe7, 0xff, 
	0xff, 0xc7, 0xe7, 0xff, 0xff, 0xc8, 0xe9, 0xff, 
	0xff, 0xc8, 0xe9, 0xff, 0xff, 0xc8, 0xe9, 0xff, 
	0xff, 0xc8, 0xe7, 0xff, 0xff, 0xc8, 0xe7, 0xff, 
	0xff, 0xc5, 0xe7, 0xff, 0xff, 0xc8, 0xe7, 0xff, 
	0xff, 0xc5, 0xe7, 0xff, 0xff, 0xc4, 0xe7, 0xff, 
	0xff, 0xc3, 0xe7, 0xff, 0xff, 0xc3, 0xe7, 0xff, 
	0xff, 0xc1, 0xe7, 0xff, 0xff, 0xc1, 0xe7, 0xff, 
	0xff, 0xc1, 0xe7, 0xff, 0xff, 0xc1, 0xe7, 0xff, 
	0xff, 0xc3, 0xe7, 0xff, 0xff, 0xc4, 0xe7, 0xff, 
	0xff, 0xc4, 0xe7, 0xff, 0xff, 0xc5, 0xe7, 0xff, 
	0xff, 0xc5, 0xe7, 0xff, 0xff, 0xc5, 0xe7, 0xff, 
	0xff, 0xc5, 0xe7, 0xff, 0xff, 0xc5, 0xe7, 0xff, 
	0xff, 0xc5, 0xe7, 0xff, 0xff, 0xc5, 0xe7, 0xff, 
	0xff, 0xc5, 0xe7, 0xff, 0xff, 0xc4, 0xe7, 0xff, 
	0xff, 0xc3, 0xe7, 0xff, 0xff, 0xc3, 0xe7, 0xff, 
	0xff, 0xc3, 0xe7, 0xff, 0xff, 0xc3, 0xe7, 0xff, 
	0xff, 0xbf, 0xe6, 0xff, 0xff, 0xbf, 0xe6, 0xff, 
	0xff, 0xbf, 0xe6, 0xff, 0xff, 0xbf, 0xe6, 0xff, 
	0xff, 0xbe, 0xe7, 0xff, 0xff, 0xbf, 0xe7, 0xff, 
	0xff, 0xbf, 0xe7, 0xff, 0xff, 0xbf, 0xe7, 0xff, 
	0xff, 0xc1, 0xe7, 0xff, 0xff, 0xc1, 0xe7, 0xff, 
	0xff, 0xbf, 0xe7, 0xff, 0xff, 0xbe, 0xe7, 0xff, 
	0xff, 0xbe, 0xe7, 0xff, 0xff, 0xc1, 0xe7, 0xff, 
	0xff, 0xc4, 0xe7, 0xff, 0xff, 0xc4, 0xe7, 0xff, 
	0xff, 0xc5, 0xe7, 0xff, 0xff, 0xc5, 0xe7, 0xff, 
	0xff, 0xc5, 0xe7, 0xff, 0xff, 0xc5, 0xe7, 0xff, 
	0xff, 0xc8, 0xe7, 0xff, 0xff, 0xc5, 0xe7, 0xff, 
	0xff, 0xc3, 0xe7, 0xff, 0xff, 0xc5, 0xe7, 0xff, 
	0xff, 0xc7, 0xe7, 0xff, 0xff, 0xc8, 0xe9, 0xff, 
	0xff, 0xc7, 0xe7, 0xff, 0xff, 0xc8, 0xe9, 0xff, 
	0xff, 0xc8, 0xe9, 0xff, 0xff, 0xc8, 0xe9, 0xff, 
	0xff, 0xc8, 0xe9, 0xff, 0xff, 0xc8, 0xe9, 0xff, 
	0xff, 0xcb, 0xe9, 0xff, 0xff, 0xcb, 0xe9, 0xff, 
	0xff, 0xcb, 0xe9, 0xff, 0xff, 0xcb, 0xe9, 0xff, 
	0xff, 0xcb, 0xe9, 0xff, 0xff, 0xcb, 0xe9, 0xff, 
	0xff, 0xcb, 0xe9, 0xff, 0xff, 0xcb, 0xe9, 0xff, 
	0xff, 0xcb, 0xe9, 0xff, 0xff, 0xcb, 0xe9, 0xff, 
	0xff, 0xcb, 0xe9, 0xff, 0xff, 0xcb, 0xe9, 0xff, 
	0xff, 0xcb, 0xe9, 0xff, 0xff, 0xcb, 0xe9, 0xff, 
	0xff, 0xcb, 0xe9, 0xff, 0xff, 0xc7, 0xe7, 0xff, 
	0xff, 0xc7, 0xe7, 0xff, 0xff, 0xc7, 0xe7, 0xff, 
	0xff, 0xc7, 0xe7, 0xff, 0xff, 0xc7, 0xe7, 0xff, 
	0xff, 0xbe, 0xe7, 0xff, 0xff, 0xbb, 0xe4, 0xff, 
	0xff, 0xbb, 0xe4, 0xff, 0xff, 0xbb, 0xe4, 0xff, 
	0xff, 0xbb, 0xe4, 0xff, 0xff, 0xbb, 0xe4, 0xff, 
	0xff, 0xbb, 0xe4, 0xff, 0xff, 0xbe, 0xe7, 0xff, 
	0xff, 0xbf, 0xe7, 0xff, 0xff, 0xc1, 0xe7, 0xff, 
	0xff, 0xc1, 0xe7, 0xff, 0xff, 0xc1, 0xe7, 0xff, 
	0xff, 0xbe, 0xe4, 0xff, 0xff, 0xbe, 0xe4, 0xff, 
	0xff, 0xbe, 0xe4, 0xff, 0xff, 0xbe, 0xe4, 0xff, 
	0xff, 0xbe, 0xe4, 0xff, 0xff, 0xbe, 0xe4, 0xff, 
	0xff, 0xbe, 0xe4, 0xff, 0xff, 0xbe, 0xe4, 0xff, 
	0xff, 0xbd, 0xe4, 0xff, 0xff, 0xbd, 0xe4, 0xff, 
	0xff, 0xbd, 0xe4, 0xff, 0xff, 0xbd, 0xe4, 0xff, 
	0xff, 0xc0, 0xe7, 0xff, 0xff, 0xc0, 0xe7, 0xff, 
	0xff, 0xbd, 0xe7, 0xff, 0xff, 0xc0, 0xe7, 0xff, 
	0xff, 0xc1, 0xe6, 0xff, 0xff, 0xc1, 0xe6, 0xff, 
	0xff, 0xc1, 0xe6, 0xff, 0xff, 0xc1, 0xe6, 0xff, 
	0xff, 0xc0, 0xe6, 0xff, 0xff, 0xc0, 0xe6, 0xff, 
	0xff, 0xc0, 0xe6, 0xff, 0xff, 0xc0, 0xe6, 0xff, 
	0xff, 0xc1, 0xe6, 0xff, 0xff, 0xc1, 0xe6, 0xff, 
	0xff, 0xc1, 0xe6, 0xff, 0xff, 0xc1, 0xe6, 0xff, 
	0xff, 0xc4, 0xe7, 0xff, 0xff, 0xc3, 0xe7, 0xff, 
	0xff, 0xc3, 0xe7, 0xff, 0xff, 0xc7, 0xe7, 0xff, 
	0xff, 0xc7, 0xe7, 0xff, 0xff, 0xc9, 0xe9, 0xff, 
	0xff, 0xc9, 0xe9, 0xff, 0xff, 0xc7, 0xe7, 0xff, 
	0xff, 0xc8, 0xe7, 0xff, 0xff, 0xc5, 0xe7, 0xff, 
	0xff, 0xc5, 0xe7, 0xff, 0xff, 0xc8, 0xe7, 0xff, 
	0xff, 0xc5, 0xe7, 0xff, 0xff, 0xc3, 0xe7, 0xff, 
	0xff, 0xc3, 0xe7, 0xff, 0xff, 0xc3, 0xe7, 0xff, 
	0xff, 0xc3, 0xe7, 0xff, 0xff, 0xc3, 0xe7, 0xff, 
	0xff, 0xc3, 0xe7, 0xff, 0xff, 0xc3, 0xe7, 0xff, 
	0xff, 0xc5, 0xe7, 0xff, 0xff, 0xc5, 0xe7, 0xff, 
	0xff, 0xc7, 0xe7, 0xff, 0xff, 0xc5, 0xe7, 0xff, 
	0xff, 0xc5, 0xe7, 0xff, 0xff, 0xc4, 0xe7, 0xff, 
	0xff, 0xc4, 0xe7, 0xff, 0xff, 0xc7, 0xe7, 0xff, 
	0xff, 0xc4, 0xe7, 0xff, 0xff, 0xc5, 0xe7, 0xff, 
	0xff, 0xc5, 0xe7, 0xff, 0xff, 0xc3, 0xe7, 0xff, 
	0xff, 0xc1, 0xe7, 0xff, 0xff, 0xc1, 0xe7, 0xff, 
	0xff, 0xbf, 0xe7, 0xff, 0xff, 0xc1, 0xe7, 0xff, 
	0xff, 0xc4, 0xe7, 0xff, 0xff, 0xc4, 0xe7, 0xff, 
	0xff, 0xc3, 0xe7, 0xff, 0xff, 0xc3, 0xe7, 0xff, 
	0xff, 0xbe, 0xe7, 0xff, 0xff, 0xbf, 0xe7, 0xff, 
	0xff, 0xc1, 0xe7, 0xff, 0xff, 0xc1, 0xe7, 0xff, 
	0xff, 0xc1, 0xe7, 0xff, 0xff, 0xc1, 0xe7, 0xff, 
	0xff, 0xbe, 0xe7, 0xff, 0xff, 0xbe, 0xe7, 0xff, 
	0xff, 0xc3, 0xe7, 0xff, 0xff, 0xc3, 0xe7, 0xff, 
	0xff, 0xc3, 0xe7, 0xff, 0xff, 0xc4, 0xe7, 0xff, 
	0xff, 0xc3, 0xe7, 0xff, 0xff, 0xc3, 0xe7, 0xff, 
	0xff, 0xc5, 0xe7, 0xff, 0xff, 0xc4, 0xe7, 0xff, 
	0xff, 0xc5, 0xe7, 0xff, 0xff, 0xc3, 0xe7, 0xff, 
	0xff, 0xc5, 0xe7, 0xff, 0xff, 0xc7, 0xe7, 0xff, 
	0xff, 0xc7, 0xe7, 0xff, 0xff, 0xc7, 0xe7, 0xff, 
	0xff, 0xc7, 0xe7, 0xff, 0xff, 0xc7, 0xe7, 0xff, 
	0xff, 0xca, 0xe9, 0xff, 0xff, 0xca, 0xe9, 0xff, 
	0xff, 0xca, 0xe9, 0xff, 0xff, 0xca, 0xe9, 0xff, 
	0xff, 0xc7, 0xe7, 0xff, 0xff, 0xcb, 0xe9, 0xff, 
	0xff, 0xcb, 0xe9, 0xff, 0xff, 0xcb, 0xe9, 0xff, 
	0xff, 0xcc, 0xe9, 0xff, 0xff, 0xcc, 0xe9, 0xff, 
	0xff, 0xcc, 0xe9, 0xff, 0xff, 0xcc, 0xe9, 0xff, 
	0xff, 0xca, 0xe9, 0xff, 0xff, 0xca, 0xe9, 0xff, 
	0xff, 0xca, 0xe9, 0xff, 0xff, 0xca, 0xe9, 0xff, 
	0xff, 0xc8, 0xe9, 0xff, 0xff, 0xc8, 0xe9, 0xff, 
	0xff, 0xc8, 0xe9, 0xff, 0xff, 0xc8, 0xe9, 0xff, 
	0xff, 0xc5, 0xe7, 0xff, 0xff, 0xc5, 0xe7, 0xff, 
	0xff, 0xc3, 0xe7, 0xff, 0xff, 0xc5, 0xe7, 0xff, 
	0xff, 0xbe, 0xe7, 0xff, 0xff, 0xbb, 0xe4, 0xff, 
	0xff, 0xbb, 0xe4, 0xff, 0xff, 0xb8, 0xe1, 0xff, 
	0xff, 0xbb, 0xe4, 0xff, 0xff, 0xbb, 0xe4, 0xff, 
	0xff, 0xbb, 0xe4, 0xff, 0xff, 0xbb, 0xe4, 0xff, 
	0xff, 0xbf, 0xe7, 0xff, 0xff, 0xbf, 0xe7, 0xff, 
	0xff, 0xbf, 0xe7, 0xff, 0xff, 0xbe, 0xe7, 0xff, 
	0xff, 0xbe, 0xe4, 0xff, 0xff, 0xbe, 0xe4, 0xff, 
	0xff, 0xbe, 0xe4, 0xff, 0xff, 0xbe, 0xe4, 0xff, 
	0xff, 0xbe, 0xe4, 0xff, 0xff, 0xbe, 0xe4, 0xff, 
	0xff, 0xbe, 0xe4, 0xff, 0xff, 0xbe, 0xe4, 0xff, 
	0xff, 0xbd, 0xe4, 0xff, 0xff, 0xbd, 0xe4, 0xff, 
	0xff, 0xbd, 0xe4, 0xff, 0xff, 0xbd, 0xe4, 0xff, 
	0xff, 0xbd, 0xe7, 0xff, 0xff, 0xbd, 0xe7, 0xff, 
	0xff, 0xc0, 0xe7, 0xff, 0xff, 0xc0, 0xe7, 0xff, 
	0xff, 0xc1, 0xe6, 0xff, 0xff, 0xc1, 0xe6, 0xff, 
	0xff, 0xc1, 0xe6, 0xff, 0xff, 0xc1, 0xe6, 0xff, 
	0xff, 0xc0, 0xe6, 0xff, 0xff, 0xc0, 0xe6, 0xff, 
	0xff, 0xc0, 0xe6, 0xff, 0xff, 0xc0, 0xe6, 0xff, 
	0xff, 0xc1, 0xe6, 0xff, 0xff, 0xc1, 0xe6, 0xff, 
	0xff, 0xc1, 0xe6, 0xff, 0xff, 0xc1, 0xe6, 0xff, 
	0xff, 0xc3, 0xe7, 0xff, 0xff, 0xc5, 0xe7, 0xff, 
	0xff, 0xc4, 0xe7, 0xff, 0xff, 0xc5, 0xe7, 0xff, 
	0xff, 0xc7, 0xe7, 0xff, 0xff, 0xc7, 0xe7, 0xff, 
	0xff, 0xc7, 0xe7, 0xff, 0xff, 0xc7, 0xe7, 0xff, 
	0xff, 0xc8, 0xe7, 0xff, 0xff, 0xc8, 0xe7, 0xff, 
	0xff, 0xc8, 0xe7, 0xff, 0xff, 0xc8, 0xe7, 0xff, 
	0xff, 0xc5, 0xe7, 0xff, 0xff, 0xc3, 0xe7, 0xff, 
	0xff, 0xc3, 0xe7, 0xff, 0xff, 0xc3, 0xe7, 0xff, 
	0xff, 0xc5, 0xe7, 0xff, 0xff, 0xc5, 0xe7, 0xff, 
	0xff, 0xc4, 0xe7, 0xff, 0xff, 0xc3, 0xe7, 0xff, 
	0xff, 0xc5, 0xe7, 0xff, 0xff, 0xc5, 0xe7, 0xff, 
	0xff, 0xc5, 0xe7, 0xff, 0xff, 0xc3, 0xe7, 0xff, 
	0xff, 0xc3, 0xe7, 0xff, 0xff, 0xc3, 0xe7, 0xff, 
	0xff, 0xc4, 0xe7, 0xff, 0xff, 0xc3, 0xe7, 0xff, 
	0xff, 0xc3, 0xe7, 0xff, 0xff, 0xc4, 0xe7, 0xff, 
	0xff, 0xc4, 0xe7, 0xff, 0xff, 0xc3, 0xe7, 0xff, 
	0xff, 0xbf, 0xe7, 0xff, 0xff, 0xbe, 0xe7, 0xff, 
	0xff, 0xbf, 0xe7, 0xff, 0xff, 0xc1, 0xe7, 0xff, 
	0xff, 0xc3, 0xe7, 0xff, 0xff, 0xc5, 0xe7, 0xff, 
	0xff, 0xc3, 0xe7, 0xff, 0xff, 0xc3, 0xe7, 0xff, 
	0xff, 0xbf, 0xe7, 0xff, 0xff, 0xc1, 0xe7, 0xff, 
	0xff, 0xbe, 0xe7, 0xff, 0xff, 0xbf, 0xe7, 0xff, 
	0xff, 0xbe, 0xe7, 0xff, 0xff, 0xbe, 0xe7, 0xff, 
	0xff, 0xbe, 0xe7, 0xff, 0xff, 0xc1, 0xe7, 0xff, 
	0xff, 0xc3, 0xe7, 0xff, 0xff, 0xc5, 0xe7, 0xff, 
	0xff, 0xc4, 0xe7, 0xff, 0xff, 0xc3, 0xe7, 0xff, 
	0xff, 0xc4, 0xe7, 0xff, 0xff, 0xc4, 0xe7, 0xff, 
	0xff, 0xc3, 0xe7, 0xff, 0xff, 0xc3, 0xe7, 0xff, 
	0xff, 0xc3, 0xe7, 0xff, 0xff, 0xc5, 0xe7, 0xff, 
	0xff, 0xc4, 0xe7, 0xff, 0xff, 0xc5, 0xe7, 0xff, 
	0xff, 0xc7, 0xe7, 0xff, 0xff, 0xc7, 0xe7, 0xff, 
	0xff, 0xc7, 0xe7, 0xff, 0xff, 0xc9, 0xe9, 0xff, 
	0xff, 0xca, 0xe9, 0xff, 0xff, 0xca, 0xe9, 0xff, 
	0xff, 0xca, 0xe9, 0xff, 0xff, 0xca, 0xe9, 0xff, 
	0xff, 0xcb, 0xe9, 0xff, 0xff, 0xcb, 0xe9, 0xff, 
	0xff, 0xcb, 0xe9, 0xff, 0xff, 0xcb, 0xe9, 0xff, 
	0xff, 0xcc, 0xe9, 0xff, 0xff, 0xcc, 0xe9, 0xff, 
	0xff, 0xcc, 0xe9, 0xff, 0xff, 0xcc, 0xe9, 0xff, 
	0xff, 0xca, 0xe9, 0xff, 0xff, 0xca, 0xe9, 0xff, 
	0xff, 0xca, 0xe9, 0xff, 0xff, 0xca, 0xe9, 0xff, 
	0xff, 0xc8, 0xe9, 0xff, 0xff, 0xc8, 0xe9, 0xff, 
	0xff, 0xc7, 0xe7, 0xff, 0xff, 0xc8, 0xe9, 0xff, 
	0xff, 0xc8, 0xe7, 0xff, 0xff, 0xc8, 0xe7, 0xff, 
	0xff, 0xc5, 0xe7, 0xff, 0xff, 0xc8, 0xe7, 0xff, 
	0xff, 0xbb, 0xe4, 0xff, 0xff, 0xbb, 0xe4, 0xff, 
	0xff, 0xbb, 0xe4, 0xff, 0xff, 0xbb, 0xe4, 0xff, 
	0xff, 0xbb, 0xe4, 0xff, 0xff, 0xbb, 0xe4, 0xff, 
	0xff, 0xbb, 0xe4, 0xff, 0xff, 0xbe, 0xe7, 0xff, 
	0xff, 0xc1, 0xe7, 0xff, 0xff, 0xbf, 0xe7, 0xff, 
	0xff, 0xbf, 0xe7, 0xff, 0xff, 0xbe, 0xe7, 0xff, 
	0xff, 0xbe, 0xe4, 0xff, 0xff, 0xbe, 0xe4, 0xff, 
	0xff, 0xbe, 0xe4, 0xff, 0xff, 0xbe, 0xe4, 0xff, 
	0xff, 0xbe, 0xe4, 0xff, 0xff, 0xbe, 0xe4, 0xff, 
	0xff, 0xbe, 0xe4, 0xff, 0xff, 0xbe, 0xe4, 0xff, 
	0xff, 0xbd, 0xe4, 0xff, 0xff, 0xbd, 0xe4, 0xff, 
	0xff, 0xbd, 0xe4, 0xff, 0xff, 0xbd, 0xe4, 0xff, 
	0xff, 0xbd, 0xe7, 0xff, 0xff, 0xbd, 0xe7, 0xff, 
	0xff, 0xbd, 0xe7, 0xff, 0xff, 0xbd, 0xe7, 0xff, 
	0xff, 0xc1, 0xe6, 0xff, 0xff, 0xc1, 0xe6, 0xff, 
	0xff, 0xc1, 0xe6, 0xff, 0xff, 0xc1, 0xe6, 0xff, 
	0xff, 0xc0, 0xe6, 0xff, 0xff, 0xc0, 0xe6, 0xff, 
	0xff, 0xc0, 0xe6, 0xff, 0xff, 0xc0, 0xe6, 0xff, 
	0xff, 0xc1, 0xe6, 0xff, 0xff, 0xc1, 0xe6, 0xff, 
	0xff, 0xc1, 0xe6, 0xff, 0xff, 0xc1, 0xe6, 0xff, 
	0xff, 0xc3, 0xe7, 0xff, 0xff, 0xc4, 0xe7, 0xff, 
	0xff, 0xc5, 0xe7, 0xff, 0xff, 0xc5, 0xe7, 0xff, 
	0xff, 0xc7, 0xe7, 0xff, 0xff, 0xc7, 0xe7, 0xff, 
	0xff, 0xc7, 0xe7, 0xff, 0xff, 0xc7, 0xe7, 0xff, 
	0xff, 0xc5, 0xe7, 0xff, 0xff, 0xc8, 0xe7, 0xff, 
	0xff, 0xc8, 0xe7, 0xff, 0xff, 0xc8, 0xe7, 0xff, 
	0xff, 0xc5, 0xe7, 0xff, 0xff, 0xc3, 0xe7, 0xff, 
	0xff, 0xc3, 0xe7, 0xff, 0xff, 0xc3, 0xe7, 0xff, 
	0xff, 0xc3, 0xe7, 0xff, 0xff, 0xc5, 0xe7, 0xff, 
	0xff, 0xc5, 0xe7, 0xff, 0xff, 0xc4, 0xe7, 0xff, 
	0xff, 0xc7, 0xe7, 0xff, 0xff, 0xc7, 0xe7, 0xff, 
	0xff, 0xc5, 0xe7, 0xff, 0xff, 0xc4, 0xe7, 0xff, 
	0xff, 0xc3, 0xe7, 0xff, 0xff, 0xc3, 0xe7, 0xff, 
	0xff, 0xc3, 0xe7, 0xff, 0xff, 0xc3, 0xe7, 0xff, 
	0xff, 0xc4, 0xe7, 0xff, 0xff, 0xc4, 0xe7, 0xff, 
	0xff, 0xc5, 0xe7, 0xff, 0xff, 0xc4, 0xe7, 0xff, 
	0xff, 0xc1, 0xe7, 0xff, 0xff, 0xc1, 0xe7, 0xff, 
	0xff, 0xc1, 0xe7, 0xff, 0xff, 0xc1, 0xe7, 0xff, 
	0xff, 0xc5, 0xe7, 0xff, 0xff, 0xc5, 0xe7, 0xff, 
	0xff, 0xc5, 0xe7, 0xff, 0xff, 0xc3, 0xe7, 0xff, 
	0xff, 0xc1, 0xe7, 0xff, 0xff, 0xc1, 0xe7, 0xff, 
	0xff, 0xc1, 0xe7, 0xff, 0xff, 0xc1, 0xe7, 0xff, 
	0xff, 0xbe, 0xe7, 0xff, 0xff, 0xc1, 0xe7, 0xff, 
	0xff, 0xc1, 0xe7, 0xff, 0xff, 0xc1, 0xe7, 0xff, 
	0xff, 0xc3, 0xe7, 0xff, 0xff, 0xc4, 0xe7, 0xff, 
	0xff, 0xc5, 0xe7, 0xff, 0xff, 0xc4, 0xe7, 0xff, 
	0xff, 0xc4, 0xe7, 0xff, 0xff, 0xc4, 0xe7, 0xff, 
	0xff, 0xc4, 0xe7, 0xff, 0xff, 0xc3, 0xe7, 0xff, 
	0xff, 0xc3, 0xe7, 0xff, 0xff, 0xc3, 0xe7, 0xff, 
	0xff, 0xc5, 0xe7, 0xff, 0xff, 0xc5, 0xe7, 0xff, 
	0xff, 0xc7, 0xe7, 0xff, 0xff, 0xc7, 0xe7, 0xff, 
	0xff, 0xc9, 0xe9, 0xff, 0xff, 0xc9, 0xe9, 0xff, 
	0xff, 0xca, 0xe9, 0xff, 0xff, 0xca, 0xe9, 0xff, 
	0xff, 0xca, 0xe9, 0xff, 0xff, 0xca, 0xe9, 0xff, 
	0xff, 0xc7, 0xe7, 0xff, 0xff, 0xcb, 0xe9, 0xff, 
	0xff, 0xcb, 0xe9, 0xff, 0xff, 0xcb, 0xe9, 0xff, 
	0xff, 0xcc, 0xe9, 0xff, 0xff, 0xcc, 0xe9, 0xff, 
	0xff, 0xcc, 0xe9, 0xff, 0xff, 0xcc, 0xe9, 0xff, 
	0xff, 0xca, 0xe9, 0xff, 0xff, 0xca, 0xe9, 0xff, 
	0xff, 0xca, 0xe9, 0xff, 0xff, 0xca, 0xe9, 0xff, 
	0xff, 0xc7, 0xe7, 0xff, 0xff, 0xc7, 0xe7, 0xff, 
	0xff, 0xc7, 0xe7, 0xff, 0xff, 0xc7, 0xe7, 0xff, 
	0xff, 0xc8, 0xe7, 0xff, 0xff, 0xc8, 0xe7, 0xff, 
	0xff, 0xc5, 0xe7, 0xff, 0xff, 0xc5, 0xe7, 0xff, 
	0xff, 0xbb, 0xe4, 0xff, 0xff, 0xbb, 0xe4, 0xff, 
	0xff, 0xbb, 0xe4, 0xff, 0xff, 0xb8, 0xe1, 0xff, 
	0xff, 0xbb, 0xe4, 0xff, 0xff, 0xbb, 0xe4, 0xff, 
	0xff, 0xbb, 0xe4, 0xff, 0xff, 0xbe, 0xe7, 0xff, 
	0xff, 0xc1, 0xe7, 0xff, 0xff, 0xbe, 0xe7, 0xff, 
	0xff, 0xbf, 0xe7, 0xff, 0xff, 0xbe, 0xe7, 0xff, 
	0xff, 0xbe, 0xe4, 0xff, 0xff, 0xbe, 0xe4, 0xff, 
	0xff, 0xbe, 0xe4, 0xff, 0xff, 0xbe, 0xe4, 0xff, 
	0xff, 0xbe, 0xe4, 0xff, 0xff, 0xbe, 0xe4, 0xff, 
	0xff, 0xbe, 0xe4, 0xff, 0xff, 0xbe, 0xe4, 0xff, 
	0xff, 0xbd, 0xe4, 0xff, 0xff, 0xbd, 0xe4, 0xff, 
	0xff, 0xbd, 0xe4, 0xff, 0xff, 0xbd, 0xe4, 0xff, 
	0xff, 0xba, 0xe7, 0xff, 0xff, 0xba, 0xe7, 0xff, 
	0xff, 0xbd, 0xe7, 0xff, 0xff, 0xbd, 0xe7, 0xff, 
	0xff, 0xc1, 0xe6, 0xff, 0xff, 0xc1, 0xe6, 0xff, 
	0xff, 0xc1, 0xe6, 0xff, 0xff, 0xc1, 0xe6, 0xff, 
	0xff, 0xc0, 0xe6, 0xff, 0xff, 0xc0, 0xe6, 0xff, 
	0xff, 0xc0, 0xe6, 0xff, 0xff, 0xc0, 0xe6, 0xff, 
	0xff, 0xc1, 0xe6, 0xff, 0xff, 0xc1, 0xe6, 0xff, 
	0xff, 0xc1, 0xe6, 0xff, 0xff, 0xc1, 0xe6, 0xff, 
	0xff, 0xc5, 0xe7, 0xff, 0xff, 0xc7, 0xe7, 0xff, 
	0xff, 0xc5, 0xe7, 0xff, 0xff, 0xc5, 0xe7, 0xff, 
	0xff, 0xc7, 0xe7, 0xff, 0xff, 0xc9, 0xe9, 0xff, 
	0xff, 0xc9, 0xe9, 0xff, 0xff, 0xc7, 0xe7, 0xff, 
	0xff, 0xc5, 0xe7, 0xff, 0xff, 0xc5, 0xe7, 0xff, 
	0xff, 0xc8, 0xe7, 0xff, 0xff, 0xc5, 0xe7, 0xff, 
	0xff, 0xc5, 0xe7, 0xff, 0xff, 0xc3, 0xe7, 0xff, 
	0xff, 0xc5, 0xe7, 0xff, 0xff, 0xc5, 0xe7, 0xff, 
	0xff, 0xc4, 0xe7, 0xff, 0xff, 0xc7, 0xe7, 0xff, 
	0xff, 0xc7, 0xe7, 0xff, 0xff, 0xc5, 0xe7, 0xff, 
	0xff, 0xc5, 0xe7, 0xff, 0xff, 0xc7, 0xe7, 0xff, 
	0xff, 0xc5, 0xe7, 0xff, 0xff, 0xc4, 0xe7, 0xff, 
	0xff, 0xc4, 0xe7, 0xff, 0xff, 0xc4, 0xe7, 0xff, 
	0xff, 0xc3, 0xe7, 0xff, 0xff, 0xc3, 0xe7, 0xff, 
	0xff, 0xc5, 0xe7, 0xff, 0xff, 0xc5, 0xe7, 0xff, 
	0xff, 0xc5, 0xe7, 0xff, 0xff, 0xc5, 0xe7, 0xff, 
	0xff, 0xc1, 0xe7, 0xff, 0xff, 0xc1, 0xe7, 0xff, 
	0xff, 0xc1, 0xe7, 0xff, 0xff, 0xc3, 0xe7, 0xff, 
	0xff, 0xc5, 0xe7, 0xff, 0xff, 0xc4, 0xe7, 0xff, 
	0xff, 0xc3, 0xe7, 0xff, 0xff, 0xc3, 0xe7, 0xff, 
	0xff, 0xc1, 0xe7, 0xff, 0xff, 0xc3, 0xe7, 0xff, 
	0xff, 0xc1, 0xe7, 0xff, 0xff, 0xc3, 0xe7, 0xff, 
	0xff, 0xc4, 0xe7, 0xff, 0xff, 0xc4, 0xe7, 0xff, 
	0xff, 0xc4, 0xe7, 0xff, 0xff, 0xc1, 0xe7, 0xff, 
	0xff, 0xc4, 0xe7, 0xff, 0xff, 0xc5, 0xe7, 0xff, 
	0xff, 0xc5, 0xe7, 0xff, 0xff, 0xc4, 0xe7, 0xff, 
	0xff, 0xc5, 0xe7, 0xff, 0xff, 0xc5, 0xe7, 0xff, 
	0xff, 0xc5, 0xe7, 0xff, 0xff, 0xc5, 0xe7, 0xff, 
	0xff, 0xc3, 0xe7, 0xff, 0xff, 0xc4, 0xe7, 0xff, 
	0xff, 0xc5, 0xe7, 0xff, 0xff, 0xc5, 0xe7, 0xff, 
	0xff, 0xc7, 0xe7, 0xff, 0xff, 0xc7, 0xe7, 0xff, 
	0xff, 0xc9, 0xe9, 0xff, 0xff, 0xc9, 0xe9, 0xff, 
	0xff, 0xca, 0xe9, 0xff, 0xff, 0xca, 0xe9, 0xff, 
	0xff, 0xca, 0xe9, 0xff, 0xff, 0xca, 0xe9, 0xff, 
	0xff, 0xc7, 0xe7, 0xff, 0xff, 0xcb, 0xe9, 0xff, 
	0xff, 0xcb, 0xe9, 0xff, 0xff, 0xcf, 0xec, 0xff, 
	0xff, 0xcc, 0xe9, 0xff, 0xff, 0xcc, 0xe9, 0xff, 
	0xff, 0xcd, 0xec, 0xff, 0xff, 0xcc, 0xe9, 0xff, 
	0xff, 0xca, 0xe9, 0xff, 0xff, 0xca, 0xe9, 0xff, 
	0xff, 0xca, 0xe9, 0xff, 0xff, 0xca, 0xe9, 0xff, 
	0xff, 0xc8, 0xe9, 0xff, 0xff, 0xc7, 0xe7, 0xff, 
	0xff, 0xc7, 0xe7, 0xff, 0xff, 0xc7, 0xe7, 0xff, 
	0xff, 0xc8, 0xe7, 0xff, 0xff, 0xc8, 0xe7, 0xff, 
	0xff, 0xc5, 0xe7, 0xff, 0xff, 0xc3, 0xe7, 0xff, 
	0xff, 0xbd, 0xe4, 0xff, 0xff, 0xbd, 0xe4, 0xff, 
	0xff, 0xbd, 0xe4, 0xff, 0xff, 0xbd, 0xe4, 0xff, 
	0xff, 0xbe, 0xe4, 0xff, 0xff, 0xbe, 0xe4, 0xff, 
	0xff, 0xbe, 0xe4, 0xff, 0xff, 0xbe, 0xe4, 0xff, 
	0xff, 0xbf, 0xe7, 0xff, 0xff, 0xbe, 0xe7, 0xff, 
	0xff, 0xc1, 0xe7, 0xff, 0xff, 0xc1, 0xe7, 0xff, 
	0xff, 0xc0, 0xe7, 0xff, 0xff, 0xc0, 0xe7, 0xff, 
	0xff, 0xc0, 0xe7, 0xff, 0xff, 0xc0, 0xe7, 0xff, 
	0xff, 0xc0, 0xe7, 0xff, 0xff, 0xc0, 0xe7, 0xff, 
	0xff, 0xc0, 0xe7, 0xff, 0xff, 0xc0, 0xe7, 0xff, 
	0xff, 0xbe, 0xe7, 0xff, 0xff, 0xbe, 0xe7, 0xff, 
	0xff, 0xba, 0xe4, 0xff, 0xff, 0xba, 0xe4, 0xff, 
	0xff, 0xbb, 0xe4, 0xff, 0xff, 0xbb, 0xe4, 0xff, 
	0xff, 0xbb, 0xe4, 0xff, 0xff, 0xbb, 0xe4, 0xff, 
	0xff, 0xbb, 0xe4, 0xff, 0xff, 0xbb, 0xe4, 0xff, 
	0xff, 0xbb, 0xe4, 0xff, 0xff, 0xbb, 0xe4, 0xff, 
	0xff, 0xbe, 0xe4, 0xff, 0xff, 0xbe, 0xe4, 0xff, 
	0xff, 0xbe, 0xe4, 0xff, 0xff, 0xbe, 0xe4, 0xff, 
	0xff, 0xbf, 0xe7, 0xff, 0xff, 0xc1, 0xe7, 0xff, 
	0xff, 0xc1, 0xe7, 0xff, 0xff, 0xc1, 0xe7, 0xff, 
	0xff, 0xc7, 0xe7, 0xff, 0xff, 0xc9, 0xe9, 0xff, 
	0xff, 0xc7, 0xe7, 0xff, 0xff, 0xc7, 0xe7, 0xff, 
	0xff, 0xc8, 0xe7, 0xff, 0xff, 0xcb, 0xe7, 0xff, 
	0xff, 0xc8, 0xe7, 0xff, 0xff, 0xc8, 0xe7, 0xff, 
	0xff, 0xc7, 0xe7, 0xff, 0xff, 0xc7, 0xe7, 0xff, 
	0xff, 0xc7, 0xe7, 0xff, 0xff, 0xc4, 0xe4, 0xff, 
	0xff, 0xc7, 0xe7, 0xff, 0xff, 0xc7, 0xe7, 0xff, 
	0xff, 0xc7, 0xe7, 0xff, 0xff, 0xc7, 0xe7, 0xff, 
	0xff, 0xc7, 0xe7, 0xff, 0xff, 0xc7, 0xe7, 0xff, 
	0xff, 0xc7, 0xe7, 0xff, 0xff, 0xc9, 0xe9, 0xff, 
	0xff, 0xc8, 0xe7, 0xff, 0xff, 0xc5, 0xe7, 0xff, 
	0xff, 0xc8, 0xe7, 0xff, 0xff, 0xc5, 0xe7, 0xff, 
	0xff, 0xc5, 0xe7, 0xff, 0xff, 0xc3, 0xe7, 0xff, 
	0xff, 0xc3, 0xe7, 0xff, 0xff, 0xc5, 0xe7, 0xff, 
	0xff, 0xc4, 0xe7, 0xff, 0xff, 0xc3, 0xe7, 0xff, 
	0xff, 0xc3, 0xe7, 0xff, 0xff, 0xc3, 0xe7, 0xff, 
	0xff, 0xc0, 0xe4, 0xff, 0xff, 0xc3, 0xe7, 0xff, 
	0xff, 0xc3, 0xe7, 0xff, 0xff, 0xc3, 0xe7, 0xff, 
	0xff, 0xc3, 0xe7, 0xff, 0xff, 0xc3, 0xe7, 0xff, 
	0xff, 0xc3, 0xe7, 0xff, 0xff, 0xc0, 0xe4, 0xff, 
	0xff, 0xc1, 0xe7, 0xff, 0xff, 0xc1, 0xe7, 0xff, 
	0xff, 0xc1, 0xe7, 0xff, 0xff, 0xc1, 0xe7, 0xff, 
	0xff, 0xc3, 0xe7, 0xff, 0xff, 0xc3, 0xe7, 0xff, 
	0xff, 0xc5, 0xe7, 0xff, 0xff, 0xc3, 0xe7, 0xff, 
	0xff, 0xc7, 0xe7, 0xff, 0xff, 0xc9, 0xe9, 0xff, 
	0xff, 0xc7, 0xe7, 0xff, 0xff, 0xc9, 0xe9, 0xff, 
	0xff, 0xc8, 0xe9, 0xff, 0xff, 0xc8, 0xe9, 0xff, 
	0xff, 0xc8, 0xe9, 0xff, 0xff, 0xc8, 0xe9, 0xff, 
	0xff, 0xc4, 0xe4, 0xff, 0xff, 0xc4, 0xe4, 0xff, 
	0xff, 0xc7, 0xe7, 0xff, 0xff, 0xc7, 0xe7, 0xff, 
	0xff, 0xc8, 0xe9, 0xff, 0xff, 0xc8, 0xe9, 0xff, 
	0xff, 0xc8, 0xe9, 0xff, 0xff, 0xc8, 0xe9, 0xff, 
	0xff, 0xcb, 0xe9, 0xff, 0xff, 0xcb, 0xe9, 0xff, 
	0xff, 0xcb, 0xe9, 0xff, 0xff, 0xcb, 0xe9, 0xff, 
	0xff, 0xcc, 0xe9, 0xff, 0xff, 0xcc, 0xe9, 0xff, 
	0xff, 0xcc, 0xe9, 0xff, 0xff, 0xcd, 0xec, 0xff, 
	0xff, 0xd0, 0xec, 0xff, 0xff, 0xcd, 0xe9, 0xff, 
	0xff, 0xcd, 0xe9, 0xff, 0xff, 0xcd, 0xe9, 0xff, 
	0xff, 0xcb, 0xe9, 0xff, 0xff, 0xcb, 0xe9, 0xff, 
	0xff, 0xcb, 0xe9, 0xff, 0xff, 0xcb, 0xe9, 0xff, 
	0xff, 0xc7, 0xe7, 0xff, 0xff, 0xc7, 0xe7, 0xff, 
	0xff, 0xc7, 0xe7, 0xff, 0xff, 0xc7, 0xe7, 0xff, 
	0xff, 0xc7, 0xe7, 0xff, 0xff, 0xc7, 0xe7, 0xff, 
	0xff, 0xc7, 0xe7, 0xff, 0xff, 0xc7, 0xe7, 0xff, 
	0xff, 0xbd, 0xe4, 0xff, 0xff, 0xbd, 0xe4, 0xff, 
	0xff, 0xbd, 0xe4, 0xff, 0xff, 0xbd, 0xe4, 0xff, 
	0xff, 0xbe, 0xe4, 0xff, 0xff, 0xbe, 0xe4, 0xff, 
	0xff, 0xbe, 0xe4, 0xff, 0xff, 0xbe, 0xe4, 0xff, 
	0xff, 0xbe, 0xe7, 0xff, 0xff, 0xbf, 0xe7, 0xff, 
	0xff, 0xc1, 0xe7, 0xff, 0xff, 0xc1, 0xe7, 0xff, 
	0xff, 0xbd, 0xe7, 0xff, 0xff, 0xc0, 0xe7, 0xff, 
	0xff, 0xbd, 0xe7, 0xff, 0xff, 0xc0, 0xe7, 0xff, 
	0xff, 0xbd, 0xe7, 0xff, 0xff, 0xc0, 0xe7, 0xff, 
	0xff, 0xc0, 0xe7, 0xff, 0xff, 0xc0, 0xe7, 0xff, 
	0xff, 0xbe, 0xe7, 0xff, 0xff, 0xba, 0xe4, 0xff, 
	0xff, 0xba, 0xe4, 0xff, 0xff, 0xba, 0xe4, 0xff, 
	0xff, 0xbb, 0xe4, 0xff, 0xff, 0xbb, 0xe4, 0xff, 
	0xff, 0xbb, 0xe4, 0xff, 0xff, 0xbb, 0xe4, 0xff, 
	0xff, 0xbb, 0xe4, 0xff, 0xff, 0xbc, 0xe1, 0xff, 
	0xff, 0xbc, 0xe1, 0xff, 0xff, 0xbb, 0xe4, 0xff, 
	0xff, 0xbe, 0xe4, 0xff, 0xff, 0xbe, 0xe4, 0xff, 
	0xff, 0xbe, 0xe4, 0xff, 0xff, 0xbe, 0xe4, 0xff, 
	0xff, 0xbf, 0xe7, 0xff, 0xff, 0xbf, 0xe7, 0xff, 
	0xff, 0xc1, 0xe7, 0xff, 0xff, 0xc3, 0xe7, 0xff, 
	0xff, 0xc7, 0xe7, 0xff, 0xff, 0xc7, 0xe7, 0xff, 
	0xff, 0xc9, 0xe9, 0xff, 0xff, 0xc9, 0xe9, 0xff, 
	0xff, 0xc8, 0xe7, 0xff, 0xff, 0xc9, 0xe7, 0xff, 
	0xff, 0xc8, 0xe7, 0xff, 0xff, 0xc9, 0xe7, 0xff, 
	0xff, 0xc4, 0xe4, 0xff, 0xff, 0xc4, 0xe4, 0xff, 
	0xff, 0xc4, 0xe4, 0xff, 0xff, 0xc7, 0xe7, 0xff, 
	0xff, 0xc7, 0xe7, 0xff, 0xff, 0xc7, 0xe7, 0xff, 
	0xff, 0xc7, 0xe7, 0xff, 0xff, 0xc7, 0xe7, 0xff, 
	0xff, 0xc7, 0xe7, 0xff, 0xff, 0xc9, 0xe9, 0xff, 
	0xff, 0xc9, 0xe9, 0xff, 0xff, 0xc9, 0xe9, 0xff, 
	0xff, 0xc8, 0xe7, 0xff, 0xff, 0xc8, 0xe7, 0xff, 
	0xff, 0xc8, 0xe7, 0xff, 0xff, 0xc5, 0xe7, 0xff, 
	0xff, 0xc5, 0xe7, 0xff, 0xff, 0xc5, 0xe7, 0xff, 
	0xff, 0xc8, 0xe7, 0xff, 0xff, 0xc8, 0xe7, 0xff, 
	0xff, 0xc5, 0xe7, 0xff, 0xff, 0xc4, 0xe7, 0xff, 
	0xff, 0xc3, 0xe7, 0xff, 0xff, 0xc3, 0xe7, 0xff, 
	0xff, 0xc3, 0xe7, 0xff, 0xff, 0xc0, 0xe4, 0xff, 
	0xff, 0xc0, 0xe4, 0xff, 0xff, 0xc0, 0xe4, 0xff, 
	0xff, 0xc0, 0xe4, 0xff, 0xff, 0xc0, 0xe4, 0xff, 
	0xff, 0xc0, 0xe4, 0xff, 0xff, 0xbd, 0xe1, 0xff, 
	0xff, 0xc1, 0xe7, 0xff, 0xff, 0xc4, 0xe7, 0xff, 
	0xff, 0xc4, 0xe7, 0xff, 0xff, 0xc1, 0xe7, 0xff, 
	0xff, 0xc5, 0xe7, 0xff, 0xff, 0xc8, 0xe7, 0xff, 
	0xff, 0xc8, 0xe7, 0xff, 0xff, 0xc5, 0xe7, 0xff, 
	0xff, 0xc7, 0xe7, 0xff, 0xff, 0xc9, 0xe9, 0xff, 
	0xff, 0xc9, 0xe9, 0xff, 0xff, 0xc9, 0xe9, 0xff, 
	0xff, 0xc8, 0xe9, 0xff, 0xff, 0xc8, 0xe9, 0xff, 
	0xff, 0xc8, 0xe9, 0xff, 0xff, 0xc8, 0xe9, 0xff, 
	0xff, 0xc7, 0xe7, 0xff, 0xff, 0xc7, 0xe7, 0xff, 
	0xff, 0xc4, 0xe4, 0xff, 0xff, 0xc7, 0xe7, 0xff, 
	0xff, 0xc8, 0xe9, 0xff, 0xff, 0xc8, 0xe9, 0xff, 
	0xff, 0xc8, 0xe9, 0xff, 0xff, 0xc8, 0xe9, 0xff, 
	0xff, 0xc7, 0xe7, 0xff, 0xff, 0xcb, 0xe9, 0xff, 
	0xff, 0xcb, 0xe9, 0xff, 0xff, 0xcb, 0xe9, 0xff, 
	0xff, 0xcc, 0xe9, 0xff, 0xff, 0xcc, 0xe9, 0xff, 
	0xff, 0xcc, 0xe9, 0xff, 0xff, 0xcd, 0xec, 0xff, 
	0xff, 0xd0, 0xec, 0xff, 0xff, 0xd0, 0xec, 0xff, 
	0xff, 0xd0, 0xec, 0xff, 0xff, 0xcd, 0xe9, 0xff, 
	0xff, 0xcb, 0xe9, 0xff, 0xff, 0xcb, 0xe9, 0xff, 
	0xff, 0xcb, 0xe9, 0xff, 0xff, 0xcb, 0xe9, 0xff, 
	0xff, 0xc7, 0xe7, 0xff, 0xff, 0xc7, 0xe7, 0xff, 
	0xff, 0xc9, 0xe9, 0xff, 0xff, 0xc7, 0xe7, 0xff, 
	0xff, 0xc7, 0xe7, 0xff, 0xff, 0xc7, 0xe7, 0xff, 
	0xff, 0xc7, 0xe7, 0xff, 0xff, 0xc7, 0xe7, 0xff, 
	0xff, 0xbd, 0xe4, 0xff, 0xff, 0xbd, 0xe4, 0xff, 
	0xff, 0xbd, 0xe4, 0xff, 0xff, 0xbd, 0xe4, 0xff, 
	0xff, 0xbe, 0xe4, 0xff, 0xff, 0xbe, 0xe4, 0xff, 
	0xff, 0xbe, 0xe4, 0xff, 0xff, 0xbe, 0xe4, 0xff, 
	0xff, 0xbe, 0xe7, 0xff, 0xff, 0xbf, 0xe7, 0xff, 
	0xff, 0xbf, 0xe7, 0xff, 0xff, 0xc1, 0xe7, 0xff, 
	0xff, 0xc0, 0xe7, 0xff, 0xff, 0xbd, 0xe7, 0xff, 
	0xff, 0xc0, 0xe7, 0xff, 0xff, 0xc0, 0xe7, 0xff, 
	0xff, 0xbd, 0xe7, 0xff, 0xff, 0xbd, 0xe7, 0xff, 
	0xff, 0xc0, 0xe7, 0xff, 0xff, 0xc0, 0xe7, 0xff, 
	0xff, 0xbe, 0xe7, 0xff, 0xff, 0xbe, 0xe7, 0xff, 
	0xff, 0xbe, 0xe7, 0xff, 0xff, 0xba, 0xe4, 0xff, 
	0xff, 0xbb, 0xe4, 0xff, 0xff, 0xbb, 0xe4, 0xff, 
	0xff, 0xbb, 0xe4, 0xff, 0xff, 0xbb, 0xe4, 0xff, 
	0xff, 0xbb, 0xe4, 0xff, 0xff, 0xbc, 0xe1, 0xff, 
	0xff, 0xbc, 0xe1, 0xff, 0xff, 0xbe, 0xde, 0xff, 
	0xff, 0xbe, 0xe4, 0xff, 0xff, 0xbe, 0xe4, 0xff, 
	0xff, 0xbe, 0xe4, 0xff, 0xff, 0xbe, 0xe4, 0xff, 
	0xff, 0xbe, 0xe7, 0xff, 0xff, 0xc1, 0xe7, 0xff, 
	0xff, 0xc1, 0xe7, 0xff, 0xff, 0xc1, 0xe7, 0xff, 
	0xff, 0xc7, 0xe7, 0xff, 0xff, 0xc7, 0xe7, 0xff, 
	0xff, 0xc9, 0xe9, 0xff, 0xff, 0xc9, 0xe9, 0xff, 
	0xff, 0xc8, 0xe7, 0xff, 0xff, 0xc7, 0xe7, 0xff, 
	0xff, 0xc8, 0xe7, 0xff, 0xff, 0xc8, 0xe7, 0xff, 
	0xff, 0xc7, 0xe7, 0xff, 0xff, 0xc4, 0xe4, 0xff, 
	0xff, 0xc1, 0xe1, 0xff, 0xff, 0xc1, 0xe1, 0xff, 
	0xff, 0xc7, 0xe7, 0xff, 0xff, 0xc7, 0xe7, 0xff, 
	0xff, 0xc4, 0xe4, 0xff, 0xff, 0xc7, 0xe7, 0xff, 
	0xff, 0xc7, 0xe7, 0xff, 0xff, 0xc9, 0xe9, 0xff, 
	0xff, 0xc9, 0xe9, 0xff, 0xff, 0xc7, 0xe7, 0xff, 
	0xff, 0xc8, 0xe7, 0xff, 0xff, 0xc8, 0xe7, 0xff, 
	0xff, 0xc8, 0xe7, 0xff, 0xff, 0xc8, 0xe7, 0xff, 
	0xff, 0xc5, 0xe7, 0xff, 0xff, 0xc5, 0xe7, 0xff, 
	0xff, 0xc8, 0xe7, 0xff, 0xff, 0xc8, 0xe7, 0xff, 
	0xff, 0xc5, 0xe7, 0xff, 0xff, 0xc5, 0xe7, 0xff, 
	0xff, 0xc5, 0xe7, 0xff, 0xff, 0xc4, 0xe7, 0xff, 
	0xff, 0xc3, 0xe7, 0xff, 0xff, 0xc3, 0xe7, 0xff, 
	0xff, 0xc0, 0xe4, 0xff, 0xff, 0xbd, 0xe1, 0xff, 
	0xff, 0xbd, 0xe1, 0xff, 0xff, 0xbd, 0xe1, 0xff, 
	0xff, 0xc0, 0xe4, 0xff, 0xff, 0xc0, 0xe4, 0xff, 
	0xff, 0xc1, 0xe7, 0xff, 0xff, 0xc4, 0xe7, 0xff, 
	0xff, 0xc4, 0xe7, 0xff, 0xff, 0xc7, 0xe7, 0xff, 
	0xff, 0xc8, 0xe7, 0xff, 0xff, 0xc8, 0xe7, 0xff, 
	0xff, 0xc8, 0xe7, 0xff, 0xff, 0xc8, 0xe7, 0xff, 
	0xff, 0xc7, 0xe7, 0xff, 0xff, 0xc9, 0xe9, 0xff, 
	0xff, 0xc9, 0xe9, 0xff, 0xff, 0xc9, 0xe9, 0xff, 
	0xff, 0xc8, 0xe9, 0xff, 0xff, 0xc8, 0xe9, 0xff, 
	0xff, 0xc5, 0xe3, 0xff, 0xff, 0xc5, 0xe3, 0xff, 
	0xff, 0xc1, 0xe1, 0xff, 0xff, 0xc7, 0xe7, 0xff, 
	0xff, 0xc4, 0xe4, 0xff, 0xff, 0xc1, 0xe1, 0xff, 
	0xff, 0xc5, 0xe3, 0xff, 0xff, 0xc5, 0xe3, 0xff, 
	0xff, 0xc8, 0xe9, 0xff, 0xff, 0xc8, 0xe9, 0xff, 
	0xff, 0xc7, 0xe7, 0xff, 0xff, 0xcb, 0xe9, 0xff, 
	0xff, 0xcb, 0xe9, 0xff, 0xff, 0xcb, 0xe9, 0xff, 
	0xff, 0xcb, 0xe7, 0xff, 0xff, 0xcb, 0xe7, 0xff, 
	0xff, 0xcc, 0xe9, 0xff, 0xff, 0xcd, 0xec, 0xff, 
	0xff, 0xcd, 0xe9, 0xff, 0xff, 0xd0, 0xec, 0xff, 
	0xff, 0xd0, 0xec, 0xff, 0xff, 0xcd, 0xe9, 0xff, 
	0xff, 0xcb, 0xe9, 0xff, 0xff, 0xcb, 0xe9, 0xff, 
	0xff, 0xc7, 0xe7, 0xff, 0xff, 0xc7, 0xe7, 0xff, 
	0xff, 0xc7, 0xe7, 0xff, 0xff, 0xc9, 0xe9, 0xff, 
	0xff, 0xc9, 0xe9, 0xff, 0xff, 0xc7, 0xe7, 0xff, 
	0xff, 0xc9, 0xe9, 0xff, 0xff, 0xc9, 0xe9, 0xff, 
	0xff, 0xc7, 0xe7, 0xff, 0xff, 0xc7, 0xe7, 0xff, 
	0xff, 0xbd, 0xe4, 0xff, 0xff, 0xbd, 0xe4, 0xff, 
	0xff, 0xbd, 0xe4, 0xff, 0xff, 0xbd, 0xe4, 0xff, 
	0xff, 0xbe, 0xe4, 0xff, 0xff, 0xbe, 0xe4, 0xff, 
	0xff, 0xbe, 0xe4, 0xff, 0xff, 0xbe, 0xe4, 0xff, 
	0xff, 0xbe, 0xe7, 0xff, 0xff, 0xbf, 0xe7, 0xff, 
	0xff, 0xc1, 0xe7, 0xff, 0xff, 0xbf, 0xe7, 0xff, 
	0xff, 0xbd, 0xe7, 0xff, 0xff, 0xbd, 0xe7, 0xff, 
	0xff, 0xbd, 0xe7, 0xff, 0xff, 0xbd, 0xe7, 0xff, 
	0xff, 0xbd, 0xe7, 0xff, 0xff, 0xba, 0xe7, 0xff, 
	0xff, 0xbd, 0xe7, 0xff, 0xff, 0xbd, 0xe7, 0xff, 
	0xff, 0xbe, 0xe7, 0xff, 0xff, 0xbe, 0xe7, 0xff, 
	0xff, 0xbe, 0xe7, 0xff, 0xff, 0xbe, 0xe7, 0xff, 
	0xff, 0xbb, 0xe4, 0xff, 0xff, 0xbb, 0xe4, 0xff, 
	0xff, 0xbe, 0xde, 0xff, 0xff, 0xbc, 0xe1, 0xff, 
	0xff, 0xbc, 0xe1, 0xff, 0xff, 0xbc, 0xe1, 0xff, 
	0xff, 0xbe, 0xde, 0xff, 0xff, 0xbe, 0xde, 0xff, 
	0xff, 0xc7, 0xde, 0xff, 0xff, 0xbe, 0xe4, 0xff, 
	0xff, 0xbe, 0xe4, 0xff, 0xff, 0xbe, 0xe4, 0xff, 
	0xff, 0xc1, 0xe7, 0xff, 0xff, 0xc1, 0xe7, 0xff, 
	0xff, 0xc1, 0xe7, 0xff, 0xff, 0xc1, 0xe7, 0xff, 
	0xff, 0xc7, 0xe7, 0xff, 0xff, 0xc9, 0xe9, 0xff, 
	0xff, 0xc9, 0xe9, 0xff, 0xff, 0xc7, 0xe7, 0xff, 
	0xff, 0xc8, 0xe7, 0xff, 0xff, 0xc8, 0xe7, 0xff, 
	0xff, 0xc7, 0xe7, 0xff, 0xff, 0xc9, 0xe7, 0xff, 
	0xff, 0xc1, 0xe1, 0xff, 0xff, 0xc4, 0xe4, 0xff, 
	0xff, 0xc1, 0xe1, 0xff, 0xff, 0xc4, 0xe4, 0xff, 
	0xff, 0xc4, 0xe4, 0xff, 0xff, 0xc1, 0xe1, 0xff, 
	0xff, 0xc1, 0xe1, 0xff, 0xff, 0xc1, 0xe1, 0xff, 
	0xff, 0xc7, 0xe7, 0xff, 0xff, 0xc7, 0xe7, 0xff, 
	0xff, 0xc9, 0xe9, 0xff, 0xff, 0xc9, 0xe9, 0xff, 
	0xff, 0xcb, 0xe7, 0xff, 0xff, 0xc8, 0xe7, 0xff, 
	0xff, 0xc5, 0xe7, 0xff, 0xff, 0xc8, 0xe7, 0xff, 
	0xff, 0xc8, 0xe7, 0xff, 0xff, 0xc5, 0xe7, 0xff, 
	0xff, 0xc5, 0xe7, 0xff, 0xff, 0xc8, 0xe7, 0xff, 
	0xff, 0xc5, 0xe7, 0xff, 0xff, 0xc5, 0xe7, 0xff, 
	0xff, 0xc4, 0xe7, 0xff, 0xff, 0xc4, 0xe7, 0xff, 
	0xff, 0xc3, 0xe7, 0xff, 0xff, 0xc3, 0xe7, 0xff, 
	0xff, 0xbd, 0xe1, 0xff, 0xff, 0xc0, 0xe4, 0xff, 
	0xff, 0xc0, 0xe4, 0xff, 0xff, 0xba, 0xde, 0xff, 
	0xff, 0xbd, 0xe1, 0xff, 0xff, 0xbd, 0xe1, 0xff, 
	0xff, 0xc4, 0xe7, 0xff, 0xff, 0xc4, 0xe7, 0xff, 
	0xff, 0xc7, 0xe7, 0xff, 0xff, 0xc7, 0xe7, 0xff, 
	0xff, 0xc5, 0xe7, 0xff, 0xff, 0xc8, 0xe7, 0xff, 
	0xff, 0xcb, 0xe7, 0xff, 0xff, 0xcb, 0xe7, 0xff, 
	0xff, 0xc9, 0xe9, 0xff, 0xff, 0xc9, 0xe9, 0xff, 
	0xff, 0xc9, 0xe9, 0xff, 0xff, 0xc7, 0xe7, 0xff, 
	0xff, 0xc5, 0xe3, 0xff, 0xff, 0xc8, 0xe9, 0xff, 
	0xff, 0xc5, 0xe3, 0xff, 0xff, 0xc5, 0xe3, 0xff, 
	0xff, 0xc1, 0xe1, 0xff, 0xff, 0xc1, 0xe1, 0xff, 
	0xff, 0xc1, 0xe1, 0xff, 0xff, 0xc1, 0xe1, 0xff, 
	0xff, 0xc3, 0xde, 0xff, 0xff, 0xc5, 0xe3, 0xff, 
	0xff, 0xc5, 0xe3, 0xff, 0xff, 0xc8, 0xe9, 0xff, 
	0xff, 0xc7, 0xe7, 0xff, 0xff, 0xc7, 0xe7, 0xff, 
	0xff, 0xcb, 0xe9, 0xff, 0xff, 0xcb, 0xe9, 0xff, 
	0xff, 0xcb, 0xe7, 0xff, 0xff, 0xcb, 0xe7, 0xff, 
	0xff, 0xcc, 0xe9, 0xff, 0xff, 0xcc, 0xe9, 0xff, 
	0xff, 0xcd, 0xe9, 0xff, 0xff, 0xcd, 0xe9, 0xff, 
	0xff, 0xcd, 0xe9, 0xff, 0xff, 0xcd, 0xe9, 0xff, 
	0xff, 0xcf, 0xec, 0xff, 0xff, 0xcb, 0xe9, 0xff, 
	0xff, 0xcb, 0xe9, 0xff, 0xff, 0xcb, 0xe9, 0xff, 
	0xff, 0xc9, 0xe9, 0xff, 0xff, 0xc9, 0xe9, 0xff, 
	0xff, 0xc9, 0xe9, 0xff, 0xff, 0xc9, 0xe9, 0xff, 
	0xff, 0xc7, 0xe7, 0xff, 0xff, 0xc9, 0xe9, 0xff, 
	0xff, 0xc9, 0xe9, 0xff, 0xff, 0xc9, 0xe9, 0xff, 
	0xff, 0xbc, 0xe4, 0xff, 0xff, 0xbc, 0xe4, 0xff, 
	0xff, 0xbc, 0xe4, 0xff, 0xff, 0xbc, 0xe4, 0xff, 
	0xff, 0xbe, 0xe4, 0xff, 0xff, 0xbe, 0xe4, 0xff, 
	0xff, 0xbe, 0xe4, 0xff, 0xff, 0xbe, 0xe4, 0xff, 
	0xff, 0xc0, 0xe7, 0xff, 0xff, 0xc0, 0xe7, 0xff, 
	0xff, 0xc0, 0xe7, 0xff, 0xff, 0xc0, 0xe7, 0xff, 
	0xff, 0xbb, 0xe4, 0xff, 0xff, 0xbb, 0xe4, 0xff, 
	0xff, 0xbe, 0xe7, 0xff, 0xff, 0xbb, 0xe4, 0xff, 
	0xff, 0xbb, 0xe4, 0xff, 0xff, 0xbb, 0xe4, 0xff, 
	0xff, 0xb8, 0xe1, 0xff, 0xff, 0xbb, 0xe4, 0xff, 
	0xff, 0xbe, 0xe4, 0xff, 0xff, 0xbe, 0xe4, 0xff, 
	0xff, 0xbe, 0xe4, 0xff, 0xff, 0xbe, 0xe4, 0xff, 
	0xff, 0xbe, 0xde, 0xff, 0xff, 0xbe, 0xde, 0xff, 
	0xff, 0xbe, 0xde, 0xff, 0xff, 0xc9, 0xe3, 0xff, 
	0xff, 0xc9, 0xe3, 0xff, 0xff, 0xbe, 0xde, 0xff, 
	0xff, 0xbe, 0xde, 0xff, 0xff, 0xc9, 0xe3, 0xff, 
	0xff, 0xc1, 0xe1, 0xff, 0xff, 0xcc, 0xe4, 0xff, 
	0xff, 0xc1, 0xe1, 0xff, 0xff, 0xc1, 0xe1, 0xff, 
	0xff, 0xc3, 0xe7, 0xff, 0xff, 0xc3, 0xe7, 0xff, 
	0xff, 0xc4, 0xe7, 0xff, 0xff, 0xc3, 0xe7, 0xff, 
	0xff, 0xc4, 0xe7, 0xff, 0xff, 0xc5, 0xe7, 0xff, 
	0xff, 0xc5, 0xe7, 0xff, 0xff, 0xc5, 0xe7, 0xff, 
	0xff, 0xc7, 0xe7, 0xff, 0xff, 0xc7, 0xe7, 0xff, 
	0xff, 0xc7, 0xe7, 0xff, 0xff, 0xc4, 0xe4, 0xff, 
	0xff, 0xbe, 0xde, 0xff, 0xff, 0xc9, 0xe3, 0xff, 
	0xff, 0xbe, 0xde, 0xff, 0xff, 0xc9, 0xe3, 0xff, 
	0xff, 0xd4, 0xe9, 0xff, 0xff, 0xd4, 0xe9, 0xff, 
	0xff, 0xbe, 0xde, 0xff, 0xff, 0xbe, 0xde, 0xff, 
	0xff, 0xc3, 0xde, 0xff, 0xff, 0xcb, 0xe3, 0xff, 
	0xff, 0xc3, 0xde, 0xff, 0xff, 0xcb, 0xe3, 0xff, 
	0xff, 0xc8, 0xe9, 0xff, 0xff, 0xc8, 0xe9, 0xff, 
	0xff, 0xc8, 0xe9, 0xff, 0xff, 0xc8, 0xe9, 0xff, 
	0xff, 0xc8, 0xe9, 0xff, 0xff, 0xc8, 0xe9, 0xff, 
	0xff, 0xc7, 0xe7, 0xff, 0xff, 0xc7, 0xe7, 0xff, 
	0xff, 0xc5, 0xe7, 0xff, 0xff, 0xc8, 0xe7, 0xff, 
	0xff, 0xc8, 0xe7, 0xff, 0xff, 0xc8, 0xe7, 0xff, 
	0xff, 0xc7, 0xe7, 0xff, 0xff, 0xc7, 0xe7, 0xff, 
	0xff, 0xc7, 0xe7, 0xff, 0xff, 0xc7, 0xe7, 0xff, 
	0xff, 0xba, 0xde, 0xff, 0xff, 0xd2, 0xe9, 0xff, 
	0xff, 0xc6, 0xe3, 0xff, 0xff, 0xc6, 0xe3, 0xff, 
	0xff, 0xc3, 0xe7, 0xff, 0xff, 0xc3, 0xe7, 0xff, 
	0xff, 0xc5, 0xe7, 0xff, 0xff, 0xc8, 0xe7, 0xff, 
	0xff, 0xc7, 0xe7, 0xff, 0xff, 0xc7, 0xe7, 0xff, 
	0xff, 0xc9, 0xe9, 0xff, 0xff, 0xc9, 0xe9, 0xff, 
	0xff, 0xcc, 0xe9, 0xff, 0xff, 0xcc, 0xe9, 0xff, 
	0xff, 0xcc, 0xe9, 0xff, 0xff, 0xc7, 0xe7, 0xff, 
	0xff, 0xc6, 0xe3, 0xff, 0xff, 0xc6, 0xe3, 0xff, 
	0xff, 0xc6, 0xe3, 0xff, 0xff, 0xc6, 0xe3, 0xff, 
	0xff, 0xbe, 0xde, 0xff, 0xff, 0xbe, 0xde, 0xff, 
	0xff, 0xc9, 0xe3, 0xff, 0xff, 0xbe, 0xde, 0xff, 
	0xff, 0xbe, 0xde, 0xff, 0xff, 0xc9, 0xe3, 0xff, 
	0xff, 0xbe, 0xde, 0xff, 0xff, 0xbe, 0xde, 0xff, 
	0xff, 0xc5, 0xe3, 0xff, 0xff, 0xc5, 0xe3, 0xff, 
	0xff, 0xc5, 0xe3, 0xff, 0xff, 0xd0, 0xe9, 0xff, 
	0xff, 0xcb, 0xe9, 0xff, 0xff, 0xcb, 0xe9, 0xff, 
	0xff, 0xcb, 0xe9, 0xff, 0xff, 0xcb, 0xe9, 0xff, 
	0xff, 0xcb, 0xe9, 0xff, 0xff, 0xcb, 0xe9, 0xff, 
	0xff, 0xcb, 0xe9, 0xff, 0xff, 0xcb, 0xe9, 0xff, 
	0xff, 0xcf, 0xec, 0xff, 0xff, 0xcb, 0xe9, 0xff, 
	0xff, 0xcb, 0xe9, 0xff, 0xff, 0xcb, 0xe9, 0xff, 
	0xff, 0xcb, 0xe9, 0xff, 0xff, 0xcb, 0xe9, 0xff, 
	0xff, 0xcb, 0xe9, 0xff, 0xff, 0xcb, 0xe9, 0xff, 
	0xff, 0xc9, 0xe9, 0xff, 0xff, 0xc9, 0xe9, 0xff, 
	0xff, 0xc9, 0xe9, 0xff, 0xff, 0xc9, 0xe9, 0xff, 
	0xff, 0xbc, 0xe4, 0xff, 0xff, 0xbc, 0xe4, 0xff, 
	0xff, 0xbc, 0xe4, 0xff, 0xff, 0xbc, 0xe4, 0xff, 
	0xff, 0xbe, 0xe4, 0xff, 0xff, 0xbe, 0xe4, 0xff, 
	0xff, 0xbe, 0xe4, 0xff, 0xff, 0xbe, 0xe4, 0xff, 
	0xff, 0xc3, 0xe7, 0xff, 0xff, 0xc0, 0xe7, 0xff, 
	0xff, 0xbd, 0xe7, 0xff, 0xff, 0xbd, 0xe7, 0xff, 
	0xff, 0xbb, 0xe4, 0xff, 0xff, 0xbb, 0xe4, 0xff, 
	0xff, 0xbb, 0xe4, 0xff, 0xff, 0xbb, 0xe4, 0xff, 
	0xff, 0xbb, 0xe4, 0xff, 0xff, 0xb8, 0xe1, 0xff, 
	0xff, 0xbb, 0xe4, 0xff, 0xff, 0xbb, 0xe4, 0xff, 
	0xff, 0xbe, 0xe4, 0xff, 0xff, 0xbe, 0xe4, 0xff, 
	0xff, 0xbe, 0xe4, 0xff, 0xff, 0xbe, 0xe4, 0xff, 
	0xff, 0xbe, 0xde, 0xff, 0xff, 0xbe, 0xde, 0xff, 
	0xff, 0xbe, 0xde, 0xff, 0xff, 0xc9, 0xe3, 0xff, 
	0xff, 0xd4, 0xe9, 0xff, 0xff, 0xd4, 0xe9, 0xff, 
	0xff, 0xc9, 0xe3, 0xff, 0xff, 0xc9, 0xe3, 0xff, 
	0xff, 0xcc, 0xe4, 0xff, 0xff, 0xcc, 0xe4, 0xff, 
	0xff, 0xcc, 0xe4, 0xff, 0xff, 0xc1, 0xe1, 0xff, 
	0xff, 0xc5, 0xe7, 0xff, 0xff, 0xc3, 0xe7, 0xff, 
	0xff, 0xc4, 0xe7, 0xff, 0xff, 0xc5, 0xe7, 0xff, 
	0xff, 0xc3, 0xe7, 0xff, 0xff, 0xc3, 0xe7, 0xff, 
	0xff, 0xc3, 0xe7, 0xff, 0xff, 0xc4, 0xe7, 0xff, 
	0xff, 0xc7, 0xe7, 0xff, 0xff, 0xc7, 0xe7, 0xff, 
	0xff, 0xc4, 0xe4, 0xff, 0xff, 0xc4, 0xe4, 0xff, 
	0xff, 0xbe, 0xde, 0xff, 0xff, 0xc9, 0xe3, 0xff, 
	0xff, 0xd4, 0xe9, 0xff, 0xff, 0xd4, 0xe9, 0xff, 
	0xff, 0xd4, 0xe9, 0xff, 0xff, 0xd4, 0xe9, 0xff, 
	0xff, 0xd4, 0xe9, 0xff, 0xff, 0xbe, 0xde, 0xff, 
	0xff, 0xc3, 0xde, 0xff, 0xff, 0xc3, 0xde, 0xff, 
	0xff, 0xcb, 0xe3, 0xff, 0xff, 0xcb, 0xe3, 0xff, 
	0xff, 0xc8, 0xe9, 0xff, 0xff, 0xc8, 0xe9, 0xff, 
	0xff, 0xc8, 0xe9, 0xff, 0xff, 0xc8, 0xe9, 0xff, 
	0xff, 0xc8, 0xe9, 0xff, 0xff, 0xc8, 0xe9, 0xff, 
	0xff, 0xc8, 0xe9, 0xff, 0xff, 0xc7, 0xe7, 0xff, 
	0xff, 0xc5, 0xe7, 0xff, 0xff, 0xc5, 0xe7, 0xff, 
	0xff, 0xc8, 0xe7, 0xff, 0xff, 0xc8, 0xe7, 0xff, 
	0xff, 0xc7, 0xe7, 0xff, 0xff, 0xc7, 0xe7, 0xff, 
	0xff, 0xc7, 0xe7, 0xff, 0xff, 0xcf, 0xe9, 0xff, 
	0xff, 0xd2, 0xe9, 0xff, 0xff, 0xc6, 0xe3, 0xff, 
	0xff, 0xd2, 0xe9, 0xff, 0xff, 0xc6, 0xe3, 0xff, 
	0xff, 0xc3, 0xe7, 0xff, 0xff, 0xc3, 0xe7, 0xff, 
	0xff, 0xc5, 0xe7, 0xff, 0xff, 0xc8, 0xe7, 0xff, 
	0xff, 0xc9, 0xe9, 0xff, 0xff, 0xc9, 0xe9, 0xff, 
	0xff, 0xc9, 0xe9, 0xff, 0xff, 0xc9, 0xe9, 0xff, 
	0xff, 0xcc, 0xe9, 0xff, 0xff, 0xcc, 0xe9, 0xff, 
	0xff, 0xcc, 0xe9, 0xff, 0xff, 0xc7, 0xe7, 0xff, 
	0xff, 0xc6, 0xe3, 0xff, 0xff, 0xd2, 0xe9, 0xff, 
	0xff, 0xc6, 0xe3, 0xff, 0xff, 0xc6, 0xe3, 0xff, 
	0xff, 0xc9, 0xe3, 0xff, 0xff, 0xc9, 0xe3, 0xff, 
	0xff, 0xc9, 0xe3, 0xff, 0xff, 0xd4, 0xe9, 0xff, 
	0xff, 0xc9, 0xe3, 0xff, 0xff, 0xc9, 0xe3, 0xff, 
	0xff, 0xd4, 0xe9, 0xff, 0xff, 0xbe, 0xde, 0xff, 
	0xff, 0xc5, 0xe3, 0xff, 0xff, 0xba, 0xde, 0xff, 
	0xff, 0xc5, 0xe3, 0xff, 0xff, 0xc5, 0xe3, 0xff, 
	0xff, 0xcb, 0xe9, 0xff, 0xff, 0xcb, 0xe9, 0xff, 
	0xff, 0xcb, 0xe9, 0xff, 0xff, 0xcb, 0xe9, 0xff, 
	0xff, 0xcb, 0xe9, 0xff, 0xff, 0xcb, 0xe9, 0xff, 
	0xff, 0xcb, 0xe9, 0xff, 0xff, 0xcb, 0xe9, 0xff, 
	0xff, 0xcb, 0xe9, 0xff, 0xff, 0xcb, 0xe9, 0xff, 
	0xff, 0xcb, 0xe9, 0xff, 0xff, 0xcb, 0xe9, 0xff, 
	0xff, 0xcb, 0xe9, 0xff, 0xff, 0xcf, 0xec, 0xff, 
	0xff, 0xc7, 0xe7, 0xff, 0xff, 0xc7, 0xe7, 0xff, 
	0xff, 0xc9, 0xe9, 0xff, 0xff, 0xc9, 0xe9, 0xff, 
	0xff, 0xc9, 0xe9, 0xff, 0xff, 0xcc, 0xec, 0xff, 
	0xff, 0xbc, 0xe4, 0xff, 0xff, 0xbc, 0xe4, 0xff, 
	0xff, 0xbc, 0xe4, 0xff, 0xff, 0xbc, 0xe4, 0xff, 
	0xff, 0xbe, 0xe4, 0xff, 0xff, 0xbe, 0xe4, 0xff, 
	0xff, 0xbe, 0xe4, 0xff, 0xff, 0xbe, 0xe4, 0xff, 
	0xff, 0xc0, 0xe7, 0xff, 0xff, 0xbd, 0xe7, 0xff, 
	0xff, 0xc0, 0xe7, 0xff, 0xff, 0xba, 0xe7, 0xff, 
	0xff, 0xbb, 0xe4, 0xff, 0xff, 0xb8, 0xe1, 0xff, 
	0xff, 0xbb, 0xe4, 0xff, 0xff, 0xbb, 0xe4, 0xff, 
	0xff, 0xb8, 0xe1, 0xff, 0xff, 0xb8, 0xe1, 0xff, 
	0xff, 0xbb, 0xe4, 0xff, 0xff, 0xbb, 0xe4, 0xff, 
	0xff, 0xbe, 0xe4, 0xff, 0xff, 0xbe, 0xe4, 0xff, 
	0xff, 0xbe, 0xe4, 0xff, 0xff, 0xcf, 0xe7, 0xff, 
	0xff, 0xbe, 0xde, 0xff, 0xff, 0xc9, 0xe3, 0xff, 
	0xff, 0xd4, 0xe9, 0xff, 0xff, 0xc9, 0xe3, 0xff, 
	0xff, 0xd4, 0xe9, 0xff, 0xff, 0xdf, 0xef, 0xff, 
	0xff, 0xd4, 0xe9, 0xff, 0xff, 0xd4, 0xe9, 0xff, 
	0xff, 0xcc, 0xe4, 0xff, 0xff, 0xd7, 0xe7, 0xff, 
	0xff, 0xd7, 0xe7, 0xff, 0xff, 0xc1, 0xe1, 0xff, 
	0xff, 0xc4, 0xe7, 0xff, 0xff, 0xc7, 0xe7, 0xff, 
	0xff, 0xc7, 0xe7, 0xff, 0xff, 0xc7, 0xe7, 0xff, 
	0xff, 0xc5, 0xe7, 0xff, 0xff, 0xc5, 0xe7, 0xff, 
	0xff, 0xc4, 0xe7, 0xff, 0xff, 0xc5, 0xe7, 0xff, 
	0xff, 0xc7, 0xe7, 0xff, 0xff, 0xc7, 0xe7, 0xff, 
	0xff, 0xbe, 0xde, 0xff, 0xff, 0xc4, 0xe4, 0xff, 
	0xff, 0xbe, 0xde, 0xff, 0xff, 0xd4, 0xe9, 0xff, 
	0xff, 0xd4, 0xe9, 0xff, 0xff, 0xdf, 0xef, 0xff, 
	0xff, 0xd4, 0xe9, 0xff, 0xff, 0xd4, 0xe9, 0xff, 
	0xff, 0xdf, 0xef, 0xff, 0xff, 0xdf, 0xef, 0xff, 
	0xff, 0xc3, 0xde, 0xff, 0xff, 0xc3, 0xde, 0xff, 
	0xff, 0xcb, 0xe3, 0xff, 0xff, 0xcb, 0xe3, 0xff, 
	0xff, 0xc8, 0xe9, 0xff, 0xff, 0xc8, 0xe9, 0xff, 
	0xff, 0xc8, 0xe9, 0xff, 0xff, 0xc8, 0xe9, 0xff, 
	0xff, 0xc7, 0xe7, 0xff, 0xff, 0xc8, 0xe9, 0xff, 
	0xff, 0xc8, 0xe9, 0xff, 0xff, 0xc8, 0xe9, 0xff, 
	0xff, 0xc8, 0xe7, 0xff, 0xff, 0xc5, 0xe7, 0xff, 
	0xff, 0xc5, 0xe7, 0xff, 0xff, 0xc5, 0xe7, 0xff, 
	0xff, 0xc7, 0xe7, 0xff, 0xff, 0xc7, 0xe7, 0xff, 
	0xff, 0xc7, 0xe7, 0xff, 0xff, 0xd7, 0xec, 0xff, 
	0xff, 0xd2, 0xe9, 0xff, 0xff, 0xd2, 0xe9, 0xff, 
	0xff, 0xd2, 0xe9, 0xff, 0xff, 0xdf, 0xef, 0xff, 
	0xff, 0xc8, 0xe7, 0xff, 0xff, 0xc5, 0xe7, 0xff, 
	0xff, 0xc5, 0xe7, 0xff, 0xff, 0xc5, 0xe7, 0xff, 
	0xff, 0xc7, 0xe7, 0xff, 0xff, 0xc7, 0xe7, 0xff, 
	0xff, 0xc9, 0xe9, 0xff, 0xff, 0xc9, 0xe9, 0xff, 
	0xff, 0xcc, 0xe9, 0xff, 0xff, 0xcc, 0xe9, 0xff, 
	0xff, 0xcc, 0xe9, 0xff, 0xff, 0xcc, 0xe9, 0xff, 
	0xff, 0xd2, 0xe9, 0xff, 0xff, 0xd2, 0xe9, 0xff, 
	0xff, 0xdf, 0xef, 0xff, 0xff, 0xd2, 0xe9, 0xff, 
	0xff, 0xc9, 0xe3, 0xff, 0xff, 0xd4, 0xe9, 0xff, 
	0xff, 0xd4, 0xe9, 0xff, 0xff, 0xd4, 0xe9, 0xff, 
	0xff, 0xdf, 0xef, 0xff, 0xff, 0xd4, 0xe9, 0xff, 
	0xff, 0xd4, 0xe9, 0xff, 0xff, 0xdf, 0xef, 0xff, 
	0xff, 0xd0, 0xe9, 0xff, 0xff, 0xd0, 0xe9, 0xff, 
	0xff, 0xc5, 0xe3, 0xff, 0xff, 0xc5, 0xe3, 0xff, 
	0xff, 0xc3, 0xde, 0xff, 0xff, 0xcb, 0xe9, 0xff, 
	0xff, 0xcb, 0xe9, 0xff, 0xff, 0xcb, 0xe9, 0xff, 
	0xff, 0xcb, 0xe9, 0xff, 0xff, 0xcb, 0xe9, 0xff, 
	0xff, 0xcb, 0xe9, 0xff, 0xff, 0xcb, 0xe9, 0xff, 
	0xff, 0xcb, 0xe9, 0xff, 0xff, 0xcb, 0xe9, 0xff, 
	0xff, 0xc7, 0xe7, 0xff, 0xff, 0xcb, 0xe9, 0xff, 
	0xff, 0xcb, 0xe9, 0xff, 0xff, 0xcb, 0xe9, 0xff, 
	0xff, 0xc7, 0xe7, 0xff, 0xff, 0xcb, 0xe9, 0xff, 
	0xff, 0xc7, 0xe7, 0xff, 0xff, 0xc9, 0xe9, 0xff, 
	0xff, 0xc9, 0xe9, 0xff, 0xff, 0xc9, 0xe9, 0xff, 
	0xff, 0xbc, 0xe4, 0xff, 0xff, 0xbc, 0xe4, 0xff, 
	0xff, 0xbc, 0xe4, 0xff, 0xff, 0xbc, 0xe4, 0xff, 
	0xff, 0xbe, 0xe4, 0xff, 0xff, 0xbe, 0xe4, 0xff, 
	0xff, 0xbe, 0xe4, 0xff, 0xff, 0xbe, 0xe4, 0xff, 
	0xff, 0xbd, 0xe7, 0xff, 0xff, 0xbd, 0xe7, 0xff, 
	0xff, 0xbd, 0xe7, 0xff, 0xff, 0xbd, 0xe7, 0xff, 
	0xff, 0xbe, 0xe7, 0xff, 0xff, 0xbb, 0xe4, 0xff, 
	0xff, 0xbb, 0xe4, 0xff, 0xff, 0xbb, 0xe4, 0xff, 
	0xff, 0xbb, 0xe4, 0xff, 0xff, 0xbb, 0xe4, 0xff, 
	0xff, 0xbb, 0xe4, 0xff, 0xff, 0xbb, 0xe4, 0xff, 
	0xff, 0xbe, 0xe4, 0xff, 0xff, 0xbe, 0xe4, 0xff, 
	0xff, 0xcf, 0xe7, 0xff, 0xff, 0xbe, 0xe4, 0xff, 
	0xff, 0xdf, 0xef, 0xff, 0xff, 0xd4, 0xe9, 0xff, 
	0xff, 0xd4, 0xe9, 0xff, 0xff, 0xdf, 0xef, 0xff, 
	0xff, 0xd4, 0xe9, 0xff, 0xff, 0xdf, 0xef, 0xff, 
	0xff, 0xdf, 0xef, 0xff, 0xff, 0xdf, 0xef, 0xff, 
	0xff, 0xd7, 0xe7, 0xff, 0xff, 0xd7, 0xe7, 0xff, 
	0xff, 0xcc, 0xe4, 0xff, 0xff, 0xc1, 0xe1, 0xff, 
	0xff, 0xc7, 0xe7, 0xff, 0xff, 0xc7, 0xe7, 0xff, 
	0xff, 0xc7, 0xe7, 0xff, 0xff, 0xc5, 0xe7, 0xff, 
	0xff, 0xc5, 0xe7, 0xff, 0xff, 0xc4, 0xe7, 0xff, 
	0xff, 0xc5, 0xe7, 0xff, 0xff, 0xc5, 0xe7, 0xff, 
	0xff, 0xc4, 0xe4, 0xff, 0xff, 0xc4, 0xe4, 0xff, 
	0xff, 0xbe, 0xde, 0xff, 0xff, 0xc7, 0xe7, 0xff, 
	0xff, 0xdf, 0xef, 0xff, 0xff, 0xd4, 0xe9, 0xff, 
	0xff, 0xdf, 0xef, 0xff, 0xff, 0xdf, 0xef, 0xff, 
	0xff, 0xdf, 0xef, 0xff, 0xff, 0xdf, 0xef, 0xff, 
	0xff, 0xdf, 0xef, 0xff, 0xff, 0xdf, 0xef, 0xff, 
	0xff, 0xdb, 0xef, 0xff, 0xff, 0xc3, 0xde, 0xff, 
	0xff, 0xc3, 0xde, 0xff, 0xff, 0xc3, 0xde, 0xff, 
	0xff, 0xc3, 0xde, 0xff, 0xff, 0xc8, 0xe9, 0xff, 
	0xff, 0xc8, 0xe9, 0xff, 0xff, 0xc8, 0xe9, 0xff, 
	0xff, 0xc8, 0xe9, 0xff, 0xff, 0xc8, 0xe9, 0xff, 
	0xff, 0xc8, 0xe9, 0xff, 0xff, 0xc8, 0xe9, 0xff, 
	0xff, 0xc8, 0xe7, 0xff, 0xff, 0xc8, 0xe7, 0xff, 
	0xff, 0xc8, 0xe7, 0xff, 0xff, 0xc5, 0xe7, 0xff, 
	0xff, 0xc7, 0xe7, 0xff, 0xff, 0xc7, 0xe7, 0xff, 
	0xff, 0xcf, 0xe9, 0xff, 0xff, 0xc7, 0xe7, 0xff, 
	0xff, 0xdf, 0xef, 0xff, 0xff, 0xdf, 0xef, 0xff, 
	0xff, 0xdf, 0xef, 0xff, 0xff, 0xc6, 0xe3, 0xff, 
	0xff, 0xc8, 0xe7, 0xff, 0xff, 0xc5, 0xe7, 0xff, 
	0xff, 0xc8, 0xe7, 0xff, 0xff, 0xc5, 0xe7, 0xff, 
	0xff, 0xc7, 0xe7, 0xff, 0xff, 0xc7, 0xe7, 0xff, 
	0xff, 0xc7, 0xe7, 0xff, 0xff, 0xc9, 0xe9, 0xff, 
	0xff, 0xc7, 0xe7, 0xff, 0xff, 0xc7, 0xe7, 0xff, 
	0xff, 0xcc, 0xe9, 0xff, 0xff, 0xd1, 0xec, 0xff, 
	0xff, 0xd2, 0xe9, 0xff, 0xff, 0xdf, 0xef, 0xff, 
	0xff, 0xdf, 0xef, 0xff, 0xff, 0xdf, 0xef, 0xff, 
	0xff, 0xdf, 0xef, 0xff, 0xff, 0xd4, 0xe9, 0xff, 
	0xff, 0xdf, 0xef, 0xff, 0xff, 0xdf, 0xef, 0xff, 
	0xff, 0xdf, 0xef, 0xff, 0xff, 0xdf, 0xef, 0xff, 
	0xff, 0xdf, 0xef, 0xff, 0xff, 0xdf, 0xef, 0xff, 
	0xff, 0xdb, 0xef, 0xff, 0xff, 0xdb, 0xef, 0xff, 
	0xff, 0xd0, 0xe9, 0xff, 0xff, 0xd0, 0xe9, 0xff, 
	0xff, 0xc7, 0xe3, 0xff, 0xff, 0xcb, 0xe9, 0xff, 
	0xff, 0xcb, 0xe9, 0xff, 0xff, 0xcb, 0xe9, 0xff, 
	0xff, 0xcb, 0xe9, 0xff, 0xff, 0xcb, 0xe9, 0xff, 
	0xff, 0xcb, 0xe9, 0xff, 0xff, 0xcb, 0xe9, 0xff, 
	0xff, 0xcb, 0xe9, 0xff, 0xff, 0xcb, 0xe9, 0xff, 
	0xff, 0xcb, 0xe9, 0xff, 0xff, 0xcb, 0xe9, 0xff, 
	0xff, 0xcb, 0xe9, 0xff, 0xff, 0xcb, 0xe9, 0xff, 
	0xff, 0xc7, 0xe7, 0xff, 0xff, 0xcb, 0xe9, 0xff, 
	0xff, 0xc9, 0xe9, 0xff, 0xff, 0xc9, 0xe9, 0xff, 
	0xff, 0xc7, 0xe7, 0xff, 0xff, 0xc9, 0xe9, 0xff, 
	0xff, 0xbb, 0xe4, 0xff, 0xff, 0xbb, 0xe4, 0xff, 
	0xff, 0xbb, 0xe4, 0xff, 0xff, 0xbb, 0xe4, 0xff, 
	0xff, 0xbe, 0xe4, 0xff, 0xff, 0xbe, 0xe4, 0xff, 
	0xff, 0xbe, 0xe4, 0xff, 0xff, 0xbe, 0xe4, 0xff, 
	0xff, 0xbd, 0xe4, 0xff, 0xff, 0xbd, 0xe4, 0xff, 
	0xff, 0xbd, 0xe4, 0xff, 0xff, 0xbd, 0xe4, 0xff, 
	0xff, 0xc0, 0xe7, 0xff, 0xff, 0xbd, 0xe7, 0xff, 
	0xff, 0xba, 0xe7, 0xff, 0xff, 0xba, 0xe7, 0xff, 
	0xff, 0xba, 0xe7, 0xff, 0xff, 0xbd, 0xe7, 0xff, 
	0xff, 0xbd, 0xe7, 0xff, 0xff, 0xc0, 0xe7, 0xff, 
	0xff, 0xbe, 0xde, 0xff, 0xff, 0xbe, 0xde, 0xff, 
	0xff, 0xbe, 0xde, 0xff, 0xff, 0xdf, 0xef, 0xff, 
	0xff, 0xe0, 0xef, 0xff, 0xff, 0xe0, 0xef, 0xff, 
	0xff, 0xe0, 0xef, 0xff, 0xff, 0xe0, 0xef, 0xff, 
	0xff, 0xe0, 0xef, 0xff, 0xff, 0xe0, 0xef, 0xff, 
	0xff, 0xe0, 0xef, 0xff, 0xff, 0xe0, 0xef, 0xff, 
	0xff, 0xdf, 0xef, 0xff, 0xff, 0xdf, 0xef, 0xff, 
	0xff, 0xcf, 0xe9, 0xff, 0xff, 0xcf, 0xe9, 0xff, 
	0xff, 0xc3, 0xe7, 0xff, 0xff, 0xc3, 0xe7, 0xff, 
	0xff, 0xc8, 0xe7, 0xff, 0xff, 0xc8, 0xe7, 0xff, 
	0xff, 0xc9, 0xe9, 0xff, 0xff, 0xc9, 0xe9, 0xff, 
	0xff, 0xc9, 0xe9, 0xff, 0xff, 0xbf, 0xe3, 0xff, 
	0xff, 0xc9, 0xe3, 0xff, 0xff, 0xc9, 0xe3, 0xff, 
	0xff, 0xd4, 0xe9, 0xff, 0xff, 0xbe, 0xde, 0xff, 
	0xff, 0xdd, 0xef, 0xff, 0xff, 0xe0, 0xef, 0xff, 
	0xff, 0xe0, 0xef, 0xff, 0xff, 0xe0, 0xef, 0xff, 
	0xff, 0xdf, 0xef, 0xff, 0xff, 0xdf, 0xef, 0xff, 
	0xff, 0xdf, 0xef, 0xff, 0xff, 0xdf, 0xef, 0xff, 
	0xff, 0xdf, 0xef, 0xff, 0xff, 0xdf, 0xef, 0xff, 
	0xff, 0xc7, 0xe7, 0xff, 0xff, 0xc7, 0xe7, 0xff, 
	0xff, 0xc3, 0xde, 0xff, 0xff, 0xcb, 0xe9, 0xff, 
	0xff, 0xcb, 0xe9, 0xff, 0xff, 0xcb, 0xe9, 0xff, 
	0xff, 0xc9, 0xe9, 0xff, 0xff, 0xc9, 0xe9, 0xff, 
	0xff, 0xc9, 0xe9, 0xff, 0xff, 0xc9, 0xe9, 0xff, 
	0xff, 0xc9, 0xe9, 0xff, 0xff, 0xc9, 0xe9, 0xff, 
	0xff, 0xc7, 0xe7, 0xff, 0xff, 0xc7, 0xe7, 0xff, 
	0xff, 0xc7, 0xe7, 0xff, 0xff, 0xc7, 0xe7, 0xff, 
	0xff, 0xdf, 0xef, 0xff, 0xff, 0xdf, 0xef, 0xff, 
	0xff, 0xe0, 0xef, 0xff, 0xff, 0xe0, 0xef, 0xff, 
	0xff, 0xe0, 0xef, 0xff, 0xff, 0xe0, 0xef, 0xff, 
	0xff, 0xc7, 0xe7, 0xff, 0xff, 0xc7, 0xe7, 0xff, 
	0xff, 0xc7, 0xe7, 0xff, 0xff, 0xc7, 0xe7, 0xff, 
	0xff, 0xc5, 0xe7, 0xff, 0xff, 0xc3, 0xe7, 0xff, 
	0xff, 0xc4, 0xe7, 0xff, 0xff, 0xc5, 0xe7, 0xff, 
	0xff, 0xc9, 0xe9, 0xff, 0xff, 0xc9, 0xe9, 0xff, 
	0xff, 0xc9, 0xe9, 0xff, 0xff, 0xd4, 0xec, 0xff, 
	0xff, 0xe0, 0xef, 0xff, 0xff, 0xe0, 0xef, 0xff, 
	0xff, 0xe0, 0xef, 0xff, 0xff, 0xe0, 0xef, 0xff, 
	0xff, 0xe0, 0xef, 0xff, 0xff, 0xe0, 0xef, 0xff, 
	0xff, 0xe0, 0xef, 0xff, 0xff, 0xe0, 0xef, 0xff, 
	0xff, 0xe0, 0xef, 0xff, 0xff, 0xe0, 0xef, 0xff, 
	0xff, 0xe0, 0xef, 0xff, 0xff, 0xe0, 0xef, 0xff, 
	0xff, 0xdf, 0xef, 0xff, 0xff, 0xd8, 0xec, 0xff, 
	0xff, 0xdf, 0xef, 0xff, 0xff, 0xd1, 0xe9, 0xff, 
	0xff, 0xc3, 0xe3, 0xff, 0xff, 0xc3, 0xe3, 0xff, 
	0xff, 0xcd, 0xe9, 0xff, 0xff, 0xcd, 0xe9, 0xff, 
	0xff, 0xc9, 0xe9, 0xff, 0xff, 0xc7, 0xe7, 0xff, 
	0xff, 0xc7, 0xe7, 0xff, 0xff, 0xc9, 0xe9, 0xff, 
	0xff, 0xcf, 0xec, 0xff, 0xff, 0xcb, 0xe9, 0xff, 
	0xff, 0xcb, 0xe9, 0xff, 0xff, 0xcb, 0xe9, 0xff, 
	0xff, 0xca, 0xe9, 0xff, 0xff, 0xca, 0xe9, 0xff, 
	0xff, 0xca, 0xe9, 0xff, 0xff, 0xca, 0xe9, 0xff, 
	0xff, 0xc9, 0xe9, 0xff, 0xff, 0xc9, 0xe9, 0xff, 
	0xff, 0xc7, 0xe7, 0xff, 0xff, 0xc7, 0xe7, 0xff, 
	0xff, 0xbb, 0xe4, 0xff, 0xff, 0xbb, 0xe4, 0xff, 
	0xff, 0xbb, 0xe4, 0xff, 0xff, 0xbb, 0xe4, 0xff, 
	0xff, 0xbe, 0xe4, 0xff, 0xff, 0xbe, 0xe4, 0xff, 
	0xff, 0xbe, 0xe4, 0xff, 0xff, 0xbe, 0xe4, 0xff, 
	0xff, 0xbd, 0xe4, 0xff, 0xff, 0xbd, 0xe4, 0xff, 
	0xff, 0xbd, 0xe4, 0xff, 0xff, 0xbd, 0xe4, 0xff, 
	0xff, 0xc0, 0xe7, 0xff, 0xff, 0xc0, 0xe7, 0xff, 
	0xff, 0xbd, 0xe7, 0xff, 0xff, 0xbd, 0xe7, 0xff, 
	0xff, 0xba, 0xe7, 0xff, 0xff, 0xba, 0xe7, 0xff, 
	0xff, 0xbd, 0xe7, 0xff, 0xff, 0xc0, 0xe7, 0xff, 
	0xff, 0xbe, 0xde, 0xff, 0xff, 0xd4, 0xe9, 0xff, 
	0xff, 0xd4, 0xe9, 0xff, 0xff, 0xd4, 0xe9, 0xff, 
	0xff, 0xe0, 0xef, 0xff, 0xff, 0xe0, 0xef, 0xff, 
	0xff, 0xe0, 0xef, 0xff, 0xff, 0xe0, 0xef, 0xff, 
	0xff, 0xe0, 0xef, 0xff, 0xff, 0xe0, 0xef, 0xff, 
	0xff, 0xe0, 0xef, 0xff, 0xff, 0xe0, 0xef, 0xff, 
	0xff, 0xdf, 0xef, 0xff, 0xff, 0xdf, 0xef, 0xff, 
	0xff, 0xdf, 0xef, 0xff, 0xff, 0xc7, 0xe7, 0xff, 
	0xff, 0xc3, 0xe7, 0xff, 0xff, 0xc8, 0xe7, 0xff, 
	0xff, 0xc8, 0xe7, 0xff, 0xff, 0xc8, 0xe7, 0xff, 
	0xff, 0xc9, 0xe9, 0xff, 0xff, 0xc9, 0xe9, 0xff, 
	0xff, 0xc9, 0xe9, 0xff, 0xff, 0xc9, 0xe9, 0xff, 
	0xff, 0xd4, 0xe9, 0xff, 0xff, 0xdf, 0xef, 0xff, 
	0xff, 0xdf, 0xef, 0xff, 0xff, 0xdf, 0xef, 0xff, 
	0xff, 0xdb, 0xef, 0xff, 0xff, 0xe0, 0xef, 0xff, 
	0xff, 0xe0, 0xef, 0xff, 0xff, 0xe0, 0xef, 0xff, 
	0xff, 0xdf, 0xef, 0xff, 0xff, 0xdf, 0xef, 0xff, 
	0xff, 0xdf, 0xef, 0xff, 0xff, 0xdf, 0xef, 0xff, 
	0xff, 0xdf, 0xef, 0xff, 0xff, 0xdf, 0xef, 0xff, 
	0xff, 0xdf, 0xef, 0xff, 0xff, 0xcf, 0xe9, 0xff, 
	0xff, 0xc7, 0xe3, 0xff, 0xff, 0xc7, 0xe3, 0xff, 
	0xff, 0xcb, 0xe9, 0xff, 0xff, 0xcb, 0xe9, 0xff, 
	0xff, 0xc9, 0xe9, 0xff, 0xff, 0xc9, 0xe9, 0xff, 
	0xff, 0xc9, 0xe9, 0xff, 0xff, 0xc9, 0xe9, 0xff, 
	0xff, 0xc7, 0xe7, 0xff, 0xff, 0xc7, 0xe7, 0xff, 
	0xff, 0xc7, 0xe7, 0xff, 0xff, 0xc7, 0xe7, 0xff, 
	0xff, 0xc7, 0xe7, 0xff, 0xff, 0xd7, 0xec, 0xff, 
	0xff, 0xd7, 0xec, 0xff, 0xff, 0xdf, 0xef, 0xff, 
	0xff, 0xe0, 0xef, 0xff, 0xff, 0xe0, 0xef, 0xff, 
	0xff, 0xe0, 0xef, 0xff, 0xff, 0xe0, 0xef, 0xff, 
	0xff, 0xd7, 0xec, 0xff, 0xff, 0xc7, 0xe7, 0xff, 
	0xff, 0xc7, 0xe7, 0xff, 0xff, 0xc7, 0xe7, 0xff, 
	0xff, 0xc4, 0xe7, 0xff, 0xff, 0xc4, 0xe7, 0xff, 
	0xff, 0xc4, 0xe7, 0xff, 0xff, 0xc5, 0xe7, 0xff, 
	0xff, 0xc9, 0xe9, 0xff, 0xff, 0xc9, 0xe9, 0xff, 
	0xff, 0xc9, 0xe9, 0xff, 0xff, 0xd4, 0xec, 0xff, 
	0xff, 0xe0, 0xef, 0xff, 0xff, 0xe0, 0xef, 0xff, 
	0xff, 0xe0, 0xef, 0xff, 0xff, 0xe0, 0xef, 0xff, 
	0xff, 0xe0, 0xef, 0xff, 0xff, 0xe0, 0xef, 0xff, 
	0xff, 0xe0, 0xef, 0xff, 0xff, 0xe0, 0xef, 0xff, 
	0xff, 0xe0, 0xef, 0xff, 0xff, 0xe0, 0xef, 0xff, 
	0xff, 0xe0, 0xef, 0xff, 0xff, 0xe0, 0xef, 0xff, 
	0xff, 0xdf, 0xef, 0xff, 0xff, 0xdf, 0xef, 0xff, 
	0xff, 0xdf, 0xef, 0xff, 0xff, 0xdf, 0xef, 0xff, 
	0xff, 0xcd, 0xe9, 0xff, 0xff, 0xc3, 0xe3, 0xff, 
	0xff, 0xc3, 0xe3, 0xff, 0xff, 0xcd, 0xe9, 0xff, 
	0xff, 0xc9, 0xe9, 0xff, 0xff, 0xc9, 0xe9, 0xff, 
	0xff, 0xc9, 0xe9, 0xff, 0xff, 0xc9, 0xe9, 0xff, 
	0xff, 0xcb, 0xe9, 0xff, 0xff, 0xcb, 0xe9, 0xff, 
	0xff, 0xcb, 0xe9, 0xff, 0xff, 0xcb, 0xe9, 0xff, 
	0xff, 0xca, 0xe9, 0xff, 0xff, 0xca, 0xe9, 0xff, 
	0xff, 0xca, 0xe9, 0xff, 0xff, 0xca, 0xe9, 0xff, 
	0xff, 0xc9, 0xe9, 0xff, 0xff, 0xc9, 0xe9, 0xff, 
	0xff, 0xc7, 0xe7, 0xff, 0xff, 0xc9, 0xe9, 0xff, 
	0xff, 0xbb, 0xe4, 0xff, 0xff, 0xbb, 0xe4, 0xff, 
	0xff, 0xbb, 0xe4, 0xff, 0xff, 0xbe, 0xe7, 0xff, 
	0xff, 0xbe, 0xe4, 0xff, 0xff, 0xbe, 0xe4, 0xff, 
	0xff, 0xbe, 0xe4, 0xff, 0xff, 0xbe, 0xe4, 0xff, 
	0xff, 0xbd, 0xe4, 0xff, 0xff, 0xbd, 0xe4, 0xff, 
	0xff, 0xbd, 0xe4, 0xff, 0xff, 0xbd, 0xe4, 0xff, 
	0xff, 0xbd, 0xe7, 0xff, 0xff, 0xc0, 0xe7, 0xff, 
	0xff, 0xc0, 0xe7, 0xff, 0xff, 0xbd, 0xe7, 0xff, 
	0xff, 0xbd, 0xe7, 0xff, 0xff, 0xbd, 0xe7, 0xff, 
	0xff, 0xc0, 0xe7, 0xff, 0xff, 0xc0, 0xe7, 0xff, 
	0xff, 0xc9, 0xe3, 0xff, 0xff, 0xbe, 0xde, 0xff, 
	0xff, 0xdf, 0xef, 0xff, 0xff, 0xdf, 0xef, 0xff, 
	0xff, 0xe0, 0xef, 0xff, 0xff, 0xe0, 0xef, 0xff, 
	0xff, 0xe0, 0xef, 0xff, 0xff, 0xdf, 0xef, 0xff, 
	0xff, 0xe0, 0xef, 0xff, 0xff, 0xe0, 0xef, 0xff, 
	0xff, 0xe0, 0xef, 0xff, 0xff, 0xdf, 0xef, 0xff, 
	0xff, 0xdf, 0xef, 0xff, 0xff, 0xdf, 0xef, 0xff, 
	0xff, 0xdf, 0xef, 0xff, 0xff, 0xdf, 0xef, 0xff, 
	0xff, 0xd3, 0xe7, 0xff, 0xff, 0xc8, 0xe7, 0xff, 
	0xff, 0xc8, 0xe7, 0xff, 0xff, 0xc8, 0xe7, 0xff, 
	0xff, 0xc9, 0xe9, 0xff, 0xff, 0xc9, 0xe9, 0xff, 
	0xff, 0xbf, 0xe3, 0xff, 0xff, 0xbf, 0xe3, 0xff, 
	0xff, 0xbe, 0xde, 0xff, 0xff, 0xdf, 0xef, 0xff, 
	0xff, 0xdf, 0xef, 0xff, 0xff, 0xdf, 0xef, 0xff, 
	0xff, 0xe0, 0xef, 0xff, 0xff, 0xe0, 0xef, 0xff, 
	0xff, 0xe0, 0xef, 0xff, 0xff, 0xdd, 0xef, 0xff, 
	0xff, 0xdf, 0xef, 0xff, 0xff, 0xdf, 0xef, 0xff, 
	0xff, 0xdf, 0xef, 0xff, 0xff, 0xdf, 0xef, 0xff, 
	0xff, 0xdf, 0xef, 0xff, 0xff, 0xdf, 0xef, 0xff, 
	0xff, 0xdf, 0xef, 0xff, 0xff, 0xd7, 0xec, 0xff, 
	0xff, 0xc7, 0xe3, 0xff, 0xff, 0xc7, 0xe3, 0xff, 
	0xff, 0xcb, 0xe9, 0xff, 0xff, 0xcb, 0xe9, 0xff, 
	0xff, 0xc9, 0xe9, 0xff, 0xff, 0xc9, 0xe9, 0xff, 
	0xff, 0xc9, 0xe9, 0xff, 0xff, 0xc9, 0xe9, 0xff, 
	0xff, 0xc9, 0xe9, 0xff, 0xff, 0xc7, 0xe7, 0xff, 
	0xff, 0xc7, 0xe7, 0xff, 0xff, 0xc7, 0xe7, 0xff, 
	0xff, 0xc7, 0xe7, 0xff, 0xff, 0xdf, 0xef, 0xff, 
	0xff, 0xdf, 0xef, 0xff, 0xff, 0xdf, 0xef, 0xff, 
	0xff, 0xe0, 0xef, 0xff, 0xff, 0xe0, 0xef, 0xff, 
	0xff, 0xe0, 0xef, 0xff, 0xff, 0xdf, 0xef, 0xff, 
	0xff, 0xdf, 0xef, 0xff, 0xff, 0xdf, 0xef, 0xff, 
	0xff, 0xc7, 0xe7, 0xff, 0xff, 0xc7, 0xe7, 0xff, 
	0xff, 0xc5, 0xe7, 0xff, 0xff, 0xc4, 0xe7, 0xff, 
	0xff, 0xc3, 0xe7, 0xff, 0xff, 0xc3, 0xe7, 0xff, 
	0xff, 0xc9, 0xe9, 0xff, 0xff, 0xc9, 0xe9, 0xff, 
	0xff, 0xc9, 0xe9, 0xff, 0xff, 0xdf, 0xef, 0xff, 
	0xff, 0xdf, 0xef, 0xff, 0xff, 0xe0, 0xef, 0xff, 
	0xff, 0xe0, 0xef, 0xff, 0xff, 0xe0, 0xef, 0xff, 
	0xff, 0xe0, 0xef, 0xff, 0xff, 0xe0, 0xef, 0xff, 
	0xff, 0xe0, 0xef, 0xff, 0xff, 0xdf, 0xef, 0xff, 
	0xff, 0xdd, 0xef, 0xff, 0xff, 0xe0, 0xef, 0xff, 
	0xff, 0xe0, 0xef, 0xff, 0xff, 0xe0, 0xef, 0xff, 
	0xff, 0xdf, 0xef, 0xff, 0xff, 0xdf, 0xef, 0xff, 
	0xff, 0xdf, 0xef, 0xff, 0xff, 0xdf, 0xef, 0xff, 
	0xff, 0xc3, 0xe3, 0xff, 0xff, 0xc3, 0xe3, 0xff, 
	0xff, 0xcd, 0xe9, 0xff, 0xff, 0xcd, 0xe9, 0xff, 
	0xff, 0xc9, 0xe9, 0xff, 0xff, 0xc9, 0xe9, 0xff, 
	0xff, 0xc9, 0xe9, 0xff, 0xff, 0xc9, 0xe9, 0xff, 
	0xff, 0xcb, 0xe9, 0xff, 0xff, 0xcb, 0xe9, 0xff, 
	0xff, 0xcb, 0xe9, 0xff, 0xff, 0xcb, 0xe9, 0xff, 
	0xff, 0xca, 0xe9, 0xff, 0xff, 0xca, 0xe9, 0xff, 
	0xff, 0xca, 0xe9, 0xff, 0xff, 0xca, 0xe9, 0xff, 
	0xff, 0xc9, 0xe9, 0xff, 0xff, 0xc9, 0xe9, 0xff, 
	0xff, 0xc9, 0xe9, 0xff, 0xff, 0xc9, 0xe9, 0xff, 
	0xff, 0xbb, 0xe4, 0xff, 0xff, 0xbb, 0xe4, 0xff, 
	0xff, 0xbb, 0xe4, 0xff, 0xff, 0xbb, 0xe4, 0xff, 
	0xff, 0xbe, 0xe4, 0xff, 0xff, 0xbe, 0xe4, 0xff, 
	0xff, 0xbe, 0xe4, 0xff, 0xff, 0xbe, 0xe4, 0xff, 
	0xff, 0xbd, 0xe4, 0xff, 0xff, 0xbd, 0xe4, 0xff, 
	0xff, 0xbd, 0xe4, 0xff, 0xff, 0xbd, 0xe4, 0xff, 
	0xff, 0xc0, 0xe7, 0xff, 0xff, 0xbd, 0xe7, 0xff, 
	0xff, 0xc0, 0xe7, 0xff, 0xff, 0xc0, 0xe7, 0xff, 
	0xff, 0xc0, 0xe7, 0xff, 0xff, 0xc0, 0xe7, 0xff, 
	0xff, 0xbd, 0xe7, 0xff, 0xff, 0xc0, 0xe7, 0xff, 
	0xff, 0xc9, 0xe3, 0xff, 0xff, 0xc9, 0xe3, 0xff, 
	0xff, 0xd4, 0xe9, 0xff, 0xff, 0xdf, 0xef, 0xff, 
	0xff, 0xe0, 0xef, 0xff, 0xff, 0xe0, 0xef, 0xff, 
	0xff, 0xe0, 0xef, 0xff, 0xff, 0xdf, 0xef, 0xff, 
	0xff, 0xe0, 0xef, 0xff, 0xff, 0xe0, 0xef, 0xff, 
	0xff, 0xe0, 0xef, 0xff, 0xff, 0xdf, 0xef, 0xff, 
	0xff, 0xdf, 0xef, 0xff, 0xff, 0xdf, 0xef, 0xff, 
	0xff, 0xdf, 0xef, 0xff, 0xff, 0xdf, 0xef, 0xff, 
	0xff, 0xd3, 0xe7, 0xff, 0xff, 0xc8, 0xe7, 0xff, 
	0xff, 0xc8, 0xe7, 0xff, 0xff, 0xc8, 0xe7, 0xff, 
	0xff, 0xc9, 0xe9, 0xff, 0xff, 0xc9, 0xe9, 0xff, 
	0xff, 0xc9, 0xe9, 0xff, 0xff, 0xd3, 0xef, 0xff, 
	0xff, 0xd4, 0xe9, 0xff, 0xff, 0xd4, 0xe9, 0xff, 
	0xff, 0xdf, 0xef, 0xff, 0xff, 0xdf, 0xef, 0xff, 
	0xff, 0xdd, 0xef, 0xff, 0xff, 0xdd, 0xef, 0xff, 
	0xff, 0xe0, 0xef, 0xff, 0xff, 0xe0, 0xef, 0xff, 
	0xff, 0xdf, 0xef, 0xff, 0xff, 0xdf, 0xef, 0xff, 
	0xff, 0xdf, 0xef, 0xff, 0xff, 0xdf, 0xef, 0xff, 
	0xff, 0xdf, 0xef, 0xff, 0xff, 0xdf, 0xef, 0xff, 
	0xff, 0xdf, 0xef, 0xff, 0xff, 0xdf, 0xef, 0xff, 
	0xff, 0xcb, 0xe9, 0xff, 0xff, 0xc3, 0xde, 0xff, 
	0xff, 0xcb, 0xe9, 0xff, 0xff, 0xcb, 0xe9, 0xff, 
	0xff, 0xc9, 0xe9, 0xff, 0xff, 0xc9, 0xe9, 0xff, 
	0xff, 0xc9, 0xe9, 0xff, 0xff, 0xc9, 0xe9, 0xff, 
	0xff, 0xc9, 0xe9, 0xff, 0xff, 0xc9, 0xe9, 0xff, 
	0xff, 0xc7, 0xe7, 0xff, 0xff, 0xc7, 0xe7, 0xff, 
	0xff, 0xcf, 0xe9, 0xff, 0xff, 0xcf, 0xe9, 0xff, 
	0xff, 0xdf, 0xef, 0xff, 0xff, 0xdf, 0xef, 0xff, 
	0xff, 0xe0, 0xef, 0xff, 0xff, 0xe0, 0xef, 0xff, 
	0xff, 0xe0, 0xef, 0xff, 0xff, 0xdf, 0xef, 0xff, 
	0xff, 0xdf, 0xef, 0xff, 0xff, 0xdf, 0xef, 0xff, 
	0xff, 0xc7, 0xe7, 0xff, 0xff, 0xc7, 0xe7, 0xff, 
	0xff, 0xc5, 0xe7, 0xff, 0xff, 0xc4, 0xe7, 0xff, 
	0xff, 0xc3, 0xe7, 0xff, 0xff, 0xc3, 0xe7, 0xff, 
	0xff, 0xc9, 0xe9, 0xff, 0xff, 0xc9, 0xe9, 0xff, 
	0xff, 0xc9, 0xe9, 0xff, 0xff, 0xdf, 0xef, 0xff, 
	0xff, 0xe0, 0xef, 0xff, 0xff, 0xe0, 0xef, 0xff, 
	0xff, 0xe0, 0xef, 0xff, 0xff, 0xe0, 0xef, 0xff, 
	0xff, 0xe0, 0xef, 0xff, 0xff, 0xe0, 0xef, 0xff, 
	0xff, 0xe0, 0xef, 0xff, 0xff, 0xdf, 0xef, 0xff, 
	0xff, 0xe0, 0xef, 0xff, 0xff, 0xe0, 0xef, 0xff, 
	0xff, 0xe0, 0xef, 0xff, 0xff, 0xe0, 0xef, 0xff, 
	0xff, 0xdf, 0xef, 0xff, 0xff, 0xdf, 0xef, 0xff, 
	0xff, 0xdf, 0xef, 0xff, 0xff, 0xdf, 0xef, 0xff, 
	0xff, 0xd7, 0xef, 0xff, 0xff, 0xc3, 0xe3, 0xff, 
	0xff, 0xc3, 0xe3, 0xff, 0xff, 0xcd, 0xe9, 0xff, 
	0xff, 0xc9, 0xe9, 0xff, 0xff, 0xc9, 0xe9, 0xff, 
	0xff, 0xc9, 0xe9, 0xff, 0xff, 0xc9, 0xe9, 0xff, 
	0xff, 0xcb, 0xe9, 0xff, 0xff, 0xc7, 0xe7, 0xff, 
	0xff, 0xcb, 0xe9, 0xff, 0xff, 0xcb, 0xe9, 0xff, 
	0xff, 0xca, 0xe9, 0xff, 0xff, 0xca, 0xe9, 0xff, 
	0xff, 0xca, 0xe9, 0xff, 0xff, 0xca, 0xe9, 0xff, 
	0xff, 0xc9, 0xe9, 0xff, 0xff, 0xc9, 0xe9, 0xff, 
	0xff, 0xc9, 0xe9, 0xff, 0xff, 0xc9, 0xe9, 0xff, 
	0xff, 0xbb, 0xe4, 0xff, 0xff, 0xbb, 0xe4, 0xff, 
	0xff, 0xbb, 0xe4, 0xff, 0xff, 0xbe, 0xe7, 0xff, 
	0xff, 0xbc, 0xe4, 0xff, 0xff, 0xbc, 0xe4, 0xff, 
	0xff, 0xbc, 0xe4, 0xff, 0xff, 0xbc, 0xe4, 0xff, 
	0xff, 0xbb, 0xe4, 0xff, 0xff, 0xbb, 0xe4, 0xff, 
	0xff, 0xbb, 0xe4, 0xff, 0xff, 0xbb, 0xe4, 0xff, 
	0xff, 0xbe, 0xe7, 0xff, 0xff, 0xbf, 0xe7, 0xff, 
	0xff, 0xbf, 0xe7, 0xff, 0xff, 0xbf, 0xe7, 0xff, 
	0xff, 0xc0, 0xe6, 0xff, 0xff, 0xc0, 0xe6, 0xff, 
	0xff, 0xc0, 0xe6, 0xff, 0xff, 0xc0, 0xe6, 0xff, 
	0xff, 0xba, 0xde, 0xff, 0xff, 0xc6, 0xe3, 0xff, 
	0xff, 0xd2, 0xe9, 0xff, 0xff, 0xdf, 0xef, 0xff, 
	0xff, 0xdf, 0xef, 0xff, 0xff, 0xdf, 0xef, 0xff, 
	0xff, 0xdf, 0xef, 0xff, 0xff, 0xdf, 0xef, 0xff, 
	0xff, 0xd8, 0xec, 0xff, 0xff, 0xe3, 0xef, 0xff, 
	0xff, 0xe3, 0xef, 0xff, 0xff, 0xe3, 0xef, 0xff, 
	0xff, 0xdf, 0xef, 0xff, 0xff, 0xdf, 0xef, 0xff, 
	0xff, 0xdf, 0xef, 0xff, 0xff, 0xcb, 0xe7, 0xff, 
	0xff, 0xd3, 0xe7, 0xff, 0xff, 0xc8, 0xe7, 0xff, 
	0xff, 0xc8, 0xe7, 0xff, 0xff, 0xc8, 0xe7, 0xff, 
	0xff, 0xc7, 0xe7, 0xff, 0xff, 0xc7, 0xe7, 0xff, 
	0xff, 0xd7, 0xec, 0xff, 0xff, 0xdf, 0xef, 0xff, 
	0xff, 0xe0, 0xef, 0xff, 0xff, 0xe0, 0xef, 0xff, 
	0xff, 0xe0, 0xef, 0xff, 0xff, 0xe0, 0xef, 0xff, 
	0xff, 0xe0, 0xf1, 0xff, 0xff, 0xe0, 0xf1, 0xff, 
	0xff, 0xe0, 0xf1, 0xff, 0xff, 0xe0, 0xf1, 0xff, 
	0xff, 0xe0, 0xf1, 0xff, 0xff, 0xe0, 0xf1, 0xff, 
	0xff, 0xe0, 0xf1, 0xff, 0xff, 0xe0, 0xf1, 0xff, 
	0xff, 0xe0, 0xef, 0xff, 0xff, 0xe0, 0xef, 0xff, 
	0xff, 0xe0, 0xef, 0xff, 0xff, 0xe0, 0xef, 0xff, 
	0xff, 0xdf, 0xef, 0xff, 0xff, 0xd7, 0xec, 0xff, 
	0xff, 0xcf, 0xe9, 0xff, 0xff, 0xcf, 0xe9, 0xff, 
	0xff, 0xc9, 0xe9, 0xff, 0xff, 0xc7, 0xe7, 0xff, 
	0xff, 0xc7, 0xe7, 0xff, 0xff, 0xc9, 0xe9, 0xff, 
	0xff, 0xc9, 0xe9, 0xff, 0xff, 0xc7, 0xe7, 0xff, 
	0xff, 0xc7, 0xe7, 0xff, 0xff, 0xc7, 0xe7, 0xff, 
	0xff, 0xc3, 0xe7, 0xff, 0xff, 0xe3, 0xef, 0xff, 
	0xff, 0xe3, 0xef, 0xff, 0xff, 0xe3, 0xef, 0xff, 
	0xff, 0xe0, 0xef, 0xff, 0xff, 0xe0, 0xef, 0xff, 
	0xff, 0xe0, 0xef, 0xff, 0xff, 0xe0, 0xef, 0xff, 
	0xff, 0xc3, 0xe7, 0xff, 0xff, 0xc3, 0xe7, 0xff, 
	0xff, 0xc3, 0xe7, 0xff, 0xff, 0xc3, 0xe7, 0xff, 
	0xff, 0xc5, 0xe7, 0xff, 0xff, 0xc5, 0xe7, 0xff, 
	0xff, 0xc3, 0xe7, 0xff, 0xff, 0xc5, 0xe7, 0xff, 
	0xff, 0xc9, 0xe9, 0xff, 0xff, 0xc9, 0xe9, 0xff, 
	0xff, 0xdf, 0xef, 0xff, 0xff, 0xd4, 0xec, 0xff, 
	0xff, 0xef, 0xf7, 0xff, 0xff, 0xe0, 0xf1, 0xff, 
	0xff, 0xe0, 0xf1, 0xff, 0xff, 0xe0, 0xf1, 0xff, 
	0xff, 0xe0, 0xf1, 0xff, 0xff, 0xe0, 0xf1, 0xff, 
	0xff, 0xe0, 0xf1, 0xff, 0xff, 0xe0, 0xf1, 0xff, 
	0xff, 0xdf, 0xef, 0xff, 0xff, 0xdf, 0xef, 0xff, 
	0xff, 0xdf, 0xef, 0xff, 0xff, 0xdf, 0xef, 0xff, 
	0xff, 0xe0, 0xef, 0xff, 0xff, 0xe0, 0xef, 0xff, 
	0xff, 0xe0, 0xef, 0xff, 0xff, 0xe0, 0xef, 0xff, 
	0xff, 0xdf, 0xef, 0xff, 0xff, 0xdf, 0xef, 0xff, 
	0xff, 0xbe, 0xde, 0xff, 0xff, 0xc9, 0xe3, 0xff, 
	0xff, 0xcb, 0xe9, 0xff, 0xff, 0xcb, 0xe9, 0xff, 
	0xff, 0xcb, 0xe9, 0xff, 0xff, 0xcb, 0xe9, 0xff, 
	0xff, 0xc9, 0xe9, 0xff, 0xff, 0xc7, 0xe7, 0xff, 
	0xff, 0xc7, 0xe7, 0xff, 0xff, 0xc7, 0xe7, 0xff, 
	0xff, 0xc9, 0xe9, 0xff, 0xff, 0xc9, 0xe9, 0xff, 
	0xff, 0xc9, 0xe9, 0xff, 0xff, 0xc9, 0xe9, 0xff, 
	0xff, 0xcb, 0xe9, 0xff, 0xff, 0xcb, 0xe9, 0xff, 
	0xff, 0xcb, 0xe9, 0xff, 0xff, 0xcb, 0xe9, 0xff, 
	0xff, 0xbe, 0xe7, 0xff, 0xff, 0xbb, 0xe4, 0xff, 
	0xff, 0xbb, 0xe4, 0xff, 0xff, 0xbb, 0xe4, 0xff, 
	0xff, 0xbc, 0xe4, 0xff, 0xff, 0xbc, 0xe4, 0xff, 
	0xff, 0xbc, 0xe4, 0xff, 0xff, 0xbc, 0xe4, 0xff, 
	0xff, 0xbb, 0xe4, 0xff, 0xff, 0xbb, 0xe4, 0xff, 
	0xff, 0xbb, 0xe4, 0xff, 0xff, 0xbb, 0xe4, 0xff, 
	0xff, 0xbe, 0xe7, 0xff, 0xff, 0xbf, 0xe7, 0xff, 
	0xff, 0xc1, 0xe7, 0xff, 0xff, 0xbe, 0xe7, 0xff, 
	0xff, 0xc0, 0xe6, 0xff, 0xff, 0xc0, 0xe6, 0xff, 
	0xff, 0xc0, 0xe6, 0xff, 0xff, 0xc0, 0xe6, 0xff, 
	0xff, 0xba, 0xde, 0xff, 0xff, 0xd2, 0xe9, 0xff, 
	0xff, 0xdf, 0xef, 0xff, 0xff, 0xdf, 0xef, 0xff, 
	0xff, 0xdf, 0xef, 0xff, 0xff, 0xdf, 0xef, 0xff, 
	0xff, 0xdf, 0xef, 0xff, 0xff, 0xcf, 0xe9, 0xff, 
	0xff, 0xcd, 0xe9, 0xff, 0xff, 0xe3, 0xef, 0xff, 
	0xff, 0xe3, 0xef, 0xff, 0xff, 0xe3, 0xef, 0xff, 
	0xff, 0xdf, 0xef, 0xff, 0xff, 0xdf, 0xef, 0xff, 
	0xff, 0xd8, 0xec, 0xff, 0xff, 0xd8, 0xec, 0xff, 
	0xff, 0xc3, 0xe7, 0xff, 0xff, 0xc8, 0xe7, 0xff, 
	0xff, 0xc8, 0xe7, 0xff, 0xff, 0xc8, 0xe7, 0xff, 
	0xff, 0xc7, 0xe7, 0xff, 0xff, 0xc7, 0xe7, 0xff, 
	0xff, 0xc7, 0xe7, 0xff, 0xff, 0xdf, 0xef, 0xff, 
	0xff, 0xe0, 0xef, 0xff, 0xff, 0xe0, 0xef, 0xff, 
	0xff, 0xe0, 0xef, 0xff, 0xff, 0xe0, 0xef, 0xff, 
	0xff, 0xe0, 0xf1, 0xff, 0xff, 0xe0, 0xf1, 0xff, 
	0xff, 0xe0, 0xf1, 0xff, 0xff, 0xe0, 0xf1, 0xff, 
	0xff, 0xe0, 0xf1, 0xff, 0xff, 0xe0, 0xf1, 0xff, 
	0xff, 0xe0, 0xf1, 0xff, 0xff, 0xe0, 0xf1, 0xff, 
	0xff, 0xe0, 0xef, 0xff, 0xff, 0xe0, 0xef, 0xff, 
	0xff, 0xe0, 0xef, 0xff, 0xff, 0xe0, 0xef, 0xff, 
	0xff, 0xdf, 0xef, 0xff, 0xff, 0xdf, 0xef, 0xff, 
	0xff, 0xc7, 0xe7, 0xff, 0xff, 0xcf, 0xe9, 0xff, 
	0xff, 0xc9, 0xe9, 0xff, 0xff, 0xc9, 0xe9, 0xff, 
	0xff, 0xc7, 0xe7, 0xff, 0xff, 0xc9, 0xe9, 0xff, 
	0xff, 0xc9, 0xe9, 0xff, 0xff, 0xc7, 0xe7, 0xff, 
	0xff, 0xc7, 0xe7, 0xff, 0xff, 0xc7, 0xe7, 0xff, 
	0xff, 0xc3, 0xe7, 0xff, 0xff, 0xc3, 0xe7, 0xff, 
	0xff, 0xe3, 0xef, 0xff, 0xff, 0xe3, 0xef, 0xff, 
	0xff, 0xe0, 0xef, 0xff, 0xff, 0xe0, 0xef, 0xff, 
	0xff, 0xe0, 0xef, 0xff, 0xff, 0xe0, 0xef, 0xff, 
	0xff, 0xe0, 0xf1, 0xff, 0xff, 0xc3, 0xe7, 0xff, 
	0xff, 0xc3, 0xe7, 0xff, 0xff, 0xc3, 0xe7, 0xff, 
	0xff, 0xc3, 0xe7, 0xff, 0xff, 0xc3, 0xe7, 0xff, 
	0xff, 0xc5, 0xe7, 0xff, 0xff, 0xc8, 0xe7, 0xff, 
	0xff, 0xc9, 0xe9, 0xff, 0xff, 0xc9, 0xe9, 0xff, 
	0xff, 0xc9, 0xe9, 0xff, 0xff, 0xdf, 0xef, 0xff, 
	0xff, 0xd1, 0xec, 0xff, 0xff, 0xd1, 0xec, 0xff, 
	0xff, 0xe0, 0xf1, 0xff, 0xff, 0xe0, 0xf1, 0xff, 
	0xff, 0xe0, 0xf1, 0xff, 0xff, 0xe0, 0xf1, 0xff, 
	0xff, 0xe0, 0xf1, 0xff, 0xff, 0xe0, 0xf1, 0xff, 
	0xff, 0xdf, 0xef, 0xff, 0xff, 0xcf, 0xe9, 0xff, 
	0xff, 0xdf, 0xef, 0xff, 0xff, 0xdf, 0xef, 0xff, 
	0xff, 0xe0, 0xef, 0xff, 0xff, 0xe0, 0xef, 0xff, 
	0xff, 0xe0, 0xef, 0xff, 0xff, 0xe0, 0xef, 0xff, 
	0xff, 0xdf, 0xef, 0xff, 0xff, 0xdf, 0xef, 0xff, 
	0xff, 0xdf, 0xef, 0xff, 0xff, 0xc9, 0xe3, 0xff, 
	0xff, 0xcb, 0xe9, 0xff, 0xff, 0xcb, 0xe9, 0xff, 
	0xff, 0xcb, 0xe9, 0xff, 0xff, 0xcb, 0xe9, 0xff, 
	0xff, 0xc9, 0xe9, 0xff, 0xff, 0xc7, 0xe7, 0xff, 
	0xff, 0xc9, 0xe9, 0xff, 0xff, 0xc9, 0xe9, 0xff, 
	0xff, 0xc9, 0xe9, 0xff, 0xff, 0xc9, 0xe9, 0xff, 
	0xff, 0xc9, 0xe9, 0xff, 0xff, 0xc9, 0xe9, 0xff, 
	0xff, 0xcb, 0xe9, 0xff, 0xff, 0xcb, 0xe9, 0xff, 
	0xff, 0xcb, 0xe9, 0xff, 0xff, 0xcb, 0xe9, 0xff, 
	0xff, 0xbe, 0xe7, 0xff, 0xff, 0xbe, 0xe7, 0xff, 
	0xff, 0xbe, 0xe7, 0xff, 0xff, 0xbb, 0xe4, 0xff, 
	0xff, 0xbc, 0xe4, 0xff, 0xff, 0xbc, 0xe4, 0xff, 
	0xff, 0xbc, 0xe4, 0xff, 0xff, 0xbc, 0xe4, 0xff, 
	0xff, 0xbb, 0xe4, 0xff, 0xff, 0xbb, 0xe4, 0xff, 
	0xff, 0xbb, 0xe4, 0xff, 0xff, 0xbe, 0xe7, 0xff, 
	0xff, 0xbf, 0xe7, 0xff, 0xff, 0xbf, 0xe7, 0xff, 
	0xff, 0xc1, 0xe7, 0xff, 0xff, 0xbf, 0xe7, 0xff, 
	0xff, 0xc0, 0xe6, 0xff, 0xff, 0xc0, 0xe6, 0xff, 
	0xff, 0xc0, 0xe6, 0xff, 0xff, 0xc0, 0xe6, 0xff, 
	0xff, 0xc6, 0xe3, 0xff, 0xff, 0xdf, 0xef, 0xff, 
	0xff, 0xdf, 0xef, 0xff, 0xff, 0xdf, 0xef, 0xff, 
	0xff, 0xdf, 0xef, 0xff, 0xff, 0xdf, 0xef, 0xff, 
	0xff, 0xdf, 0xef, 0xff, 0xff, 0xcf, 0xe9, 0xff, 
	0xff, 0xc3, 0xe7, 0xff, 0xff, 0xcd, 0xe9, 0xff, 
	0xff, 0xe3, 0xef, 0xff, 0xff, 0xd8, 0xec, 0xff, 
	0xff, 0xdf, 0xef, 0xff, 0xff, 0xdf, 0xef, 0xff, 
	0xff, 0xdf, 0xef, 0xff, 0xff, 0xcb, 0xe7, 0xff, 
	0xff, 0xc8, 0xe7, 0xff, 0xff, 0xc8, 0xe7, 0xff, 
	0xff, 0xc8, 0xe7, 0xff, 0xff, 0xc8, 0xe7, 0xff, 
	0xff, 0xcf, 0xe9, 0xff, 0xff, 0xcf, 0xe9, 0xff, 
	0xff, 0xc7, 0xe7, 0xff, 0xff, 0xdf, 0xef, 0xff, 
	0xff, 0xe0, 0xef, 0xff, 0xff, 0xe0, 0xef, 0xff, 
	0xff, 0xe0, 0xef, 0xff, 0xff, 0xdf, 0xef, 0xff, 
	0xff, 0xe0, 0xf1, 0xff, 0xff, 0xe0, 0xf1, 0xff, 
	0xff, 0xe0, 0xf1, 0xff, 0xff, 0xd5, 0xec, 0xff, 
	0xff, 0xd5, 0xec, 0xff, 0xff, 0xe0, 0xf1, 0xff, 
	0xff, 0xd5, 0xec, 0xff, 0xff, 0xe0, 0xf1, 0xff, 
	0xff, 0xe0, 0xef, 0xff, 0xff, 0xe0, 0xef, 0xff, 
	0xff, 0xe0, 0xef, 0xff, 0xff, 0xdf, 0xef, 0xff, 
	0xff, 0xdf, 0xef, 0xff, 0xff, 0xdf, 0xef, 0xff, 
	0xff, 0xcf, 0xe9, 0xff, 0xff, 0xc7, 0xe7, 0xff, 
	0xff, 0xc9, 0xe9, 0xff, 0xff, 0xc9, 0xe9, 0xff, 
	0xff, 0xc9, 0xe9, 0xff, 0xff, 0xc9, 0xe9, 0xff, 
	0xff, 0xc9, 0xe9, 0xff, 0xff, 0xc7, 0xe7, 0xff, 
	0xff, 0xc9, 0xe9, 0xff, 0xff, 0xc7, 0xe7, 0xff, 
	0xff, 0xc3, 0xe7, 0xff, 0xff, 0xd8, 0xec, 0xff, 
	0xff, 0xd8, 0xec, 0xff, 0xff, 0xe3, 0xef, 0xff, 
	0xff, 0xe0, 0xef, 0xff, 0xff, 0xe0, 0xef, 0xff, 
	0xff, 0xe0, 0xef, 0xff, 0xff, 0xdf, 0xef, 0xff, 
	0xff, 0xe0, 0xf1, 0xff, 0xff, 0xc3, 0xe7, 0xff, 
	0xff, 0xc3, 0xe7, 0xff, 0xff, 0xc3, 0xe7, 0xff, 
	0xff, 0xc8, 0xe7, 0xff, 0xff, 0xc8, 0xe7, 0xff, 
	0xff, 0xc5, 0xe7, 0xff, 0xff, 0xc5, 0xe7, 0xff, 
	0xff, 0xc9, 0xe9, 0xff, 0xff, 0xc9, 0xe9, 0xff, 
	0xff, 0xd4, 0xec, 0xff, 0xff, 0xd4, 0xec, 0xff, 
	0xff, 0xd1, 0xec, 0xff, 0xff, 0xe0, 0xf1, 0xff, 
	0xff, 0xe0, 0xf1, 0xff, 0xff, 0xe0, 0xf1, 0xff, 
	0xff, 0xe0, 0xf1, 0xff, 0xff, 0xe0, 0xf1, 0xff, 
	0xff, 0xdf, 0xef, 0xff, 0xff, 0xdf, 0xef, 0xff, 
	0xff, 0xcf, 0xe9, 0xff, 0xff, 0xcf, 0xe9, 0xff, 
	0xff, 0xcf, 0xe9, 0xff, 0xff, 0xd7, 0xec, 0xff, 
	0xff, 0xe0, 0xef, 0xff, 0xff, 0xe0, 0xef, 0xff, 
	0xff, 0xe0, 0xef, 0xff, 0xff, 0xdf, 0xef, 0xff, 
	0xff, 0xdf, 0xef, 0xff, 0xff, 0xdf, 0xef, 0xff, 
	0xff, 0xc9, 0xe3, 0xff, 0xff, 0xc9, 0xe3, 0xff, 
	0xff, 0xcb, 0xe9, 0xff, 0xff, 0xcb, 0xe9, 0xff, 
	0xff, 0xcb, 0xe9, 0xff, 0xff, 0xcb, 0xe9, 0xff, 
	0xff, 0xc9, 0xe9, 0xff, 0xff, 0xc9, 0xe9, 0xff, 
	0xff, 0xc9, 0xe9, 0xff, 0xff, 0xc9, 0xe9, 0xff, 
	0xff, 0xc9, 0xe9, 0xff, 0xff, 0xc9, 0xe9, 0xff, 
	0xff, 0xc9, 0xe9, 0xff, 0xff, 0xc9, 0xe9, 0xff, 
	0xff, 0xcb, 0xe9, 0xff, 0xff, 0xcb, 0xe9, 0xff, 
	0xff, 0xcb, 0xe9, 0xff, 0xff, 0xcb, 0xe9, 0xff, 
	0xff, 0xbe, 0xe7, 0xff, 0xff, 0xbe, 0xe7, 0xff, 
	0xff, 0xbe, 0xe7, 0xff, 0xff, 0xbb, 0xe4, 0xff, 
	0xff, 0xbc, 0xe4, 0xff, 0xff, 0xbc, 0xe4, 0xff, 
	0xff, 0xbc, 0xe4, 0xff, 0xff, 0xbc, 0xe4, 0xff, 
	0xff, 0xbb, 0xe4, 0xff, 0xff, 0xbb, 0xe4, 0xff, 
	0xff, 0xbb, 0xe4, 0xff, 0xff, 0xbb, 0xe4, 0xff, 
	0xff, 0xbf, 0xe7, 0xff, 0xff, 0xc3, 0xe7, 0xff, 
	0xff, 0xc1, 0xe7, 0xff, 0xff, 0xbf, 0xe7, 0xff, 
	0xff, 0xc0, 0xe6, 0xff, 0xff, 0xc0, 0xe6, 0xff, 
	0xff, 0xc0, 0xe6, 0xff, 0xff, 0xc0, 0xe6, 0xff, 
	0xff, 0xc6, 0xe3, 0xff, 0xff, 0xdf, 0xef, 0xff, 
	0xff, 0xdf, 0xef, 0xff, 0xff, 0xdf, 0xef, 0xff, 
	0xff, 0xdf, 0xef, 0xff, 0xff, 0xdf, 0xef, 0xff, 
	0xff, 0xdf, 0xef, 0xff, 0xff, 0xcf, 0xe9, 0xff, 
	0xff, 0xc3, 0xe7, 0xff, 0xff, 0xc3, 0xe7, 0xff, 
	0xff, 0xd8, 0xec, 0xff, 0xff, 0xd8, 0xec, 0xff, 
	0xff, 0xdf, 0xef, 0xff, 0xff, 0xdf, 0xef, 0xff, 
	0xff, 0xd8, 0xec, 0xff, 0xff, 0xd8, 0xec, 0xff, 
	0xff, 0xc8, 0xe7, 0xff, 0xff, 0xc8, 0xe7, 0xff, 
	0xff, 0xcd, 0xe7, 0xff, 0xff, 0xcd, 0xe7, 0xff, 
	0xff, 0xcf, 0xe9, 0xff, 0xff, 0xcf, 0xe9, 0xff, 
	0xff, 0xc7, 0xe7, 0xff, 0xff, 0xd7, 0xec, 0xff, 
	0xff, 0xe0, 0xef, 0xff, 0xff, 0xe0, 0xef, 0xff, 
	0xff, 0xe0, 0xef, 0xff, 0xff, 0xdf, 0xef, 0xff, 
	0xff, 0xe0, 0xf1, 0xff, 0xff, 0xcb, 0xe7, 0xff, 
	0xff, 0xcb, 0xe7, 0xff, 0xff, 0xcb, 0xe7, 0xff, 
	0xff, 0xcb, 0xe7, 0xff, 0xff, 0xd5, 0xec, 0xff, 
	0xff, 0xe0, 0xf1, 0xff, 0xff, 0xe0, 0xf1, 0xff, 
	0xff, 0xe0, 0xef, 0xff, 0xff, 0xe0, 0xef, 0xff, 
	0xff, 0xe0, 0xef, 0xff, 0xff, 0xdf, 0xef, 0xff, 
	0xff, 0xdf, 0xef, 0xff, 0xff, 0xdf, 0xef, 0xff, 
	0xff, 0xcf, 0xe9, 0xff, 0xff, 0xc7, 0xe7, 0xff, 
	0xff, 0xc7, 0xe7, 0xff, 0xff, 0xc7, 0xe7, 0xff, 
	0xff, 0xc9, 0xe9, 0xff, 0xff, 0xc9, 0xe9, 0xff, 
	0xff, 0xc9, 0xe9, 0xff, 0xff, 0xc7, 0xe7, 0xff, 
	0xff, 0xc9, 0xe9, 0xff, 0xff, 0xc9, 0xe9, 0xff, 
	0xff, 0xcd, 0xe9, 0xff, 0xff, 0xd8, 0xec, 0xff, 
	0xff, 0xe3, 0xef, 0xff, 0xff, 0xe3, 0xef, 0xff, 
	0xff, 0xe0, 0xef, 0xff, 0xff, 0xe0, 0xef, 0xff, 
	0xff, 0xe0, 0xef, 0xff, 0xff, 0xdf, 0xef, 0xff, 
	0xff, 0xd1, 0xec, 0xff, 0xff, 0xd1, 0xec, 0xff, 
	0xff, 0xc3, 0xe7, 0xff, 0xff, 0xc3, 0xe7, 0xff, 
	0xff, 0xc8, 0xe7, 0xff, 0xff, 0xc8, 0xe7, 0xff, 
	0xff, 0xc8, 0xe7, 0xff, 0xff, 0xc8, 0xe7, 0xff, 
	0xff, 0xc9, 0xe9, 0xff, 0xff, 0xc9, 0xe9, 0xff, 
	0xff, 0xc9, 0xe9, 0xff, 0xff, 0xc9, 0xe9, 0xff, 
	0xff, 0xd1, 0xec, 0xff, 0xff, 0xd1, 0xec, 0xff, 
	0xff, 0xe0, 0xf1, 0xff, 0xff, 0xe0, 0xf1, 0xff, 
	0xff, 0xe0, 0xf1, 0xff, 0xff, 0xe0, 0xf1, 0xff, 
	0xff, 0xdf, 0xef, 0xff, 0xff, 0xe0, 0xf1, 0xff, 
	0xff, 0xcf, 0xe9, 0xff, 0xff, 0xcf, 0xe9, 0xff, 
	0xff, 0xcf, 0xe9, 0xff, 0xff, 0xd7, 0xec, 0xff, 
	0xff, 0xe0, 0xef, 0xff, 0xff, 0xe0, 0xef, 0xff, 
	0xff, 0xe0, 0xef, 0xff, 0xff, 0xdf, 0xef, 0xff, 
	0xff, 0xdf, 0xef, 0xff, 0xff, 0xdf, 0xef, 0xff, 
	0xff, 0xd4, 0xe9, 0xff, 0xff, 0xc9, 0xe3, 0xff, 
	0xff, 0xcb, 0xe9, 0xff, 0xff, 0xcb, 0xe9, 0xff, 
	0xff, 0xcb, 0xe9, 0xff, 0xff, 0xcb, 0xe9, 0xff, 
	0xff, 0xc9, 0xe9, 0xff, 0xff, 0xc9, 0xe9, 0xff, 
	0xff, 0xc9, 0xe9, 0xff, 0xff, 0xc9, 0xe9, 0xff, 
	0xff, 0xc9, 0xe9, 0xff, 0xff, 0xc9, 0xe9, 0xff, 
	0xff, 0xc9, 0xe9, 0xff, 0xff, 0xc9, 0xe9, 0xff, 
	0xff, 0xcb, 0xe9, 0xff, 0xff, 0xcb, 0xe9, 0xff, 
	0xff, 0xcf, 0xec, 0xff, 0xff, 0xcb, 0xe9, 0xff, 
	0xff, 0xbd, 0xe4, 0xff, 0xff, 0xbd, 0xe4, 0xff, 
	0xff, 0xbd, 0xe4, 0xff, 0xff, 0xbd, 0xe4, 0xff, 
	0xff, 0xbb, 0xe4, 0xff, 0xff, 0xb8, 0xe1, 0xff, 
	0xff, 0xbb, 0xe4, 0xff, 0xff, 0xbb, 0xe4, 0xff, 
	0xff, 0xba, 0xe7, 0xff, 0xff, 0xbd, 0xe7, 0xff, 
	0xff, 0xbd, 0xe7, 0xff, 0xff, 0xc0, 0xe7, 0xff, 
	0xff, 0xc3, 0xe7, 0xff, 0xff, 0xc4, 0xe7, 0xff, 
	0xff, 0xc3, 0xe7, 0xff, 0xff, 0xc3, 0xe7, 0xff, 
	0xff, 0xc0, 0xe6, 0xff, 0xff, 0xc0, 0xe6, 0xff, 
	0xff, 0xc0, 0xe6, 0xff, 0xff, 0xdb, 0xef, 0xff, 
	0xff, 0xd5, 0xec, 0xff, 0xff, 0xe0, 0xf1, 0xff, 
	0xff, 0xe0, 0xf1, 0xff, 0xff, 0xe0, 0xf1, 0xff, 
	0xff, 0xdf, 0xef, 0xff, 0xff, 0xdf, 0xef, 0xff, 
	0xff, 0xd7, 0xec, 0xff, 0xff, 0xd7, 0xec, 0xff, 
	0xff, 0xc3, 0xe7, 0xff, 0xff, 0xc3, 0xe7, 0xff, 
	0xff, 0xc3, 0xe7, 0xff, 0xff, 0xe3, 0xef, 0xff, 
	0xff, 0xe0, 0xf1, 0xff, 0xff, 0xe0, 0xf1, 0xff, 
	0xff, 0xe0, 0xf1, 0xff, 0xff, 0xd5, 0xec, 0xff, 
	0xff, 0xca, 0xe9, 0xff, 0xff, 0xca, 0xe9, 0xff, 
	0xff, 0xca, 0xe9, 0xff, 0xff, 0xca, 0xe9, 0xff, 
	0xff, 0xd1, 0xe9, 0xff, 0xff, 0xd8, 0xec, 0xff, 
	0xff, 0xcb, 0xe7, 0xff, 0xff, 0xd8, 0xec, 0xff, 
	0xff, 0xe0, 0xef, 0xff, 0xff, 0xe0, 0xef, 0xff, 
	0xff, 0xe0, 0xef, 0xff, 0xff, 0xe0, 0xef, 0xff, 
	0xff, 0xc9, 0xe9, 0xff, 0xff, 0xc9, 0xe9, 0xff, 
	0xff, 0xc9, 0xe9, 0xff, 0xff, 0xc9, 0xe9, 0xff, 
	0xff, 0xcc, 0xe9, 0xff, 0xff, 0xcc, 0xe9, 0xff, 
	0xff, 0xcc, 0xe9, 0xff, 0xff, 0xd7, 0xef, 0xff, 
	0xff, 0xe0, 0xf1, 0xff, 0xff, 0xe0, 0xf1, 0xff, 
	0xff, 0xe0, 0xf1, 0xff, 0xff, 0xe0, 0xf1, 0xff, 
	0xff, 0xdf, 0xef, 0xff, 0xff, 0xdf, 0xef, 0xff, 
	0xff, 0xd8, 0xec, 0xff, 0xff, 0xcb, 0xe7, 0xff, 
	0xff, 0xc7, 0xe7, 0xff, 0xff, 0xc7, 0xe7, 0xff, 
	0xff, 0xc9, 0xe9, 0xff, 0xff, 0xc7, 0xe7, 0xff, 
	0xff, 0xcb, 0xe9, 0xff, 0xff, 0xcb, 0xe9, 0xff, 
	0xff, 0xcb, 0xe9, 0xff, 0xff, 0xc7, 0xe3, 0xff, 
	0xff, 0xc6, 0xe3, 0xff, 0xff, 0xdf, 0xef, 0xff, 
	0xff, 0xdf, 0xef, 0xff, 0xff, 0xdf, 0xef, 0xff, 
	0xff, 0xe0, 0xf1, 0xff, 0xff, 0xdd, 0xec, 0xff, 
	0xff, 0xe0, 0xf1, 0xff, 0xff, 0xe0, 0xf1, 0xff, 
	0xff, 0xe3, 0xef, 0xff, 0xff, 0xd8, 0xec, 0xff, 
	0xff, 0xc3, 0xe7, 0xff, 0xff, 0xc3, 0xe7, 0xff, 
	0xff, 0xc8, 0xe7, 0xff, 0xff, 0xc8, 0xe7, 0xff, 
	0xff, 0xc8, 0xe7, 0xff, 0xff, 0xcb, 0xe7, 0xff, 
	0xff, 0xca, 0xe9, 0xff, 0xff, 0xca, 0xe9, 0xff, 
	0xff, 0xca, 0xe9, 0xff, 0xff, 0xca, 0xe9, 0xff, 
	0xff, 0xc9, 0xe9, 0xff, 0xff, 0xdf, 0xef, 0xff, 
	0xff, 0xdf, 0xef, 0xff, 0xff, 0xdf, 0xef, 0xff, 
	0xff, 0xdf, 0xef, 0xff, 0xff, 0xdf, 0xef, 0xff, 
	0xff, 0xdf, 0xef, 0xff, 0xff, 0xdf, 0xef, 0xff, 
	0xff, 0xc9, 0xe9, 0xff, 0xff, 0xc9, 0xe9, 0xff, 
	0xff, 0xc9, 0xe9, 0xff, 0xff, 0xd4, 0xec, 0xff, 
	0xff, 0xd3, 0xe7, 0xff, 0xff, 0xe0, 0xf1, 0xff, 
	0xff, 0xe0, 0xf1, 0xff, 0xff, 0xe0, 0xf1, 0xff, 
	0xff, 0xdf, 0xef, 0xff, 0xff, 0xdf, 0xef, 0xff, 
	0xff, 0xd4, 0xe9, 0xff, 0xff, 0xc9, 0xe3, 0xff, 
	0xff, 0xcc, 0xe9, 0xff, 0xff, 0xcc, 0xe9, 0xff, 
	0xff, 0xcc, 0xe9, 0xff, 0xff, 0xcc, 0xe9, 0xff, 
	0xff, 0xc9, 0xe9, 0xff, 0xff, 0xc9, 0xe9, 0xff, 
	0xff, 0xc9, 0xe9, 0xff, 0xff, 0xc9, 0xe9, 0xff, 
	0xff, 0xc9, 0xe9, 0xff, 0xff, 0xc9, 0xe9, 0xff, 
	0xff, 0xc9, 0xe9, 0xff, 0xff, 0xc9, 0xe9, 0xff, 
	0xff, 0xcb, 0xe9, 0xff, 0xff, 0xcb, 0xe9, 0xff, 
	0xff, 0xcb, 0xe9, 0xff, 0xff, 0xcb, 0xe9, 0xff, 
	0xff, 0xbd, 0xe4, 0xff, 0xff, 0xbd, 0xe4, 0xff, 
	0xff, 0xbd, 0xe4, 0xff, 0xff, 0xbd, 0xe4, 0xff, 
	0xff, 0xbb, 0xe4, 0xff, 0xff, 0xbb, 0xe4, 0xff, 
	0xff, 0xbb, 0xe4, 0xff, 0xff, 0xb8, 0xe1, 0xff, 
	0xff, 0xbd, 0xe7, 0xff, 0xff, 0xc0, 0xe7, 0xff, 
	0xff, 0xc0, 0xe7, 0xff, 0xff, 0xc0, 0xe7, 0xff, 
	0xff, 0xc3, 0xe7, 0xff, 0xff, 0xc3, 0xe7, 0xff, 
	0xff, 0xc4, 0xe7, 0xff, 0xff, 0xc5, 0xe7, 0xff, 
	0xff, 0xc0, 0xe6, 0xff, 0xff, 0xc0, 0xe6, 0xff, 
	0xff, 0xc0, 0xe6, 0xff, 0xff, 0xc0, 0xe6, 0xff, 
	0xff, 0xe0, 0xf1, 0xff, 0xff, 0xe0, 0xf1, 0xff, 
	0xff, 0xe0, 0xf1, 0xff, 0xff, 0xe0, 0xf1, 0xff, 
	0xff, 0xdf, 0xef, 0xff, 0xff, 0xdf, 0xef, 0xff, 
	0xff, 0xd7, 0xec, 0xff, 0xff, 0xc7, 0xe7, 0xff, 
	0xff, 0xc3, 0xe7, 0xff, 0xff, 0xc3, 0xe7, 0xff, 
	0xff, 0xc3, 0xe7, 0xff, 0xff, 0xd8, 0xec, 0xff, 
	0xff, 0xe0, 0xf1, 0xff, 0xff, 0xe0, 0xf1, 0xff, 
	0xff, 0xe0, 0xf1, 0xff, 0xff, 0xe0, 0xf1, 0xff, 
	0xff, 0xca, 0xe9, 0xff, 0xff, 0xca, 0xe9, 0xff, 
	0xff, 0xca, 0xe9, 0xff, 0xff, 0xca, 0xe9, 0xff, 
	0xff, 0xd1, 0xe9, 0xff, 0xff, 0xd1, 0xe9, 0xff, 
	0xff, 0xdf, 0xef, 0xff, 0xff, 0xdf, 0xef, 0xff, 
	0xff, 0xe0, 0xef, 0xff, 0xff, 0xe0, 0xef, 0xff, 
	0xff, 0xe0, 0xef, 0xff, 0xff, 0xd3, 0xef, 0xff, 
	0xff, 0xd4, 0xec, 0xff, 0xff, 0xc9, 0xe9, 0xff, 
	0xff, 0xc9, 0xe9, 0xff, 0xff, 0xc9, 0xe9, 0xff, 
	0xff, 0xcc, 0xe9, 0xff, 0xff, 0xcc, 0xe9, 0xff, 
	0xff, 0xcc, 0xe9, 0xff, 0xff, 0xd1, 0xec, 0xff, 
	0xff, 0xe0, 0xf1, 0xff, 0xff, 0xe0, 0xf1, 0xff, 
	0xff, 0xe0, 0xf1, 0xff, 0xff, 0xe0, 0xf1, 0xff, 
	0xff, 0xdf, 0xef, 0xff, 0xff, 0xdf, 0xef, 0xff, 
	0xff, 0xdf, 0xef, 0xff, 0xff, 0xcb, 0xe7, 0xff, 
	0xff, 0xc7, 0xe7, 0xff, 0xff, 0xc7, 0xe7, 0xff, 
	0xff, 0xc7, 0xe7, 0xff, 0xff, 0xc9, 0xe9, 0xff, 
	0xff, 0xcb, 0xe9, 0xff, 0xff, 0xcb, 0xe9, 0xff, 
	0xff, 0xcb, 0xe9, 0xff, 0xff, 0xcb, 0xe9, 0xff, 
	0xff, 0xdf, 0xef, 0xff, 0xff, 0xdf, 0xef, 0xff, 
	0xff, 0xdf, 0xef, 0xff, 0xff, 0xdf, 0xef, 0xff, 
	0xff, 0xdd, 0xec, 0xff, 0xff, 0xe0, 0xf1, 0xff, 
	0xff, 0xe0, 0xf1, 0xff, 0xff, 0xe0, 0xf1, 0xff, 
	0xff, 0xe3, 0xef, 0xff, 0xff, 0xc3, 0xe7, 0xff, 
	0xff, 0xc3, 0xe7, 0xff, 0xff, 0xc3, 0xe7, 0xff, 
	0xff, 0xc8, 0xe7, 0xff, 0xff, 0xc8, 0xe7, 0xff, 
	0xff, 0xc8, 0xe7, 0xff, 0xff, 0xc8, 0xe7, 0xff, 
	0xff, 0xca, 0xe9, 0xff, 0xff, 0xca, 0xe9, 0xff, 
	0xff, 0xca, 0xe9, 0xff, 0xff, 0xca, 0xe9, 0xff, 
	0xff, 0xc9, 0xe9, 0xff, 0xff, 0xd4, 0xec, 0xff, 
	0xff, 0xdf, 0xef, 0xff, 0xff, 0xdf, 0xef, 0xff, 
	0xff, 0xdf, 0xef, 0xff, 0xff, 0xdf, 0xef, 0xff, 
	0xff, 0xd8, 0xec, 0xff, 0xff, 0xd1, 0xe9, 0xff, 
	0xff, 0xc9, 0xe9, 0xff, 0xff, 0xc9, 0xe9, 0xff, 
	0xff, 0xc9, 0xe9, 0xff, 0xff, 0xc9, 0xe9, 0xff, 
	0xff, 0xe0, 0xf1, 0xff, 0xff, 0xe0, 0xf1, 0xff, 
	0xff, 0xe0, 0xf1, 0xff, 0xff, 0xe0, 0xf1, 0xff, 
	0xff, 0xdf, 0xef, 0xff, 0xff, 0xdf, 0xef, 0xff, 
	0xff, 0xdf, 0xef, 0xff, 0xff, 0xc9, 0xe3, 0xff, 
	0xff, 0xcc, 0xe9, 0xff, 0xff, 0xcc, 0xe9, 0xff, 
	0xff, 0xcc, 0xe9, 0xff, 0xff, 0xcc, 0xe9, 0xff, 
	0xff, 0xc9, 0xe9, 0xff, 0xff, 0xc9, 0xe9, 0xff, 
	0xff, 0xc7, 0xe7, 0xff, 0xff, 0xc9, 0xe9, 0xff, 
	0xff, 0xc9, 0xe9, 0xff, 0xff, 0xc9, 0xe9, 0xff, 
	0xff, 0xc9, 0xe9, 0xff, 0xff, 0xc9, 0xe9, 0xff, 
	0xff, 0xcb, 0xe9, 0xff, 0xff, 0xcb, 0xe9, 0xff, 
	0xff, 0xcb, 0xe9, 0xff, 0xff, 0xcb, 0xe9, 0xff, 
	0xff, 0xbd, 0xe4, 0xff, 0xff, 0xbd, 0xe4, 0xff, 
	0xff, 0xbd, 0xe4, 0xff, 0xff, 0xbd, 0xe4, 0xff, 
	0xff, 0xbe, 0xe7, 0xff, 0xff, 0xbb, 0xe4, 0xff, 
	0xff, 0xbb, 0xe4, 0xff, 0xff, 0xbb, 0xe4, 0xff, 
	0xff, 0xbd, 0xe7, 0xff, 0xff, 0xc0, 0xe7, 0xff, 
	0xff, 0xc0, 0xe7, 0xff, 0xff, 0xc0, 0xe7, 0xff, 
	0xff, 0xc3, 0xe7, 0xff, 0xff, 0xc5, 0xe7, 0xff, 
	0xff, 0xc3, 0xe7, 0xff, 0xff, 0xc3, 0xe7, 0xff, 
	0xff, 0xc0, 0xe6, 0xff, 0xff, 0xc0, 0xe6, 0xff, 
	0xff, 0xc0, 0xe6, 0xff, 0xff, 0xdb, 0xef, 0xff, 
	0xff, 0xe0, 0xf1, 0xff, 0xff, 0xe0, 0xf1, 0xff, 
	0xff, 0xe0, 0xf1, 0xff, 0xff, 0xe0, 0xf1, 0xff, 
	0xff, 0xdf, 0xef, 0xff, 0xff, 0xdf, 0xef, 0xff, 
	0xff, 0xcf, 0xe9, 0xff, 0xff, 0xc7, 0xe7, 0xff, 
	0xff, 0xc3, 0xe7, 0xff, 0xff, 0xc3, 0xe7, 0xff, 
	0xff, 0xc3, 0xe7, 0xff, 0xff, 0xc3, 0xe7, 0xff, 
	0xff, 0xe0, 0xf1, 0xff, 0xff, 0xe0, 0xf1, 0xff, 
	0xff, 0xe0, 0xf1, 0xff, 0xff, 0xcb, 0xe7, 0xff, 
	0xff, 0xca, 0xe9, 0xff, 0xff, 0xca, 0xe9, 0xff, 
	0xff, 0xca, 0xe9, 0xff, 0xff, 0xca, 0xe9, 0xff, 
	0xff, 0xcb, 0xe7, 0xff, 0xff, 0xdf, 0xef, 0xff, 
	0xff, 0xdf, 0xef, 0xff, 0xff, 0xdf, 0xef, 0xff, 
	0xff, 0xe0, 0xef, 0xff, 0xff, 0xe0, 0xef, 0xff, 
	0xff, 0xe0, 0xef, 0xff, 0xff, 0xe0, 0xef, 0xff, 
	0xff, 0xd4, 0xec, 0xff, 0xff, 0xc9, 0xe9, 0xff, 
	0xff, 0xc9, 0xe9, 0xff, 0xff, 0xc9, 0xe9, 0xff, 
	0xff, 0xcc, 0xe9, 0xff, 0xff, 0xcc, 0xe9, 0xff, 
	0xff, 0xcc, 0xe9, 0xff, 0xff, 0xcc, 0xe9, 0xff, 
	0xff, 0xcb, 0xe7, 0xff, 0xff, 0xe0, 0xf1, 0xff, 
	0xff, 0xe0, 0xf1, 0xff, 0xff, 0xe0, 0xf1, 0xff, 
	0xff, 0xdf, 0xef, 0xff, 0xff, 0xdf, 0xef, 0xff, 
	0xff, 0xdf, 0xef, 0xff, 0xff, 0xcb, 0xe7, 0xff, 
	0xff, 0xc7, 0xe7, 0xff, 0xff, 0xc7, 0xe7, 0xff, 
	0xff, 0xc7, 0xe7, 0xff, 0xff, 0xc7, 0xe7, 0xff, 
	0xff, 0xcb, 0xe9, 0xff, 0xff, 0xcb, 0xe9, 0xff, 
	0xff, 0xcb, 0xe9, 0xff, 0xff, 0xcb, 0xe9, 0xff, 
	0xff, 0xc6, 0xe3, 0xff, 0xff, 0xdf, 0xef, 0xff, 
	0xff, 0xdf, 0xef, 0xff, 0xff, 0xdf, 0xef, 0xff, 
	0xff, 0xdd, 0xec, 0xff, 0xff, 0xdd, 0xec, 0xff, 
	0xff, 0xe0, 0xf1, 0xff, 0xff, 0xe0, 0xf1, 0xff, 
	0xff, 0xe3, 0xef, 0xff, 0xff, 0xe3, 0xef, 0xff, 
	0xff, 0xc3, 0xe7, 0xff, 0xff, 0xc3, 0xe7, 0xff, 
	0xff, 0xc3, 0xe7, 0xff, 0xff, 0xc5, 0xe7, 0xff, 
	0xff, 0xc8, 0xe7, 0xff, 0xff, 0xc8, 0xe7, 0xff, 
	0xff, 0xca, 0xe9, 0xff, 0xff, 0xca, 0xe9, 0xff, 
	0xff, 0xca, 0xe9, 0xff, 0xff, 0xca, 0xe9, 0xff, 
	0xff, 0xc9, 0xe9, 0xff, 0xff, 0xc9, 0xe9, 0xff, 
	0xff, 0xdf, 0xef, 0xff, 0xff, 0xdf, 0xef, 0xff, 
	0xff, 0xdf, 0xef, 0xff, 0xff, 0xdf, 0xef, 0xff, 
	0xff, 0xdf, 0xef, 0xff, 0xff, 0xcb, 0xe7, 0xff, 
	0xff, 0xc9, 0xe9, 0xff, 0xff, 0xc9, 0xe9, 0xff, 
	0xff, 0xc9, 0xe9, 0xff, 0xff, 0xd4, 0xec, 0xff, 
	0xff, 0xd3, 0xe7, 0xff, 0xff, 0xe0, 0xf1, 0xff, 
	0xff, 0xe0, 0xf1, 0xff, 0xff, 0xe0, 0xf1, 0xff, 
	0xff, 0xdf, 0xef, 0xff, 0xff, 0xdf, 0xef, 0xff, 
	0xff, 0xdf, 0xef, 0xff, 0xff, 0xc9, 0xe3, 0xff, 
	0xff, 0xcc, 0xe9, 0xff, 0xff, 0xcc, 0xe9, 0xff, 
	0xff, 0xc7, 0xe7, 0xff, 0xff, 0xc7, 0xe7, 0xff, 
	0xff, 0xc7, 0xe7, 0xff, 0xff, 0xc9, 0xe9, 0xff, 
	0xff, 0xc9, 0xe9, 0xff, 0xff, 0xc7, 0xe7, 0xff, 
	0xff, 0xc9, 0xe9, 0xff, 0xff, 0xc9, 0xe9, 0xff, 
	0xff, 0xc9, 0xe9, 0xff, 0xff, 0xc9, 0xe9, 0xff, 
	0xff, 0xcb, 0xe9, 0xff, 0xff, 0xcb, 0xe9, 0xff, 
	0xff, 0xcb, 0xe9, 0xff, 0xff, 0xcb, 0xe9, 0xff, 
	0xff, 0xbd, 0xe4, 0xff, 0xff, 0xbd, 0xe4, 0xff, 
	0xff, 0xbd, 0xe4, 0xff, 0xff, 0xbd, 0xe4, 0xff, 
	0xff, 0xbe, 0xe7, 0xff, 0xff, 0xbe, 0xe7, 0xff, 
	0xff, 0xbb, 0xe4, 0xff, 0xff, 0xbb, 0xe4, 0xff, 
	0xff, 0xbd, 0xe7, 0xff, 0xff, 0xc0, 0xe7, 0xff, 
	0xff, 0xc0, 0xe7, 0xff, 0xff, 0xc0, 0xe7, 0xff, 
	0xff, 0xc3, 0xe7, 0xff, 0xff, 0xc4, 0xe7, 0xff, 
	0xff, 0xc4, 0xe7, 0xff, 0xff, 0xc3, 0xe7, 0xff, 
	0xff, 0xc0, 0xe6, 0xff, 0xff, 0xc0, 0xe6, 0xff, 
	0xff, 0xc0, 0xe6, 0xff, 0xff, 0xc0, 0xe6, 0xff, 
	0xff, 0xe0, 0xf1, 0xff, 0xff, 0xe0, 0xf1, 0xff, 
	0xff, 0xe0, 0xf1, 0xff, 0xff, 0xe0, 0xf1, 0xff, 
	0xff, 0xdf, 0xef, 0xff, 0xff, 0xdf, 0xef, 0xff, 
	0xff, 0xc7, 0xe7, 0xff, 0xff, 0xc7, 0xe7, 0xff, 
	0xff, 0xc3, 0xe7, 0xff, 0xff, 0xc3, 0xe7, 0xff, 
	0xff, 0xc3, 0xe7, 0xff, 0xff, 0xcd, 0xe9, 0xff, 
	0xff, 0xeb, 0xf7, 0xff, 0xff, 0xeb, 0xf7, 0xff, 
	0xff, 0xeb, 0xf7, 0xff, 0xff, 0xe0, 0xf1, 0xff, 
	0xff, 0xca, 0xe9, 0xff, 0xff, 0xca, 0xe9, 0xff, 
	0xff, 0xca, 0xe9, 0xff, 0xff, 0xca, 0xe9, 0xff, 
	0xff, 0xcb, 0xe7, 0xff, 0xff, 0xdf, 0xef, 0xff, 
	0xff, 0xdf, 0xef, 0xff, 0xff, 0xdf, 0xef, 0xff, 
	0xff, 0xe0, 0xef, 0xff, 0xff, 0xe0, 0xef, 0xff, 
	0xff, 0xd9, 0xef, 0xff, 0xff, 0xe0, 0xef, 0xff, 
	0xff, 0xd4, 0xec, 0xff, 0xff, 0xc9, 0xe9, 0xff, 
	0xff, 0xc9, 0xe9, 0xff, 0xff, 0xc9, 0xe9, 0xff, 
	0xff, 0xcc, 0xe9, 0xff, 0xff, 0xcc, 0xe9, 0xff, 
	0xff, 0xcc, 0xe9, 0xff, 0xff, 0xcc, 0xe9, 0xff, 
	0xff, 0xe0, 0xf1, 0xff, 0xff, 0xe0, 0xf1, 0xff, 
	0xff, 0xe0, 0xf1, 0xff, 0xff, 0xe0, 0xf1, 0xff, 
	0xff, 0xdf, 0xef, 0xff, 0xff, 0xdf, 0xef, 0xff, 
	0xff, 0xdf, 0xef, 0xff, 0xff, 0xd1, 0xe9, 0xff, 
	0xff, 0xc9, 0xe9, 0xff, 0xff, 0xc9, 0xe9, 0xff, 
	0xff, 0xc7, 0xe7, 0xff, 0xff, 0xc9, 0xe9, 0xff, 
	0xff, 0xcb, 0xe9, 0xff, 0xff, 0xcb, 0xe9, 0xff, 
	0xff, 0xcb, 0xe9, 0xff, 0xff, 0xcb, 0xe9, 0xff, 
	0xff, 0xd2, 0xe9, 0xff, 0xff, 0xdf, 0xef, 0xff, 
	0xff, 0xdf, 0xef, 0xff, 0xff, 0xdf, 0xef, 0xff, 
	0xff, 0xe0, 0xf1, 0xff, 0xff, 0xe0, 0xf1, 0xff, 
	0xff, 0xe0, 0xf1, 0xff, 0xff, 0xe0, 0xf1, 0xff, 
	0xff, 0xe3, 0xef, 0xff, 0xff, 0xe3, 0xef, 0xff, 
	0xff, 0xe3, 0xef, 0xff, 0xff, 0xcd, 0xe9, 0xff, 
	0xff, 0xc3, 0xe7, 0xff, 0xff, 0xc3, 0xe7, 0xff, 
	0xff, 0xc5, 0xe7, 0xff, 0xff, 0xc5, 0xe7, 0xff, 
	0xff, 0xca, 0xe9, 0xff, 0xff, 0xca, 0xe9, 0xff, 
	0xff, 0xca, 0xe9, 0xff, 0xff, 0xca, 0xe9, 0xff, 
	0xff, 0xc9, 0xe9, 0xff, 0xff, 0xd4, 0xec, 0xff, 
	0xff, 0xd4, 0xec, 0xff, 0xff, 0xdf, 0xef, 0xff, 
	0xff, 0xdf, 0xef, 0xff, 0xff, 0xd8, 0xec, 0xff, 
	0xff, 0xd8, 0xec, 0xff, 0xff, 0xcb, 0xe7, 0xff, 
	0xff, 0xc9, 0xe9, 0xff, 0xff, 0xc9, 0xe9, 0xff, 
	0xff, 0xc9, 0xe9, 0xff, 0xff, 0xc9, 0xe9, 0xff, 
	0xff, 0xe0, 0xf1, 0xff, 0xff, 0xe0, 0xf1, 0xff, 
	0xff, 0xe0, 0xf1, 0xff, 0xff, 0xe0, 0xf1, 0xff, 
	0xff, 0xdf, 0xef, 0xff, 0xff, 0xdf, 0xef, 0xff, 
	0xff, 0xdf, 0xef, 0xff, 0xff, 0xdf, 0xef, 0xff, 
	0xff, 0xcc, 0xe9, 0xff, 0xff, 0xcc, 0xe9, 0xff, 
	0xff, 0xc7, 0xe7, 0xff, 0xff, 0xc7, 0xe7, 0xff, 
	0xff, 0xc7, 0xe7, 0xff, 0xff, 0xc9, 0xe9, 0xff, 
	0xff, 0xc9, 0xe9, 0xff, 0xff, 0xc7, 0xe7, 0xff, 
	0xff, 0xc9, 0xe9, 0xff, 0xff, 0xc9, 0xe9, 0xff, 
	0xff, 0xc9, 0xe9, 0xff, 0xff, 0xc9, 0xe9, 0xff, 
	0xff, 0xcb, 0xe9, 0xff, 0xff, 0xcb, 0xe9, 0xff, 
	0xff, 0xcb, 0xe9, 0xff, 0xff, 0xcb, 0xe9, 0xff, 
	0xff, 0xc1, 0xe7, 0xff, 0xff, 0xbf, 0xe7, 0xff, 
	0xff, 0xbf, 0xe7, 0xff, 0xff, 0xbf, 0xe7, 0xff, 
	0xff, 0xbd, 0xe7, 0xff, 0xff, 0xc0, 0xe7, 0xff, 
	0xff, 0xbd, 0xe7, 0xff, 0xff, 0xbd, 0xe7, 0xff, 
	0xff, 0xc0, 0xe6, 0xff, 0xff, 0xc0, 0xe6, 0xff, 
	0xff, 0xc0, 0xe6, 0xff, 0xff, 0xc0, 0xe6, 0xff, 
	0xff, 0xc1, 0xe7, 0xff, 0xff, 0xc1, 0xe7, 0xff, 
	0xff, 0xc4, 0xe7, 0xff, 0xff, 0xc4, 0xe7, 0xff, 
	0xff, 0xc3, 0xe7, 0xff, 0xff, 0xc3, 0xe7, 0xff, 
	0xff, 0xc3, 0xe7, 0xff, 0xff, 0xc3, 0xe7, 0xff, 
	0xff, 0xde, 0xee, 0xff, 0xff, 0xde, 0xee, 0xff, 
	0xff, 0xde, 0xee, 0xff, 0xff, 0xde, 0xee, 0xff, 
	0xff, 0xdf, 0xef, 0xff, 0xff, 0xc6, 0xe3, 0xff, 
	0xff, 0xc6, 0xe3, 0xff, 0xff, 0xba, 0xde, 0xff, 
	0xff, 0xc3, 0xe3, 0xff, 0xff, 0xc3, 0xe3, 0xff, 
	0xff, 0xc3, 0xe3, 0xff, 0xff, 0xd7, 0xef, 0xff, 
	0xff, 0xdc, 0xf1, 0xff, 0xff, 0xdc, 0xf1, 0xff, 
	0xff, 0xdc, 0xf1, 0xff, 0xff, 0xdc, 0xf1, 0xff, 
	0xff, 0xc9, 0xe9, 0xff, 0xff, 0xc9, 0xe9, 0xff, 
	0xff, 0xc9, 0xe9, 0xff, 0xff, 0xc7, 0xe7, 0xff, 
	0xff, 0xcb, 0xe7, 0xff, 0xff, 0xd8, 0xec, 0xff, 
	0xff, 0xdf, 0xef, 0xff, 0xff, 0xdf, 0xef, 0xff, 
	0xff, 0xdf, 0xef, 0xff, 0xff, 0xdf, 0xef, 0xff, 
	0xff, 0xdf, 0xef, 0xff, 0xff, 0xc9, 0xe3, 0xff, 
	0xff, 0xd4, 0xec, 0xff, 0xff, 0xc9, 0xe9, 0xff, 
	0xff, 0xc9, 0xe9, 0xff, 0xff, 0xc9, 0xe9, 0xff, 
	0xff, 0xc8, 0xe7, 0xff, 0xff, 0xc8, 0xe7, 0xff, 
	0xff, 0xc8, 0xe7, 0xff, 0xff, 0xd3, 0xe7, 0xff, 
	0xff, 0xdf, 0xef, 0xff, 0xff, 0xdf, 0xef, 0xff, 
	0xff, 0xdf, 0xef, 0xff, 0xff, 0xdf, 0xef, 0xff, 
	0xff, 0xdf, 0xef, 0xff, 0xff, 0xdf, 0xef, 0xff, 
	0xff, 0xcf, 0xe9, 0xff, 0xff, 0xcf, 0xe9, 0xff, 
	0xff, 0xc9, 0xe9, 0xff, 0xff, 0xc9, 0xe9, 0xff, 
	0xff, 0xc9, 0xe9, 0xff, 0xff, 0xc9, 0xe9, 0xff, 
	0xff, 0xcb, 0xe9, 0xff, 0xff, 0xcb, 0xe9, 0xff, 
	0xff, 0xcb, 0xe9, 0xff, 0xff, 0xcb, 0xe9, 0xff, 
	0xff, 0xd7, 0xe9, 0xff, 0xff, 0xdf, 0xef, 0xff, 
	0xff, 0xdf, 0xef, 0xff, 0xff, 0xdb, 0xec, 0xff, 
	0xff, 0xdf, 0xef, 0xff, 0xff, 0xdf, 0xef, 0xff, 
	0xff, 0xdf, 0xef, 0xff, 0xff, 0xdf, 0xef, 0xff, 
	0xff, 0xdf, 0xef, 0xff, 0xff, 0xdf, 0xef, 0xff, 
	0xff, 0xdf, 0xef, 0xff, 0xff, 0xd4, 0xe9, 0xff, 
	0xff, 0xc3, 0xe7, 0xff, 0xff, 0xc3, 0xe7, 0xff, 
	0xff, 0xc3, 0xe7, 0xff, 0xff, 0xc4, 0xe7, 0xff, 
	0xff, 0xc7, 0xe7, 0xff, 0xff, 0xc9, 0xe9, 0xff, 
	0xff, 0xcc, 0xec, 0xff, 0xff, 0xc9, 0xe9, 0xff, 
	0xff, 0xd8, 0xec, 0xff, 0xff, 0xd8, 0xec, 0xff, 
	0xff, 0xdf, 0xef, 0xff, 0xff, 0xdf, 0xef, 0xff, 
	0xff, 0xdf, 0xef, 0xff, 0xff, 0xdf, 0xef, 0xff, 
	0xff, 0xdf, 0xef, 0xff, 0xff, 0xc7, 0xe7, 0xff, 
	0xff, 0xc8, 0xe7, 0xff, 0xff, 0xc8, 0xe7, 0xff, 
	0xff, 0xc8, 0xe7, 0xff, 0xff, 0xc8, 0xe7, 0xff, 
	0xff, 0xd3, 0xe7, 0xff, 0xff, 0xe0, 0xf1, 0xff, 
	0xff, 0xe0, 0xf1, 0xff, 0xff, 0xe0, 0xf1, 0xff, 
	0xff, 0xdf, 0xef, 0xff, 0xff, 0xdf, 0xef, 0xff, 
	0xff, 0xdf, 0xef, 0xff, 0xff, 0xcc, 0xe9, 0xff, 
	0xff, 0xcf, 0xec, 0xff, 0xff, 0xcb, 0xe9, 0xff, 
	0xff, 0xcb, 0xe9, 0xff, 0xff, 0xcb, 0xe9, 0xff, 
	0xff, 0xcb, 0xe9, 0xff, 0xff, 0xcb, 0xe9, 0xff, 
	0xff, 0xcb, 0xe9, 0xff, 0xff, 0xcb, 0xe9, 0xff, 
	0xff, 0xc9, 0xe9, 0xff, 0xff, 0xc9, 0xe9, 0xff, 
	0xff, 0xc9, 0xe9, 0xff, 0xff, 0xc9, 0xe9, 0xff, 
	0xff, 0xca, 0xe9, 0xff, 0xff, 0xca, 0xe9, 0xff, 
	0xff, 0xca, 0xe9, 0xff, 0xff, 0xca, 0xe9, 0xff, 
	0xff, 0xc3, 0xe7, 0xff, 0xff, 0xc1, 0xe7, 0xff, 
	0xff, 0xbf, 0xe7, 0xff, 0xff, 0xbf, 0xe7, 0xff, 
	0xff, 0xc3, 0xe7, 0xff, 0xff, 0xc0, 0xe7, 0xff, 
	0xff, 0xbd, 0xe7, 0xff, 0xff, 0xbd, 0xe7, 0xff, 
	0xff, 0xc0, 0xe6, 0xff, 0xff, 0xc0, 0xe6, 0xff, 
	0xff, 0xc0, 0xe6, 0xff, 0xff, 0xc0, 0xe6, 0xff, 
	0xff, 0xc1, 0xe7, 0xff, 0xff, 0xc4, 0xe7, 0xff, 
	0xff, 0xc4, 0xe7, 0xff, 0xff, 0xc4, 0xe7, 0xff, 
	0xff, 0xc3, 0xe7, 0xff, 0xff, 0xc3, 0xe7, 0xff, 
	0xff, 0xc3, 0xe7, 0xff, 0xff, 0xcd, 0xe9, 0xff, 
	0xff, 0xde, 0xee, 0xff, 0xff, 0xde, 0xee, 0xff, 
	0xff, 0xde, 0xee, 0xff, 0xff, 0xde, 0xee, 0xff, 
	0xff, 0xdf, 0xef, 0xff, 0xff, 0xdf, 0xef, 0xff, 
	0xff, 0xd2, 0xe9, 0xff, 0xff, 0xba, 0xde, 0xff, 
	0xff, 0xc3, 0xe3, 0xff, 0xff, 0xc3, 0xe3, 0xff, 
	0xff, 0xc3, 0xe3, 0xff, 0xff, 0xcd, 0xe9, 0xff, 
	0xff, 0xe7, 0xf7, 0xff, 0xff, 0xd1, 0xec, 0xff, 
	0xff, 0xc7, 0xe7, 0xff, 0xff, 0xc7, 0xe7, 0xff, 
	0xff, 0xc7, 0xe7, 0xff, 0xff, 0xc7, 0xe7, 0xff, 
	0xff, 0xc9, 0xe9, 0xff, 0xff, 0xc7, 0xe7, 0xff, 
	0xff, 0xdf, 0xef, 0xff, 0xff, 0xdf, 0xef, 0xff, 
	0xff, 0xdf, 0xef, 0xff, 0xff, 0xdf, 0xef, 0xff, 
	0xff, 0xdf, 0xef, 0xff, 0xff, 0xdf, 0xef, 0xff, 
	0xff, 0xd4, 0xe9, 0xff, 0xff, 0xc9, 0xe3, 0xff, 
	0xff, 0xc9, 0xe9, 0xff, 0xff, 0xc9, 0xe9, 0xff, 
	0xff, 0xc9, 0xe9, 0xff, 0xff, 0xc9, 0xe9, 0xff, 
	0xff, 0xc3, 0xe7, 0xff, 0xff, 0xc3, 0xe7, 0xff, 
	0xff, 0xc3, 0xe7, 0xff, 0xff, 0xc3, 0xe7, 0xff, 
	0xff, 0xdf, 0xef, 0xff, 0xff, 0xdf, 0xef, 0xff, 
	0xff, 0xdf, 0xef, 0xff, 0xff, 0xdf, 0xef, 0xff, 
	0xff, 0xdf, 0xef, 0xff, 0xff, 0xdf, 0xef, 0xff, 
	0xff, 0xdf, 0xef, 0xff, 0xff, 0xc7, 0xe7, 0xff, 
	0xff, 0xc9, 0xe9, 0xff, 0xff, 0xc9, 0xe9, 0xff, 
	0xff, 0xc9, 0xe9, 0xff, 0xff, 0xc9, 0xe9, 0xff, 
	0xff, 0xcb, 0xe9, 0xff, 0xff, 0xcb, 0xe9, 0xff, 
	0xff, 0xcb, 0xe9, 0xff, 0xff, 0xcb, 0xe9, 0xff, 
	0xff, 0xdf, 0xef, 0xff, 0xff, 0xdf, 0xef, 0xff, 
	0xff, 0xdf, 0xef, 0xff, 0xff, 0xdb, 0xec, 0xff, 
	0xff, 0xdf, 0xef, 0xff, 0xff, 0xdf, 0xef, 0xff, 
	0xff, 0xdf, 0xef, 0xff, 0xff, 0xdf, 0xef, 0xff, 
	0xff, 0xdf, 0xef, 0xff, 0xff, 0xdf, 0xef, 0xff, 
	0xff, 0xdf, 0xef, 0xff, 0xff, 0xbe, 0xde, 0xff, 
	0xff, 0xc3, 0xe7, 0xff, 0xff, 0xc4, 0xe7, 0xff, 
	0xff, 0xc5, 0xe7, 0xff, 0xff, 0xc5, 0xe7, 0xff, 
	0xff, 0xc7, 0xe7, 0xff, 0xff, 0xc9, 0xe9, 0xff, 
	0xff, 0xc9, 0xe9, 0xff, 0xff, 0xcc, 0xec, 0xff, 
	0xff, 0xd8, 0xec, 0xff, 0xff, 0xd8, 0xec, 0xff, 
	0xff, 0xdf, 0xef, 0xff, 0xff, 0xdf, 0xef, 0xff, 
	0xff, 0xdf, 0xef, 0xff, 0xff, 0xdf, 0xef, 0xff, 
	0xff, 0xdf, 0xef, 0xff, 0xff, 0xd7, 0xec, 0xff, 
	0xff, 0xc8, 0xe7, 0xff, 0xff, 0xc8, 0xe7, 0xff, 
	0xff, 0xc8, 0xe7, 0xff, 0xff, 0xc8, 0xe7, 0xff, 
	0xff, 0xe0, 0xf1, 0xff, 0xff, 0xe0, 0xf1, 0xff, 
	0xff, 0xe0, 0xf1, 0xff, 0xff, 0xe0, 0xf1, 0xff, 
	0xff, 0xdf, 0xef, 0xff, 0xff, 0xdf, 0xef, 0xff, 
	0xff, 0xdf, 0xef, 0xff, 0xff, 0xcc, 0xe9, 0xff, 
	0xff, 0xcb, 0xe9, 0xff, 0xff, 0xcb, 0xe9, 0xff, 
	0xff, 0xcb, 0xe9, 0xff, 0xff, 0xcb, 0xe9, 0xff, 
	0xff, 0xcb, 0xe9, 0xff, 0xff, 0xcb, 0xe9, 0xff, 
	0xff, 0xcb, 0xe9, 0xff, 0xff, 0xcb, 0xe9, 0xff, 
	0xff, 0xc9, 0xe9, 0xff, 0xff, 0xc7, 0xe7, 0xff, 
	0xff, 0xc9, 0xe9, 0xff, 0xff, 0xc9, 0xe9, 0xff, 
	0xff, 0xca, 0xe9, 0xff, 0xff, 0xca, 0xe9, 0xff, 
	0xff, 0xca, 0xe9, 0xff, 0xff, 0xca, 0xe9, 0xff, 
	0xff, 0xc1, 0xe7, 0xff, 0xff, 0xc1, 0xe7, 0xff, 
	0xff, 0xbf, 0xe7, 0xff, 0xff, 0xc1, 0xe7, 0xff, 
	0xff, 0xc0, 0xe7, 0xff, 0xff, 0xbd, 0xe7, 0xff, 
	0xff, 0xc0, 0xe7, 0xff, 0xff, 0xc0, 0xe7, 0xff, 
	0xff, 0xc0, 0xe6, 0xff, 0xff, 0xc0, 0xe6, 0xff, 
	0xff, 0xc0, 0xe6, 0xff, 0xff, 0xc0, 0xe6, 0xff, 
	0xff, 0xc1, 0xe7, 0xff, 0xff, 0xc1, 0xe7, 0xff, 
	0xff, 0xc4, 0xe7, 0xff, 0xff, 0xc4, 0xe7, 0xff, 
	0xff, 0xc3, 0xe7, 0xff, 0xff, 0xc3, 0xe7, 0xff, 
	0xff, 0xc3, 0xe7, 0xff, 0xff, 0xc3, 0xe7, 0xff, 
	0xff, 0xde, 0xee, 0xff, 0xff, 0xde, 0xee, 0xff, 
	0xff, 0xde, 0xee, 0xff, 0xff, 0xde, 0xee, 0xff, 
	0xff, 0xdf, 0xef, 0xff, 0xff, 0xdf, 0xef, 0xff, 
	0xff, 0xdf, 0xef, 0xff, 0xff, 0xd2, 0xe9, 0xff, 
	0xff, 0xc3, 0xe3, 0xff, 0xff, 0xba, 0xde, 0xff, 
	0xff, 0xc3, 0xe3, 0xff, 0xff, 0xcd, 0xe9, 0xff, 
	0xff, 0xd1, 0xec, 0xff, 0xff, 0xdc, 0xf1, 0xff, 
	0xff, 0xc7, 0xe7, 0xff, 0xff, 0xc7, 0xe7, 0xff, 
	0xff, 0xc7, 0xe7, 0xff, 0xff, 0xc7, 0xe7, 0xff, 
	0xff, 0xc7, 0xe7, 0xff, 0xff, 0xc9, 0xe9, 0xff, 
	0xff, 0xdf, 0xef, 0xff, 0xff, 0xdf, 0xef, 0xff, 
	0xff, 0xdf, 0xef, 0xff, 0xff, 0xdf, 0xef, 0xff, 
	0xff, 0xdf, 0xef, 0xff, 0xff, 0xdf, 0xef, 0xff, 
	0xff, 0xdf, 0xef, 0xff, 0xff, 0xc9, 0xe3, 0xff, 
	0xff, 0xc9, 0xe9, 0xff, 0xff, 0xc9, 0xe9, 0xff, 
	0xff, 0xc9, 0xe9, 0xff, 0xff, 0xc9, 0xe9, 0xff, 
	0xff, 0xc3, 0xe7, 0xff, 0xff, 0xc3, 0xe7, 0xff, 
	0xff, 0xc3, 0xe7, 0xff, 0xff, 0xcd, 0xe7, 0xff, 
	0xff, 0xd2, 0xe9, 0xff, 0xff, 0xdf, 0xef, 0xff, 
	0xff, 0xdf, 0xef, 0xff, 0xff, 0xdf, 0xef, 0xff, 
	0xff, 0xdf, 0xef, 0xff, 0xff, 0xdf, 0xef, 0xff, 
	0xff, 0xdf, 0xef, 0xff, 0xff, 0xdf, 0xef, 0xff, 
	0xff, 0xc9, 0xe9, 0xff, 0xff, 0xc9, 0xe9, 0xff, 
	0xff, 0xc9, 0xe9, 0xff, 0xff, 0xc9, 0xe9, 0xff, 
	0xff, 0xcb, 0xe9, 0xff, 0xff, 0xcb, 0xe9, 0xff, 
	0xff, 0xcb, 0xe9, 0xff, 0xff, 0xcf, 0xe7, 0xff, 
	0xff, 0xdf, 0xef, 0xff, 0xff, 0xdf, 0xef, 0xff, 
	0xff, 0xdf, 0xef, 0xff, 0xff, 0xdb, 0xec, 0xff, 
	0xff, 0xdf, 0xef, 0xff, 0xff, 0xdf, 0xef, 0xff, 
	0xff, 0xdf, 0xef, 0xff, 0xff, 0xdf, 0xef, 0xff, 
	0xff, 0xdf, 0xef, 0xff, 0xff, 0xdf, 0xef, 0xff, 
	0xff, 0xdf, 0xef, 0xff, 0xff, 0xdf, 0xef, 0xff, 
	0xff, 0xc3, 0xe7, 0xff, 0xff, 0xc4, 0xe7, 0xff, 
	0xff, 0xc5, 0xe7, 0xff, 0xff, 0xc5, 0xe7, 0xff, 
	0xff, 0xc7, 0xe7, 0xff, 0xff, 0xc9, 0xe9, 0xff, 
	0xff, 0xc9, 0xe9, 0xff, 0xff, 0xc9, 0xe9, 0xff, 
	0xff, 0xcb, 0xe7, 0xff, 0xff, 0xdf, 0xef, 0xff, 
	0xff, 0xdf, 0xef, 0xff, 0xff, 0xdf, 0xef, 0xff, 
	0xff, 0xdf, 0xef, 0xff, 0xff, 0xdf, 0xef, 0xff, 
	0xff, 0xdf, 0xef, 0xff, 0xff, 0xdf, 0xef, 0xff, 
	0xff, 0xc8, 0xe7, 0xff, 0xff, 0xc8, 0xe7, 0xff, 
	0xff, 0xc8, 0xe7, 0xff, 0xff, 0xc8, 0xe7, 0xff, 
	0xff, 0xd3, 0xe7, 0xff, 0xff, 0xe0, 0xf1, 0xff, 
	0xff, 0xe0, 0xf1, 0xff, 0xff, 0xe0, 0xf1, 0xff, 
	0xff, 0xdf, 0xef, 0xff, 0xff, 0xdf, 0xef, 0xff, 
	0xff, 0xdf, 0xef, 0xff, 0xff, 0xcc, 0xe9, 0xff, 
	0xff, 0xcf, 0xec, 0xff, 0xff, 0xcf, 0xec, 0xff, 
	0xff, 0xcb, 0xe9, 0xff, 0xff, 0xcb, 0xe9, 0xff, 
	0xff, 0xcb, 0xe9, 0xff, 0xff, 0xcb, 0xe9, 0xff, 
	0xff, 0xcb, 0xe9, 0xff, 0xff, 0xcb, 0xe9, 0xff, 
	0xff, 0xc9, 0xe9, 0xff, 0xff, 0xc9, 0xe9, 0xff, 
	0xff, 0xc7, 0xe7, 0xff, 0xff, 0xc9, 0xe9, 0xff, 
	0xff, 0xca, 0xe9, 0xff, 0xff, 0xca, 0xe9, 0xff, 
	0xff, 0xca, 0xe9, 0xff, 0xff, 0xca, 0xe9, 0xff, 
	0xff, 0xc1, 0xe7, 0xff, 0xff, 0xbf, 0xe7, 0xff, 
	0xff, 0xc1, 0xe7, 0xff, 0xff, 0xc1, 0xe7, 0xff, 
	0xff, 0xc0, 0xe7, 0xff, 0xff, 0xc0, 0xe7, 0xff, 
	0xff, 0xc0, 0xe7, 0xff, 0xff, 0xc0, 0xe7, 0xff, 
	0xff, 0xc0, 0xe6, 0xff, 0xff, 0xc0, 0xe6, 0xff, 
	0xff, 0xc0, 0xe6, 0xff, 0xff, 0xc0, 0xe6, 0xff, 
	0xff, 0xc1, 0xe7, 0xff, 0xff, 0xc1, 0xe7, 0xff, 
	0xff, 0xc4, 0xe7, 0xff, 0xff, 0xc4, 0xe7, 0xff, 
	0xff, 0xc3, 0xe7, 0xff, 0xff, 0xc3, 0xe7, 0xff, 
	0xff, 0xc3, 0xe7, 0xff, 0xff, 0xe3, 0xef, 0xff, 
	0xff, 0xbe, 0xe6, 0xff, 0xff, 0xde, 0xee, 0xff, 
	0xff, 0xde, 0xee, 0xff, 0xff, 0xde, 0xee, 0xff, 
	0xff, 0xdf, 0xef, 0xff, 0xff, 0xdf, 0xef, 0xff, 
	0xff, 0xdf, 0xef, 0xff, 0xff, 0xdf, 0xef, 0xff, 
	0xff, 0xd7, 0xef, 0xff, 0xff, 0xba, 0xde, 0xff, 
	0xff, 0xc3, 0xe3, 0xff, 0xff, 0xc3, 0xe3, 0xff, 
	0xff, 0xd1, 0xec, 0xff, 0xff, 0xc7, 0xe7, 0xff, 
	0xff, 0xc7, 0xe7, 0xff, 0xff, 0xc7, 0xe7, 0xff, 
	0xff, 0xc7, 0xe7, 0xff, 0xff, 0xc7, 0xe7, 0xff, 
	0xff, 0xc7, 0xe7, 0xff, 0xff, 0xc9, 0xe9, 0xff, 
	0xff, 0xd1, 0xe9, 0xff, 0xff, 0xdf, 0xef, 0xff, 
	0xff, 0xdf, 0xef, 0xff, 0xff, 0xdf, 0xef, 0xff, 
	0xff, 0xdf, 0xef, 0xff, 0xff, 0xdf, 0xef, 0xff, 
	0xff, 0xdf, 0xef, 0xff, 0xff, 0xc9, 0xe3, 0xff, 
	0xff, 0xc9, 0xe9, 0xff, 0xff, 0xc9, 0xe9, 0xff, 
	0xff, 0xc9, 0xe9, 0xff, 0xff, 0xc9, 0xe9, 0xff, 
	0xff, 0xc3, 0xe7, 0xff, 0xff, 0xc3, 0xe7, 0xff, 
	0xff, 0xc3, 0xe7, 0xff, 0xff, 0xc3, 0xe7, 0xff, 
	0xff, 0xc6, 0xe3, 0xff, 0xff, 0xdf, 0xef, 0xff, 
	0xff, 0xdf, 0xef, 0xff, 0xff, 0xdf, 0xef, 0xff, 
	0xff, 0xdf, 0xef, 0xff, 0xff, 0xdf, 0xef, 0xff, 
	0xff, 0xdf, 0xef, 0xff, 0xff, 0xdf, 0xef, 0xff, 
	0xff, 0xdf, 0xef, 0xff, 0xff, 0xc9, 0xe9, 0xff, 
	0xff, 0xc9, 0xe9, 0xff, 0xff, 0xc9, 0xe9, 0xff, 
	0xff, 0xcb, 0xe9, 0xff, 0xff, 0xcb, 0xe9, 0xff, 
	0xff, 0xcb, 0xe9, 0xff, 0xff, 0xcf, 0xe7, 0xff, 
	0xff, 0xdf, 0xef, 0xff, 0xff, 0xdf, 0xef, 0xff, 
	0xff, 0xdf, 0xef, 0xff, 0xff, 0xdb, 0xec, 0xff, 
	0xff, 0xcf, 0xe9, 0xff, 0xff, 0xdf, 0xef, 0xff, 
	0xff, 0xdf, 0xef, 0xff, 0xff, 0xdf, 0xef, 0xff, 
	0xff, 0xdf, 0xef, 0xff, 0xff, 0xdf, 0xef, 0xff, 
	0xff, 0xc9, 0xe3, 0xff, 0xff, 0xc9, 0xe3, 0xff, 
	0xff, 0xc3, 0xe7, 0xff, 0xff, 0xc4, 0xe7, 0xff, 
	0xff, 0xc5, 0xe7, 0xff, 0xff, 0xc5, 0xe7, 0xff, 
	0xff, 0xc9, 0xe9, 0xff, 0xff, 0xc7, 0xe7, 0xff, 
	0xff, 0xc7, 0xe7, 0xff, 0xff, 0xc7, 0xe7, 0xff, 
	0xff, 0xcb, 0xe7, 0xff, 0xff, 0xdf, 0xef, 0xff, 
	0xff, 0xdf, 0xef, 0xff, 0xff, 0xdf, 0xef, 0xff, 
	0xff, 0xdf, 0xef, 0xff, 0xff, 0xdf, 0xef, 0xff, 
	0xff, 0xdf, 0xef, 0xff, 0xff, 0xd7, 0xec, 0xff, 
	0xff, 0xd3, 0xe7, 0xff, 0xff, 0xc8, 0xe7, 0xff, 
	0xff, 0xc8, 0xe7, 0xff, 0xff, 0xc8, 0xe7, 0xff, 
	0xff, 0xe0, 0xf1, 0xff, 0xff, 0xe0, 0xf1, 0xff, 
	0xff, 0xe0, 0xf1, 0xff, 0xff, 0xe0, 0xf1, 0xff, 
	0xff, 0xdf, 0xef, 0xff, 0xff, 0xdf, 0xef, 0xff, 
	0xff, 0xdf, 0xef, 0xff, 0xff, 0xcc, 0xe9, 0xff, 
	0xff, 0xcf, 0xec, 0xff, 0xff, 0xcb, 0xe9, 0xff, 
	0xff, 0xcb, 0xe9, 0xff, 0xff, 0xc7, 0xe7, 0xff, 
	0xff, 0xcb, 0xe9, 0xff, 0xff, 0xcb, 0xe9, 0xff, 
	0xff, 0xcb, 0xe9, 0xff, 0xff, 0xcb, 0xe9, 0xff, 
	0xff, 0xc7, 0xe7, 0xff, 0xff, 0xc9, 0xe9, 0xff, 
	0xff, 0xc9, 0xe9, 0xff, 0xff, 0xc9, 0xe9, 0xff, 
	0xff, 0xca, 0xe9, 0xff, 0xff, 0xca, 0xe9, 0xff, 
	0xff, 0xca, 0xe9, 0xff, 0xff, 0xca, 0xe9, 0xff, 
	0xff, 0xc4, 0xe7, 0xff, 0xff, 0xc3, 0xe7, 0xff, 
	0xff, 0xc3, 0xe7, 0xff, 0xff, 0xc3, 0xe7, 0xff, 
	0xff, 0xc3, 0xe7, 0xff, 0xff, 0xc3, 0xe7, 0xff, 
	0xff, 0xc3, 0xe7, 0xff, 0xff, 0xc3, 0xe7, 0xff, 
	0xff, 0xbf, 0xe6, 0xff, 0xff, 0xbf, 0xe6, 0xff, 
	0xff, 0xbf, 0xe6, 0xff, 0xff, 0xbf, 0xe6, 0xff, 
	0xff, 0xbf, 0xe7, 0xff, 0xff, 0xc1, 0xe7, 0xff, 
	0xff, 0xc1, 0xe7, 0xff, 0xff, 0xc1, 0xe7, 0xff, 
	0xff, 0xc2, 0xe6, 0xff, 0xff, 0xc2, 0xe6, 0xff, 
	0xff, 0xc2, 0xe6, 0xff, 0xff, 0xde, 0xee, 0xff, 
	0xff, 0xe0, 0xef, 0xff, 0xff, 0xe0, 0xef, 0xff, 
	0xff, 0xe0, 0xef, 0xff, 0xff, 0xe0, 0xef, 0xff, 
	0xff, 0xe0, 0xef, 0xff, 0xff, 0xe0, 0xef, 0xff, 
	0xff, 0xe0, 0xef, 0xff, 0xff, 0xe0, 0xef, 0xff, 
	0xff, 0xdf, 0xef, 0xff, 0xff, 0xdf, 0xef, 0xff, 
	0xff, 0xc9, 0xe3, 0xff, 0xff, 0xbe, 0xde, 0xff, 
	0xff, 0xc3, 0xe7, 0xff, 0xff, 0xc3, 0xe7, 0xff, 
	0xff, 0xc3, 0xe7, 0xff, 0xff, 0xc3, 0xe7, 0xff, 
	0xff, 0xc7, 0xe7, 0xff, 0xff, 0xc7, 0xe7, 0xff, 
	0xff, 0xc7, 0xe7, 0xff, 0xff, 0xc9, 0xe9, 0xff, 
	0xff, 0xcb, 0xe7, 0xff, 0xff, 0xe0, 0xf1, 0xff, 
	0xff, 0xe0, 0xf1, 0xff, 0xff, 0xe0, 0xf1, 0xff, 
	0xff, 0xe0, 0xf1, 0xff, 0xff, 0xe0, 0xf1, 0xff, 
	0xff, 0xe0, 0xf1, 0xff, 0xff, 0xd5, 0xec, 0xff, 
	0xff, 0xc3, 0xe7, 0xff, 0xff, 0xc8, 0xe7, 0xff, 
	0xff, 0xc3, 0xe7, 0xff, 0xff, 0xc3, 0xe7, 0xff, 
	0xff, 0xc5, 0xe7, 0xff, 0xff, 0xc7, 0xe7, 0xff, 
	0xff, 0xc3, 0xe7, 0xff, 0xff, 0xc3, 0xe7, 0xff, 
	0xff, 0xc3, 0xe7, 0xff, 0xff, 0xc3, 0xe7, 0xff, 
	0xff, 0xdf, 0xef, 0xff, 0xff, 0xdf, 0xef, 0xff, 
	0xff, 0xdf, 0xef, 0xff, 0xff, 0xdf, 0xef, 0xff, 
	0xff, 0xdf, 0xef, 0xff, 0xff, 0xcc, 0xe9, 0xff, 
	0xff, 0xc7, 0xe7, 0xff, 0xff, 0xc7, 0xe7, 0xff, 
	0xff, 0xc9, 0xe9, 0xff, 0xff, 0xc9, 0xe9, 0xff, 
	0xff, 0xc7, 0xe7, 0xff, 0xff, 0xc7, 0xe7, 0xff, 
	0xff, 0xc7, 0xe7, 0xff, 0xff, 0xc7, 0xe7, 0xff, 
	0xff, 0xdf, 0xef, 0xff, 0xff, 0xdf, 0xef, 0xff, 
	0xff, 0xdf, 0xef, 0xff, 0xff, 0xdf, 0xef, 0xff, 
	0xff, 0xd4, 0xec, 0xff, 0xff, 0xdf, 0xef, 0xff, 
	0xff, 0xdf, 0xef, 0xff, 0xff, 0xdf, 0xef, 0xff, 
	0xff, 0xdf, 0xef, 0xff, 0xff, 0xdf, 0xef, 0xff, 
	0xff, 0xdf, 0xef, 0xff, 0xff, 0xc3, 0xe7, 0xff, 
	0xff, 0xc5, 0xe7, 0xff, 0xff, 0xc8, 0xe7, 0xff, 
	0xff, 0xcb, 0xe7, 0xff, 0xff, 0xcb, 0xe7, 0xff, 
	0xff, 0xc8, 0xe9, 0xff, 0xff, 0xc8, 0xe9, 0xff, 
	0xff, 0xc8, 0xe9, 0xff, 0xff, 0xc8, 0xe9, 0xff, 
	0xff, 0xd4, 0xec, 0xff, 0xff, 0xd4, 0xec, 0xff, 
	0xff, 0xdf, 0xef, 0xff, 0xff, 0xdf, 0xef, 0xff, 
	0xff, 0xdf, 0xef, 0xff, 0xff, 0xdf, 0xef, 0xff, 
	0xff, 0xd5, 0xec, 0xff, 0xff, 0xd5, 0xec, 0xff, 
	0xff, 0xc9, 0xe9, 0xff, 0xff, 0xc9, 0xe9, 0xff, 
	0xff, 0xc9, 0xe9, 0xff, 0xff, 0xbf, 0xe3, 0xff, 
	0xff, 0xd2, 0xe9, 0xff, 0xff, 0xdf, 0xef, 0xff, 
	0xff, 0xdf, 0xef, 0xff, 0xff, 0xdf, 0xef, 0xff, 
	0xff, 0xe0, 0xf1, 0xff, 0xff, 0xe0, 0xf1, 0xff, 
	0xff, 0xe0, 0xf1, 0xff, 0xff, 0xd1, 0xec, 0xff, 
	0xff, 0xc9, 0xe9, 0xff, 0xff, 0xc9, 0xe9, 0xff, 
	0xff, 0xc9, 0xe9, 0xff, 0xff, 0xc9, 0xe9, 0xff, 
	0xff, 0xc9, 0xe9, 0xff, 0xff, 0xc9, 0xe9, 0xff, 
	0xff, 0xc9, 0xe9, 0xff, 0xff, 0xc9, 0xe9, 0xff, 
	0xff, 0xc8, 0xe9, 0xff, 0xff, 0xc8, 0xe9, 0xff, 
	0xff, 0xc8, 0xe9, 0xff, 0xff, 0xc8, 0xe9, 0xff, 
	0xff, 0xc7, 0xe7, 0xff, 0xff, 0xc9, 0xe9, 0xff, 
	0xff, 0xc9, 0xe9, 0xff, 0xff, 0xc9, 0xe9, 0xff, 
	0xff, 0xc4, 0xe7, 0xff, 0xff, 0xc3, 0xe7, 0xff, 
	0xff, 0xc4, 0xe7, 0xff, 0xff, 0xc4, 0xe7, 0xff, 
	0xff, 0xc5, 0xe7, 0xff, 0xff, 0xc5, 0xe7, 0xff, 
	0xff, 0xc3, 0xe7, 0xff, 0xff, 0xc3, 0xe7, 0xff, 
	0xff, 0xbf, 0xe6, 0xff, 0xff, 0xbf, 0xe6, 0xff, 
	0xff, 0xbf, 0xe6, 0xff, 0xff, 0xbf, 0xe6, 0xff, 
	0xff, 0xbf, 0xe7, 0xff, 0xff, 0xbf, 0xe7, 0xff, 
	0xff, 0xc1, 0xe7, 0xff, 0xff, 0xc3, 0xe7, 0xff, 
	0xff, 0xc2, 0xe6, 0xff, 0xff, 0xc2, 0xe6, 0xff, 
	0xff, 0xc2, 0xe6, 0xff, 0xff, 0xde, 0xee, 0xff, 
	0xff, 0xe0, 0xef, 0xff, 0xff, 0xe0, 0xef, 0xff, 
	0xff, 0xe0, 0xef, 0xff, 0xff, 0xe0, 0xef, 0xff, 
	0xff, 0xe0, 0xef, 0xff, 0xff, 0xe0, 0xef, 0xff, 
	0xff, 0xe0, 0xef, 0xff, 0xff, 0xe0, 0xef, 0xff, 
	0xff, 0xdf, 0xef, 0xff, 0xff, 0xdf, 0xef, 0xff, 
	0xff, 0xd4, 0xe9, 0xff, 0xff, 0xc9, 0xe3, 0xff, 
	0xff, 0xc8, 0xe7, 0xff, 0xff, 0xc3, 0xe7, 0xff, 
	0xff, 0xc3, 0xe7, 0xff, 0xff, 0xc3, 0xe7, 0xff, 
	0xff, 0xc7, 0xe7, 0xff, 0xff, 0xc7, 0xe7, 0xff, 
	0xff, 0xc9, 0xe9, 0xff, 0xff, 0xc9, 0xe9, 0xff, 
	0xff, 0xd5, 0xec, 0xff, 0xff, 0xe0, 0xf1, 0xff, 
	0xff, 0xe0, 0xf1, 0xff, 0xff, 0xe0, 0xf1, 0xff, 
	0xff, 0xe0, 0xf1, 0xff, 0xff, 0xe0, 0xf1, 0xff, 
	0xff, 0xd5, 0xec, 0xff, 0xff, 0xd5, 0xec, 0xff, 
	0xff, 0xd3, 0xe7, 0xff, 0xff, 0xc3, 0xe7, 0xff, 
	0xff, 0xc3, 0xe7, 0xff, 0xff, 0xc3, 0xe7, 0xff, 
	0xff, 0xc5, 0xe7, 0xff, 0xff, 0xc5, 0xe7, 0xff, 
	0xff, 0xc3, 0xe7, 0xff, 0xff, 0xc3, 0xe7, 0xff, 
	0xff, 0xc3, 0xe7, 0xff, 0xff, 0xc3, 0xe7, 0xff, 
	0xff, 0xdf, 0xef, 0xff, 0xff, 0xdf, 0xef, 0xff, 
	0xff, 0xdf, 0xef, 0xff, 0xff, 0xdf, 0xef, 0xff, 
	0xff, 0xdf, 0xef, 0xff, 0xff, 0xcc, 0xe9, 0xff, 
	0xff, 0xc9, 0xe9, 0xff, 0xff, 0xc7, 0xe7, 0xff, 
	0xff, 0xc9, 0xe9, 0xff, 0xff, 0xc7, 0xe7, 0xff, 
	0xff, 0xc7, 0xe7, 0xff, 0xff, 0xc7, 0xe7, 0xff, 
	0xff, 0xd7, 0xec, 0xff, 0xff, 0xdf, 0xef, 0xff, 
	0xff, 0xdf, 0xef, 0xff, 0xff, 0xdf, 0xef, 0xff, 
	0xff, 0xd8, 0xec, 0xff, 0xff, 0xd1, 0xe9, 0xff, 
	0xff, 0xc9, 0xe9, 0xff, 0xff, 0xdf, 0xef, 0xff, 
	0xff, 0xdf, 0xef, 0xff, 0xff, 0xdf, 0xef, 0xff, 
	0xff, 0xdf, 0xef, 0xff, 0xff, 0xdf, 0xef, 0xff, 
	0xff, 0xcc, 0xe9, 0xff, 0xff, 0xc3, 0xe7, 0xff, 
	0xff, 0xc3, 0xe7, 0xff, 0xff, 0xc5, 0xe7, 0xff, 
	0xff, 0xc5, 0xe7, 0xff, 0xff, 0xcb, 0xe7, 0xff, 
	0xff, 0xc8, 0xe9, 0xff, 0xff, 0xc8, 0xe9, 0xff, 
	0xff, 0xc7, 0xe7, 0xff, 0xff, 0xc8, 0xe9, 0xff, 
	0xff, 0xc9, 0xe9, 0xff, 0xff, 0xdf, 0xef, 0xff, 
	0xff, 0xdf, 0xef, 0xff, 0xff, 0xdf, 0xef, 0xff, 
	0xff, 0xdf, 0xef, 0xff, 0xff, 0xdf, 0xef, 0xff, 
	0xff, 0xd5, 0xec, 0xff, 0xff, 0xd5, 0xec, 0xff, 
	0xff, 0xc9, 0xe9, 0xff, 0xff, 0xc9, 0xe9, 0xff, 
	0xff, 0xc9, 0xe9, 0xff, 0xff, 0xc9, 0xe9, 0xff, 
	0xff, 0xc6, 0xe3, 0xff, 0xff, 0xdf, 0xef, 0xff, 
	0xff, 0xdf, 0xef, 0xff, 0xff, 0xdf, 0xef, 0xff, 
	0xff, 0xe0, 0xf1, 0xff, 0xff, 0xe0, 0xf1, 0xff, 
	0xff, 0xd1, 0xec, 0xff, 0xff, 0xd1, 0xec, 0xff, 
	0xff, 0xc9, 0xe9, 0xff, 0xff, 0xc9, 0xe9, 0xff, 
	0xff, 0xc9, 0xe9, 0xff, 0xff, 0xc7, 0xe7, 0xff, 
	0xff, 0xc7, 0xe7, 0xff, 0xff, 0xc9, 0xe9, 0xff, 
	0xff, 0xc9, 0xe9, 0xff, 0xff, 0xc9, 0xe9, 0xff, 
	0xff, 0xc8, 0xe9, 0xff, 0xff, 0xc8, 0xe9, 0xff, 
	0xff, 0xc8, 0xe9, 0xff, 0xff, 0xc7, 0xe7, 0xff, 
	0xff, 0xc7, 0xe7, 0xff, 0xff, 0xc7, 0xe7, 0xff, 
	0xff, 0xc9, 0xe9, 0xff, 0xff, 0xc9, 0xe9, 0xff, 
	0xff, 0xc4, 0xe7, 0xff, 0xff, 0xc4, 0xe7, 0xff, 
	0xff, 0xc4, 0xe7, 0xff, 0xff, 0xc4, 0xe7, 0xff, 
	0xff, 0xc5, 0xe7, 0xff, 0xff, 0xc5, 0xe7, 0xff, 
	0xff, 0xc5, 0xe7, 0xff, 0xff, 0xc5, 0xe7, 0xff, 
	0xff, 0xbf, 0xe6, 0xff, 0xff, 0xbf, 0xe6, 0xff, 
	0xff, 0xbf, 0xe6, 0xff, 0xff, 0xbf, 0xe6, 0xff, 
	0xff, 0xbe, 0xe7, 0xff, 0xff, 0xc1, 0xe7, 0xff, 
	0xff, 0xc1, 0xe7, 0xff, 0xff, 0xc1, 0xe7, 0xff, 
	0xff, 0xc2, 0xe6, 0xff, 0xff, 0xc2, 0xe6, 0xff, 
	0xff, 0xc2, 0xe6, 0xff, 0xff, 0xc2, 0xe6, 0xff, 
	0xff, 0xe0, 0xef, 0xff, 0xff, 0xe0, 0xef, 0xff, 
	0xff, 0xe0, 0xef, 0xff, 0xff, 0xdf, 0xef, 0xff, 
	0xff, 0xe0, 0xef, 0xff, 0xff, 0xe0, 0xef, 0xff, 
	0xff, 0xe0, 0xef, 0xff, 0xff, 0xdf, 0xef, 0xff, 
	0xff, 0xdf, 0xef, 0xff, 0xff, 0xdf, 0xef, 0xff, 
	0xff, 0xdf, 0xef, 0xff, 0xff, 0xd4, 0xe9, 0xff, 
	0xff, 0xc8, 0xe7, 0xff, 0xff, 0xc3, 0xe7, 0xff, 
	0xff, 0xc3, 0xe7, 0xff, 0xff, 0xc3, 0xe7, 0xff, 
	0xff, 0xc7, 0xe7, 0xff, 0xff, 0xc7, 0xe7, 0xff, 
	0xff, 0xc9, 0xe9, 0xff, 0xff, 0xc9, 0xe9, 0xff, 
	0xff, 0xd5, 0xec, 0xff, 0xff, 0xe0, 0xf1, 0xff, 
	0xff, 0xe0, 0xf1, 0xff, 0xff, 0xe0, 0xf1, 0xff, 
	0xff, 0xe0, 0xf1, 0xff, 0xff, 0xe0, 0xf1, 0xff, 
	0xff, 0xd5, 0xec, 0xff, 0xff, 0xcb, 0xe7, 0xff, 
	0xff, 0xc3, 0xe7, 0xff, 0xff, 0xc3, 0xe7, 0xff, 
	0xff, 0xc3, 0xe7, 0xff, 0xff, 0xc3, 0xe7, 0xff, 
	0xff, 0xc3, 0xe7, 0xff, 0xff, 0xc4, 0xe7, 0xff, 
	0xff, 0xc3, 0xe7, 0xff, 0xff, 0xc4, 0xe7, 0xff, 
	0xff, 0xd5, 0xec, 0xff, 0xff, 0xc3, 0xe7, 0xff, 
	0xff, 0xd5, 0xec, 0xff, 0xff, 0xdf, 0xef, 0xff, 
	0xff, 0xdf, 0xef, 0xff, 0xff, 0xdf, 0xef, 0xff, 
	0xff, 0xdf, 0xef, 0xff, 0xff, 0xcc, 0xe9, 0xff, 
	0xff, 0xc9, 0xe9, 0xff, 0xff, 0xc9, 0xe9, 0xff, 
	0xff, 0xc9, 0xe9, 0xff, 0xff, 0xc9, 0xe9, 0xff, 
	0xff, 0xc7, 0xe7, 0xff, 0xff, 0xc7, 0xe7, 0xff, 
	0xff, 0xdf, 0xef, 0xff, 0xff, 0xdf, 0xef, 0xff, 
	0xff, 0xdf, 0xef, 0xff, 0xff, 0xdf, 0xef, 0xff, 
	0xff, 0xdf, 0xef, 0xff, 0xff, 0xcb, 0xe7, 0xff, 
	0xff, 0xc9, 0xe9, 0xff, 0xff, 0xdf, 0xef, 0xff, 
	0xff, 0xdf, 0xef, 0xff, 0xff, 0xdf, 0xef, 0xff, 
	0xff, 0xdf, 0xef, 0xff, 0xff, 0xdf, 0xef, 0xff, 
	0xff, 0xdf, 0xef, 0xff, 0xff, 0xc3, 0xe7, 0xff, 
	0xff, 0xc3, 0xe7, 0xff, 0xff, 0xc3, 0xe7, 0xff, 
	0xff, 0xc3, 0xe7, 0xff, 0xff, 0xc8, 0xe7, 0xff, 
	0xff, 0xc8, 0xe9, 0xff, 0xff, 0xc8, 0xe9, 0xff, 
	0xff, 0xc7, 0xe7, 0xff, 0xff, 0xc7, 0xe7, 0xff, 
	0xff, 0xc9, 0xe9, 0xff, 0xff, 0xc9, 0xe9, 0xff, 
	0xff, 0xdf, 0xef, 0xff, 0xff, 0xdf, 0xef, 0xff, 
	0xff, 0xdf, 0xef, 0xff, 0xff, 0xdf, 0xef, 0xff, 
	0xff, 0xdf, 0xef, 0xff, 0xff, 0xc3, 0xe7, 0xff, 
	0xff, 0xbf, 0xe3, 0xff, 0xff, 0xc9, 0xe9, 0xff, 
	0xff, 0xc9, 0xe9, 0xff, 0xff, 0xbf, 0xe3, 0xff, 
	0xff, 0xc6, 0xe3, 0xff, 0xff, 0xdf, 0xef, 0xff, 
	0xff, 0xdf, 0xef, 0xff, 0xff, 0xdf, 0xef, 0xff, 
	0xff, 0xe0, 0xf1, 0xff, 0xff, 0xe0, 0xf1, 0xff, 
	0xff, 0xe0, 0xf1, 0xff, 0xff, 0xd1, 0xec, 0xff, 
	0xff, 0xcc, 0xec, 0xff, 0xff, 0xc9, 0xe9, 0xff, 
	0xff, 0xc7, 0xe7, 0xff, 0xff, 0xc7, 0xe7, 0xff, 
	0xff, 0xc7, 0xe7, 0xff, 0xff, 0xc7, 0xe7, 0xff, 
	0xff, 0xc7, 0xe7, 0xff, 0xff, 0xc7, 0xe7, 0xff, 
	0xff, 0xc8, 0xe9, 0xff, 0xff, 0xc8, 0xe9, 0xff, 
	0xff, 0xc8, 0xe9, 0xff, 0xff, 0xc8, 0xe9, 0xff, 
	0xff, 0xc7, 0xe7, 0xff, 0xff, 0xc9, 0xe9, 0xff, 
	0xff, 0xc9, 0xe9, 0xff, 0xff, 0xc9, 0xe9, 0xff, 
	0xff, 0xc4, 0xe7, 0xff, 0xff, 0xc4, 0xe7, 0xff, 
	0xff, 0xc4, 0xe7, 0xff, 0xff, 0xc4, 0xe7, 0xff, 
	0xff, 0xc5, 0xe7, 0xff, 0xff, 0xc7, 0xe7, 0xff, 
	0xff, 0xc5, 0xe7, 0xff, 0xff, 0xc3, 0xe7, 0xff, 
	0xff, 0xbf, 0xe6, 0xff, 0xff, 0xbf, 0xe6, 0xff, 
	0xff, 0xbf, 0xe6, 0xff, 0xff, 0xbf, 0xe6, 0xff, 
	0xff, 0xc1, 0xe7, 0xff, 0xff, 0xc1, 0xe7, 0xff, 
	0xff, 0xc1, 0xe7, 0xff, 0xff, 0xc1, 0xe7, 0xff, 
	0xff, 0xc2, 0xe6, 0xff, 0xff, 0xc2, 0xe6, 0xff, 
	0xff, 0xc2, 0xe6, 0xff, 0xff, 0xc2, 0xe6, 0xff, 
	0xff, 0xe0, 0xef, 0xff, 0xff, 0xe0, 0xef, 0xff, 
	0xff, 0xe0, 0xef, 0xff, 0xff, 0xdf, 0xef, 0xff, 
	0xff, 0xe0, 0xef, 0xff, 0xff, 0xe0, 0xef, 0xff, 
	0xff, 0xe0, 0xef, 0xff, 0xff, 0xdf, 0xef, 0xff, 
	0xff, 0xdf, 0xef, 0xff, 0xff, 0xdf, 0xef, 0xff, 
	0xff, 0xdf, 0xef, 0xff, 0xff, 0xdf, 0xef, 0xff, 
	0xff, 0xd3, 0xe7, 0xff, 0xff, 0xc3, 0xe7, 0xff, 
	0xff, 0xc3, 0xe7, 0xff, 0xff, 0xc3, 0xe7, 0xff, 
	0xff, 0xc7, 0xe7, 0xff, 0xff, 0xc9, 0xe9, 0xff, 
	0xff, 0xc9, 0xe9, 0xff, 0xff, 0xc7, 0xe7, 0xff, 
	0xff, 0xd5, 0xec, 0xff, 0xff, 0xe0, 0xf1, 0xff, 
	0xff, 0xe0, 0xf1, 0xff, 0xff, 0xe0, 0xf1, 0xff, 
	0xff, 0xe0, 0xf1, 0xff, 0xff, 0xe0, 0xf1, 0xff, 
	0xff, 0xe0, 0xf1, 0xff, 0xff, 0xd5, 0xec, 0xff, 
	0xff, 0xc8, 0xe7, 0xff, 0xff, 0xc8, 0xe7, 0xff, 
	0xff, 0xc8, 0xe7, 0xff, 0xff, 0xc3, 0xe7, 0xff, 
	0xff, 0xc4, 0xe7, 0xff, 0xff, 0xc3, 0xe7, 0xff, 
	0xff, 0xc3, 0xe7, 0xff, 0xff, 0xc3, 0xe7, 0xff, 
	0xff, 0xd5, 0xec, 0xff, 0xff, 0xd5, 0xec, 0xff, 
	0xff, 0xdf, 0xef, 0xff, 0xff, 0xdf, 0xef, 0xff, 
	0xff, 0xdf, 0xef, 0xff, 0xff, 0xdf, 0xef, 0xff, 
	0xff, 0xdf, 0xef, 0xff, 0xff, 0xcc, 0xe9, 0xff, 
	0xff, 0xcc, 0xec, 0xff, 0xff, 0xc7, 0xe7, 0xff, 
	0xff, 0xc9, 0xe9, 0xff, 0xff, 0xc7, 0xe7, 0xff, 
	0xff, 0xc7, 0xe7, 0xff, 0xff, 0xc7, 0xe7, 0xff, 
	0xff, 0xc7, 0xe7, 0xff, 0xff, 0xdf, 0xef, 0xff, 
	0xff, 0xdf, 0xef, 0xff, 0xff, 0xd8, 0xec, 0xff, 
	0xff, 0xd8, 0xec, 0xff, 0xff, 0xcb, 0xe7, 0xff, 
	0xff, 0xbe, 0xe7, 0xff, 0xff, 0xd4, 0xec, 0xff, 
	0xff, 0xdf, 0xef, 0xff, 0xff, 0xdf, 0xef, 0xff, 
	0xff, 0xdf, 0xef, 0xff, 0xff, 0xdf, 0xef, 0xff, 
	0xff, 0xdf, 0xef, 0xff, 0xff, 0xd5, 0xec, 0xff, 
	0xff, 0xc8, 0xe7, 0xff, 0xff, 0xc8, 0xe7, 0xff, 
	0xff, 0xc3, 0xe7, 0xff, 0xff, 0xc5, 0xe7, 0xff, 
	0xff, 0xc7, 0xe7, 0xff, 0xff, 0xc7, 0xe7, 0xff, 
	0xff, 0xc7, 0xe7, 0xff, 0xff, 0xc7, 0xe7, 0xff, 
	0xff, 0xc9, 0xe9, 0xff, 0xff, 0xd4, 0xec, 0xff, 
	0xff, 0xd4, 0xec, 0xff, 0xff, 0xdf, 0xef, 0xff, 
	0xff, 0xdf, 0xef, 0xff, 0xff, 0xdf, 0xef, 0xff, 
	0xff, 0xdf, 0xef, 0xff, 0xff, 0xc3, 0xe7, 0xff, 
	0xff, 0xc9, 0xe9, 0xff, 0xff, 0xbf, 0xe3, 0xff, 
	0xff, 0xbf, 0xe3, 0xff, 0xff, 0xd3, 0xef, 0xff, 
	0xff, 0xdf, 0xef, 0xff, 0xff, 0xdf, 0xef, 0xff, 
	0xff, 0xdf, 0xef, 0xff, 0xff, 0xdf, 0xef, 0xff, 
	0xff, 0xe0, 0xf1, 0xff, 0xff, 0xe0, 0xf1, 0xff, 
	0xff, 0xd1, 0xec, 0xff, 0xff, 0xd1, 0xec, 0xff, 
	0xff, 0xc9, 0xe9, 0xff, 0xff, 0xc9, 0xe9, 0xff, 
	0xff, 0xc7, 0xe7, 0xff, 0xff, 0xc7, 0xe7, 0xff, 
	0xff, 0xc9, 0xe9, 0xff, 0xff, 0xc9, 0xe9, 0xff, 
	0xff, 0xc7, 0xe7, 0xff, 0xff, 0xc9, 0xe9, 0xff, 
	0xff, 0xc8, 0xe9, 0xff, 0xff, 0xc8, 0xe9, 0xff, 
	0xff, 0xc8, 0xe9, 0xff, 0xff, 0xc8, 0xe9, 0xff, 
	0xff, 0xc9, 0xe9, 0xff, 0xff, 0xc7, 0xe7, 0xff, 
	0xff, 0xc9, 0xe9, 0xff, 0xff, 0xc9, 0xe9, 0xff, 
	0xff, 0xc4, 0xe7, 0xff, 0xff, 0xc5, 0xe7, 0xff, 
	0xff, 0xc7, 0xe7, 0xff, 0xff, 0xc3, 0xe7, 0xff, 
	0xff, 0xc4, 0xe7, 0xff, 0xff, 0xc7, 0xe7, 0xff, 
	0xff, 0xc4, 0xe7, 0xff, 0xff, 0xc4, 0xe7, 0xff, 
	0xff, 0xc1, 0xe7, 0xff, 0xff, 0xbf, 0xe7, 0xff, 
	0xff, 0xbf, 0xe7, 0xff, 0xff, 0xbf, 0xe7, 0xff, 
	0xff, 0xc1, 0xe7, 0xff, 0xff, 0xc1, 0xe7, 0xff, 
	0xff, 0xc1, 0xe7, 0xff, 0xff, 0xc1, 0xe7, 0xff, 
	0xff, 0xc1, 0xe6, 0xff, 0xff, 0xc1, 0xe6, 0xff, 
	0xff, 0xc1, 0xe6, 0xff, 0xff, 0xc1, 0xe6, 0xff, 
	0xff, 0xdf, 0xef, 0xff, 0xff, 0xdf, 0xef, 0xff, 
	0xff, 0xdf, 0xef, 0xff, 0xff, 0xdf, 0xef, 0xff, 
	0xff, 0xe0, 0xef, 0xff, 0xff, 0xe0, 0xef, 0xff, 
	0xff, 0xe0, 0xef, 0xff, 0xff, 0xe0, 0xef, 0xff, 
	0xff, 0xe0, 0xef, 0xff, 0xff, 0xe0, 0xef, 0xff, 
	0xff, 0xe0, 0xef, 0xff, 0xff, 0xe0, 0xef, 0xff, 
	0xff, 0xdf, 0xef, 0xff, 0xff, 0xdf, 0xef, 0xff, 
	0xff, 0xc3, 0xe7, 0xff, 0xff, 0xc3, 0xe7, 0xff, 
	0xff, 0xc9, 0xe9, 0xff, 0xff, 0xc9, 0xe9, 0xff, 
	0xff, 0xc9, 0xe9, 0xff, 0xff, 0xc9, 0xe9, 0xff, 
	0xff, 0xd9, 0xec, 0xff, 0xff, 0xe0, 0xf1, 0xff, 
	0xff, 0xe0, 0xf1, 0xff, 0xff, 0xe0, 0xf1, 0xff, 
	0xff, 0xdf, 0xef, 0xff, 0xff, 0xdf, 0xef, 0xff, 
	0xff, 0xdf, 0xef, 0xff, 0xff, 0xdf, 0xef, 0xff, 
	0xff, 0xc7, 0xe7, 0xff, 0xff, 0xc7, 0xe7, 0xff, 
	0xff, 0xc7, 0xe7, 0xff, 0xff, 0xc7, 0xe7, 0xff, 
	0xff, 0xc5, 0xe7, 0xff, 0xff, 0xc8, 0xe7, 0xff, 
	0xff, 0xc3, 0xe7, 0xff, 0xff, 0xc5, 0xe7, 0xff, 
	0xff, 0xc3, 0xe7, 0xff, 0xff, 0xdf, 0xef, 0xff, 
	0xff, 0xdf, 0xef, 0xff, 0xff, 0xdf, 0xef, 0xff, 
	0xff, 0xe0, 0xf1, 0xff, 0xff, 0xe0, 0xf1, 0xff, 
	0xff, 0xe0, 0xf1, 0xff, 0xff, 0xe0, 0xf1, 0xff, 
	0xff, 0xdf, 0xef, 0xff, 0xff, 0xc9, 0xe9, 0xff, 
	0xff, 0xc9, 0xe9, 0xff, 0xff, 0xc9, 0xe9, 0xff, 
	0xff, 0xc9, 0xe9, 0xff, 0xff, 0xbe, 0xe7, 0xff, 
	0xff, 0xdf, 0xef, 0xff, 0xff, 0xdf, 0xef, 0xff, 
	0xff, 0xdf, 0xef, 0xff, 0xff, 0xdf, 0xef, 0xff, 
	0xff, 0xc7, 0xe7, 0xff, 0xff, 0xc7, 0xe7, 0xff, 
	0xff, 0xc7, 0xe7, 0xff, 0xff, 0xcf, 0xe9, 0xff, 
	0xff, 0xcf, 0xe9, 0xff, 0xff, 0xdf, 0xef, 0xff, 
	0xff, 0xe0, 0xef, 0xff, 0xff, 0xe0, 0xef, 0xff, 
	0xff, 0xe0, 0xef, 0xff, 0xff, 0xe0, 0xef, 0xff, 
	0xff, 0xc5, 0xe7, 0xff, 0xff, 0xc5, 0xe7, 0xff, 
	0xff, 0xc8, 0xe7, 0xff, 0xff, 0xc5, 0xe7, 0xff, 
	0xff, 0xc7, 0xe7, 0xff, 0xff, 0xc7, 0xe7, 0xff, 
	0xff, 0xc7, 0xe7, 0xff, 0xff, 0xc7, 0xe7, 0xff, 
	0xff, 0xcc, 0xe9, 0xff, 0xff, 0xcc, 0xe9, 0xff, 
	0xff, 0xdf, 0xef, 0xff, 0xff, 0xdf, 0xef, 0xff, 
	0xff, 0xdf, 0xef, 0xff, 0xff, 0xdf, 0xef, 0xff, 
	0xff, 0xd2, 0xe9, 0xff, 0xff, 0xba, 0xde, 0xff, 
	0xff, 0xbe, 0xde, 0xff, 0xff, 0xbe, 0xde, 0xff, 
	0xff, 0xc9, 0xe3, 0xff, 0xff, 0xdf, 0xef, 0xff, 
	0xff, 0xe0, 0xf1, 0xff, 0xff, 0xe0, 0xf1, 0xff, 
	0xff, 0xe0, 0xf1, 0xff, 0xff, 0xe0, 0xf1, 0xff, 
	0xff, 0xdf, 0xef, 0xff, 0xff, 0xdf, 0xef, 0xff, 
	0xff, 0xdf, 0xef, 0xff, 0xff, 0xc9, 0xe9, 0xff, 
	0xff, 0xcb, 0xe9, 0xff, 0xff, 0xcb, 0xe9, 0xff, 
	0xff, 0xcb, 0xe9, 0xff, 0xff, 0xcb, 0xe9, 0xff, 
	0xff, 0xcb, 0xe9, 0xff, 0xff, 0xcb, 0xe9, 0xff, 
	0xff, 0xcb, 0xe9, 0xff, 0xff, 0xcb, 0xe9, 0xff, 
	0xff, 0xc7, 0xe7, 0xff, 0xff, 0xc9, 0xe9, 0xff, 
	0xff, 0xc9, 0xe9, 0xff, 0xff, 0xc9, 0xe9, 0xff, 
	0xff, 0xc9, 0xe9, 0xff, 0xff, 0xc7, 0xe7, 0xff, 
	0xff, 0xc9, 0xe9, 0xff, 0xff, 0xc9, 0xe9, 0xff, 
	0xff, 0xc5, 0xe7, 0xff, 0xff, 0xc3, 0xe7, 0xff, 
	0xff, 0xc5, 0xe7, 0xff, 0xff, 0xc5, 0xe7, 0xff, 
	0xff, 0xc4, 0xe7, 0xff, 0xff, 0xc5, 0xe7, 0xff, 
	0xff, 0xc5, 0xe7, 0xff, 0xff, 0xc3, 0xe7, 0xff, 
	0xff, 0xc1, 0xe7, 0xff, 0xff, 0xbf, 0xe7, 0xff, 
	0xff, 0xbe, 0xe7, 0xff, 0xff, 0xbf, 0xe7, 0xff, 
	0xff, 0xc1, 0xe7, 0xff, 0xff, 0xc1, 0xe7, 0xff, 
	0xff, 0xc1, 0xe7, 0xff, 0xff, 0xbe, 0xe7, 0xff, 
	0xff, 0xc1, 0xe6, 0xff, 0xff, 0xc1, 0xe6, 0xff, 
	0xff, 0xc1, 0xe6, 0xff, 0xff, 0xc1, 0xe6, 0xff, 
	0xff, 0xc3, 0xe7, 0xff, 0xff, 0xdf, 0xef, 0xff, 
	0xff, 0xdf, 0xef, 0xff, 0xff, 0xdf, 0xef, 0xff, 
	0xff, 0xe0, 0xef, 0xff, 0xff, 0xe0, 0xef, 0xff, 
	0xff, 0xe0, 0xef, 0xff, 0xff, 0xe0, 0xef, 0xff, 
	0xff, 0xe0, 0xef, 0xff, 0xff, 0xe0, 0xef, 0xff, 
	0xff, 0xe0, 0xef, 0xff, 0xff, 0xe0, 0xef, 0xff, 
	0xff, 0xdf, 0xef, 0xff, 0xff, 0xdf, 0xef, 0xff, 
	0xff, 0xd5, 0xec, 0xff, 0xff, 0xc3, 0xe7, 0xff, 
	0xff, 0xc9, 0xe9, 0xff, 0xff, 0xc9, 0xe9, 0xff, 
	0xff, 0xc9, 0xe9, 0xff, 0xff, 0xdf, 0xef, 0xff, 
	0xff, 0xd9, 0xec, 0xff, 0xff, 0xe0, 0xf1, 0xff, 
	0xff, 0xe0, 0xf1, 0xff, 0xff, 0xe0, 0xf1, 0xff, 
	0xff, 0xdf, 0xef, 0xff, 0xff, 0xdf, 0xef, 0xff, 
	0xff, 0xdf, 0xef, 0xff, 0xff, 0xcf, 0xe9, 0xff, 
	0xff, 0xcf, 0xec, 0xff, 0xff, 0xc7, 0xe7, 0xff, 
	0xff, 0xc7, 0xe7, 0xff, 0xff, 0xc7, 0xe7, 0xff, 
	0xff, 0xc8, 0xe7, 0xff, 0xff, 0xc5, 0xe7, 0xff, 
	0xff, 0xc5, 0xe7, 0xff, 0xff, 0xc5, 0xe7, 0xff, 
	0xff, 0xd5, 0xec, 0xff, 0xff, 0xd5, 0xec, 0xff, 
	0xff, 0xdf, 0xef, 0xff, 0xff, 0xdf, 0xef, 0xff, 
	0xff, 0xe0, 0xf1, 0xff, 0xff, 0xe0, 0xf1, 0xff, 
	0xff, 0xe0, 0xf1, 0xff, 0xff, 0xe0, 0xf1, 0xff, 
	0xff, 0xdf, 0xef, 0xff, 0xff, 0xd4, 0xec, 0xff, 
	0xff, 0xc9, 0xe9, 0xff, 0xff, 0xc9, 0xe9, 0xff, 
	0xff, 0xbe, 0xe7, 0xff, 0xff, 0xc9, 0xe9, 0xff, 
	0xff, 0xd4, 0xec, 0xff, 0xff, 0xdf, 0xef, 0xff, 
	0xff, 0xdf, 0xef, 0xff, 0xff, 0xdf, 0xef, 0xff, 
	0xff, 0xdf, 0xef, 0xff, 0xff, 0xc7, 0xe7, 0xff, 
	0xff, 0xcf, 0xe9, 0xff, 0xff, 0xcf, 0xe9, 0xff, 
	0xff, 0xd7, 0xec, 0xff, 0xff, 0xd7, 0xec, 0xff, 
	0xff, 0xe0, 0xef, 0xff, 0xff, 0xe0, 0xef, 0xff, 
	0xff, 0xe0, 0xef, 0xff, 0xff, 0xe0, 0xef, 0xff, 
	0xff, 0xc5, 0xe7, 0xff, 0xff, 0xc8, 0xe7, 0xff, 
	0xff, 0xc8, 0xe7, 0xff, 0xff, 0xc8, 0xe7, 0xff, 
	0xff, 0xc7, 0xe7, 0xff, 0xff, 0xc7, 0xe7, 0xff, 
	0xff, 0xc7, 0xe7, 0xff, 0xff, 0xc8, 0xe9, 0xff, 
	0xff, 0xcc, 0xe9, 0xff, 0xff, 0xd5, 0xec, 0xff, 
	0xff, 0xd5, 0xec, 0xff, 0xff, 0xdf, 0xef, 0xff, 
	0xff, 0xdf, 0xef, 0xff, 0xff, 0xdf, 0xef, 0xff, 
	0xff, 0xdf, 0xef, 0xff, 0xff, 0xc6, 0xe3, 0xff, 
	0xff, 0xc9, 0xe3, 0xff, 0xff, 0xc9, 0xe3, 0xff, 
	0xff, 0xd4, 0xe9, 0xff, 0xff, 0xdf, 0xef, 0xff, 
	0xff, 0xe0, 0xf1, 0xff, 0xff, 0xe0, 0xf1, 0xff, 
	0xff, 0xe0, 0xf1, 0xff, 0xff, 0xe0, 0xf1, 0xff, 
	0xff, 0xdf, 0xef, 0xff, 0xff, 0xdf, 0xef, 0xff, 
	0xff, 0xdf, 0xef, 0xff, 0xff, 0xc9, 0xe9, 0xff, 
	0xff, 0xcb, 0xe9, 0xff, 0xff, 0xcb, 0xe9, 0xff, 
	0xff, 0xcb, 0xe9, 0xff, 0xff, 0xcb, 0xe9, 0xff, 
	0xff, 0xcb, 0xe9, 0xff, 0xff, 0xcb, 0xe9, 0xff, 
	0xff, 0xcb, 0xe9, 0xff, 0xff, 0xcb, 0xe9, 0xff, 
	0xff, 0xc9, 0xe9, 0xff, 0xff, 0xc9, 0xe9, 0xff, 
	0xff, 0xc9, 0xe9, 0xff, 0xff, 0xc7, 0xe7, 0xff, 
	0xff, 0xc9, 0xe9, 0xff, 0xff, 0xc9, 0xe9, 0xff, 
	0xff, 0xc9, 0xe9, 0xff, 0xff, 0xc9, 0xe9, 0xff, 
	0xff, 0xc3, 0xe7, 0xff, 0xff, 0xc4, 0xe7, 0xff, 
	0xff, 0xc3, 0xe7, 0xff, 0xff, 0xc3, 0xe7, 0xff, 
	0xff, 0xc3, 0xe7, 0xff, 0xff, 0xc3, 0xe7, 0xff, 
	0xff, 0xc3, 0xe7, 0xff, 0xff, 0xc5, 0xe7, 0xff, 
	0xff, 0xc1, 0xe7, 0xff, 0xff, 0xc1, 0xe7, 0xff, 
	0xff, 0xc1, 0xe7, 0xff, 0xff, 0xc1, 0xe7, 0xff, 
	0xff, 0xc1, 0xe7, 0xff, 0xff, 0xc1, 0xe7, 0xff, 
	0xff, 0xc1, 0xe7, 0xff, 0xff, 0xc1, 0xe7, 0xff, 
	0xff, 0xc1, 0xe6, 0xff, 0xff, 0xc1, 0xe6, 0xff, 
	0xff, 0xc1, 0xe6, 0xff, 0xff, 0xc1, 0xe6, 0xff, 
	0xff, 0xc3, 0xe7, 0xff, 0xff, 0xcc, 0xe9, 0xff, 
	0xff, 0xdf, 0xef, 0xff, 0xff, 0xdf, 0xef, 0xff, 
	0xff, 0xe0, 0xef, 0xff, 0xff, 0xe0, 0xef, 0xff, 
	0xff, 0xe0, 0xef, 0xff, 0xff, 0xdf, 0xef, 0xff, 
	0xff, 0xe0, 0xef, 0xff, 0xff, 0xe0, 0xef, 0xff, 
	0xff, 0xe0, 0xef, 0xff, 0xff, 0xdf, 0xef, 0xff, 
	0xff, 0xdf, 0xef, 0xff, 0xff, 0xdf, 0xef, 0xff, 
	0xff, 0xdf, 0xef, 0xff, 0xff, 0xdf, 0xef, 0xff, 
	0xff, 0xc9, 0xe9, 0xff, 0xff, 0xc9, 0xe9, 0xff, 
	0xff, 0xc9, 0xe9, 0xff, 0xff, 0xc9, 0xe9, 0xff, 
	0xff, 0xd9, 0xec, 0xff, 0xff, 0xe0, 0xf1, 0xff, 
	0xff, 0xe0, 0xf1, 0xff, 0xff, 0xe0, 0xf1, 0xff, 
	0xff, 0xdf, 0xef, 0xff, 0xff, 0xdf, 0xef, 0xff, 
	0xff, 0xdf, 0xef, 0xff, 0xff, 0xcf, 0xe9, 0xff, 
	0xff, 0xcb, 0xe9, 0xff, 0xff, 0xcb, 0xe9, 0xff, 
	0xff, 0xc7, 0xe7, 0xff, 0xff, 0xc7, 0xe7, 0xff, 
	0xff, 0xc5, 0xe7, 0xff, 0xff, 0xc5, 0xe7, 0xff, 
	0xff, 0xc8, 0xe7, 0xff, 0xff, 0xc8, 0xe7, 0xff, 
	0xff, 0xc3, 0xe7, 0xff, 0xff, 0xd5, 0xec, 0xff, 
	0xff, 0xdf, 0xef, 0xff, 0xff, 0xdf, 0xef, 0xff, 
	0xff, 0xe0, 0xf1, 0xff, 0xff, 0xe0, 0xf1, 0xff, 
	0xff, 0xe0, 0xf1, 0xff, 0xff, 0xd3, 0xef, 0xff, 
	0xff, 0xdf, 0xef, 0xff, 0xff, 0xd4, 0xec, 0xff, 
	0xff, 0xc9, 0xe9, 0xff, 0xff, 0xc9, 0xe9, 0xff, 
	0xff, 0xbe, 0xe7, 0xff, 0xff, 0xbe, 0xe7, 0xff, 
	0xff, 0xdf, 0xef, 0xff, 0xff, 0xdf, 0xef, 0xff, 
	0xff, 0xdf, 0xef, 0xff, 0xff, 0xdf, 0xef, 0xff, 
	0xff, 0xd7, 0xec, 0xff, 0xff, 0xd7, 0xec, 0xff, 
	0xff, 0xc7, 0xe7, 0xff, 0xff, 0xd7, 0xec, 0xff, 
	0xff, 0xdf, 0xef, 0xff, 0xff, 0xdf, 0xef, 0xff, 
	0xff, 0xe0, 0xef, 0xff, 0xff, 0xe0, 0xef, 0xff, 
	0xff, 0xe0, 0xef, 0xff, 0xff, 0xdf, 0xef, 0xff, 
	0xff, 0xcb, 0xe7, 0xff, 0xff, 0xc5, 0xe7, 0xff, 
	0xff, 0xc8, 0xe7, 0xff, 0xff, 0xc5, 0xe7, 0xff, 
	0xff, 0xc7, 0xe7, 0xff, 0xff, 0xc8, 0xe9, 0xff, 
	0xff, 0xc7, 0xe7, 0xff, 0xff, 0xc8, 0xe9, 0xff, 
	0xff, 0xcc, 0xe9, 0xff, 0xff, 0xdf, 0xef, 0xff, 
	0xff, 0xdf, 0xef, 0xff, 0xff, 0xdf, 0xef, 0xff, 
	0xff, 0xdf, 0xef, 0xff, 0xff, 0xdf, 0xef, 0xff, 
	0xff, 0xdf, 0xef, 0xff, 0xff, 0xdf, 0xef, 0xff, 
	0xff, 0xdf, 0xef, 0xff, 0xff, 0xd4, 0xe9, 0xff, 
	0xff, 0xdf, 0xef, 0xff, 0xff, 0xdf, 0xef, 0xff, 
	0xff, 0xe0, 0xf1, 0xff, 0xff, 0xe0, 0xf1, 0xff, 
	0xff, 0xdf, 0xef, 0xff, 0xff, 0xdf, 0xef, 0xff, 
	0xff, 0xdf, 0xef, 0xff, 0xff, 0xdf, 0xef, 0xff, 
	0xff, 0xc9, 0xe9, 0xff, 0xff, 0xc9, 0xe9, 0xff, 
	0xff, 0xcb, 0xe9, 0xff, 0xff, 0xcb, 0xe9, 0xff, 
	0xff, 0xcb, 0xe9, 0xff, 0xff, 0xcb, 0xe9, 0xff, 
	0xff, 0xcb, 0xe9, 0xff, 0xff, 0xcb, 0xe9, 0xff, 
	0xff, 0xcb, 0xe9, 0xff, 0xff, 0xcb, 0xe9, 0xff, 
	0xff, 0xc9, 0xe9, 0xff, 0xff, 0xc9, 0xe9, 0xff, 
	0xff, 0xc9, 0xe9, 0xff, 0xff, 0xc9, 0xe9, 0xff, 
	0xff, 0xc9, 0xe9, 0xff, 0xff, 0xc9, 0xe9, 0xff, 
	0xff, 0xc7, 0xe7, 0xff, 0xff, 0xc9, 0xe9, 0xff, 
	0xff, 0xc3, 0xe7, 0xff, 0xff, 0xc3, 0xe7, 0xff, 
	0xff, 0xc3, 0xe7, 0xff, 0xff, 0xc4, 0xe7, 0xff, 
	0xff, 0xc3, 0xe7, 0xff, 0xff, 0xc3, 0xe7, 0xff, 
	0xff, 0xc3, 0xe7, 0xff, 0xff, 0xc3, 0xe7, 0xff, 
	0xff, 0xc1, 0xe7, 0xff, 0xff, 0xc1, 0xe7, 0xff, 
	0xff, 0xc1, 0xe7, 0xff, 0xff, 0xc1, 0xe7, 0xff, 
	0xff, 0xc1, 0xe7, 0xff, 0xff, 0xc1, 0xe7, 0xff, 
	0xff, 0xbf, 0xe7, 0xff, 0xff, 0xc1, 0xe7, 0xff, 
	0xff, 0xc1, 0xe6, 0xff, 0xff, 0xc1, 0xe6, 0xff, 
	0xff, 0xc1, 0xe6, 0xff, 0xff, 0xc1, 0xe6, 0xff, 
	0xff, 0xc3, 0xe7, 0xff, 0xff, 0xc3, 0xe7, 0xff, 
	0xff, 0xd5, 0xec, 0xff, 0xff, 0xdf, 0xef, 0xff, 
	0xff, 0xe0, 0xef, 0xff, 0xff, 0xe0, 0xef, 0xff, 
	0xff, 0xe0, 0xef, 0xff, 0xff, 0xdf, 0xef, 0xff, 
	0xff, 0xe0, 0xef, 0xff, 0xff, 0xe0, 0xef, 0xff, 
	0xff, 0xe0, 0xef, 0xff, 0xff, 0xdf, 0xef, 0xff, 
	0xff, 0xdf, 0xef, 0xff, 0xff, 0xdf, 0xef, 0xff, 
	0xff, 0xdf, 0xef, 0xff, 0xff, 0xd5, 0xec, 0xff, 
	0xff, 0xd4, 0xec, 0xff, 0xff, 0xc9, 0xe9, 0xff, 
	0xff, 0xc9, 0xe9, 0xff, 0xff, 0xdf, 0xef, 0xff, 
	0xff, 0xd9, 0xec, 0xff, 0xff, 0xe0, 0xf1, 0xff, 
	0xff, 0xe0, 0xf1, 0xff, 0xff, 0xe0, 0xf1, 0xff, 
	0xff, 0xdf, 0xef, 0xff, 0xff, 0xdf, 0xef, 0xff, 
	0xff, 0xdf, 0xef, 0xff, 0xff, 0xcf, 0xe9, 0xff, 
	0xff, 0xcb, 0xe9, 0xff, 0xff, 0xcb, 0xe9, 0xff, 
	0xff, 0xcb, 0xe9, 0xff, 0xff, 0xc7, 0xe7, 0xff, 
	0xff, 0xc5, 0xe7, 0xff, 0xff, 0xc8, 0xe7, 0xff, 
	0xff, 0xc3, 0xe7, 0xff, 0xff, 0xc3, 0xe7, 0xff, 
	0xff, 0xc3, 0xe7, 0xff, 0xff, 0xc3, 0xe7, 0xff, 
	0xff, 0xdf, 0xef, 0xff, 0xff, 0xdf, 0xef, 0xff, 
	0xff, 0xe0, 0xf1, 0xff, 0xff, 0xe0, 0xf1, 0xff, 
	0xff, 0xe0, 0xf1, 0xff, 0xff, 0xe0, 0xf1, 0xff, 
	0xff, 0xc9, 0xe9, 0xff, 0xff, 0xd4, 0xec, 0xff, 
	0xff, 0xc9, 0xe9, 0xff, 0xff, 0xc9, 0xe9, 0xff, 
	0xff, 0xc9, 0xe9, 0xff, 0xff, 0xdf, 0xef, 0xff, 
	0xff, 0xdf, 0xef, 0xff, 0xff, 0xdf, 0xef, 0xff, 
	0xff, 0xdf, 0xef, 0xff, 0xff, 0xdf, 0xef, 0xff, 
	0xff, 0xc7, 0xe7, 0xff, 0xff, 0xc7, 0xe7, 0xff, 
	0xff, 0xc7, 0xe7, 0xff, 0xff, 0xc7, 0xe7, 0xff, 
	0xff, 0xdf, 0xef, 0xff, 0xff, 0xdf, 0xef, 0xff, 
	0xff, 0xe0, 0xef, 0xff, 0xff, 0xe0, 0xef, 0xff, 
	0xff, 0xe0, 0xef, 0xff, 0xff, 0xdf, 0xef, 0xff, 
	0xff, 0xcb, 0xe7, 0xff, 0xff, 0xc5, 0xe7, 0xff, 
	0xff, 0xc8, 0xe7, 0xff, 0xff, 0xc8, 0xe7, 0xff, 
	0xff, 0xc7, 0xe7, 0xff, 0xff, 0xc7, 0xe7, 0xff, 
	0xff, 0xc7, 0xe7, 0xff, 0xff, 0xc7, 0xe7, 0xff, 
	0xff, 0xcc, 0xe9, 0xff, 0xff, 0xd5, 0xec, 0xff, 
	0xff, 0xdf, 0xef, 0xff, 0xff, 0xdf, 0xef, 0xff, 
	0xff, 0xdf, 0xef, 0xff, 0xff, 0xdf, 0xef, 0xff, 
	0xff, 0xdf, 0xef, 0xff, 0xff, 0xdf, 0xef, 0xff, 
	0xff, 0xdf, 0xef, 0xff, 0xff, 0xd4, 0xe9, 0xff, 
	0xff, 0xdf, 0xef, 0xff, 0xff, 0xdf, 0xef, 0xff, 
	0xff, 0xe0, 0xf1, 0xff, 0xff, 0xe0, 0xf1, 0xff, 
	0xff, 0xdf, 0xef, 0xff, 0xff, 0xe0, 0xf1, 0xff, 
	0xff, 0xdf, 0xef, 0xff, 0xff, 0xc9, 0xe9, 0xff, 
	0xff, 0xc9, 0xe9, 0xff, 0xff, 0xc9, 0xe9, 0xff, 
	0xff, 0xcb, 0xe9, 0xff, 0xff, 0xcb, 0xe9, 0xff, 
	0xff, 0xcb, 0xe9, 0xff, 0xff, 0xcb, 0xe9, 0xff, 
	0xff, 0xcb, 0xe9, 0xff, 0xff, 0xcb, 0xe9, 0xff, 
	0xff, 0xcb, 0xe9, 0xff, 0xff, 0xcb, 0xe9, 0xff, 
	0xff, 0xcc, 0xec, 0xff, 0xff, 0xc9, 0xe9, 0xff, 
	0xff, 0xc9, 0xe9, 0xff, 0xff, 0xc9, 0xe9, 0xff, 
	0xff, 0xc9, 0xe9, 0xff, 0xff, 0xc9, 0xe9, 0xff, 
	0xff, 0xc9, 0xe9, 0xff, 0xff, 0xc9, 0xe9, 0xff, 
	0xff, 0xc1, 0xe7, 0xff, 0xff, 0xc1, 0xe7, 0xff, 
	0xff, 0xc1, 0xe7, 0xff, 0xff, 0xc3, 0xe7, 0xff, 
	0xff, 0xc1, 0xe7, 0xff, 0xff, 0xc4, 0xe7, 0xff, 
	0xff, 0xc4, 0xe7, 0xff, 0xff, 0xc1, 0xe7, 0xff, 
	0xff, 0xc1, 0xe6, 0xff, 0xff, 0xc1, 0xe6, 0xff, 
	0xff, 0xc1, 0xe6, 0xff, 0xff, 0xc1, 0xe6, 0xff, 
	0xff, 0xc1, 0xe6, 0xff, 0xff, 0xc1, 0xe6, 0xff, 
	0xff, 0xc1, 0xe6, 0xff, 0xff, 0xc1, 0xe6, 0xff, 
	0xff, 0xbf, 0xe4, 0xff, 0xff, 0xbf, 0xe4, 0xff, 
	0xff, 0xbf, 0xe4, 0xff, 0xff, 0xbf, 0xe4, 0xff, 
	0xff, 0xbf, 0xe3, 0xff, 0xff, 0xbf, 0xe3, 0xff, 
	0xff, 0xbf, 0xe3, 0xff, 0xff, 0xc9, 0xe9, 0xff, 
	0xff, 0xe7, 0xef, 0xff, 0xff, 0xe0, 0xef, 0xff, 
	0xff, 0xe0, 0xef, 0xff, 0xff, 0xe0, 0xef, 0xff, 
	0xff, 0xe0, 0xef, 0xff, 0xff, 0xe0, 0xef, 0xff, 
	0xff, 0xe0, 0xef, 0xff, 0xff, 0xe0, 0xef, 0xff, 
	0xff, 0xe0, 0xf1, 0xff, 0xff, 0xe0, 0xf1, 0xff, 
	0xff, 0xe0, 0xf1, 0xff, 0xff, 0xe0, 0xf1, 0xff, 
	0xff, 0xc9, 0xe9, 0xff, 0xff, 0xc9, 0xe9, 0xff, 
	0xff, 0xc9, 0xe9, 0xff, 0xff, 0xc9, 0xe9, 0xff, 
	0xff, 0xd9, 0xec, 0xff, 0xff, 0xd9, 0xec, 0xff, 
	0xff, 0xe0, 0xf1, 0xff, 0xff, 0xe0, 0xf1, 0xff, 
	0xff, 0xdf, 0xef, 0xff, 0xff, 0xdf, 0xef, 0xff, 
	0xff, 0xdf, 0xef, 0xff, 0xff, 0xcc, 0xe9, 0xff, 
	0xff, 0xc9, 0xe9, 0xff, 0xff, 0xc9, 0xe9, 0xff, 
	0xff, 0xc7, 0xe7, 0xff, 0xff, 0xc9, 0xe9, 0xff, 
	0xff, 0xc7, 0xe7, 0xff, 0xff, 0xc4, 0xe7, 0xff, 
	0xff, 0xc4, 0xe7, 0xff, 0xff, 0xc4, 0xe7, 0xff, 
	0xff, 0xdf, 0xef, 0xff, 0xff, 0xdf, 0xef, 0xff, 
	0xff, 0xdf, 0xef, 0xff, 0xff, 0xdf, 0xef, 0xff, 
	0xff, 0xdf, 0xef, 0xff, 0xff, 0xd8, 0xec, 0xff, 
	0xff, 0xdf, 0xef, 0xff, 0xff, 0xd1, 0xe9, 0xff, 
	0xff, 0xc3, 0xe7, 0xff, 0xff, 0xc3, 0xe7, 0xff, 
	0xff, 0xc5, 0xe7, 0xff, 0xff, 0xc5, 0xe7, 0xff, 
	0xff, 0xc3, 0xe7, 0xff, 0xff, 0xc3, 0xe7, 0xff, 
	0xff, 0xc3, 0xe7, 0xff, 0xff, 0xdf, 0xef, 0xff, 
	0xff, 0xdf, 0xef, 0xff, 0xff, 0xc9, 0xe3, 0xff, 
	0xff, 0xc9, 0xe3, 0xff, 0xff, 0xc9, 0xe3, 0xff, 
	0xff, 0xc9, 0xe3, 0xff, 0xff, 0xbe, 0xde, 0xff, 
	0xff, 0xbe, 0xde, 0xff, 0xff, 0xdf, 0xef, 0xff, 
	0xff, 0xe0, 0xef, 0xff, 0xff, 0xe0, 0xef, 0xff, 
	0xff, 0xe0, 0xef, 0xff, 0xff, 0xe0, 0xef, 0xff, 
	0xff, 0xdf, 0xef, 0xff, 0xff, 0xc7, 0xe7, 0xff, 
	0xff, 0xc7, 0xe7, 0xff, 0xff, 0xc7, 0xe7, 0xff, 
	0xff, 0xc5, 0xe7, 0xff, 0xff, 0xc5, 0xe7, 0xff, 
	0xff, 0xc8, 0xe7, 0xff, 0xff, 0xc8, 0xe7, 0xff, 
	0xff, 0xc3, 0xe7, 0xff, 0xff, 0xe0, 0xf1, 0xff, 
	0xff, 0xe0, 0xf1, 0xff, 0xff, 0xe0, 0xf1, 0xff, 
	0xff, 0xe0, 0xef, 0xff, 0xff, 0xe0, 0xef, 0xff, 
	0xff, 0xe0, 0xef, 0xff, 0xff, 0xe0, 0xef, 0xff, 
	0xff, 0xe0, 0xef, 0xff, 0xff, 0xdb, 0xef, 0xff, 
	0xff, 0xe0, 0xef, 0xff, 0xff, 0xe0, 0xef, 0xff, 
	0xff, 0xe0, 0xf1, 0xff, 0xff, 0xe0, 0xf1, 0xff, 
	0xff, 0xe0, 0xf1, 0xff, 0xff, 0xe0, 0xf1, 0xff, 
	0xff, 0xdf, 0xef, 0xff, 0xff, 0xc9, 0xe9, 0xff, 
	0xff, 0xc9, 0xe9, 0xff, 0xff, 0xc9, 0xe9, 0xff, 
	0xff, 0xcc, 0xe9, 0xff, 0xff, 0xcc, 0xe9, 0xff, 
	0xff, 0xcc, 0xe9, 0xff, 0xff, 0xcc, 0xe9, 0xff, 
	0xff, 0xcc, 0xe9, 0xff, 0xff, 0xcc, 0xe9, 0xff, 
	0xff, 0xcd, 0xec, 0xff, 0xff, 0xcc, 0xe9, 0xff, 
	0xff, 0xcb, 0xe9, 0xff, 0xff, 0xcb, 0xe9, 0xff, 
	0xff, 0xcb, 0xe9, 0xff, 0xff, 0xcb, 0xe9, 0xff, 
	0xff, 0xc7, 0xe7, 0xff, 0xff, 0xcb, 0xe9, 0xff, 
	0xff, 0xcb, 0xe9, 0xff, 0xff, 0xcb, 0xe9, 0xff, 
	0xff, 0xc1, 0xe7, 0xff, 0xff, 0xc1, 0xe7, 0xff, 
	0xff, 0xbf, 0xe7, 0xff, 0xff, 0xbf, 0xe7, 0xff, 
	0xff, 0xbe, 0xe7, 0xff, 0xff, 0xc1, 0xe7, 0xff, 
	0xff, 0xc1, 0xe7, 0xff, 0xff, 0xc1, 0xe7, 0xff, 
	0xff, 0xc1, 0xe6, 0xff, 0xff, 0xc1, 0xe6, 0xff, 
	0xff, 0xc1, 0xe6, 0xff, 0xff, 0xc1, 0xe6, 0xff, 
	0xff, 0xc1, 0xe6, 0xff, 0xff, 0xc1, 0xe6, 0xff, 
	0xff, 0xc1, 0xe6, 0xff, 0xff, 0xc1, 0xe6, 0xff, 
	0xff, 0xbf, 0xe4, 0xff, 0xff, 0xbf, 0xe4, 0xff, 
	0xff, 0xbf, 0xe4, 0xff, 0xff, 0xbf, 0xe4, 0xff, 
	0xff, 0xbf, 0xe3, 0xff, 0xff, 0xbf, 0xe3, 0xff, 
	0xff, 0xc9, 0xe9, 0xff, 0xff, 0xc9, 0xe9, 0xff, 
	0xff, 0xd3, 0xef, 0xff, 0xff, 0xe7, 0xef, 0xff, 
	0xff, 0xe0, 0xef, 0xff, 0xff, 0xe0, 0xef, 0xff, 
	0xff, 0xe0, 0xef, 0xff, 0xff, 0xe0, 0xef, 0xff, 
	0xff, 0xe0, 0xef, 0xff, 0xff, 0xe0, 0xef, 0xff, 
	0xff, 0xe0, 0xf1, 0xff, 0xff, 0xe0, 0xf1, 0xff, 
	0xff, 0xd1, 0xec, 0xff, 0xff, 0xe0, 0xf1, 0xff, 
	0xff, 0xdf, 0xef, 0xff, 0xff, 0xc9, 0xe9, 0xff, 
	0xff, 0xc9, 0xe9, 0xff, 0xff, 0xc9, 0xe9, 0xff, 
	0xff, 0xd9, 0xec, 0xff, 0xff, 0xe0, 0xf1, 0xff, 
	0xff, 0xe0, 0xf1, 0xff, 0xff, 0xe0, 0xf1, 0xff, 
	0xff, 0xdf, 0xef, 0xff, 0xff, 0xdf, 0xef, 0xff, 
	0xff, 0xdf, 0xef, 0xff, 0xff, 0xcc, 0xe9, 0xff, 
	0xff, 0xc7, 0xe7, 0xff, 0xff, 0xc7, 0xe7, 0xff, 
	0xff, 0xc7, 0xe7, 0xff, 0xff, 0xc7, 0xe7, 0xff, 
	0xff, 0xc3, 0xe7, 0xff, 0xff, 0xc4, 0xe7, 0xff, 
	0xff, 0xc4, 0xe7, 0xff, 0xff, 0xc4, 0xe7, 0xff, 
	0xff, 0xc2, 0xe6, 0xff, 0xff, 0xdf, 0xef, 0xff, 
	0xff, 0xdf, 0xef, 0xff, 0xff, 0xdf, 0xef, 0xff, 
	0xff, 0xdf, 0xef, 0xff, 0xff, 0xdf, 0xef, 0xff, 
	0xff, 0xdf, 0xef, 0xff, 0xff, 0xdf, 0xef, 0xff, 
	0xff, 0xc3, 0xe7, 0xff, 0xff, 0xc3, 0xe7, 0xff, 
	0xff, 0xc5, 0xe7, 0xff, 0xff, 0xc5, 0xe7, 0xff, 
	0xff, 0xc3, 0xe7, 0xff, 0xff, 0xc3, 0xe7, 0xff, 
	0xff, 0xcc, 0xe9, 0xff, 0xff, 0xdf, 0xef, 0xff, 
	0xff, 0xd4, 0xe9, 0xff, 0xff, 0xdf, 0xef, 0xff, 
	0xff, 0xbe, 0xde, 0xff, 0xff, 0xbe, 0xde, 0xff, 
	0xff, 0xc9, 0xe3, 0xff, 0xff, 0xc9, 0xe3, 0xff, 
	0xff, 0xc9, 0xe3, 0xff, 0xff, 0xc9, 0xe3, 0xff, 
	0xff, 0xe0, 0xef, 0xff, 0xff, 0xe0, 0xef, 0xff, 
	0xff, 0xe0, 0xef, 0xff, 0xff, 0xe0, 0xef, 0xff, 
	0xff, 0xdf, 0xef, 0xff, 0xff, 0xd7, 0xec, 0xff, 
	0xff, 0xc7, 0xe7, 0xff, 0xff, 0xc7, 0xe7, 0xff, 
	0xff, 0xc8, 0xe7, 0xff, 0xff, 0xc5, 0xe7, 0xff, 
	0xff, 0xc5, 0xe7, 0xff, 0xff, 0xc3, 0xe7, 0xff, 
	0xff, 0xc3, 0xe7, 0xff, 0xff, 0xd1, 0xec, 0xff, 
	0xff, 0xe0, 0xf1, 0xff, 0xff, 0xe0, 0xf1, 0xff, 
	0xff, 0xe0, 0xef, 0xff, 0xff, 0xe0, 0xef, 0xff, 
	0xff, 0xe0, 0xef, 0xff, 0xff, 0xe0, 0xef, 0xff, 
	0xff, 0xe0, 0xef, 0xff, 0xff, 0xe0, 0xef, 0xff, 
	0xff, 0xe0, 0xef, 0xff, 0xff, 0xe0, 0xef, 0xff, 
	0xff, 0xe0, 0xf1, 0xff, 0xff, 0xe0, 0xf1, 0xff, 
	0xff, 0xe0, 0xf1, 0xff, 0xff, 0xe0, 0xf1, 0xff, 
	0xff, 0xc9, 0xe9, 0xff, 0xff, 0xc9, 0xe9, 0xff, 
	0xff, 0xc9, 0xe9, 0xff, 0xff, 0xc9, 0xe9, 0xff, 
	0xff, 0xcc, 0xe9, 0xff, 0xff, 0xcc, 0xe9, 0xff, 
	0xff, 0xcc, 0xe9, 0xff, 0xff, 0xcc, 0xe9, 0xff, 
	0xff, 0xcc, 0xe9, 0xff, 0xff, 0xcb, 0xe7, 0xff, 
	0xff, 0xcc, 0xe9, 0xff, 0xff, 0xcb, 0xe7, 0xff, 
	0xff, 0xcb, 0xe9, 0xff, 0xff, 0xcb, 0xe9, 0xff, 
	0xff, 0xc7, 0xe7, 0xff, 0xff, 0xc7, 0xe7, 0xff, 
	0xff, 0xcb, 0xe9, 0xff, 0xff, 0xc7, 0xe7, 0xff, 
	0xff, 0xcb, 0xe9, 0xff, 0xff, 0xcb, 0xe9, 0xff, 
	0xff, 0xc1, 0xe7, 0xff, 0xff, 0xbf, 0xe7, 0xff, 
	0xff, 0xbe, 0xe7, 0xff, 0xff, 0xbf, 0xe7, 0xff, 
	0xff, 0xbe, 0xe7, 0xff, 0xff, 0xc1, 0xe7, 0xff, 
	0xff, 0xc1, 0xe7, 0xff, 0xff, 0xc1, 0xe7, 0xff, 
	0xff, 0xc1, 0xe6, 0xff, 0xff, 0xc1, 0xe6, 0xff, 
	0xff, 0xc1, 0xe6, 0xff, 0xff, 0xc1, 0xe6, 0xff, 
	0xff, 0xc1, 0xe6, 0xff, 0xff, 0xc1, 0xe6, 0xff, 
	0xff, 0xc1, 0xe6, 0xff, 0xff, 0xc1, 0xe6, 0xff, 
	0xff, 0xbf, 0xe4, 0xff, 0xff, 0xbf, 0xe4, 0xff, 
	0xff, 0xbf, 0xe4, 0xff, 0xff, 0xbf, 0xe4, 0xff, 
	0xff, 0xbf, 0xe3, 0xff, 0xff, 0xbf, 0xe3, 0xff, 
	0xff, 0xbf, 0xe3, 0xff, 0xff, 0xd3, 0xef, 0xff, 
	0xff, 0xd9, 0xef, 0xff, 0xff, 0xd9, 0xef, 0xff, 
	0xff, 0xe7, 0xef, 0xff, 0xff, 0xe7, 0xef, 0xff, 
	0xff, 0xdd, 0xef, 0xff, 0xff, 0xe0, 0xef, 0xff, 
	0xff, 0xe0, 0xef, 0xff, 0xff, 0xe0, 0xef, 0xff, 
	0xff, 0xe0, 0xf1, 0xff, 0xff, 0xe0, 0xf1, 0xff, 
	0xff, 0xe0, 0xf1, 0xff, 0xff, 0xc3, 0xe7, 0xff, 
	0xff, 0xc9, 0xe9, 0xff, 0xff, 0xc9, 0xe9, 0xff, 
	0xff, 0xc9, 0xe9, 0xff, 0xff, 0xc9, 0xe9, 0xff, 
	0xff, 0xd9, 0xec, 0xff, 0xff, 0xd9, 0xec, 0xff, 
	0xff, 0xe0, 0xf1, 0xff, 0xff, 0xe0, 0xf1, 0xff, 
	0xff, 0xdf, 0xef, 0xff, 0xff, 0xdf, 0xef, 0xff, 
	0xff, 0xdf, 0xef, 0xff, 0xff, 0xcc, 0xe9, 0xff, 
	0xff, 0xc9, 0xe9, 0xff, 0xff, 0xc9, 0xe9, 0xff, 
	0xff, 0xc9, 0xe9, 0xff, 0xff, 0xc7, 0xe7, 0xff, 
	0xff, 0xc4, 0xe7, 0xff, 0xff, 0xc4, 0xe7, 0xff, 
	0xff, 0xc4, 0xe7, 0xff, 0xff, 0xc4, 0xe7, 0xff, 
	0xff, 0xc2, 0xe6, 0xff, 0xff, 0xdf, 0xef, 0xff, 
	0xff, 0xdf, 0xef, 0xff, 0xff, 0xdf, 0xef, 0xff, 
	0xff, 0xdf, 0xef, 0xff, 0xff, 0xdf, 0xef, 0xff, 
	0xff, 0xdf, 0xef, 0xff, 0xff, 0xdf, 0xef, 0xff, 
	0xff, 0xc4, 0xe7, 0xff, 0xff, 0xc3, 0xe7, 0xff, 
	0xff, 0xc4, 0xe7, 0xff, 0xff, 0xc3, 0xe7, 0xff, 
	0xff, 0xc3, 0xe7, 0xff, 0xff, 0xdf, 0xef, 0xff, 
	0xff, 0xd5, 0xec, 0xff, 0xff, 0xdf, 0xef, 0xff, 
	0xff, 0xdf, 0xef, 0xff, 0xff, 0xdf, 0xef, 0xff, 
	0xff, 0xbe, 0xde, 0xff, 0xff, 0xc9, 0xe3, 0xff, 
	0xff, 0xc9, 0xe3, 0xff, 0xff, 0xc9, 0xe3, 0xff, 
	0xff, 0xc9, 0xe3, 0xff, 0xff, 0xdf, 0xef, 0xff, 
	0xff, 0xe0, 0xef, 0xff, 0xff, 0xe0, 0xef, 0xff, 
	0xff, 0xe0, 0xef, 0xff, 0xff, 0xdf, 0xef, 0xff, 
	0xff, 0xc7, 0xe7, 0xff, 0xff, 0xc7, 0xe7, 0xff, 
	0xff, 0xc7, 0xe7, 0xff, 0xff, 0xc7, 0xe7, 0xff, 
	0xff, 0xc8, 0xe7, 0xff, 0xff, 0xc8, 0xe7, 0xff, 
	0xff, 0xc5, 0xe7, 0xff, 0xff, 0xc5, 0xe7, 0xff, 
	0xff, 0xc3, 0xe7, 0xff, 0xff, 0xd1, 0xec, 0xff, 
	0xff, 0xe0, 0xf1, 0xff, 0xff, 0xe0, 0xf1, 0xff, 
	0xff, 0xe0, 0xef, 0xff, 0xff, 0xe0, 0xef, 0xff, 
	0xff, 0xe0, 0xef, 0xff, 0xff, 0xdf, 0xef, 0xff, 
	0xff, 0xe0, 0xef, 0xff, 0xff, 0xe0, 0xef, 0xff, 
	0xff, 0xdd, 0xef, 0xff, 0xff, 0xe0, 0xef, 0xff, 
	0xff, 0xe0, 0xf1, 0xff, 0xff, 0xe0, 0xf1, 0xff, 
	0xff, 0xe0, 0xf1, 0xff, 0xff, 0xd3, 0xef, 0xff, 
	0xff, 0xc9, 0xe9, 0xff, 0xff, 0xc9, 0xe9, 0xff, 
	0xff, 0xc9, 0xe9, 0xff, 0xff, 0xc9, 0xe9, 0xff, 
	0xff, 0xcc, 0xe9, 0xff, 0xff, 0xcc, 0xe9, 0xff, 
	0xff, 0xcc, 0xe9, 0xff, 0xff, 0xcc, 0xe9, 0xff, 
	0xff, 0xcc, 0xe9, 0xff, 0xff, 0xcc, 0xe9, 0xff, 
	0xff, 0xcc, 0xe9, 0xff, 0xff, 0xcc, 0xe9, 0xff, 
	0xff, 0xcb, 0xe9, 0xff, 0xff, 0xcb, 0xe9, 0xff, 
	0xff, 0xcb, 0xe9, 0xff, 0xff, 0xcb, 0xe9, 0xff, 
	0xff, 0xcb, 0xe9, 0xff, 0xff, 0xc7, 0xe7, 0xff, 
	0xff, 0xcb, 0xe9, 0xff, 0xff, 0xcb, 0xe9, 0xff, 
	0xff, 0xbe, 0xe7, 0xff, 0xff, 0xbe, 0xe7, 0xff, 
	0xff, 0xbf, 0xe7, 0xff, 0xff, 0xbe, 0xe7, 0xff, 
	0xff, 0xbe, 0xe7, 0xff, 0xff, 0xc1, 0xe7, 0xff, 
	0xff, 0xc1, 0xe7, 0xff, 0xff, 0xc1, 0xe7, 0xff, 
	0xff, 0xc1, 0xe6, 0xff, 0xff, 0xc1, 0xe6, 0xff, 
	0xff, 0xc1, 0xe6, 0xff, 0xff, 0xc1, 0xe6, 0xff, 
	0xff, 0xc1, 0xe6, 0xff, 0xff, 0xc1, 0xe6, 0xff, 
	0xff, 0xc1, 0xe6, 0xff, 0xff, 0xc1, 0xe6, 0xff, 
	0xff, 0xbf, 0xe4, 0xff, 0xff, 0xbf, 0xe4, 0xff, 
	0xff, 0xbf, 0xe4, 0xff, 0xff, 0xbf, 0xe4, 0xff, 
	0xff, 0xbf, 0xe3, 0xff, 0xff, 0xbf, 0xe3, 0xff, 
	0xff, 0xbf, 0xe3, 0xff, 0xff, 0xc9, 0xe9, 0xff, 
	0xff, 0xd9, 0xef, 0xff, 0xff, 0xd3, 0xef, 0xff, 
	0xff, 0xd3, 0xef, 0xff, 0xff, 0xe0, 0xef, 0xff, 
	0xff, 0xe0, 0xef, 0xff, 0xff, 0xe0, 0xef, 0xff, 
	0xff, 0xe0, 0xef, 0xff, 0xff, 0xe0, 0xef, 0xff, 
	0xff, 0xe0, 0xf1, 0xff, 0xff, 0xe0, 0xf1, 0xff, 
	0xff, 0xe0, 0xf1, 0xff, 0xff, 0xe0, 0xf1, 0xff, 
	0xff, 0xc9, 0xe9, 0xff, 0xff, 0xc9, 0xe9, 0xff, 
	0xff, 0xc9, 0xe9, 0xff, 0xff, 0xc9, 0xe9, 0xff, 
	0xff, 0xd9, 0xec, 0xff, 0xff, 0xd9, 0xec, 0xff, 
	0xff, 0xe0, 0xf1, 0xff, 0xff, 0xe0, 0xf1, 0xff, 
	0xff, 0xdf, 0xef, 0xff, 0xff, 0xdf, 0xef, 0xff, 
	0xff, 0xdf, 0xef, 0xff, 0xff, 0xcc, 0xe9, 0xff, 
	0xff, 0xc9, 0xe9, 0xff, 0xff, 0xc9, 0xe9, 0xff, 
	0xff, 0xc9, 0xe9, 0xff, 0xff, 0xc7, 0xe7, 0xff, 
	0xff, 0xc4, 0xe7, 0xff, 0xff, 0xc4, 0xe7, 0xff, 
	0xff, 0xc5, 0xe7, 0xff, 0xff, 0xc5, 0xe7, 0xff, 
	0xff, 0xc2, 0xe6, 0xff, 0xff, 0xc2, 0xe6, 0xff, 
	0xff, 0xdf, 0xef, 0xff, 0xff, 0xdf, 0xef, 0xff, 
	0xff, 0xdf, 0xef, 0xff, 0xff, 0xdf, 0xef, 0xff, 
	0xff, 0xdf, 0xef, 0xff, 0xff, 0xdf, 0xef, 0xff, 
	0xff, 0xc5, 0xe7, 0xff, 0xff, 0xc4, 0xe7, 0xff, 
	0xff, 0xc3, 0xe7, 0xff, 0xff, 0xc3, 0xe7, 0xff, 
	0xff, 0xdf, 0xef, 0xff, 0xff, 0xdf, 0xef, 0xff, 
	0xff, 0xdf, 0xef, 0xff, 0xff, 0xdf, 0xef, 0xff, 
	0xff, 0xdf, 0xef, 0xff, 0xff, 0xdf, 0xef, 0xff, 
	0xff, 0xdf, 0xef, 0xff, 0xff, 0xc9, 0xe3, 0xff, 
	0xff, 0xd4, 0xe9, 0xff, 0xff, 0xdf, 0xef, 0xff, 
	0xff, 0xdf, 0xef, 0xff, 0xff, 0xdf, 0xef, 0xff, 
	0xff, 0xe0, 0xef, 0xff, 0xff, 0xe0, 0xef, 0xff, 
	0xff, 0xe0, 0xef, 0xff, 0xff, 0xdf, 0xef, 0xff, 
	0xff, 0xc7, 0xe7, 0xff, 0xff, 0xc7, 0xe7, 0xff, 
	0xff, 0xc7, 0xe7, 0xff, 0xff, 0xc7, 0xe7, 0xff, 
	0xff, 0xc8, 0xe7, 0xff, 0xff, 0xc8, 0xe7, 0xff, 
	0xff, 0xc8, 0xe7, 0xff, 0xff, 0xc8, 0xe7, 0xff, 
	0xff, 0xc3, 0xe7, 0xff, 0xff, 0xd1, 0xec, 0xff, 
	0xff, 0xe0, 0xf1, 0xff, 0xff, 0xe0, 0xf1, 0xff, 
	0xff, 0xe0, 0xef, 0xff, 0xff, 0xe0, 0xef, 0xff, 
	0xff, 0xe0, 0xef, 0xff, 0xff, 0xdf, 0xef, 0xff, 
	0xff, 0xe0, 0xef, 0xff, 0xff, 0xdd, 0xef, 0xff, 
	0xff, 0xdd, 0xef, 0xff, 0xff, 0xe0, 0xef, 0xff, 
	0xff, 0xe0, 0xf1, 0xff, 0xff, 0xe0, 0xf1, 0xff, 
	0xff, 0xe0, 0xf1, 0xff, 0xff, 0xe0, 0xf1, 0xff, 
	0xff, 0xc9, 0xe9, 0xff, 0xff, 0xc9, 0xe9, 0xff, 
	0xff, 0xc9, 0xe9, 0xff, 0xff, 0xc9, 0xe9, 0xff, 
	0xff, 0xcc, 0xe9, 0xff, 0xff, 0xcc, 0xe9, 0xff, 
	0xff, 0xcc, 0xe9, 0xff, 0xff, 0xcc, 0xe9, 0xff, 
	0xff, 0xcb, 0xe7, 0xff, 0xff, 0xcb, 0xe7, 0xff, 
	0xff, 0xcd, 0xec, 0xff, 0xff, 0xcd, 0xec, 0xff, 
	0xff, 0xcb, 0xe9, 0xff, 0xff, 0xcb, 0xe9, 0xff, 
	0xff, 0xcf, 0xec, 0xff, 0xff, 0xcb, 0xe9, 0xff, 
	0xff, 0xcb, 0xe9, 0xff, 0xff, 0xcb, 0xe9, 0xff, 
	0xff, 0xcb, 0xe9, 0xff, 0xff, 0xcb, 0xe9, 0xff, 
	0xff, 0xc0, 0xe6, 0xff, 0xff, 0xc0, 0xe6, 0xff, 
	0xff, 0xc0, 0xe6, 0xff, 0xff, 0xc0, 0xe6, 0xff, 
	0xff, 0xc0, 0xe6, 0xff, 0xff, 0xc0, 0xe6, 0xff, 
	0xff, 0xc0, 0xe6, 0xff, 0xff, 0xc0, 0xe6, 0xff, 
	0xff, 0xc1, 0xe6, 0xff, 0xff, 0xc1, 0xe6, 0xff, 
	0xff, 0xc1, 0xe6, 0xff, 0xff, 0xc1, 0xe6, 0xff, 
	0xff, 0xbe, 0xe7, 0xff, 0xff, 0xbe, 0xe7, 0xff, 
	0xff, 0xbf, 0xe7, 0xff, 0xff, 0xbe, 0xe7, 0xff, 
	0xff, 0xbe, 0xe7, 0xff, 0xff, 0xbe, 0xe7, 0xff, 
	0xff, 0xc6, 0xe7, 0xff, 0xff, 0xbe, 0xe7, 0xff, 
	0xff, 0xc6, 0xe3, 0xff, 0xff, 0xc6, 0xe3, 0xff, 
	0xff, 0xc6, 0xe3, 0xff, 0xff, 0xc6, 0xe3, 0xff, 
	0xff, 0xcc, 0xe9, 0xff, 0xff, 0xdf, 0xef, 0xff, 
	0xff, 0xd5, 0xec, 0xff, 0xff, 0xdf, 0xef, 0xff, 
	0xff, 0xe0, 0xf1, 0xff, 0xff, 0xe0, 0xf1, 0xff, 
	0xff, 0xe0, 0xf1, 0xff, 0xff, 0xe0, 0xf1, 0xff, 
	0xff, 0xe0, 0xf1, 0xff, 0xff, 0xe0, 0xf1, 0xff, 
	0xff, 0xe0, 0xf1, 0xff, 0xff, 0xe0, 0xf1, 0xff, 
	0xff, 0xc9, 0xe9, 0xff, 0xff, 0xc9, 0xe9, 0xff, 
	0xff, 0xc9, 0xe9, 0xff, 0xff, 0xdf, 0xef, 0xff, 
	0xff, 0xcb, 0xe7, 0xff, 0xff, 0xd8, 0xec, 0xff, 
	0xff, 0xdf, 0xef, 0xff, 0xff, 0xdf, 0xef, 0xff, 
	0xff, 0xdf, 0xef, 0xff, 0xff, 0xdf, 0xef, 0xff, 
	0xff, 0xdf, 0xef, 0xff, 0xff, 0xc7, 0xe7, 0xff, 
	0xff, 0xcb, 0xe7, 0xff, 0xff, 0xc8, 0xe7, 0xff, 
	0xff, 0xc8, 0xe7, 0xff, 0xff, 0xc8, 0xe7, 0xff, 
	0xff, 0xc8, 0xe7, 0xff, 0xff, 0xc8, 0xe7, 0xff, 
	0xff, 0xc8, 0xe7, 0xff, 0xff, 0xc5, 0xe7, 0xff, 
	0xff, 0xc5, 0xe3, 0xff, 0xff, 0xe0, 0xf1, 0xff, 
	0xff, 0xe0, 0xf1, 0xff, 0xff, 0xe0, 0xf1, 0xff, 
	0xff, 0xdf, 0xef, 0xff, 0xff, 0xdf, 0xef, 0xff, 
	0xff, 0xdf, 0xef, 0xff, 0xff, 0xc9, 0xe9, 0xff, 
	0xff, 0xc5, 0xe7, 0xff, 0xff, 0xc3, 0xe7, 0xff, 
	0xff, 0xc3, 0xe7, 0xff, 0xff, 0xc5, 0xe7, 0xff, 
	0xff, 0xc3, 0xe7, 0xff, 0xff, 0xe0, 0xf1, 0xff, 
	0xff, 0xe0, 0xf1, 0xff, 0xff, 0xe0, 0xf1, 0xff, 
	0xff, 0xe0, 0xef, 0xff, 0xff, 0xe0, 0xef, 0xff, 
	0xff, 0xe0, 0xef, 0xff, 0xff, 0xe0, 0xef, 0xff, 
	0xff, 0xd7, 0xef, 0xff, 0xff, 0xe0, 0xf1, 0xff, 
	0xff, 0xe0, 0xf1, 0xff, 0xff, 0xe0, 0xf1, 0xff, 
	0xff, 0xe0, 0xef, 0xff, 0xff, 0xe0, 0xef, 0xff, 
	0xff, 0xe0, 0xef, 0xff, 0xff, 0xe0, 0xef, 0xff, 
	0xff, 0xdf, 0xef, 0xff, 0xff, 0xcf, 0xe9, 0xff, 
	0xff, 0xc7, 0xe7, 0xff, 0xff, 0xc7, 0xe7, 0xff, 
	0xff, 0xca, 0xe9, 0xff, 0xff, 0xca, 0xe9, 0xff, 
	0xff, 0xca, 0xe9, 0xff, 0xff, 0xca, 0xe9, 0xff, 
	0xff, 0xc9, 0xe3, 0xff, 0xff, 0xd4, 0xe9, 0xff, 
	0xff, 0xdf, 0xef, 0xff, 0xff, 0xdf, 0xef, 0xff, 
	0xff, 0xe0, 0xf1, 0xff, 0xff, 0xe0, 0xf1, 0xff, 
	0xff, 0xe0, 0xf1, 0xff, 0xff, 0xe0, 0xf1, 0xff, 
	0xff, 0xdf, 0xef, 0xff, 0xff, 0xdf, 0xef, 0xff, 
	0xff, 0xdf, 0xef, 0xff, 0xff, 0xdf, 0xef, 0xff, 
	0xff, 0xdf, 0xef, 0xff, 0xff, 0xdf, 0xef, 0xff, 
	0xff, 0xdf, 0xef, 0xff, 0xff, 0xc9, 0xe9, 0xff, 
	0xff, 0xc9, 0xe9, 0xff, 0xff, 0xc9, 0xe9, 0xff, 
	0xff, 0xc7, 0xe7, 0xff, 0xff, 0xc7, 0xe7, 0xff, 
	0xff, 0xc7, 0xe7, 0xff, 0xff, 0xc7, 0xe7, 0xff, 
	0xff, 0xc9, 0xe9, 0xff, 0xff, 0xc9, 0xe9, 0xff, 
	0xff, 0xcc, 0xec, 0xff, 0xff, 0xcc, 0xec, 0xff, 
	0xff, 0xcc, 0xec, 0xff, 0xff, 0xcc, 0xec, 0xff, 
	0xff, 0xcc, 0xe9, 0xff, 0xff, 0xcc, 0xe9, 0xff, 
	0xff, 0xcc, 0xe9, 0xff, 0xff, 0xcc, 0xe9, 0xff, 
	0xff, 0xcc, 0xe9, 0xff, 0xff, 0xcc, 0xe9, 0xff, 
	0xff, 0xcc, 0xe9, 0xff, 0xff, 0xcc, 0xe9, 0xff, 
	0xff, 0xc0, 0xe6, 0xff, 0xff, 0xc0, 0xe6, 0xff, 
	0xff, 0xc0, 0xe6, 0xff, 0xff, 0xc0, 0xe6, 0xff, 
	0xff, 0xc0, 0xe6, 0xff, 0xff, 0xc0, 0xe6, 0xff, 
	0xff, 0xc0, 0xe6, 0xff, 0xff, 0xc0, 0xe6, 0xff, 
	0xff, 0xc1, 0xe6, 0xff, 0xff, 0xc1, 0xe6, 0xff, 
	0xff, 0xc1, 0xe6, 0xff, 0xff, 0xc1, 0xe6, 0xff, 
	0xff, 0xbf, 0xe7, 0xff, 0xff, 0xbe, 0xe7, 0xff, 
	0xff, 0xbe, 0xe7, 0xff, 0xff, 0xbe, 0xe7, 0xff, 
	0xff, 0xbe, 0xe7, 0xff, 0xff, 0xbe, 0xe7, 0xff, 
	0xff, 0xbe, 0xe7, 0xff, 0xff, 0xbe, 0xe7, 0xff, 
	0xff, 0xd2, 0xe9, 0xff, 0xff, 0xd2, 0xe9, 0xff, 
	0xff, 0xd2, 0xe9, 0xff, 0xff, 0xc6, 0xe3, 0xff, 
	0xff, 0xc3, 0xe7, 0xff, 0xff, 0xc3, 0xe7, 0xff, 
	0xff, 0xdf, 0xef, 0xff, 0xff, 0xd5, 0xec, 0xff, 
	0xff, 0xd9, 0xec, 0xff, 0xff, 0xe0, 0xf1, 0xff, 
	0xff, 0xe0, 0xf1, 0xff, 0xff, 0xe0, 0xf1, 0xff, 
	0xff, 0xe0, 0xf1, 0xff, 0xff, 0xe0, 0xf1, 0xff, 
	0xff, 0xe0, 0xf1, 0xff, 0xff, 0xe0, 0xf1, 0xff, 
	0xff, 0xc9, 0xe9, 0xff, 0xff, 0xc9, 0xe9, 0xff, 
	0xff, 0xc9, 0xe9, 0xff, 0xff, 0xc9, 0xe9, 0xff, 
	0xff, 0xdf, 0xef, 0xff, 0xff, 0xdf, 0xef, 0xff, 
	0xff, 0xdf, 0xef, 0xff, 0xff, 0xdf, 0xef, 0xff, 
	0xff, 0xdf, 0xef, 0xff, 0xff, 0xdf, 0xef, 0xff, 
	0xff, 0xdf, 0xef, 0xff, 0xff, 0xd7, 0xec, 0xff, 
	0xff, 0xc8, 0xe7, 0xff, 0xff, 0xc8, 0xe7, 0xff, 
	0xff, 0xc5, 0xe7, 0xff, 0xff, 0xc5, 0xe7, 0xff, 
	0xff, 0xc5, 0xe7, 0xff, 0xff, 0xc5, 0xe7, 0xff, 
	0xff, 0xc8, 0xe7, 0xff, 0xff, 0xc8, 0xe7, 0xff, 
	0xff, 0xc5, 0xe3, 0xff, 0xff, 0xe0, 0xf1, 0xff, 
	0xff, 0xe0, 0xf1, 0xff, 0xff, 0xe0, 0xf1, 0xff, 
	0xff, 0xdf, 0xef, 0xff, 0xff, 0xdf, 0xef, 0xff, 
	0xff, 0xdf, 0xef, 0xff, 0xff, 0xdf, 0xef, 0xff, 
	0xff, 0xc3, 0xe7, 0xff, 0xff, 0xc5, 0xe7, 0xff, 
	0xff, 0xc3, 0xe7, 0xff, 0xff, 0xc3, 0xe7, 0xff, 
	0xff, 0xd1, 0xec, 0xff, 0xff, 0xe0, 0xf1, 0xff, 
	0xff, 0xe0, 0xf1, 0xff, 0xff, 0xe0, 0xf1, 0xff, 
	0xff, 0xe0, 0xef, 0xff, 0xff, 0xe0, 0xef, 0xff, 
	0xff, 0xe0, 0xef, 0xff, 0xff, 0xe0, 0xef, 0xff, 
	0xff, 0xe0, 0xf1, 0xff, 0xff, 0xe0, 0xf1, 0xff, 
	0xff, 0xe0, 0xf1, 0xff, 0xff, 0xe0, 0xf1, 0xff, 
	0xff, 0xe0, 0xef, 0xff, 0xff, 0xe0, 0xef, 0xff, 
	0xff, 0xe0, 0xef, 0xff, 0xff, 0xe0, 0xef, 0xff, 
	0xff, 0xd7, 0xec, 0xff, 0xff, 0xcf, 0xe9, 0xff, 
	0xff, 0xcf, 0xe9, 0xff, 0xff, 0xc7, 0xe7, 0xff, 
	0xff, 0xca, 0xe9, 0xff, 0xff, 0xca, 0xe9, 0xff, 
	0xff, 0xca, 0xe9, 0xff, 0xff, 0xca, 0xe9, 0xff, 
	0xff, 0xc9, 0xe3, 0xff, 0xff, 0xd4, 0xe9, 0xff, 
	0xff, 0xdf, 0xef, 0xff, 0xff, 0xdf, 0xef, 0xff, 
	0xff, 0xe0, 0xf1, 0xff, 0xff, 0xe0, 0xf1, 0xff, 
	0xff, 0xe0, 0xf1, 0xff, 0xff, 0xdb, 0xef, 0xff, 
	0xff, 0xd4, 0xec, 0xff, 0xff, 0xdf, 0xef, 0xff, 
	0xff, 0xdf, 0xef, 0xff, 0xff, 0xdf, 0xef, 0xff, 
	0xff, 0xdf, 0xef, 0xff, 0xff, 0xdf, 0xef, 0xff, 
	0xff, 0xc9, 0xe9, 0xff, 0xff, 0xd4, 0xec, 0xff, 
	0xff, 0xc7, 0xe7, 0xff, 0xff, 0xc9, 0xe9, 0xff, 
	0xff, 0xc9, 0xe9, 0xff, 0xff, 0xc9, 0xe9, 0xff, 
	0xff, 0xc9, 0xe9, 0xff, 0xff, 0xc9, 0xe9, 0xff, 
	0xff, 0xc9, 0xe9, 0xff, 0xff, 0xc9, 0xe9, 0xff, 
	0xff, 0xcc, 0xec, 0xff, 0xff, 0xc9, 0xe9, 0xff, 
	0xff, 0xc9, 0xe9, 0xff, 0xff, 0xc9, 0xe9, 0xff, 
	0xff, 0xcc, 0xe9, 0xff, 0xff, 0xcc, 0xe9, 0xff, 
	0xff, 0xcc, 0xe9, 0xff, 0xff, 0xcc, 0xe9, 0xff, 
	0xff, 0xcc, 0xe9, 0xff, 0xff, 0xcc, 0xe9, 0xff, 
	0xff, 0xcc, 0xe9, 0xff, 0xff, 0xcc, 0xe9, 0xff, 
	0xff, 0xc0, 0xe6, 0xff, 0xff, 0xc0, 0xe6, 0xff, 
	0xff, 0xc0, 0xe6, 0xff, 0xff, 0xc0, 0xe6, 0xff, 
	0xff, 0xc0, 0xe6, 0xff, 0xff, 0xc0, 0xe6, 0xff, 
	0xff, 0xc0, 0xe6, 0xff, 0xff, 0xc0, 0xe6, 0xff, 
	0xff, 0xc1, 0xe6, 0xff, 0xff, 0xc1, 0xe6, 0xff, 
	0xff, 0xc1, 0xe6, 0xff, 0xff, 0xc1, 0xe6, 0xff, 
	0xff, 0xc1, 0xe7, 0xff, 0xff, 0xbf, 0xe7, 0xff, 
	0xff, 0xbe, 0xe7, 0xff, 0xff, 0xbe, 0xe7, 0xff, 
	0xff, 0xbe, 0xe7, 0xff, 0xff, 0xbe, 0xe7, 0xff, 
	0xff, 0xbe, 0xe7, 0xff, 0xff, 0xce, 0xe7, 0xff, 
	0xff, 0xd2, 0xe9, 0xff, 0xff, 0xdf, 0xef, 0xff, 
	0xff, 0xdf, 0xef, 0xff, 0xff, 0xd2, 0xe9, 0xff, 
	0xff, 0xc3, 0xe7, 0xff, 0xff, 0xc3, 0xe7, 0xff, 
	0xff, 0xc3, 0xe7, 0xff, 0xff, 0xd5, 0xec, 0xff, 
	0xff, 0xe0, 0xf1, 0xff, 0xff, 0xe0, 0xf1, 0xff, 
	0xff, 0xd9, 0xec, 0xff, 0xff, 0xd9, 0xec, 0xff, 
	0xff, 0xe0, 0xf1, 0xff, 0xff, 0xe0, 0xf1, 0xff, 
	0xff, 0xe0, 0xf1, 0xff, 0xff, 0xd5, 0xec, 0xff, 
	0xff, 0xd4, 0xec, 0xff, 0xff, 0xc9, 0xe9, 0xff, 
	0xff, 0xc9, 0xe9, 0xff, 0xff, 0xdf, 0xef, 0xff, 
	0xff, 0xdf, 0xef, 0xff, 0xff, 0xdf, 0xef, 0xff, 
	0xff, 0xdf, 0xef, 0xff, 0xff, 0xdf, 0xef, 0xff, 
	0xff, 0xdf, 0xef, 0xff, 0xff, 0xdf, 0xef, 0xff, 
	0xff, 0xdf, 0xef, 0xff, 0xff, 0xdf, 0xef, 0xff, 
	0xff, 0xc8, 0xe7, 0xff, 0xff, 0xc8, 0xe7, 0xff, 
	0xff, 0xc5, 0xe7, 0xff, 0xff, 0xc3, 0xe7, 0xff, 
	0xff, 0xc5, 0xe7, 0xff, 0xff, 0xc5, 0xe7, 0xff, 
	0xff, 0xc8, 0xe7, 0xff, 0xff, 0xc5, 0xe7, 0xff, 
	0xff, 0xc5, 0xe3, 0xff, 0xff, 0xe0, 0xf1, 0xff, 
	0xff, 0xe0, 0xf1, 0xff, 0xff, 0xe0, 0xf1, 0xff, 
	0xff, 0xdf, 0xef, 0xff, 0xff, 0xdf, 0xef, 0xff, 
	0xff, 0xdf, 0xef, 0xff, 0xff, 0xd4, 0xec, 0xff, 
	0xff, 0xc3, 0xe7, 0xff, 0xff, 0xc3, 0xe7, 0xff, 
	0xff, 0xc3, 0xe7, 0xff, 0xff, 0xc3, 0xe7, 0xff, 
	0xff, 0xc3, 0xe7, 0xff, 0xff, 0xe0, 0xf1, 0xff, 
	0xff, 0xe0, 0xf1, 0xff, 0xff, 0xe0, 0xf1, 0xff, 
	0xff, 0xe0, 0xef, 0xff, 0xff, 0xe0, 0xef, 0xff, 
	0xff, 0xe0, 0xef, 0xff, 0xff, 0xdf, 0xef, 0xff, 
	0xff, 0xe0, 0xf1, 0xff, 0xff, 0xe0, 0xf1, 0xff, 
	0xff, 0xe0, 0xf1, 0xff, 0xff, 0xe0, 0xf1, 0xff, 
	0xff, 0xe0, 0xef, 0xff, 0xff, 0xe0, 0xef, 0xff, 
	0xff, 0xe0, 0xef, 0xff, 0xff, 0xdf, 0xef, 0xff, 
	0xff, 0xdf, 0xef, 0xff, 0xff, 0xc7, 0xe7, 0xff, 
	0xff, 0xc7, 0xe7, 0xff, 0xff, 0xc7, 0xe7, 0xff, 
	0xff, 0xca, 0xe9, 0xff, 0xff, 0xca, 0xe9, 0xff, 
	0xff, 0xca, 0xe9, 0xff, 0xff, 0xca, 0xe9, 0xff, 
	0xff, 0xc9, 0xe3, 0xff, 0xff, 0xc9, 0xe3, 0xff, 
	0xff, 0xdf, 0xef, 0xff, 0xff, 0xdf, 0xef, 0xff, 
	0xff, 0xe0, 0xf1, 0xff, 0xff, 0xe0, 0xf1, 0xff, 
	0xff, 0xe0, 0xf1, 0xff, 0xff, 0xdb, 0xef, 0xff, 
	0xff, 0xc9, 0xe9, 0xff, 0xff, 0xc9, 0xe9, 0xff, 
	0xff, 0xd4, 0xec, 0xff, 0xff, 0xd4, 0xec, 0xff, 
	0xff, 0xd4, 0xec, 0xff, 0xff, 0xc9, 0xe9, 0xff, 
	0xff, 0xc9, 0xe9, 0xff, 0xff, 0xc9, 0xe9, 0xff, 
	0xff, 0xc9, 0xe9, 0xff, 0xff, 0xc9, 0xe9, 0xff, 
	0xff, 0xc9, 0xe9, 0xff, 0xff, 0xc9, 0xe9, 0xff, 
	0xff, 0xc9, 0xe9, 0xff, 0xff, 0xc9, 0xe9, 0xff, 
	0xff, 0xc9, 0xe9, 0xff, 0xff, 0xc9, 0xe9, 0xff, 
	0xff, 0xc9, 0xe9, 0xff, 0xff, 0xc9, 0xe9, 0xff, 
	0xff, 0xc9, 0xe9, 0xff, 0xff, 0xc9, 0xe9, 0xff, 
	0xff, 0xcc, 0xe9, 0xff, 0xff, 0xcc, 0xe9, 0xff, 
	0xff, 0xcc, 0xe9, 0xff, 0xff, 0xd1, 0xec, 0xff, 
	0xff, 0xcc, 0xe9, 0xff, 0xff, 0xcc, 0xe9, 0xff, 
	0xff, 0xcc, 0xe9, 0xff, 0xff, 0xcc, 0xe9, 0xff, 
	0xff, 0xc0, 0xe6, 0xff, 0xff, 0xc0, 0xe6, 0xff, 
	0xff, 0xc0, 0xe6, 0xff, 0xff, 0xc0, 0xe6, 0xff, 
	0xff, 0xc0, 0xe6, 0xff, 0xff, 0xc0, 0xe6, 0xff, 
	0xff, 0xc0, 0xe6, 0xff, 0xff, 0xc0, 0xe6, 0xff, 
	0xff, 0xc1, 0xe6, 0xff, 0xff, 0xc1, 0xe6, 0xff, 
	0xff, 0xc1, 0xe6, 0xff, 0xff, 0xc1, 0xe6, 0xff, 
	0xff, 0xbf, 0xe7, 0xff, 0xff, 0xbe, 0xe7, 0xff, 
	0xff, 0xc1, 0xe7, 0xff, 0xff, 0xc1, 0xe7, 0xff, 
	0xff, 0xbe, 0xe7, 0xff, 0xff, 0xbe, 0xe7, 0xff, 
	0xff, 0xbe, 0xe7, 0xff, 0xff, 0xd7, 0xe7, 0xff, 
	0xff, 0xdf, 0xef, 0xff, 0xff, 0xdf, 0xef, 0xff, 
	0xff, 0xdf, 0xef, 0xff, 0xff, 0xc6, 0xe3, 0xff, 
	0xff, 0xc3, 0xe7, 0xff, 0xff, 0xc3, 0xe7, 0xff, 
	0xff, 0xc3, 0xe7, 0xff, 0xff, 0xc3, 0xe7, 0xff, 
	0xff, 0xd3, 0xe7, 0xff, 0xff, 0xd9, 0xec, 0xff, 
	0xff, 0xe0, 0xf1, 0xff, 0xff, 0xe0, 0xf1, 0xff, 
	0xff, 0xe0, 0xf1, 0xff, 0xff, 0xe0, 0xf1, 0xff, 
	0xff, 0xe0, 0xf1, 0xff, 0xff, 0xe0, 0xf1, 0xff, 
	0xff, 0xd4, 0xec, 0xff, 0xff, 0xc9, 0xe9, 0xff, 
	0xff, 0xc9, 0xe9, 0xff, 0xff, 0xd4, 0xec, 0xff, 
	0xff, 0xd1, 0xe9, 0xff, 0xff, 0xdf, 0xef, 0xff, 
	0xff, 0xdf, 0xef, 0xff, 0xff, 0xdf, 0xef, 0xff, 
	0xff, 0xdf, 0xef, 0xff, 0xff, 0xdf, 0xef, 0xff, 
	0xff, 0xdf, 0xef, 0xff, 0xff, 0xd7, 0xec, 0xff, 
	0xff, 0xc3, 0xe7, 0xff, 0xff, 0xc3, 0xe7, 0xff, 
	0xff, 0xc8, 0xe7, 0xff, 0xff, 0xc8, 0xe7, 0xff, 
	0xff, 0xc5, 0xe7, 0xff, 0xff, 0xc5, 0xe7, 0xff, 
	0xff, 0xc8, 0xe7, 0xff, 0xff, 0xcb, 0xe7, 0xff, 
	0xff, 0xc5, 0xe3, 0xff, 0xff, 0xe0, 0xf1, 0xff, 
	0xff, 0xe0, 0xf1, 0xff, 0xff, 0xe0, 0xf1, 0xff, 
	0xff, 0xdf, 0xef, 0xff, 0xff, 0xdf, 0xef, 0xff, 
	0xff, 0xdf, 0xef, 0xff, 0xff, 0xd4, 0xec, 0xff, 
	0xff, 0xc8, 0xe7, 0xff, 0xff, 0xc3, 0xe7, 0xff, 
	0xff, 0xc3, 0xe7, 0xff, 0xff, 0xcb, 0xe7, 0xff, 
	0xff, 0xe0, 0xf1, 0xff, 0xff, 0xe0, 0xf1, 0xff, 
	0xff, 0xe0, 0xf1, 0xff, 0xff, 0xe0, 0xf1, 0xff, 
	0xff, 0xe0, 0xef, 0xff, 0xff, 0xe0, 0xef, 0xff, 
	0xff, 0xe0, 0xef, 0xff, 0xff, 0xdf, 0xef, 0xff, 
	0xff, 0xe0, 0xf1, 0xff, 0xff, 0xe0, 0xf1, 0xff, 
	0xff, 0xe0, 0xf1, 0xff, 0xff, 0xe0, 0xf1, 0xff, 
	0xff, 0xe0, 0xef, 0xff, 0xff, 0xe0, 0xef, 0xff, 
	0xff, 0xe0, 0xef, 0xff, 0xff, 0xdf, 0xef, 0xff, 
	0xff, 0xdf, 0xef, 0xff, 0xff, 0xc7, 0xe7, 0xff, 
	0xff, 0xc7, 0xe7, 0xff, 0xff, 0xc7, 0xe7, 0xff, 
	0xff, 0xca, 0xe9, 0xff, 0xff, 0xca, 0xe9, 0xff, 
	0xff, 0xca, 0xe9, 0xff, 0xff, 0xca, 0xe9, 0xff, 
	0xff, 0xd4, 0xe9, 0xff, 0xff, 0xd4, 0xe9, 0xff, 
	0xff, 0xdf, 0xef, 0xff, 0xff, 0xdf, 0xef, 0xff, 
	0xff, 0xe0, 0xf1, 0xff, 0xff, 0xe0, 0xf1, 0xff, 
	0xff, 0xe0, 0xf1, 0xff, 0xff, 0xdb, 0xef, 0xff, 
	0xff, 0xc9, 0xe9, 0xff, 0xff, 0xc9, 0xe9, 0xff, 
	0xff, 0xc9, 0xe9, 0xff, 0xff, 0xc9, 0xe9, 0xff, 
	0xff, 0xc9, 0xe9, 0xff, 0xff, 0xc9, 0xe9, 0xff, 
	0xff, 0xc9, 0xe9, 0xff, 0xff, 0xc9, 0xe9, 0xff, 
	0xff, 0xc9, 0xe9, 0xff, 0xff, 0xc9, 0xe9, 0xff, 
	0xff, 0xc9, 0xe9, 0xff, 0xff, 0xc9, 0xe9, 0xff, 
	0xff, 0xc7, 0xe7, 0xff, 0xff, 0xc7, 0xe7, 0xff, 
	0xff, 0xc7, 0xe7, 0xff, 0xff, 0xc9, 0xe9, 0xff, 
	0xff, 0xc9, 0xe9, 0xff, 0xff, 0xc9, 0xe9, 0xff, 
	0xff, 0xc9, 0xe9, 0xff, 0xff, 0xc7, 0xe7, 0xff, 
	0xff, 0xc7, 0xe7, 0xff, 0xff, 0xc7, 0xe7, 0xff, 
	0xff, 0xcc, 0xe9, 0xff, 0xff, 0xcc, 0xe9, 0xff, 
	0xff, 0xcc, 0xe9, 0xff, 0xff, 0xcc, 0xe9, 0xff, 
	0xff, 0xcc, 0xe9, 0xff, 0xff, 0xcc, 0xe9, 0xff, 
	0xff, 0xc0, 0xe6, 0xff, 0xff, 0xc0, 0xe6, 0xff, 
	0xff, 0xc0, 0xe6, 0xff, 0xff, 0xc0, 0xe6, 0xff, 
	0xff, 0xc0, 0xe7, 0xff, 0xff, 0xc0, 0xe7, 0xff, 
	0xff, 0xbd, 0xe7, 0xff, 0xff, 0xc0, 0xe7, 0xff, 
	0xff, 0xbe, 0xe7, 0xff, 0xff, 0xbe, 0xe7, 0xff, 
	0xff, 0xbe, 0xe7, 0xff, 0xff, 0xbe, 0xe7, 0xff, 
	0xff, 0xbf, 0xe7, 0xff, 0xff, 0xbf, 0xe7, 0xff, 
	0xff, 0xbf, 0xe7, 0xff, 0xff, 0xbe, 0xe7, 0xff, 
	0xff, 0xbe, 0xe7, 0xff, 0xff, 0xbe, 0xe7, 0xff, 
	0xff, 0xbe, 0xe7, 0xff, 0xff, 0xd4, 0xec, 0xff, 
	0xff, 0xe0, 0xef, 0xff, 0xff, 0xe0, 0xef, 0xff, 
	0xff, 0xe0, 0xef, 0xff, 0xff, 0xe0, 0xef, 0xff, 
	0xff, 0xc3, 0xe7, 0xff, 0xff, 0xc3, 0xe7, 0xff, 
	0xff, 0xc3, 0xe7, 0xff, 0xff, 0xc3, 0xe7, 0xff, 
	0xff, 0xc3, 0xe7, 0xff, 0xff, 0xcd, 0xe9, 0xff, 
	0xff, 0xe3, 0xef, 0xff, 0xff, 0xe3, 0xef, 0xff, 
	0xff, 0xdf, 0xef, 0xff, 0xff, 0xdf, 0xef, 0xff, 
	0xff, 0xdf, 0xef, 0xff, 0xff, 0xdf, 0xef, 0xff, 
	0xff, 0xc9, 0xe9, 0xff, 0xff, 0xc9, 0xe9, 0xff, 
	0xff, 0xc9, 0xe9, 0xff, 0xff, 0xc9, 0xe9, 0xff, 
	0xff, 0xdf, 0xef, 0xff, 0xff, 0xdf, 0xef, 0xff, 
	0xff, 0xdf, 0xef, 0xff, 0xff, 0xdf, 0xef, 0xff, 
	0xff, 0xdf, 0xef, 0xff, 0xff, 0xdf, 0xef, 0xff, 
	0xff, 0xdf, 0xef, 0xff, 0xff, 0xdf, 0xef, 0xff, 
	0xff, 0xc5, 0xe3, 0xff, 0xff, 0xc5, 0xe3, 0xff, 
	0xff, 0xc5, 0xe3, 0xff, 0xff, 0xc5, 0xe3, 0xff, 
	0xff, 0xc5, 0xe3, 0xff, 0xff, 0xc5, 0xe3, 0xff, 
	0xff, 0xc5, 0xe3, 0xff, 0xff, 0xc5, 0xe3, 0xff, 
	0xff, 0xdd, 0xef, 0xff, 0xff, 0xe0, 0xef, 0xff, 
	0xff, 0xe0, 0xef, 0xff, 0xff, 0xe0, 0xef, 0xff, 
	0xff, 0xe0, 0xf1, 0xff, 0xff, 0xe0, 0xf1, 0xff, 
	0xff, 0xe0, 0xf1, 0xff, 0xff, 0xd1, 0xec, 0xff, 
	0xff, 0xbe, 0xe7, 0xff, 0xff, 0xbe, 0xe7, 0xff, 
	0xff, 0xc1, 0xe7, 0xff, 0xff, 0xbe, 0xe7, 0xff, 
	0xff, 0xe0, 0xf1, 0xff, 0xff, 0xe0, 0xf1, 0xff, 
	0xff, 0xe0, 0xf1, 0xff, 0xff, 0xe0, 0xf1, 0xff, 
	0xff, 0xdf, 0xf1, 0xff, 0xff, 0xdf, 0xf1, 0xff, 
	0xff, 0xdf, 0xf1, 0xff, 0xff, 0xdf, 0xf1, 0xff, 
	0xff, 0xe1, 0xf1, 0xff, 0xff, 0xe1, 0xf1, 0xff, 
	0xff, 0xe1, 0xf1, 0xff, 0xff, 0xe1, 0xf1, 0xff, 
	0xff, 0xe0, 0xef, 0xff, 0xff, 0xe0, 0xef, 0xff, 
	0xff, 0xe0, 0xef, 0xff, 0xff, 0xe0, 0xef, 0xff, 
	0xff, 0xdf, 0xef, 0xff, 0xff, 0xc7, 0xe7, 0xff, 
	0xff, 0xc7, 0xe7, 0xff, 0xff, 0xc7, 0xe7, 0xff, 
	0xff, 0xc9, 0xe9, 0xff, 0xff, 0xc9, 0xe9, 0xff, 
	0xff, 0xc9, 0xe9, 0xff, 0xff, 0xc9, 0xe9, 0xff, 
	0xff, 0xd4, 0xe9, 0xff, 0xff, 0xdf, 0xef, 0xff, 
	0xff, 0xdf, 0xef, 0xff, 0xff, 0xdf, 0xef, 0xff, 
	0xff, 0xe0, 0xef, 0xff, 0xff, 0xe0, 0xef, 0xff, 
	0xff, 0xe0, 0xef, 0xff, 0xff, 0xd9, 0xef, 0xff, 
	0xff, 0xc8, 0xe9, 0xff, 0xff, 0xc8, 0xe9, 0xff, 
	0xff, 0xc7, 0xe7, 0xff, 0xff, 0xc8, 0xe9, 0xff, 
	0xff, 0xca, 0xe9, 0xff, 0xff, 0xca, 0xe9, 0xff, 
	0xff, 0xca, 0xe9, 0xff, 0xff, 0xca, 0xe9, 0xff, 
	0xff, 0xc9, 0xe9, 0xff, 0xff, 0xc9, 0xe9, 0xff, 
	0xff, 0xc9, 0xe9, 0xff, 0xff, 0xc9, 0xe9, 0xff, 
	0xff, 0xc7, 0xe7, 0xff, 0xff, 0xc8, 0xe9, 0xff, 
	0xff, 0xc8, 0xe9, 0xff, 0xff, 0xc8, 0xe9, 0xff, 
	0xff, 0xc7, 0xe7, 0xff, 0xff, 0xc7, 0xe7, 0xff, 
	0xff, 0xc7, 0xe7, 0xff, 0xff, 0xc8, 0xe9, 0xff, 
	0xff, 0xcc, 0xe9, 0xff, 0xff, 0xcc, 0xe9, 0xff, 
	0xff, 0xcc, 0xe9, 0xff, 0xff, 0xcc, 0xe9, 0xff, 
	0xff, 0xcb, 0xe7, 0xff, 0xff, 0xcc, 0xe9, 0xff, 
	0xff, 0xcc, 0xe9, 0xff, 0xff, 0xcc, 0xe9, 0xff, 
	0xff, 0xc0, 0xe6, 0xff, 0xff, 0xc0, 0xe6, 0xff, 
	0xff, 0xc0, 0xe6, 0xff, 0xff, 0xc0, 0xe6, 0xff, 
	0xff, 0xc3, 0xe7, 0xff, 0xff, 0xbd, 0xe7, 0xff, 
	0xff, 0xbd, 0xe7, 0xff, 0xff, 0xc0, 0xe7, 0xff, 
	0xff, 0xbe, 0xe7, 0xff, 0xff, 0xbe, 0xe7, 0xff, 
	0xff, 0xbe, 0xe7, 0xff, 0xff, 0xbe, 0xe7, 0xff, 
	0xff, 0xbf, 0xe7, 0xff, 0xff, 0xbf, 0xe7, 0xff, 
	0xff, 0xbe, 0xe7, 0xff, 0xff, 0xbe, 0xe7, 0xff, 
	0xff, 0xbe, 0xe7, 0xff, 0xff, 0xbe, 0xe7, 0xff, 
	0xff, 0xd4, 0xec, 0xff, 0xff, 0xd4, 0xec, 0xff, 
	0xff, 0xd9, 0xef, 0xff, 0xff, 0xe0, 0xef, 0xff, 
	0xff, 0xe0, 0xef, 0xff, 0xff, 0xd9, 0xef, 0xff, 
	0xff, 0xc3, 0xde, 0xff, 0xff, 0xc3, 0xe1, 0xff, 
	0xff, 0xc3, 0xe7, 0xff, 0xff, 0xc3, 0xe7, 0xff, 
	0xff, 0xc3, 0xe7, 0xff, 0xff, 0xc3, 0xe7, 0xff, 
	0xff, 0xe3, 0xef, 0xff, 0xff, 0xe3, 0xef, 0xff, 
	0xff, 0xdf, 0xef, 0xff, 0xff, 0xdf, 0xef, 0xff, 
	0xff, 0xdf, 0xef, 0xff, 0xff, 0xdf, 0xef, 0xff, 
	0xff, 0xdf, 0xef, 0xff, 0xff, 0xc9, 0xe9, 0xff, 
	0xff, 0xc9, 0xe9, 0xff, 0xff, 0xc9, 0xe9, 0xff, 
	0xff, 0xdf, 0xef, 0xff, 0xff, 0xdf, 0xef, 0xff, 
	0xff, 0xdf, 0xef, 0xff, 0xff, 0xdf, 0xef, 0xff, 
	0xff, 0xdf, 0xef, 0xff, 0xff, 0xdf, 0xef, 0xff, 
	0xff, 0xdf, 0xef, 0xff, 0xff, 0xc7, 0xe7, 0xff, 
	0xff, 0xdb, 0xef, 0xff, 0xff, 0xc5, 0xe3, 0xff, 
	0xff, 0xc5, 0xe3, 0xff, 0xff, 0xc5, 0xe3, 0xff, 
	0xff, 0xc5, 0xe3, 0xff, 0xff, 0xc5, 0xe3, 0xff, 
	0xff, 0xc5, 0xe3, 0xff, 0xff, 0xe0, 0xf1, 0xff, 
	0xff, 0xdb, 0xef, 0xff, 0xff, 0xe0, 0xef, 0xff, 
	0xff, 0xe0, 0xef, 0xff, 0xff, 0xe0, 0xef, 0xff, 
	0xff, 0xe0, 0xf1, 0xff, 0xff, 0xe0, 0xf1, 0xff, 
	0xff, 0xe0, 0xf1, 0xff, 0xff, 0xc3, 0xe7, 0xff, 
	0xff, 0xbe, 0xe7, 0xff, 0xff, 0xc1, 0xe7, 0xff, 
	0xff, 0xc1, 0xe7, 0xff, 0xff, 0xbe, 0xe7, 0xff, 
	0xff, 0xe0, 0xf1, 0xff, 0xff, 0xe0, 0xf1, 0xff, 
	0xff, 0xe0, 0xf1, 0xff, 0xff, 0xe0, 0xf1, 0xff, 
	0xff, 0xdf, 0xf1, 0xff, 0xff, 0xdf, 0xf1, 0xff, 
	0xff, 0xeb, 0xf7, 0xff, 0xff, 0xeb, 0xf7, 0xff, 
	0xff, 0xeb, 0xf7, 0xff, 0xff, 0xeb, 0xf7, 0xff, 
	0xff, 0xe1, 0xf1, 0xff, 0xff, 0xe1, 0xf1, 0xff, 
	0xff, 0xe0, 0xef, 0xff, 0xff, 0xe0, 0xef, 0xff, 
	0xff, 0xe0, 0xef, 0xff, 0xff, 0xe0, 0xef, 0xff, 
	0xff, 0xdf, 0xef, 0xff, 0xff, 0xc7, 0xe7, 0xff, 
	0xff, 0xc7, 0xe7, 0xff, 0xff, 0xc7, 0xe7, 0xff, 
	0xff, 0xc7, 0xe7, 0xff, 0xff, 0xc9, 0xe9, 0xff, 
	0xff, 0xc9, 0xe9, 0xff, 0xff, 0xc9, 0xe9, 0xff, 
	0xff, 0xc9, 0xe3, 0xff, 0xff, 0xd4, 0xe9, 0xff, 
	0xff, 0xdf, 0xef, 0xff, 0xff, 0xdf, 0xef, 0xff, 
	0xff, 0xe0, 0xef, 0xff, 0xff, 0xe0, 0xef, 0xff, 
	0xff, 0xe0, 0xef, 0xff, 0xff, 0xd9, 0xef, 0xff, 
	0xff, 0xc8, 0xe9, 0xff, 0xff, 0xc7, 0xe7, 0xff, 
	0xff, 0xc7, 0xe7, 0xff, 0xff, 0xc8, 0xe9, 0xff, 
	0xff, 0xca, 0xe9, 0xff, 0xff, 0xca, 0xe9, 0xff, 
	0xff, 0xca, 0xe9, 0xff, 0xff, 0xca, 0xe9, 0xff, 
	0xff, 0xc9, 0xe9, 0xff, 0xff, 0xc9, 0xe9, 0xff, 
	0xff, 0xc7, 0xe7, 0xff, 0xff, 0xc7, 0xe7, 0xff, 
	0xff, 0xc7, 0xe7, 0xff, 0xff, 0xc8, 0xe9, 0xff, 
	0xff, 0xc8, 0xe9, 0xff, 0xff, 0xc8, 0xe9, 0xff, 
	0xff, 0xc8, 0xe9, 0xff, 0xff, 0xc7, 0xe7, 0xff, 
	0xff, 0xc7, 0xe7, 0xff, 0xff, 0xc7, 0xe7, 0xff, 
	0xff, 0xcc, 0xe9, 0xff, 0xff, 0xcc, 0xe9, 0xff, 
	0xff, 0xcc, 0xe9, 0xff, 0xff, 0xcd, 0xec, 0xff, 
	0xff, 0xcc, 0xe9, 0xff, 0xff, 0xcc, 0xe9, 0xff, 
	0xff, 0xcc, 0xe9, 0xff, 0xff, 0xcb, 0xe7, 0xff, 
	0xff, 0xc0, 0xe6, 0xff, 0xff, 0xc0, 0xe6, 0xff, 
	0xff, 0xc0, 0xe6, 0xff, 0xff, 0xc0, 0xe6, 0xff, 
	0xff, 0xbd, 0xe7, 0xff, 0xff, 0xbd, 0xe7, 0xff, 
	0xff, 0xbd, 0xe7, 0xff, 0xff, 0xbd, 0xe7, 0xff, 
	0xff, 0xbb, 0xe4, 0xff, 0xff, 0xbb, 0xe4, 0xff, 
	0xff, 0xbb, 0xe4, 0xff, 0xff, 0xbb, 0xe4, 0xff, 
	0xff, 0xbe, 0xe7, 0xff, 0xff, 0xbe, 0xe7, 0xff, 
	0xff, 0xbf, 0xe7, 0xff, 0xff, 0xc1, 0xe7, 0xff, 
	0xff, 0xbe, 0xe7, 0xff, 0xff, 0xbe, 0xe7, 0xff, 
	0xff, 0xbe, 0xe7, 0xff, 0xff, 0xdf, 0xef, 0xff, 
	0xff, 0xe0, 0xef, 0xff, 0xff, 0xe0, 0xef, 0xff, 
	0xff, 0xe0, 0xef, 0xff, 0xff, 0xe0, 0xef, 0xff, 
	0xff, 0xc3, 0xde, 0xff, 0xff, 0xc3, 0xe1, 0xff, 
	0xff, 0xc3, 0xe4, 0xff, 0xff, 0xc3, 0xe4, 0xff, 
	0xff, 0xc3, 0xe7, 0xff, 0xff, 0xc3, 0xe7, 0xff, 
	0xff, 0xd8, 0xec, 0xff, 0xff, 0xe3, 0xef, 0xff, 
	0xff, 0xdf, 0xef, 0xff, 0xff, 0xdf, 0xef, 0xff, 
	0xff, 0xdf, 0xef, 0xff, 0xff, 0xdf, 0xef, 0xff, 
	0xff, 0xc9, 0xe9, 0xff, 0xff, 0xc9, 0xe9, 0xff, 
	0xff, 0xc9, 0xe9, 0xff, 0xff, 0xc9, 0xe9, 0xff, 
	0xff, 0xc6, 0xe3, 0xff, 0xff, 0xdf, 0xef, 0xff, 
	0xff, 0xdf, 0xef, 0xff, 0xff, 0xdf, 0xef, 0xff, 
	0xff, 0xdf, 0xef, 0xff, 0xff, 0xdf, 0xef, 0xff, 
	0xff, 0xdf, 0xef, 0xff, 0xff, 0xd7, 0xec, 0xff, 
	0xff, 0xc5, 0xe3, 0xff, 0xff, 0xc5, 0xe3, 0xff, 
	0xff, 0xc5, 0xe3, 0xff, 0xff, 0xc5, 0xe3, 0xff, 
	0xff, 0xc5, 0xe3, 0xff, 0xff, 0xc5, 0xe3, 0xff, 
	0xff, 0xc5, 0xe3, 0xff, 0xff, 0xc5, 0xe3, 0xff, 
	0xff, 0xe0, 0xef, 0xff, 0xff, 0xe0, 0xef, 0xff, 
	0xff, 0xe0, 0xef, 0xff, 0xff, 0xdd, 0xef, 0xff, 
	0xff, 0xe0, 0xf1, 0xff, 0xff, 0xe0, 0xf1, 0xff, 
	0xff, 0xe0, 0xf1, 0xff, 0xff, 0xc3, 0xe7, 0xff, 
	0xff, 0xbe, 0xe7, 0xff, 0xff, 0xc1, 0xe7, 0xff, 
	0xff, 0xc1, 0xe7, 0xff, 0xff, 0xc7, 0xe7, 0xff, 
	0xff, 0xcb, 0xe7, 0xff, 0xff, 0xe0, 0xf1, 0xff, 
	0xff, 0xe0, 0xf1, 0xff, 0xff, 0xe0, 0xf1, 0xff, 
	0xff, 0xd3, 0xec, 0xff, 0xff, 0xc7, 0xe7, 0xff, 
	0xff, 0xd3, 0xec, 0xff, 0xff, 0xdf, 0xf1, 0xff, 
	0xff, 0xe1, 0xf1, 0xff, 0xff, 0xe1, 0xf1, 0xff, 
	0xff, 0xd8, 0xec, 0xff, 0xff, 0xe1, 0xf1, 0xff, 
	0xff, 0xdd, 0xef, 0xff, 0xff, 0xe0, 0xef, 0xff, 
	0xff, 0xe0, 0xef, 0xff, 0xff, 0xe0, 0xef, 0xff, 
	0xff, 0xdf, 0xef, 0xff, 0xff, 0xdf, 0xef, 0xff, 
	0xff, 0xc7, 0xe7, 0xff, 0xff, 0xc7, 0xe7, 0xff, 
	0xff, 0xc9, 0xe9, 0xff, 0xff, 0xc9, 0xe9, 0xff, 
	0xff, 0xc9, 0xe9, 0xff, 0xff, 0xc7, 0xe7, 0xff, 
	0xff, 0xc9, 0xe3, 0xff, 0xff, 0xc9, 0xe3, 0xff, 
	0xff, 0xdf, 0xef, 0xff, 0xff, 0xdf, 0xef, 0xff, 
	0xff, 0xe0, 0xef, 0xff, 0xff, 0xe0, 0xef, 0xff, 
	0xff, 0xe0, 0xef, 0xff, 0xff, 0xe0, 0xef, 0xff, 
	0xff, 0xc7, 0xe7, 0xff, 0xff, 0xc8, 0xe9, 0xff, 
	0xff, 0xc7, 0xe7, 0xff, 0xff, 0xc8, 0xe9, 0xff, 
	0xff, 0xca, 0xe9, 0xff, 0xff, 0xca, 0xe9, 0xff, 
	0xff, 0xca, 0xe9, 0xff, 0xff, 0xca, 0xe9, 0xff, 
	0xff, 0xc9, 0xe9, 0xff, 0xff, 0xc9, 0xe9, 0xff, 
	0xff, 0xc7, 0xe7, 0xff, 0xff, 0xc7, 0xe7, 0xff, 
	0xff, 0xc7, 0xe7, 0xff, 0xff, 0xc7, 0xe7, 0xff, 
	0xff, 0xc8, 0xe9, 0xff, 0xff, 0xc8, 0xe9, 0xff, 
	0xff, 0xc7, 0xe7, 0xff, 0xff, 0xc7, 0xe7, 0xff, 
	0xff, 0xc7, 0xe7, 0xff, 0xff, 0xc8, 0xe9, 0xff, 
	0xff, 0xcc, 0xe9, 0xff, 0xff, 0xcc, 0xe9, 0xff, 
	0xff, 0xcc, 0xe9, 0xff, 0xff, 0xcd, 0xec, 0xff, 
	0xff, 0xcc, 0xe9, 0xff, 0xff, 0xcc, 0xe9, 0xff, 
	0xff, 0xcc, 0xe9, 0xff, 0xff, 0xcb, 0xe7, 0xff, 
	0xff, 0xc0, 0xe6, 0xff, 0xff, 0xc0, 0xe6, 0xff, 
	0xff, 0xc0, 0xe6, 0xff, 0xff, 0xc0, 0xe6, 0xff, 
	0xff, 0xbd, 0xe7, 0xff, 0xff, 0xba, 0xe7, 0xff, 
	0xff, 0xbd, 0xe7, 0xff, 0xff, 0xbd, 0xe7, 0xff, 
	0xff, 0xbb, 0xe4, 0xff, 0xff, 0xbb, 0xe4, 0xff, 
	0xff, 0xbb, 0xe4, 0xff, 0xff, 0xbb, 0xe4, 0xff, 
	0xff, 0xbe, 0xe7, 0xff, 0xff, 0xbe, 0xe7, 0xff, 
	0xff, 0xbf, 0xe7, 0xff, 0xff, 0xc1, 0xe7, 0xff, 
	0xff, 0xbe, 0xe7, 0xff, 0xff, 0xbe, 0xe7, 0xff, 
	0xff, 0xbe, 0xe7, 0xff, 0xff, 0xd4, 0xec, 0xff, 
	0xff, 0xe0, 0xef, 0xff, 0xff, 0xe0, 0xef, 0xff, 
	0xff, 0xe0, 0xef, 0xff, 0xff, 0xe0, 0xef, 0xff, 
	0xff, 0xc3, 0xde, 0xff, 0xff, 0xc3, 0xe1, 0xff, 
	0xff, 0xc3, 0xe1, 0xff, 0xff, 0xc3, 0xe4, 0xff, 
	0xff, 0xc3, 0xe7, 0xff, 0xff, 0xd8, 0xec, 0xff, 
	0xff, 0xe3, 0xef, 0xff, 0xff, 0xe3, 0xef, 0xff, 
	0xff, 0xdf, 0xef, 0xff, 0xff, 0xdf, 0xef, 0xff, 
	0xff, 0xdf, 0xef, 0xff, 0xff, 0xc6, 0xe9, 0xff, 
	0xff, 0xc9, 0xe9, 0xff, 0xff, 0xc9, 0xe9, 0xff, 
	0xff, 0xc9, 0xe9, 0xff, 0xff, 0xc9, 0xe9, 0xff, 
	0xff, 0xc6, 0xe3, 0xff, 0xff, 0xd2, 0xe9, 0xff, 
	0xff, 0xdf, 0xef, 0xff, 0xff, 0xdf, 0xef, 0xff, 
	0xff, 0xdf, 0xef, 0xff, 0xff, 0xdf, 0xef, 0xff, 
	0xff, 0xdf, 0xef, 0xff, 0xff, 0xd7, 0xec, 0xff, 
	0xff, 0xdb, 0xef, 0xff, 0xff, 0xc5, 0xe3, 0xff, 
	0xff, 0xc5, 0xe3, 0xff, 0xff, 0xc5, 0xe3, 0xff, 
	0xff, 0xc5, 0xe3, 0xff, 0xff, 0xc5, 0xe3, 0xff, 
	0xff, 0xc5, 0xe3, 0xff, 0xff, 0xc5, 0xe3, 0xff, 
	0xff, 0xdd, 0xef, 0xff, 0xff, 0xdd, 0xef, 0xff, 
	0xff, 0xe0, 0xef, 0xff, 0xff, 0xe0, 0xef, 0xff, 
	0xff, 0xe0, 0xf1, 0xff, 0xff, 0xd1, 0xec, 0xff, 
	0xff, 0xe0, 0xf1, 0xff, 0xff, 0xc3, 0xe7, 0xff, 
	0xff, 0xc1, 0xe7, 0xff, 0xff, 0xc1, 0xe7, 0xff, 
	0xff, 0xc1, 0xe7, 0xff, 0xff, 0xc7, 0xe7, 0xff, 
	0xff, 0xe0, 0xf1, 0xff, 0xff, 0xe0, 0xf1, 0xff, 
	0xff, 0xe0, 0xf1, 0xff, 0xff, 0xe0, 0xf1, 0xff, 
	0xff, 0xd3, 0xec, 0xff, 0xff, 0xc7, 0xe7, 0xff, 
	0xff, 0xc7, 0xe7, 0xff, 0xff, 0xc7, 0xe7, 0xff, 
	0xff, 0xcf, 0xe7, 0xff, 0xff, 0xcf, 0xe7, 0xff, 
	0xff, 0xcf, 0xe7, 0xff, 0xff, 0xcf, 0xe7, 0xff, 
	0xff, 0xe0, 0xef, 0xff, 0xff, 0xe0, 0xef, 0xff, 
	0xff, 0xe0, 0xef, 0xff, 0xff, 0xe0, 0xef, 0xff, 
	0xff, 0xdf, 0xef, 0xff, 0xff, 0xdf, 0xef, 0xff, 
	0xff, 0xdf, 0xef, 0xff, 0xff, 0xcf, 0xe9, 0xff, 
	0xff, 0xc9, 0xe9, 0xff, 0xff, 0xc9, 0xe9, 0xff, 
	0xff, 0xc7, 0xe7, 0xff, 0xff, 0xc7, 0xe7, 0xff, 
	0xff, 0xc9, 0xe3, 0xff, 0xff, 0xdf, 0xef, 0xff, 
	0xff, 0xdf, 0xef, 0xff, 0xff, 0xdf, 0xef, 0xff, 
	0xff, 0xe0, 0xef, 0xff, 0xff, 0xe0, 0xef, 0xff, 
	0xff, 0xd9, 0xef, 0xff, 0xff, 0xd9, 0xef, 0xff, 
	0xff, 0xc7, 0xe7, 0xff, 0xff, 0xc7, 0xe7, 0xff, 
	0xff, 0xc7, 0xe7, 0xff, 0xff, 0xc8, 0xe9, 0xff, 
	0xff, 0xca, 0xe9, 0xff, 0xff, 0xca, 0xe9, 0xff, 
	0xff, 0xca, 0xe9, 0xff, 0xff, 0xca, 0xe9, 0xff, 
	0xff, 0xc9, 0xe9, 0xff, 0xff, 0xc7, 0xe7, 0xff, 
	0xff, 0xc7, 0xe7, 0xff, 0xff, 0xc7, 0xe7, 0xff, 
	0xff, 0xc7, 0xe7, 0xff, 0xff, 0xc7, 0xe7, 0xff, 
	0xff, 0xc8, 0xe9, 0xff, 0xff, 0xc8, 0xe9, 0xff, 
	0xff, 0xc7, 0xe7, 0xff, 0xff, 0xc7, 0xe7, 0xff, 
	0xff, 0xc7, 0xe7, 0xff, 0xff, 0xc7, 0xe7, 0xff, 
	0xff, 0xcb, 0xe7, 0xff, 0xff, 0xcc, 0xe9, 0xff, 
	0xff, 0xcc, 0xe9, 0xff, 0xff, 0xcd, 0xec, 0xff, 
	0xff, 0xcc, 0xe9, 0xff, 0xff, 0xcc, 0xe9, 0xff, 
	0xff, 0xcb, 0xe7, 0xff, 0xff, 0xcb, 0xe7, 0xff, 
	0xff, 0xbb, 0xe4, 0xff, 0xff, 0xbe, 0xe7, 0xff, 
	0xff, 0xbe, 0xe7, 0xff, 0xff, 0xbb, 0xe4, 0xff, 
	0xff, 0xbd, 0xe7, 0xff, 0xff, 0xbd, 0xe7, 0xff, 
	0xff, 0xbd, 0xe7, 0xff, 0xff, 0xbd, 0xe7, 0xff, 
	0xff, 0xbd, 0xe7, 0xff, 0xff, 0xbd, 0xe7, 0xff, 
	0xff, 0xba, 0xe7, 0xff, 0xff, 0xbd, 0xe7, 0xff, 
	0xff, 0xc0, 0xe6, 0xff, 0xff, 0xc0, 0xe6, 0xff, 
	0xff, 0xc0, 0xe6, 0xff, 0xff, 0xc0, 0xe6, 0xff, 
	0xff, 0xbe, 0xe7, 0xff, 0xff, 0xbe, 0xe7, 0xff, 
	0xff, 0xbe, 0xe7, 0xff, 0xff, 0xd1, 0xec, 0xff, 
	0xff, 0xdf, 0xef, 0xff, 0xff, 0xdf, 0xef, 0xff, 
	0xff, 0xdf, 0xef, 0xff, 0xff, 0xdf, 0xef, 0xff, 
	0xff, 0xdf, 0xef, 0xff, 0xff, 0xc6, 0xe3, 0xff, 
	0xff, 0xba, 0xde, 0xff, 0xff, 0xc6, 0xe3, 0xff, 
	0xff, 0xc3, 0xe7, 0xff, 0xff, 0xc3, 0xe7, 0xff, 
	0xff, 0xdf, 0xef, 0xff, 0xff, 0xdf, 0xef, 0xff, 
	0xff, 0xdf, 0xef, 0xff, 0xff, 0xdf, 0xef, 0xff, 
	0xff, 0xdf, 0xef, 0xff, 0xff, 0xdf, 0xef, 0xff, 
	0xff, 0xc8, 0xe7, 0xff, 0xff, 0xc5, 0xe7, 0xff, 
	0xff, 0xc5, 0xe7, 0xff, 0xff, 0xc3, 0xe7, 0xff, 
	0xff, 0xc7, 0xe7, 0xff, 0xff, 0xc7, 0xe7, 0xff, 
	0xff, 0xe3, 0xef, 0xff, 0xff, 0xe3, 0xef, 0xff, 
	0xff, 0xe0, 0xef, 0xff, 0xff, 0xe0, 0xef, 0xff, 
	0xff, 0xe0, 0xef, 0xff, 0xff, 0xe0, 0xef, 0xff, 
	0xff, 0xc6, 0xe3, 0xff, 0xff, 0xdf, 0xef, 0xff, 
	0xff, 0xba, 0xde, 0xff, 0xff, 0xc6, 0xe3, 0xff, 
	0xff, 0xbe, 0xde, 0xff, 0xff, 0xc9, 0xe3, 0xff, 
	0xff, 0xbe, 0xde, 0xff, 0xff, 0xd4, 0xe9, 0xff, 
	0xff, 0xd5, 0xec, 0xff, 0xff, 0xe0, 0xf1, 0xff, 
	0xff, 0xe0, 0xf1, 0xff, 0xff, 0xe0, 0xf1, 0xff, 
	0xff, 0xdf, 0xef, 0xff, 0xff, 0xdf, 0xef, 0xff, 
	0xff, 0xc3, 0xe7, 0xff, 0xff, 0xc3, 0xe7, 0xff, 
	0xff, 0xc5, 0xe3, 0xff, 0xff, 0xc5, 0xe3, 0xff, 
	0xff, 0xc5, 0xe3, 0xff, 0xff, 0xd0, 0xe9, 0xff, 
	0xff, 0xe0, 0xef, 0xff, 0xff, 0xe0, 0xef, 0xff, 
	0xff, 0xe0, 0xef, 0xff, 0xff, 0xe0, 0xef, 0xff, 
	0xff, 0xd2, 0xe9, 0xff, 0xff, 0xba, 0xde, 0xff, 
	0xff, 0xc6, 0xe3, 0xff, 0xff, 0xc6, 0xe3, 0xff, 
	0xff, 0xc3, 0xe7, 0xff, 0xff, 0xc3, 0xe7, 0xff, 
	0xff, 0xc3, 0xe7, 0xff, 0xff, 0xd8, 0xec, 0xff, 
	0xff, 0xd9, 0xec, 0xff, 0xff, 0xe0, 0xf1, 0xff, 
	0xff, 0xe0, 0xf1, 0xff, 0xff, 0xe0, 0xf1, 0xff, 
	0xff, 0xdf, 0xef, 0xff, 0xff, 0xdf, 0xef, 0xff, 
	0xff, 0xdf, 0xef, 0xff, 0xff, 0xdf, 0xef, 0xff, 
	0xff, 0xc3, 0xde, 0xff, 0xff, 0xcc, 0xe6, 0xff, 
	0xff, 0xcc, 0xe6, 0xff, 0xff, 0xc3, 0xde, 0xff, 
	0xff, 0xd3, 0xe7, 0xff, 0xff, 0xd3, 0xe7, 0xff, 
	0xff, 0xe0, 0xf1, 0xff, 0xff, 0xe0, 0xf1, 0xff, 
	0xff, 0xdf, 0xef, 0xff, 0xff, 0xdf, 0xef, 0xff, 
	0xff, 0xdf, 0xef, 0xff, 0xff, 0xc7, 0xe7, 0xff, 
	0xff, 0xc5, 0xe3, 0xff, 0xff, 0xc5, 0xe3, 0xff, 
	0xff, 0xc5, 0xe3, 0xff, 0xff, 0xc5, 0xe3, 0xff, 
	0xff, 0xc5, 0xe7, 0xff, 0xff, 0xc5, 0xe7, 0xff, 
	0xff, 0xc5, 0xe7, 0xff, 0xff, 0xc4, 0xe7, 0xff, 
	0xff, 0xc7, 0xe7, 0xff, 0xff, 0xc7, 0xe7, 0xff, 
	0xff, 0xc7, 0xe7, 0xff, 0xff, 0xc7, 0xe7, 0xff, 
	0xff, 0xc7, 0xe7, 0xff, 0xff, 0xc7, 0xe7, 0xff, 
	0xff, 0xc7, 0xe7, 0xff, 0xff, 0xc8, 0xe9, 0xff, 
	0xff, 0xc7, 0xe7, 0xff, 0xff, 0xc7, 0xe7, 0xff, 
	0xff, 0xc7, 0xe7, 0xff, 0xff, 0xc7, 0xe7, 0xff, 
	0xff, 0xca, 0xe9, 0xff, 0xff, 0xca, 0xe9, 0xff, 
	0xff, 0xca, 0xe9, 0xff, 0xff, 0xca, 0xe9, 0xff, 
	0xff, 0xc9, 0xe9, 0xff, 0xff, 0xc9, 0xe9, 0xff, 
	0xff, 0xc9, 0xe9, 0xff, 0xff, 0xc9, 0xe9, 0xff, 
	0xff, 0xbb, 0xe4, 0xff, 0xff, 0xbb, 0xe4, 0xff, 
	0xff, 0xbb, 0xe4, 0xff, 0xff, 0xbb, 0xe4, 0xff, 
	0xff, 0xba, 0xe7, 0xff, 0xff, 0xc0, 0xe7, 0xff, 
	0xff, 0xc0, 0xe7, 0xff, 0xff, 0xbd, 0xe7, 0xff, 
	0xff, 0xba, 0xe7, 0xff, 0xff, 0xba, 0xe7, 0xff, 
	0xff, 0xbd, 0xe7, 0xff, 0xff, 0xbd, 0xe7, 0xff, 
	0xff, 0xc0, 0xe6, 0xff, 0xff, 0xc0, 0xe6, 0xff, 
	0xff, 0xc0, 0xe6, 0xff, 0xff, 0xc0, 0xe6, 0xff, 
	0xff, 0xbe, 0xe7, 0xff, 0xff, 0xbe, 0xe7, 0xff, 
	0xff, 0xbe, 0xe7, 0xff, 0xff, 0xd1, 0xec, 0xff, 
	0xff, 0xdf, 0xef, 0xff, 0xff, 0xdf, 0xef, 0xff, 
	0xff, 0xdf, 0xef, 0xff, 0xff, 0xdf, 0xef, 0xff, 
	0xff, 0xd2, 0xe9, 0xff, 0xff, 0xd2, 0xe9, 0xff, 
	0xff, 0xc6, 0xe3, 0xff, 0xff, 0xc6, 0xe3, 0xff, 
	0xff, 0xd5, 0xec, 0xff, 0xff, 0xdf, 0xef, 0xff, 
	0xff, 0xdf, 0xef, 0xff, 0xff, 0xdf, 0xef, 0xff, 
	0xff, 0xdf, 0xef, 0xff, 0xff, 0xdf, 0xef, 0xff, 
	0xff, 0xdf, 0xef, 0xff, 0xff, 0xdf, 0xef, 0xff, 
	0xff, 0xc5, 0xe7, 0xff, 0xff, 0xc8, 0xe7, 0xff, 
	0xff, 0xc8, 0xe7, 0xff, 0xff, 0xc8, 0xe7, 0xff, 
	0xff, 0xc7, 0xe7, 0xff, 0xff, 0xd0, 0xe9, 0xff, 
	0xff, 0xc7, 0xe7, 0xff, 0xff, 0xe3, 0xef, 0xff, 
	0xff, 0xdf, 0xef, 0xff, 0xff, 0xe0, 0xef, 0xff, 
	0xff, 0xe0, 0xef, 0xff, 0xff, 0xe0, 0xef, 0xff, 
	0xff, 0xc6, 0xe3, 0xff, 0xff, 0xdf, 0xef, 0xff, 
	0xff, 0xd2, 0xe9, 0xff, 0xff, 0xba, 0xde, 0xff, 
	0xff, 0xbe, 0xde, 0xff, 0xff, 0xc9, 0xe3, 0xff, 
	0xff, 0xbe, 0xde, 0xff, 0xff, 0xbe, 0xde, 0xff, 
	0xff, 0xe0, 0xf1, 0xff, 0xff, 0xe0, 0xf1, 0xff, 
	0xff, 0xe0, 0xf1, 0xff, 0xff, 0xe0, 0xf1, 0xff, 
	0xff, 0xdf, 0xef, 0xff, 0xff, 0xc3, 0xe7, 0xff, 
	0xff, 0xcc, 0xe9, 0xff, 0xff, 0xc3, 0xe7, 0xff, 
	0xff, 0xc5, 0xe3, 0xff, 0xff, 0xc5, 0xe3, 0xff, 
	0xff, 0xc5, 0xe3, 0xff, 0xff, 0xdb, 0xef, 0xff, 
	0xff, 0xe0, 0xef, 0xff, 0xff, 0xe0, 0xef, 0xff, 
	0xff, 0xe0, 0xef, 0xff, 0xff, 0xe0, 0xef, 0xff, 
	0xff, 0xc6, 0xe3, 0xff, 0xff, 0xc6, 0xe3, 0xff, 
	0xff, 0xc6, 0xe3, 0xff, 0xff, 0xc6, 0xe3, 0xff, 
	0xff, 0xc3, 0xe7, 0xff, 0xff, 0xc3, 0xe7, 0xff, 
	0xff, 0xc3, 0xe7, 0xff, 0xff, 0xc3, 0xe7, 0xff, 
	0xff, 0xd9, 0xec, 0xff, 0xff, 0xe0, 0xf1, 0xff, 
	0xff, 0xe0, 0xf1, 0xff, 0xff, 0xe0, 0xf1, 0xff, 
	0xff, 0xdf, 0xef, 0xff, 0xff, 0xdf, 0xef, 0xff, 
	0xff, 0xc2, 0xe6, 0xff, 0xff, 0xdf, 0xef, 0xff, 
	0xff, 0xcc, 0xe6, 0xff, 0xff, 0xc3, 0xde, 0xff, 
	0xff, 0xcc, 0xe6, 0xff, 0xff, 0xc3, 0xde, 0xff, 
	0xff, 0xd3, 0xe7, 0xff, 0xff, 0xe0, 0xf1, 0xff, 
	0xff, 0xe0, 0xf1, 0xff, 0xff, 0xe0, 0xf1, 0xff, 
	0xff, 0xdf, 0xef, 0xff, 0xff, 0xdf, 0xef, 0xff, 
	0xff, 0xdf, 0xef, 0xff, 0xff, 0xd7, 0xec, 0xff, 
	0xff, 0xc5, 0xe3, 0xff, 0xff, 0xc5, 0xe3, 0xff, 
	0xff, 0xc5, 0xe3, 0xff, 0xff, 0xc5, 0xe3, 0xff, 
	0xff, 0xc5, 0xe7, 0xff, 0xff, 0xc5, 0xe7, 0xff, 
	0xff, 0xc5, 0xe7, 0xff, 0xff, 0xc3, 0xe7, 0xff, 
	0xff, 0xc3, 0xe7, 0xff, 0xff, 0xc4, 0xe7, 0xff, 
	0xff, 0xc7, 0xe7, 0xff, 0xff, 0xc7, 0xe7, 0xff, 
	0xff, 0xc7, 0xe7, 0xff, 0xff, 0xc8, 0xe9, 0xff, 
	0xff, 0xc8, 0xe9, 0xff, 0xff, 0xc8, 0xe9, 0xff, 
	0xff, 0xc7, 0xe7, 0xff, 0xff, 0xc7, 0xe7, 0xff, 
	0xff, 0xc7, 0xe7, 0xff, 0xff, 0xc9, 0xe9, 0xff, 
	0xff, 0xca, 0xe9, 0xff, 0xff, 0xca, 0xe9, 0xff, 
	0xff, 0xca, 0xe9, 0xff, 0xff, 0xca, 0xe9, 0xff, 
	0xff, 0xcc, 0xec, 0xff, 0xff, 0xc9, 0xe9, 0xff, 
	0xff, 0xc9, 0xe9, 0xff, 0xff, 0xc9, 0xe9, 0xff, 
	0xff, 0xbb, 0xe4, 0xff, 0xff, 0xbb, 0xe4, 0xff, 
	0xff, 0xbb, 0xe4, 0xff, 0xff, 0xbb, 0xe4, 0xff, 
	0xff, 0xbd, 0xe7, 0xff, 0xff, 0xbd, 0xe7, 0xff, 
	0xff, 0xc0, 0xe7, 0xff, 0xff, 0xc0, 0xe7, 0xff, 
	0xff, 0xbd, 0xe7, 0xff, 0xff, 0xbd, 0xe7, 0xff, 
	0xff, 0xbd, 0xe7, 0xff, 0xff, 0xc0, 0xe7, 0xff, 
	0xff, 0xc0, 0xe6, 0xff, 0xff, 0xc0, 0xe6, 0xff, 
	0xff, 0xc0, 0xe6, 0xff, 0xff, 0xc0, 0xe6, 0xff, 
	0xff, 0xbe, 0xe7, 0xff, 0xff, 0xbe, 0xe7, 0xff, 
	0xff, 0xbe, 0xe7, 0xff, 0xff, 0xd1, 0xec, 0xff, 
	0xff, 0xdf, 0xef, 0xff, 0xff, 0xdf, 0xef, 0xff, 
	0xff, 0xdf, 0xef, 0xff, 0xff, 0xdf, 0xef, 0xff, 
	0xff, 0xdf, 0xef, 0xff, 0xff, 0xdf, 0xef, 0xff, 
	0xff, 0xdf, 0xef, 0xff, 0xff, 0xd2, 0xe9, 0xff, 
	0xff, 0xd5, 0xec, 0xff, 0xff, 0xdf, 0xef, 0xff, 
	0xff, 0xdf, 0xef, 0xff, 0xff, 0xdf, 0xef, 0xff, 
	0xff, 0xdf, 0xef, 0xff, 0xff, 0xdf, 0xef, 0xff, 
	0xff, 0xdf, 0xef, 0xff, 0xff, 0xdf, 0xef, 0xff, 
	0xff, 0xc5, 0xe7, 0xff, 0xff, 0xc5, 0xe7, 0xff, 
	0xff, 0xc8, 0xe7, 0xff, 0xff, 0xc8, 0xe7, 0xff, 
	0xff, 0xc7, 0xe7, 0xff, 0xff, 0xd0, 0xe9, 0xff, 
	0xff, 0xd9, 0xec, 0xff, 0xff, 0xd9, 0xec, 0xff, 
	0xff, 0xe0, 0xef, 0xff, 0xff, 0xdf, 0xef, 0xff, 
	0xff, 0xe0, 0xef, 0xff, 0xff, 0xe0, 0xef, 0xff, 
	0xff, 0xdf, 0xef, 0xff, 0xff, 0xc6, 0xe3, 0xff, 
	0xff, 0xd2, 0xe9, 0xff, 0xff, 0xdf, 0xef, 0xff, 
	0xff, 0xc9, 0xe3, 0xff, 0xff, 0xc9, 0xe3, 0xff, 
	0xff, 0xdf, 0xef, 0xff, 0xff, 0xc9, 0xe3, 0xff, 
	0xff, 0xe0, 0xf1, 0xff, 0xff, 0xe0, 0xf1, 0xff, 
	0xff, 0xe0, 0xf1, 0xff, 0xff, 0xe0, 0xf1, 0xff, 
	0xff, 0xdf, 0xef, 0xff, 0xff, 0xc3, 0xe7, 0xff, 
	0xff, 0xc3, 0xe7, 0xff, 0xff, 0xc3, 0xe7, 0xff, 
	0xff, 0xc5, 0xe3, 0xff, 0xff, 0xd0, 0xe9, 0xff, 
	0xff, 0xc5, 0xe3, 0xff, 0xff, 0xdb, 0xef, 0xff, 
	0xff, 0xe0, 0xef, 0xff, 0xff, 0xe0, 0xef, 0xff, 
	0xff, 0xe0, 0xef, 0xff, 0xff, 0xdf, 0xef, 0xff, 
	0xff, 0xd2, 0xe9, 0xff, 0xff, 0xba, 0xde, 0xff, 
	0xff, 0xba, 0xde, 0xff, 0xff, 0xc6, 0xe3, 0xff, 
	0xff, 0xc3, 0xe7, 0xff, 0xff, 0xcd, 0xe9, 0xff, 
	0xff, 0xcd, 0xe9, 0xff, 0xff, 0xcd, 0xe9, 0xff, 
	0xff, 0xd9, 0xec, 0xff, 0xff, 0xe0, 0xf1, 0xff, 
	0xff, 0xe0, 0xf1, 0xff, 0xff, 0xe0, 0xf1, 0xff, 
	0xff, 0xdf, 0xef, 0xff, 0xff, 0xdf, 0xef, 0xff, 
	0xff, 0xdf, 0xef, 0xff, 0xff, 0xc2, 0xe6, 0xff, 
	0xff, 0xd5, 0xee, 0xff, 0xff, 0xcc, 0xe6, 0xff, 
	0xff, 0xcc, 0xe6, 0xff, 0xff, 0xcc, 0xe6, 0xff, 
	0xff, 0xd9, 0xec, 0xff, 0xff, 0xe0, 0xf1, 0xff, 
	0xff, 0xe0, 0xf1, 0xff, 0xff, 0xe0, 0xf1, 0xff, 
	0xff, 0xdf, 0xef, 0xff, 0xff, 0xdf, 0xef, 0xff, 
	0xff, 0xdf, 0xef, 0xff, 0xff, 0xdf, 0xef, 0xff, 
	0xff, 0xd0, 0xe9, 0xff, 0xff, 0xc5, 0xe3, 0xff, 
	0xff, 0xc5, 0xe3, 0xff, 0xff, 0xc5, 0xe3, 0xff, 
	0xff, 0xc4, 0xe7, 0xff, 0xff, 0xc4, 0xe7, 0xff, 
	0xff, 0xc3, 0xe7, 0xff, 0xff, 0xc3, 0xe7, 0xff, 
	0xff, 0xc3, 0xe7, 0xff, 0xff, 0xc4, 0xe7, 0xff, 
	0xff, 0xc5, 0xe7, 0xff, 0xff, 0xc5, 0xe7, 0xff, 
	0xff, 0xc8, 0xe9, 0xff, 0xff, 0xc8, 0xe9, 0xff, 
	0xff, 0xc7, 0xe7, 0xff, 0xff, 0xc8, 0xe9, 0xff, 
	0xff, 0xc9, 0xe9, 0xff, 0xff, 0xc7, 0xe7, 0xff, 
	0xff, 0xc9, 0xe9, 0xff, 0xff, 0xc9, 0xe9, 0xff, 
	0xff, 0xca, 0xe9, 0xff, 0xff, 0xca, 0xe9, 0xff, 
	0xff, 0xca, 0xe9, 0xff, 0xff, 0xca, 0xe9, 0xff, 
	0xff, 0xc9, 0xe9, 0xff, 0xff, 0xc9, 0xe9, 0xff, 
	0xff, 0xc9, 0xe9, 0xff, 0xff, 0xc9, 0xe9, 0xff, 
	0xff, 0xbb, 0xe4, 0xff, 0xff, 0xbb, 0xe4, 0xff, 
	0xff, 0xb8, 0xe1, 0xff, 0xff, 0xb8, 0xe1, 0xff, 
	0xff, 0xc0, 0xe7, 0xff, 0xff, 0xc0, 0xe7, 0xff, 
	0xff, 0xc3, 0xe7, 0xff, 0xff, 0xc0, 0xe7, 0xff, 
	0xff, 0xc0, 0xe7, 0xff, 0xff, 0xc0, 0xe7, 0xff, 
	0xff, 0xc0, 0xe7, 0xff, 0xff, 0xc0, 0xe7, 0xff, 
	0xff, 0xc0, 0xe6, 0xff, 0xff, 0xc0, 0xe6, 0xff, 
	0xff, 0xc0, 0xe6, 0xff, 0xff, 0xc0, 0xe6, 0xff, 
	0xff, 0xbe, 0xe7, 0xff, 0xff, 0xbe, 0xe7, 0xff, 
	0xff, 0xd1, 0xec, 0xff, 0xff, 0xd1, 0xec, 0xff, 
	0xff, 0xcf, 0xe9, 0xff, 0xff, 0xdf, 0xef, 0xff, 
	0xff, 0xdf, 0xef, 0xff, 0xff, 0xdf, 0xef, 0xff, 
	0xff, 0xdf, 0xef, 0xff, 0xff, 0xd2, 0xe9, 0xff, 
	0xff, 0xdf, 0xef, 0xff, 0xff, 0xdf, 0xef, 0xff, 
	0xff, 0xdf, 0xef, 0xff, 0xff, 0xdf, 0xef, 0xff, 
	0xff, 0xdf, 0xef, 0xff, 0xff, 0xdf, 0xef, 0xff, 
	0xff, 0xdf, 0xef, 0xff, 0xff, 0xdf, 0xef, 0xff, 
	0xff, 0xdf, 0xef, 0xff, 0xff, 0xc6, 0xe9, 0xff, 
	0xff, 0xc3, 0xe7, 0xff, 0xff, 0xc5, 0xe7, 0xff, 
	0xff, 0xc8, 0xe7, 0xff, 0xff, 0xc8, 0xe7, 0xff, 
	0xff, 0xc7, 0xe7, 0xff, 0xff, 0xd0, 0xe9, 0xff, 
	0xff, 0xe3, 0xef, 0xff, 0xff, 0xe3, 0xef, 0xff, 
	0xff, 0xdf, 0xef, 0xff, 0xff, 0xdf, 0xef, 0xff, 
	0xff, 0xdf, 0xef, 0xff, 0xff, 0xe0, 0xef, 0xff, 
	0xff, 0xdf, 0xef, 0xff, 0xff, 0xd2, 0xe9, 0xff, 
	0xff, 0xd2, 0xe9, 0xff, 0xff, 0xdf, 0xef, 0xff, 
	0xff, 0xdf, 0xef, 0xff, 0xff, 0xdf, 0xef, 0xff, 
	0xff, 0xd4, 0xe9, 0xff, 0xff, 0xdf, 0xef, 0xff, 
	0xff, 0xe0, 0xf1, 0xff, 0xff, 0xe0, 0xf1, 0xff, 
	0xff, 0xe0, 0xf1, 0xff, 0xff, 0xe0, 0xf1, 0xff, 
	0xff, 0xd5, 0xec, 0xff, 0xff, 0xd5, 0xec, 0xff, 
	0xff, 0xc3, 0xe7, 0xff, 0xff, 0xc3, 0xe7, 0xff, 
	0xff, 0xdb, 0xef, 0xff, 0xff, 0xd0, 0xe9, 0xff, 
	0xff, 0xdb, 0xef, 0xff, 0xff, 0xdb, 0xef, 0xff, 
	0xff, 0xe0, 0xef, 0xff, 0xff, 0xe0, 0xef, 0xff, 
	0xff, 0xe0, 0xef, 0xff, 0xff, 0xdf, 0xef, 0xff, 
	0xff, 0xdf, 0xef, 0xff, 0xff, 0xdf, 0xef, 0xff, 
	0xff, 0xc6, 0xe3, 0xff, 0xff, 0xc6, 0xe3, 0xff, 
	0xff, 0xc3, 0xe7, 0xff, 0xff, 0xc3, 0xe7, 0xff, 
	0xff, 0xcd, 0xe9, 0xff, 0xff, 0xe3, 0xef, 0xff, 
	0xff, 0xd9, 0xec, 0xff, 0xff, 0xe0, 0xf1, 0xff, 
	0xff, 0xe0, 0xf1, 0xff, 0xff, 0xe0, 0xf1, 0xff, 
	0xff, 0xdf, 0xef, 0xff, 0xff, 0xdf, 0xef, 0xff, 
	0xff, 0xdf, 0xef, 0xff, 0xff, 0xdf, 0xef, 0xff, 
	0xff, 0xcc, 0xe6, 0xff, 0xff, 0xcc, 0xe6, 0xff, 
	0xff, 0xcc, 0xe6, 0xff, 0xff, 0xcc, 0xe6, 0xff, 
	0xff, 0xd3, 0xe7, 0xff, 0xff, 0xe0, 0xf1, 0xff, 
	0xff, 0xe0, 0xf1, 0xff, 0xff, 0xe0, 0xf1, 0xff, 
	0xff, 0xdf, 0xef, 0xff, 0xff, 0xdf, 0xef, 0xff, 
	0xff, 0xdf, 0xef, 0xff, 0xff, 0xd7, 0xec, 0xff, 
	0xff, 0xd0, 0xe9, 0xff, 0xff, 0xdb, 0xef, 0xff, 
	0xff, 0xd0, 0xe9, 0xff, 0xff, 0xc5, 0xe3, 0xff, 
	0xff, 0xc3, 0xe7, 0xff, 0xff, 0xc3, 0xe7, 0xff, 
	0xff, 0xc3, 0xe7, 0xff, 0xff, 0xc3, 0xe7, 0xff, 
	0xff, 0xc3, 0xe7, 0xff, 0xff, 0xc4, 0xe7, 0xff, 
	0xff, 0xc4, 0xe7, 0xff, 0xff, 0xc5, 0xe7, 0xff, 
	0xff, 0xc8, 0xe9, 0xff, 0xff, 0xc7, 0xe7, 0xff, 
	0xff, 0xc8, 0xe9, 0xff, 0xff, 0xc8, 0xe9, 0xff, 
	0xff, 0xc9, 0xe9, 0xff, 0xff, 0xc7, 0xe7, 0xff, 
	0xff, 0xc9, 0xe9, 0xff, 0xff, 0xc9, 0xe9, 0xff, 
	0xff, 0xca, 0xe9, 0xff, 0xff, 0xca, 0xe9, 0xff, 
	0xff, 0xca, 0xe9, 0xff, 0xff, 0xca, 0xe9, 0xff, 
	0xff, 0xc9, 0xe9, 0xff, 0xff, 0xc9, 0xe9, 0xff, 
	0xff, 0xc9, 0xe9, 0xff, 0xff, 0xc7, 0xe7, 0xff, 
	0xff, 0xbc, 0xe4, 0xff, 0xff, 0xbc, 0xe4, 0xff, 
	0xff, 0xbc, 0xe4, 0xff, 0xff, 0xbc, 0xe4, 0xff, 
	0xff, 0xbd, 0xe7, 0xff, 0xff, 0xbd, 0xe7, 0xff, 
	0xff, 0xc0, 0xe7, 0xff, 0xff, 0xbd, 0xe7, 0xff, 
	0xff, 0xbf, 0xe7, 0xff, 0xff, 0xc1, 0xe7, 0xff, 
	0xff, 0xc1, 0xe7, 0xff, 0xff, 0xc1, 0xe7, 0xff, 
	0xff, 0xc1, 0xe7, 0xff, 0xff, 0xc1, 0xe7, 0xff, 
	0xff, 0xbf, 0xe7, 0xff, 0xff, 0xbf, 0xe7, 0xff, 
	0xff, 0xbd, 0xe7, 0xff, 0xff, 0xbd, 0xe7, 0xff, 
	0xff, 0xbd, 0xe7, 0xff, 0xff, 0xcb, 0xe7, 0xff, 
	0xff, 0xde, 0xee, 0xff, 0xff, 0xde, 0xee, 0xff, 
	0xff, 0xde, 0xee, 0xff, 0xff, 0xde, 0xee, 0xff, 
	0xff, 0xe0, 0xef, 0xff, 0xff, 0xe0, 0xef, 0xff, 
	0xff, 0xe0, 0xef, 0xff, 0xff, 0xe0, 0xef, 0xff, 
	0xff, 0xe0, 0xef, 0xff, 0xff, 0xe0, 0xef, 0xff, 
	0xff, 0xe0, 0xef, 0xff, 0xff, 0xe0, 0xef, 0xff, 
	0xff, 0xe3, 0xef, 0xff, 0xff, 0xe3, 0xef, 0xff, 
	0xff, 0xe3, 0xef, 0xff, 0xff, 0xc7, 0xe7, 0xff, 
	0xff, 0xc7, 0xe7, 0xff, 0xff, 0xc7, 0xe7, 0xff, 
	0xff, 0xc8, 0xe9, 0xff, 0xff, 0xc8, 0xe9, 0xff, 
	0xff, 0xcc, 0xe9, 0xff, 0xff, 0xcc, 0xe9, 0xff, 
	0xff, 0xcc, 0xe9, 0xff, 0xff, 0xdf, 0xef, 0xff, 
	0xff, 0xdf, 0xef, 0xff, 0xff, 0xdf, 0xef, 0xff, 
	0xff, 0xdf, 0xef, 0xff, 0xff, 0xdf, 0xef, 0xff, 
	0xff, 0xe0, 0xef, 0xff, 0xff, 0xe0, 0xef, 0xff, 
	0xff, 0xe0, 0xef, 0xff, 0xff, 0xe0, 0xef, 0xff, 
	0xff, 0xe0, 0xef, 0xff, 0xff, 0xe0, 0xef, 0xff, 
	0xff, 0xe0, 0xef, 0xff, 0xff, 0xe0, 0xef, 0xff, 
	0xff, 0xdf, 0xef, 0xff, 0xff, 0xdf, 0xef, 0xff, 
	0xff, 0xdf, 0xef, 0xff, 0xff, 0xdf, 0xef, 0xff, 
	0xff, 0xdf, 0xef, 0xff, 0xff, 0xc7, 0xe7, 0xff, 
	0xff, 0xc7, 0xe7, 0xff, 0xff, 0xc7, 0xe7, 0xff, 
	0xff, 0xc5, 0xe3, 0xff, 0xff, 0xe0, 0xf1, 0xff, 
	0xff, 0xe0, 0xf1, 0xff, 0xff, 0xe0, 0xf1, 0xff, 
	0xff, 0xe0, 0xf1, 0xff, 0xff, 0xe0, 0xf1, 0xff, 
	0xff, 0xe0, 0xf1, 0xff, 0xff, 0xe0, 0xf1, 0xff, 
	0xff, 0xe0, 0xf1, 0xff, 0xff, 0xe0, 0xf1, 0xff, 
	0xff, 0xc3, 0xe7, 0xff, 0xff, 0xc3, 0xe7, 0xff, 
	0xff, 0xc7, 0xe7, 0xff, 0xff, 0xc7, 0xe7, 0xff, 
	0xff, 0xc7, 0xe7, 0xff, 0xff, 0xdf, 0xef, 0xff, 
	0xff, 0xe0, 0xf1, 0xff, 0xff, 0xe0, 0xf1, 0xff, 
	0xff, 0xe0, 0xf1, 0xff, 0xff, 0xe0, 0xf1, 0xff, 
	0xff, 0xe0, 0xef, 0xff, 0xff, 0xe0, 0xef, 0xff, 
	0xff, 0xe0, 0xef, 0xff, 0xff, 0xe0, 0xef, 0xff, 
	0xff, 0xc7, 0xe7, 0xff, 0xff, 0xc7, 0xe7, 0xff, 
	0xff, 0xc7, 0xe7, 0xff, 0xff, 0xe3, 0xef, 0xff, 
	0xff, 0xd2, 0xe9, 0xff, 0xff, 0xdf, 0xef, 0xff, 
	0xff, 0xdf, 0xef, 0xff, 0xff, 0xdf, 0xef, 0xff, 
	0xff, 0xe0, 0xef, 0xff, 0xff, 0xe0, 0xef, 0xff, 
	0xff, 0xe0, 0xef, 0xff, 0xff, 0xe0, 0xef, 0xff, 
	0xff, 0xdf, 0xf1, 0xff, 0xff, 0xdf, 0xf1, 0xff, 
	0xff, 0xdf, 0xf1, 0xff, 0xff, 0xdf, 0xf1, 0xff, 
	0xff, 0xc2, 0xe6, 0xff, 0xff, 0xc2, 0xe6, 0xff, 
	0xff, 0xc2, 0xe6, 0xff, 0xff, 0xc2, 0xe6, 0xff, 
	0xff, 0xc3, 0xe7, 0xff, 0xff, 0xc3, 0xe7, 0xff, 
	0xff, 0xc3, 0xe7, 0xff, 0xff, 0xc5, 0xe7, 0xff, 
	0xff, 0xc5, 0xe7, 0xff, 0xff, 0xc5, 0xe7, 0xff, 
	0xff, 0xc8, 0xe7, 0xff, 0xff, 0xc8, 0xe7, 0xff, 
	0xff, 0xc9, 0xe9, 0xff, 0xff, 0xc7, 0xe7, 0xff, 
	0xff, 0xc9, 0xe9, 0xff, 0xff, 0xc9, 0xe9, 0xff, 
	0xff, 0xc9, 0xe9, 0xff, 0xff, 0xc9, 0xe9, 0xff, 
	0xff, 0xc9, 0xe9, 0xff, 0xff, 0xc9, 0xe9, 0xff, 
	0xff, 0xc9, 0xe9, 0xff, 0xff, 0xc9, 0xe9, 0xff, 
	0xff, 0xc7, 0xe7, 0xff, 0xff, 0xc9, 0xe9, 0xff, 
	0xff, 0xbc, 0xe4, 0xff, 0xff, 0xbc, 0xe4, 0xff, 
	0xff, 0xbc, 0xe4, 0xff, 0xff, 0xbc, 0xe4, 0xff, 
	0xff, 0xbd, 0xe7, 0xff, 0xff, 0xc0, 0xe7, 0xff, 
	0xff, 0xc0, 0xe7, 0xff, 0xff, 0xc0, 0xe7, 0xff, 
	0xff, 0xbf, 0xe7, 0xff, 0xff, 0xbf, 0xe7, 0xff, 
	0xff, 0xc1, 0xe7, 0xff, 0xff, 0xc3, 0xe7, 0xff, 
	0xff, 0xc1, 0xe7, 0xff, 0xff, 0xc1, 0xe7, 0xff, 
	0xff, 0xbf, 0xe7, 0xff, 0xff, 0xbf, 0xe7, 0xff, 
	0xff, 0xbd, 0xe7, 0xff, 0xff, 0xbd, 0xe7, 0xff, 
	0xff, 0xbd, 0xe7, 0xff, 0xff, 0xc4, 0xe7, 0xff, 
	0xff, 0xde, 0xee, 0xff, 0xff, 0xde, 0xee, 0xff, 
	0xff, 0xde, 0xee, 0xff, 0xff, 0xde, 0xee, 0xff, 
	0xff, 0xe0, 0xef, 0xff, 0xff, 0xe0, 0xef, 0xff, 
	0xff, 0xe0, 0xef, 0xff, 0xff, 0xe0, 0xef, 0xff, 
	0xff, 0xe0, 0xef, 0xff, 0xff, 0xe0, 0xef, 0xff, 
	0xff, 0xe0, 0xef, 0xff, 0xff, 0xe0, 0xef, 0xff, 
	0xff, 0xe3, 0xef, 0xff, 0xff, 0xe3, 0xef, 0xff, 
	0xff, 0xd0, 0xe9, 0xff, 0xff, 0xc7, 0xe7, 0xff, 
	0xff, 0xc7, 0xe7, 0xff, 0xff, 0xc8, 0xe9, 0xff, 
	0xff, 0xc8, 0xe9, 0xff, 0xff, 0xc8, 0xe9, 0xff, 
	0xff, 0xcc, 0xe9, 0xff, 0xff, 0xcc, 0xe9, 0xff, 
	0xff, 0xd5, 0xec, 0xff, 0xff, 0xd5, 0xec, 0xff, 
	0xff, 0xdf, 0xef, 0xff, 0xff, 0xdf, 0xef, 0xff, 
	0xff, 0xdf, 0xef, 0xff, 0xff, 0xdf, 0xef, 0xff, 
	0xff, 0xdf, 0xef, 0xff, 0xff, 0xdf, 0xef, 0xff, 
	0xff, 0xe0, 0xef, 0xff, 0xff, 0xe0, 0xef, 0xff, 
	0xff, 0xe0, 0xef, 0xff, 0xff, 0xe0, 0xef, 0xff, 
	0xff, 0xdd, 0xef, 0xff, 0xff, 0xdd, 0xef, 0xff, 
	0xff, 0xdf, 0xef, 0xff, 0xff, 0xdf, 0xef, 0xff, 
	0xff, 0xdf, 0xef, 0xff, 0xff, 0xd8, 0xec, 0xff, 
	0xff, 0xdf, 0xef, 0xff, 0xff, 0xd7, 0xec, 0xff, 
	0xff, 0xc7, 0xe7, 0xff, 0xff, 0xc7, 0xe7, 0xff, 
	0xff, 0xc5, 0xe3, 0xff, 0xff, 0xe0, 0xf1, 0xff, 
	0xff, 0xe0, 0xf1, 0xff, 0xff, 0xe0, 0xf1, 0xff, 
	0xff, 0xe0, 0xf1, 0xff, 0xff, 0xe0, 0xf1, 0xff, 
	0xff, 0xe0, 0xf1, 0xff, 0xff, 0xe0, 0xf1, 0xff, 
	0xff, 0xe0, 0xf1, 0xff, 0xff, 0xe0, 0xf1, 0xff, 
	0xff, 0xc3, 0xe7, 0xff, 0xff, 0xc3, 0xe7, 0xff, 
	0xff, 0xc7, 0xe7, 0xff, 0xff, 0xc7, 0xe7, 0xff, 
	0xff, 0xcf, 0xe9, 0xff, 0xff, 0xcf, 0xe9, 0xff, 
	0xff, 0xe0, 0xf1, 0xff, 0xff, 0xe0, 0xf1, 0xff, 
	0xff, 0xe0, 0xf1, 0xff, 0xff, 0xe0, 0xf1, 0xff, 
	0xff, 0xe0, 0xef, 0xff, 0xff, 0xe0, 0xef, 0xff, 
	0xff, 0xe0, 0xef, 0xff, 0xff, 0xe0, 0xef, 0xff, 
	0xff, 0xe3, 0xef, 0xff, 0xff, 0xc7, 0xe7, 0xff, 
	0xff, 0xd0, 0xe9, 0xff, 0xff, 0xd9, 0xec, 0xff, 
	0xff, 0xdf, 0xef, 0xff, 0xff, 0xdf, 0xef, 0xff, 
	0xff, 0xdf, 0xef, 0xff, 0xff, 0xdf, 0xef, 0xff, 
	0xff, 0xdf, 0xef, 0xff, 0xff, 0xdf, 0xef, 0xff, 
	0xff, 0xe0, 0xef, 0xff, 0xff, 0xe0, 0xef, 0xff, 
	0xff, 0xdf, 0xf1, 0xff, 0xff, 0xdf, 0xf1, 0xff, 
	0xff, 0xc7, 0xe7, 0xff, 0xff, 0xc7, 0xe7, 0xff, 
	0xff, 0xc2, 0xe6, 0xff, 0xff, 0xc2, 0xe6, 0xff, 
	0xff, 0xc2, 0xe6, 0xff, 0xff, 0xc2, 0xe6, 0xff, 
	0xff, 0xc3, 0xe7, 0xff, 0xff, 0xc3, 0xe7, 0xff, 
	0xff, 0xc3, 0xe7, 0xff, 0xff, 0xc5, 0xe7, 0xff, 
	0xff, 0xc5, 0xe7, 0xff, 0xff, 0xc5, 0xe7, 0xff, 
	0xff, 0xc5, 0xe7, 0xff, 0xff, 0xc8, 0xe7, 0xff, 
	0xff, 0xc9, 0xe9, 0xff, 0xff, 0xc9, 0xe9, 0xff, 
	0xff, 0xc9, 0xe9, 0xff, 0xff, 0xc9, 0xe9, 0xff, 
	0xff, 0xc9, 0xe9, 0xff, 0xff, 0xc9, 0xe9, 0xff, 
	0xff, 0xc9, 0xe9, 0xff, 0xff, 0xc9, 0xe9, 0xff, 
	0xff, 0xc9, 0xe9, 0xff, 0xff, 0xc7, 0xe7, 0xff, 
	0xff, 0xc9, 0xe9, 0xff, 0xff, 0xc7, 0xe7, 0xff, 
	0xff, 0xbc, 0xe4, 0xff, 0xff, 0xbc, 0xe4, 0xff, 
	0xff, 0xbc, 0xe4, 0xff, 0xff, 0xbc, 0xe4, 0xff, 
	0xff, 0xc0, 0xe7, 0xff, 0xff, 0xbd, 0xe7, 0xff, 
	0xff, 0xc0, 0xe7, 0xff, 0xff, 0xc0, 0xe7, 0xff, 
	0xff, 0xbe, 0xe7, 0xff, 0xff, 0xc1, 0xe7, 0xff, 
	0xff, 0xc1, 0xe7, 0xff, 0xff, 0xc1, 0xe7, 0xff, 
	0xff, 0xc1, 0xe7, 0xff, 0xff, 0xbf, 0xe7, 0xff, 
	0xff, 0xbf, 0xe7, 0xff, 0xff, 0xbf, 0xe7, 0xff, 
	0xff, 0xbd, 0xe7, 0xff, 0xff, 0xbd, 0xe7, 0xff, 
	0xff, 0xbd, 0xe7, 0xff, 0xff, 0xbd, 0xe7, 0xff, 
	0xff, 0xde, 0xee, 0xff, 0xff, 0xde, 0xee, 0xff, 
	0xff, 0xde, 0xee, 0xff, 0xff, 0xde, 0xee, 0xff, 
	0xff, 0xe0, 0xef, 0xff, 0xff, 0xe0, 0xef, 0xff, 
	0xff, 0xe0, 0xef, 0xff, 0xff, 0xe0, 0xef, 0xff, 
	0xff, 0xe0, 0xef, 0xff, 0xff, 0xe0, 0xef, 0xff, 
	0xff, 0xe3, 0xef, 0xff, 0xff, 0xe0, 0xef, 0xff, 
	0xff, 0xd9, 0xec, 0xff, 0xff, 0xd0, 0xe9, 0xff, 
	0xff, 0xd9, 0xec, 0xff, 0xff, 0xc7, 0xe7, 0xff, 
	0xff, 0xc7, 0xe7, 0xff, 0xff, 0xc8, 0xe9, 0xff, 
	0xff, 0xc8, 0xe9, 0xff, 0xff, 0xc8, 0xe9, 0xff, 
	0xff, 0xcc, 0xe9, 0xff, 0xff, 0xcc, 0xe9, 0xff, 
	0xff, 0xcc, 0xe9, 0xff, 0xff, 0xcc, 0xe9, 0xff, 
	0xff, 0xdf, 0xef, 0xff, 0xff, 0xdf, 0xef, 0xff, 
	0xff, 0xdf, 0xef, 0xff, 0xff, 0xdf, 0xef, 0xff, 
	0xff, 0xdf, 0xef, 0xff, 0xff, 0xe0, 0xef, 0xff, 
	0xff, 0xe0, 0xef, 0xff, 0xff, 0xe0, 0xef, 0xff, 
	0xff, 0xe0, 0xef, 0xff, 0xff, 0xe0, 0xef, 0xff, 
	0xff, 0xdd, 0xef, 0xff, 0xff, 0xe0, 0xef, 0xff, 
	0xff, 0xdf, 0xef, 0xff, 0xff, 0xdf, 0xef, 0xff, 
	0xff, 0xd1, 0xe9, 0xff, 0xff, 0xdf, 0xef, 0xff, 
	0xff, 0xc7, 0xe7, 0xff, 0xff, 0xc7, 0xe7, 0xff, 
	0xff, 0xc7, 0xe7, 0xff, 0xff, 0xc7, 0xe7, 0xff, 
	0xff, 0xc5, 0xe3, 0xff, 0xff, 0xe0, 0xf1, 0xff, 
	0xff, 0xe0, 0xf1, 0xff, 0xff, 0xe0, 0xf1, 0xff, 
	0xff, 0xe0, 0xf1, 0xff, 0xff, 0xe0, 0xf1, 0xff, 
	0xff, 0xe0, 0xf1, 0xff, 0xff, 0xe0, 0xf1, 0xff, 
	0xff, 0xe0, 0xf1, 0xff, 0xff, 0xe0, 0xf1, 0xff, 
	0xff, 0xc3, 0xe7, 0xff, 0xff, 0xc3, 0xe7, 0xff, 
	0xff, 0xc7, 0xe7, 0xff, 0xff, 0xc7, 0xe7, 0xff, 
	0xff, 0xcf, 0xe9, 0xff, 0xff, 0xdf, 0xef, 0xff, 
	0xff, 0xe0, 0xf1, 0xff, 0xff, 0xe0, 0xf1, 0xff, 
	0xff, 0xe0, 0xf1, 0xff, 0xff, 0xe0, 0xf1, 0xff, 
	0xff, 0xe0, 0xef, 0xff, 0xff, 0xe0, 0xef, 0xff, 
	0xff, 0xe0, 0xef, 0xff, 0xff, 0xe0, 0xef, 0xff, 
	0xff, 0xe3, 0xef, 0xff, 0xff, 0xc7, 0xe7, 0xff, 
	0xff, 0xc7, 0xe7, 0xff, 0xff, 0xe3, 0xef, 0xff, 
	0xff, 0xdf, 0xef, 0xff, 0xff, 0xdf, 0xef, 0xff, 
	0xff, 0xdf, 0xef, 0xff, 0xff, 0xdf, 0xef, 0xff, 
	0xff, 0xdf, 0xef, 0xff, 0xff, 0xe0, 0xef, 0xff, 
	0xff, 0xe0, 0xef, 0xff, 0xff, 0xe0, 0xef, 0xff, 
	0xff, 0xdf, 0xf1, 0xff, 0xff, 0xdf, 0xf1, 0xff, 
	0xff, 0xc7, 0xe7, 0xff, 0xff, 0xc7, 0xe7, 0xff, 
	0xff, 0xc2, 0xe6, 0xff, 0xff, 0xc2, 0xe6, 0xff, 
	0xff, 0xc2, 0xe6, 0xff, 0xff, 0xc2, 0xe6, 0xff, 
	0xff, 0xc3, 0xe7, 0xff, 0xff, 0xc3, 0xe7, 0xff, 
	0xff, 0xc3, 0xe7, 0xff, 0xff, 0xc3, 0xe7, 0xff, 
	0xff, 0xc3, 0xe7, 0xff, 0xff, 0xc3, 0xe7, 0xff, 
	0xff, 0xc3, 0xe7, 0xff, 0xff, 0xc5, 0xe7, 0xff, 
	0xff, 0xc7, 0xe7, 0xff, 0xff, 0xc9, 0xe9, 0xff, 
	0xff, 0xc9, 0xe9, 0xff, 0xff, 0xc9, 0xe9, 0xff, 
	0xff, 0xc9, 0xe9, 0xff, 0xff, 0xc9, 0xe9, 0xff, 
	0xff, 0xc9, 0xe9, 0xff, 0xff, 0xc9, 0xe9, 0xff, 
	0xff, 0xc9, 0xe9, 0xff, 0xff, 0xc9, 0xe9, 0xff, 
	0xff, 0xc9, 0xe9, 0xff, 0xff, 0xc7, 0xe7, 0xff, 
	0xff, 0xbc, 0xe4, 0xff, 0xff, 0xbc, 0xe4, 0xff, 
	0xff, 0xbc, 0xe4, 0xff, 0xff, 0xbc, 0xe4, 0xff, 
	0xff, 0xc0, 0xe7, 0xff, 0xff, 0xc3, 0xe7, 0xff, 
	0xff, 0xc3, 0xe7, 0xff, 0xff, 0xc0, 0xe7, 0xff, 
	0xff, 0xc1, 0xe7, 0xff, 0xff, 0xc1, 0xe7, 0xff, 
	0xff, 0xc1, 0xe7, 0xff, 0xff, 0xc1, 0xe7, 0xff, 
	0xff, 0xc1, 0xe7, 0xff, 0xff, 0xc1, 0xe7, 0xff, 
	0xff, 0xbe, 0xe7, 0xff, 0xff, 0xbe, 0xe7, 0xff, 
	0xff, 0xbd, 0xe7, 0xff, 0xff, 0xbd, 0xe7, 0xff, 
	0xff, 0xbd, 0xe7, 0xff, 0xff, 0xbd, 0xe7, 0xff, 
	0xff, 0xbe, 0xe6, 0xff, 0xff, 0xde, 0xee, 0xff, 
	0xff, 0xde, 0xee, 0xff, 0xff, 0xde, 0xee, 0xff, 
	0xff, 0xdf, 0xef, 0xff, 0xff, 0xdf, 0xef, 0xff, 
	0xff, 0xdf, 0xef, 0xff, 0xff, 0xdf, 0xef, 0xff, 
	0xff, 0xe0, 0xef, 0xff, 0xff, 0xe0, 0xef, 0xff, 
	0xff, 0xe3, 0xef, 0xff, 0xff, 0xdb, 0xef, 0xff, 
	0xff, 0xe3, 0xef, 0xff, 0xff, 0xc7, 0xe7, 0xff, 
	0xff, 0xc7, 0xe7, 0xff, 0xff, 0xc7, 0xe7, 0xff, 
	0xff, 0xc7, 0xe7, 0xff, 0xff, 0xc7, 0xe7, 0xff, 
	0xff, 0xc7, 0xe7, 0xff, 0xff, 0xc7, 0xe7, 0xff, 
	0xff, 0xcc, 0xe9, 0xff, 0xff, 0xcc, 0xe9, 0xff, 
	0xff, 0xcc, 0xe9, 0xff, 0xff, 0xcc, 0xe9, 0xff, 
	0xff, 0xcf, 0xe9, 0xff, 0xff, 0xdf, 0xef, 0xff, 
	0xff, 0xdf, 0xef, 0xff, 0xff, 0xdf, 0xef, 0xff, 
	0xff, 0xe0, 0xef, 0xff, 0xff, 0xe0, 0xef, 0xff, 
	0xff, 0xe3, 0xef, 0xff, 0xff, 0xdf, 0xef, 0xff, 
	0xff, 0xdd, 0xef, 0xff, 0xff, 0xe0, 0xef, 0xff, 
	0xff, 0xe0, 0xef, 0xff, 0xff, 0xe3, 0xef, 0xff, 
	0xff, 0xdf, 0xef, 0xff, 0xff, 0xd8, 0xec, 0xff, 
	0xff, 0xdf, 0xef, 0xff, 0xff, 0xcb, 0xe7, 0xff, 
	0xff, 0xc7, 0xe7, 0xff, 0xff, 0xc7, 0xe7, 0xff, 
	0xff, 0xc7, 0xe7, 0xff, 0xff, 0xc7, 0xe7, 0xff, 
	0xff, 0xc5, 0xe3, 0xff, 0xff, 0xe0, 0xf1, 0xff, 
	0xff, 0xe0, 0xf1, 0xff, 0xff, 0xe0, 0xf1, 0xff, 
	0xff, 0xe5, 0xf4, 0xff, 0xff, 0xe0, 0xf1, 0xff, 
	0xff, 0xe0, 0xf1, 0xff, 0xff, 0xe0, 0xf1, 0xff, 
	0xff, 0xe0, 0xf1, 0xff, 0xff, 0xc3, 0xe7, 0xff, 
	0xff, 0xc3, 0xe7, 0xff, 0xff, 0xc3, 0xe7, 0xff, 
	0xff, 0xc7, 0xe7, 0xff, 0xff, 0xc7, 0xe7, 0xff, 
	0xff, 0xd7, 0xec, 0xff, 0xff, 0xdf, 0xef, 0xff, 
	0xff, 0xe0, 0xf1, 0xff, 0xff, 0xe0, 0xf1, 0xff, 
	0xff, 0xe5, 0xf4, 0xff, 0xff, 0xe0, 0xf1, 0xff, 
	0xff, 0xdf, 0xef, 0xff, 0xff, 0xdf, 0xef, 0xff, 
	0xff, 0xdf, 0xef, 0xff, 0xff, 0xdf, 0xef, 0xff, 
	0xff, 0xe3, 0xef, 0xff, 0xff, 0xd0, 0xe9, 0xff, 
	0xff, 0xd9, 0xec, 0xff, 0xff, 0xd9, 0xec, 0xff, 
	0xff, 0xdf, 0xef, 0xff, 0xff, 0xdf, 0xef, 0xff, 
	0xff, 0xdf, 0xef, 0xff, 0xff, 0xdf, 0xef, 0xff, 
	0xff, 0xe0, 0xef, 0xff, 0xff, 0xe0, 0xef, 0xff, 
	0xff, 0xe3, 0xef, 0xff, 0xff, 0xdf, 0xef, 0xff, 
	0xff, 0xdf, 0xf1, 0xff, 0xff, 0xeb, 0xf7, 0xff, 
	0xff, 0xc7, 0xe7, 0xff, 0xff, 0xc7, 0xe7, 0xff, 
	0xff, 0xc2, 0xe6, 0xff, 0xff, 0xc2, 0xe6, 0xff, 
	0xff, 0xc2, 0xe6, 0xff, 0xff, 0xc2, 0xe6, 0xff, 
	0xff, 0xc3, 0xe7, 0xff, 0xff, 0xc3, 0xe7, 0xff, 
	0xff, 0xc3, 0xe7, 0xff, 0xff, 0xc5, 0xe7, 0xff, 
	0xff, 0xc5, 0xe7, 0xff, 0xff, 0xc5, 0xe7, 0xff, 
	0xff, 0xc3, 0xe7, 0xff, 0xff, 0xc5, 0xe7, 0xff, 
	0xff, 0xc7, 0xe7, 0xff, 0xff, 0xc7, 0xe7, 0xff, 
	0xff, 0xc7, 0xe7, 0xff, 0xff, 0xc9, 0xe9, 0xff, 
	0xff, 0xc9, 0xe9, 0xff, 0xff, 0xc9, 0xe9, 0xff, 
	0xff, 0xc9, 0xe9, 0xff, 0xff, 0xc9, 0xe9, 0xff, 
	0xff, 0xc7, 0xe7, 0xff, 0xff, 0xc9, 0xe9, 0xff, 
	0xff, 0xc7, 0xe7, 0xff, 0xff, 0xc7, 0xe7, 0xff, 
	0xff, 0xbe, 0xe7, 0xff, 0xff, 0xbe, 0xe7, 0xff, 
	0xff, 0xbe, 0xe7, 0xff, 0xff, 0xc1, 0xe7, 0xff, 
	0xff, 0xc0, 0xe6, 0xff, 0xff, 0xc0, 0xe6, 0xff, 
	0xff, 0xc0, 0xe6, 0xff, 0xff, 0xc0, 0xe6, 0xff, 
	0xff, 0xc1, 0xe6, 0xff, 0xff, 0xc1, 0xe6, 0xff, 
	0xff, 0xc1, 0xe6, 0xff, 0xff, 0xc1, 0xe6, 0xff, 
	0xff, 0xc0, 0xe6, 0xff, 0xff, 0xc0, 0xe6, 0xff, 
	0xff, 0xc0, 0xe6, 0xff, 0xff, 0xc0, 0xe6, 0xff, 
	0xff, 0xbe, 0xe7, 0xff, 0xff, 0xbe, 0xe7, 0xff, 
	0xff, 0xbe, 0xe7, 0xff, 0xff, 0xbe, 0xe7, 0xff, 
	0xff, 0xdf, 0xef, 0xff, 0xff, 0xdf, 0xef, 0xff, 
	0xff, 0xdf, 0xef, 0xff, 0xff, 0xdf, 0xef, 0xff, 
	0xff, 0xe3, 0xef, 0xff, 0xff, 0xe3, 0xef, 0xff, 
	0xff, 0xe3, 0xef, 0xff, 0xff, 0xe3, 0xef, 0xff, 
	0xff, 0xe3, 0xef, 0xff, 0xff, 0xe3, 0xef, 0xff, 
	0xff, 0xe3, 0xef, 0xff, 0xff, 0xcd, 0xe9, 0xff, 
	0xff, 0xbe, 0xe7, 0xff, 0xff, 0xc7, 0xe7, 0xff, 
	0xff, 0xc1, 0xe7, 0xff, 0xff, 0xc4, 0xe7, 0xff, 
	0xff, 0xc3, 0xe7, 0xff, 0xff, 0xc4, 0xe7, 0xff, 
	0xff, 0xc5, 0xe7, 0xff, 0xff, 0xc5, 0xe7, 0xff, 
	0xff, 0xc8, 0xe7, 0xff, 0xff, 0xc8, 0xe7, 0xff, 
	0xff, 0xc8, 0xe7, 0xff, 0xff, 0xcb, 0xe7, 0xff, 
	0xff, 0xc7, 0xe7, 0xff, 0xff, 0xcf, 0xe9, 0xff, 
	0xff, 0xd7, 0xec, 0xff, 0xff, 0xdf, 0xef, 0xff, 
	0xff, 0xe3, 0xef, 0xff, 0xff, 0xe3, 0xef, 0xff, 
	0xff, 0xe3, 0xef, 0xff, 0xff, 0xe3, 0xef, 0xff, 
	0xff, 0xe3, 0xef, 0xff, 0xff, 0xe3, 0xef, 0xff, 
	0xff, 0xe3, 0xef, 0xff, 0xff, 0xe3, 0xef, 0xff, 
	0xff, 0xe3, 0xef, 0xff, 0xff, 0xc7, 0xe7, 0xff, 
	0xff, 0xd0, 0xe9, 0xff, 0xff, 0xc7, 0xe7, 0xff, 
	0xff, 0xc8, 0xe7, 0xff, 0xff, 0xc8, 0xe7, 0xff, 
	0xff, 0xc5, 0xe7, 0xff, 0xff, 0xc3, 0xe7, 0xff, 
	0xff, 0xe4, 0xf1, 0xff, 0xff, 0xbe, 0xe7, 0xff, 
	0xff, 0xe4, 0xf1, 0xff, 0xff, 0xe4, 0xf1, 0xff, 
	0xff, 0xe3, 0xef, 0xff, 0xff, 0xe3, 0xef, 0xff, 
	0xff, 0xd8, 0xec, 0xff, 0xff, 0xe3, 0xef, 0xff, 
	0xff, 0xe0, 0xf1, 0xff, 0xff, 0xe0, 0xf1, 0xff, 
	0xff, 0xc3, 0xe7, 0xff, 0xff, 0xc3, 0xe7, 0xff, 
	0xff, 0xc3, 0xe7, 0xff, 0xff, 0xc3, 0xe7, 0xff, 
	0xff, 0xd8, 0xec, 0xff, 0xff, 0xe3, 0xef, 0xff, 
	0xff, 0xe4, 0xf1, 0xff, 0xff, 0xe4, 0xf1, 0xff, 
	0xff, 0xe4, 0xf1, 0xff, 0xff, 0xe4, 0xf1, 0xff, 
	0xff, 0xe5, 0xf1, 0xff, 0xff, 0xe5, 0xf1, 0xff, 
	0xff, 0xe5, 0xf1, 0xff, 0xff, 0xe5, 0xf1, 0xff, 
	0xff, 0xc8, 0xe7, 0xff, 0xff, 0xc8, 0xe7, 0xff, 
	0xff, 0xc8, 0xe7, 0xff, 0xff, 0xd3, 0xe7, 0xff, 
	0xff, 0xe4, 0xf1, 0xff, 0xff, 0xe4, 0xf1, 0xff, 
	0xff, 0xe4, 0xf1, 0xff, 0xff, 0xe4, 0xf1, 0xff, 
	0xff, 0xe4, 0xf1, 0xff, 0xff, 0xe4, 0xf1, 0xff, 
	0xff, 0xe4, 0xf1, 0xff, 0xff, 0xe4, 0xf1, 0xff, 
	0xff, 0xe3, 0xef, 0xff, 0xff, 0xe3, 0xef, 0xff, 
	0xff, 0xc3, 0xe7, 0xff, 0xff, 0xc3, 0xe7, 0xff, 
	0xff, 0xc1, 0xe7, 0xff, 0xff, 0xc1, 0xe7, 0xff, 
	0xff, 0xc1, 0xe7, 0xff, 0xff, 0xc1, 0xe7, 0xff, 
	0xff, 0xc3, 0xe7, 0xff, 0xff, 0xc3, 0xe7, 0xff, 
	0xff, 0xc5, 0xe7, 0xff, 0xff, 0xc3, 0xe7, 0xff, 
	0xff, 0xc4, 0xe7, 0xff, 0xff, 0xc4, 0xe7, 0xff, 
	0xff, 0xc4, 0xe7, 0xff, 0xff, 0xc4, 0xe7, 0xff, 
	0xff, 0xc5, 0xe7, 0xff, 0xff, 0xc4, 0xe7, 0xff, 
	0xff, 0xc4, 0xe7, 0xff, 0xff, 0xc5, 0xe7, 0xff, 
	0xff, 0xc8, 0xe7, 0xff, 0xff, 0xc8, 0xe7, 0xff, 
	0xff, 0xc5, 0xe7, 0xff, 0xff, 0xc8, 0xe7, 0xff, 
	0xff, 0xc7, 0xe7, 0xff, 0xff, 0xc7, 0xe7, 0xff, 
	0xff, 0xc7, 0xe7, 0xff, 0xff, 0xc5, 0xe7, 0xff, 
	0xff, 0xbf, 0xe7, 0xff, 0xff, 0xbe, 0xe7, 0xff, 
	0xff, 0xbe, 0xe7, 0xff, 0xff, 0xbf, 0xe7, 0xff, 
	0xff, 0xc0, 0xe6, 0xff, 0xff, 0xc0, 0xe6, 0xff, 
	0xff, 0xc0, 0xe6, 0xff, 0xff, 0xc0, 0xe6, 0xff, 
	0xff, 0xc1, 0xe6, 0xff, 0xff, 0xc1, 0xe6, 0xff, 
	0xff, 0xc1, 0xe6, 0xff, 0xff, 0xc1, 0xe6, 0xff, 
	0xff, 0xc0, 0xe6, 0xff, 0xff, 0xc0, 0xe6, 0xff, 
	0xff, 0xc0, 0xe6, 0xff, 0xff, 0xc0, 0xe6, 0xff, 
	0xff, 0xbe, 0xe7, 0xff, 0xff, 0xbe, 0xe7, 0xff, 
	0xff, 0xbe, 0xe7, 0xff, 0xff, 0xbe, 0xe7, 0xff, 
	0xff, 0xbe, 0xe7, 0xff, 0xff, 0xc9, 0xe9, 0xff, 
	0xff, 0xdf, 0xef, 0xff, 0xff, 0xdf, 0xef, 0xff, 
	0xff, 0xe3, 0xef, 0xff, 0xff, 0xe3, 0xef, 0xff, 
	0xff, 0xe3, 0xef, 0xff, 0xff, 0xe3, 0xef, 0xff, 
	0xff, 0xe3, 0xef, 0xff, 0xff, 0xe3, 0xef, 0xff, 
	0xff, 0xe3, 0xef, 0xff, 0xff, 0xd8, 0xec, 0xff, 
	0xff, 0xbe, 0xe7, 0xff, 0xff, 0xbe, 0xe7, 0xff, 
	0xff, 0xc1, 0xe7, 0xff, 0xff, 0xc1, 0xe7, 0xff, 
	0xff, 0xc3, 0xe7, 0xff, 0xff, 0xc3, 0xe7, 0xff, 
	0xff, 0xc4, 0xe7, 0xff, 0xff, 0xc5, 0xe7, 0xff, 
	0xff, 0xc8, 0xe7, 0xff, 0xff, 0xc8, 0xe7, 0xff, 
	0xff, 0xc8, 0xe7, 0xff, 0xff, 0xc8, 0xe7, 0xff, 
	0xff, 0xc7, 0xe7, 0xff, 0xff, 0xc7, 0xe7, 0xff, 
	0xff, 0xcf, 0xe9, 0xff, 0xff, 0xd7, 0xec, 0xff, 
	0xff, 0xe3, 0xef, 0xff, 0xff, 0xe3, 0xef, 0xff, 
	0xff, 0xe3, 0xef, 0xff, 0xff, 0xe3, 0xef, 0xff, 
	0xff, 0xd9, 0xec, 0xff, 0xff, 0xe3, 0xef, 0xff, 
	0xff, 0xe3, 0xef, 0xff, 0xff, 0xe3, 0xef, 0xff, 
	0xff, 0xe3, 0xef, 0xff, 0xff, 0xd0, 0xe9, 0xff, 
	0xff, 0xc7, 0xe7, 0xff, 0xff, 0xd0, 0xe9, 0xff, 
	0xff, 0xc8, 0xe7, 0xff, 0xff, 0xc8, 0xe7, 0xff, 
	0xff, 0xc5, 0xe7, 0xff, 0xff, 0xc3, 0xe7, 0xff, 
	0xff, 0xe4, 0xf1, 0xff, 0xff, 0xe4, 0xf1, 0xff, 
	0xff, 0xe4, 0xf1, 0xff, 0xff, 0xd1, 0xec, 0xff, 
	0xff, 0xcd, 0xe9, 0xff, 0xff, 0xcd, 0xe9, 0xff, 
	0xff, 0xcd, 0xe9, 0xff, 0xff, 0xe3, 0xef, 0xff, 
	0xff, 0xe0, 0xf1, 0xff, 0xff, 0xc3, 0xe7, 0xff, 
	0xff, 0xc3, 0xe7, 0xff, 0xff, 0xc3, 0xe7, 0xff, 
	0xff, 0xc3, 0xe7, 0xff, 0xff, 0xc3, 0xe7, 0xff, 
	0xff, 0xcd, 0xe9, 0xff, 0xff, 0xe3, 0xef, 0xff, 
	0xff, 0xe4, 0xf1, 0xff, 0xff, 0xe4, 0xf1, 0xff, 
	0xff, 0xe4, 0xf1, 0xff, 0xff, 0xe4, 0xf1, 0xff, 
	0xff, 0xe5, 0xf1, 0xff, 0xff, 0xd4, 0xec, 0xff, 
	0xff, 0xe5, 0xf1, 0xff, 0xff, 0xe5, 0xf1, 0xff, 
	0xff, 0xc8, 0xe7, 0xff, 0xff, 0xc3, 0xe7, 0xff, 
	0xff, 0xc3, 0xe7, 0xff, 0xff, 0xc3, 0xe7, 0xff, 
	0xff, 0xe4, 0xf1, 0xff, 0xff, 0xe4, 0xf1, 0xff, 
	0xff, 0xe4, 0xf1, 0xff, 0xff, 0xe4, 0xf1, 0xff, 
	0xff, 0xe4, 0xf1, 0xff, 0xff, 0xe4, 0xf1, 0xff, 
	0xff, 0xe4, 0xf1, 0xff, 0xff, 0xe4, 0xf1, 0xff, 
	0xff, 0xcd, 0xe9, 0xff, 0xff, 0xe3, 0xef, 0xff, 
	0xff, 0xe3, 0xef, 0xff, 0xff, 0xc3, 0xe7, 0xff, 
	0xff, 0xc1, 0xe7, 0xff, 0xff, 0xc1, 0xe7, 0xff, 
	0xff, 0xc1, 0xe7, 0xff, 0xff, 0xc1, 0xe7, 0xff, 
	0xff, 0xc5, 0xe7, 0xff, 0xff, 0xc8, 0xe7, 0xff, 
	0xff, 0xc5, 0xe7, 0xff, 0xff, 0xc5, 0xe7, 0xff, 
	0xff, 0xc4, 0xe7, 0xff, 0xff, 0xc4, 0xe7, 0xff, 
	0xff, 0xc5, 0xe7, 0xff, 0xff, 0xc4, 0xe7, 0xff, 
	0xff, 0xc4, 0xe7, 0xff, 0xff, 0xc4, 0xe7, 0xff, 
	0xff, 0xc4, 0xe7, 0xff, 0xff, 0xc4, 0xe7, 0xff, 
	0xff, 0xc3, 0xe7, 0xff, 0xff, 0xc3, 0xe7, 0xff, 
	0xff, 0xc5, 0xe7, 0xff, 0xff, 0xc5, 0xe7, 0xff, 
	0xff, 0xc5, 0xe7, 0xff, 0xff, 0xc5, 0xe7, 0xff, 
	0xff, 0xc5, 0xe7, 0xff, 0xff, 0xc4, 0xe7, 0xff, 
	0xff, 0xbf, 0xe7, 0xff, 0xff, 0xbf, 0xe7, 0xff, 
	0xff, 0xbf, 0xe7, 0xff, 0xff, 0xc1, 0xe7, 0xff, 
	0xff, 0xc0, 0xe6, 0xff, 0xff, 0xc0, 0xe6, 0xff, 
	0xff, 0xc0, 0xe6, 0xff, 0xff, 0xc0, 0xe6, 0xff, 
	0xff, 0xc1, 0xe6, 0xff, 0xff, 0xc1, 0xe6, 0xff, 
	0xff, 0xc1, 0xe6, 0xff, 0xff, 0xc1, 0xe6, 0xff, 
	0xff, 0xc0, 0xe6, 0xff, 0xff, 0xc0, 0xe6, 0xff, 
	0xff, 0xc0, 0xe6, 0xff, 0xff, 0xc0, 0xe6, 0xff, 
	0xff, 0xbe, 0xe7, 0xff, 0xff, 0xbe, 0xe7, 0xff, 
	0xff, 0xbe, 0xe7, 0xff, 0xff, 0xc9, 0xe9, 0xff, 
	0xff, 0xbe, 0xe7, 0xff, 0xff, 0xbe, 0xe7, 0xff, 
	0xff, 0xbe, 0xe7, 0xff, 0xff, 0xd4, 0xec, 0xff, 
	0xff, 0xd8, 0xec, 0xff, 0xff, 0xe3, 0xef, 0xff, 
	0xff, 0xd8, 0xec, 0xff, 0xff, 0xe3, 0xef, 0xff, 
	0xff, 0xd8, 0xec, 0xff, 0xff, 0xe3, 0xef, 0xff, 
	0xff, 0xcd, 0xe9, 0xff, 0xff, 0xd8, 0xec, 0xff, 
	0xff, 0xbe, 0xe7, 0xff, 0xff, 0xc1, 0xe7, 0xff, 
	0xff, 0xc1, 0xe7, 0xff, 0xff, 0xc1, 0xe7, 0xff, 
	0xff, 0xc3, 0xe7, 0xff, 0xff, 0xc3, 0xe7, 0xff, 
	0xff, 0xc4, 0xe7, 0xff, 0xff, 0xc4, 0xe7, 0xff, 
	0xff, 0xc3, 0xe7, 0xff, 0xff, 0xc5, 0xe7, 0xff, 
	0xff, 0xc8, 0xe7, 0xff, 0xff, 0xc8, 0xe7, 0xff, 
	0xff, 0xc7, 0xe7, 0xff, 0xff, 0xc7, 0xe7, 0xff, 
	0xff, 0xcf, 0xe9, 0xff, 0xff, 0xcf, 0xe9, 0xff, 
	0xff, 0xd0, 0xe9, 0xff, 0xff, 0xd9, 0xec, 0xff, 
	0xff, 0xd9, 0xec, 0xff, 0xff, 0xd9, 0xec, 0xff, 
	0xff, 0xd9, 0xec, 0xff, 0xff, 0xc7, 0xe7, 0xff, 
	0xff, 0xd0, 0xe9, 0xff, 0xff, 0xd0, 0xe9, 0xff, 
	0xff, 0xe3, 0xef, 0xff, 0xff, 0xd9, 0xec, 0xff, 
	0xff, 0xc7, 0xe7, 0xff, 0xff, 0xd0, 0xe9, 0xff, 
	0xff, 0xc8, 0xe7, 0xff, 0xff, 0xc8, 0xe7, 0xff, 
	0xff, 0xc8, 0xe7, 0xff, 0xff, 0xc5, 0xe7, 0xff, 
	0xff, 0xe4, 0xf1, 0xff, 0xff, 0xe4, 0xf1, 0xff, 
	0xff, 0xd1, 0xec, 0xff, 0xff, 0xe4, 0xf1, 0xff, 
	0xff, 0xc3, 0xe7, 0xff, 0xff, 0xc3, 0xe7, 0xff, 
	0xff, 0xc3, 0xe7, 0xff, 0xff, 0xc3, 0xe7, 0xff, 
	0xff, 0xe0, 0xf1, 0xff, 0xff, 0xd1, 0xec, 0xff, 
	0xff, 0xc3, 0xe7, 0xff, 0xff, 0xc3, 0xe7, 0xff, 
	0xff, 0xc3, 0xe7, 0xff, 0xff, 0xc3, 0xe7, 0xff, 
	0xff, 0xcd, 0xe9, 0xff, 0xff, 0xc3, 0xe7, 0xff, 
	0xff, 0xd1, 0xec, 0xff, 0xff, 0xe4, 0xf1, 0xff, 
	0xff, 0xe4, 0xf1, 0xff, 0xff, 0xd1, 0xec, 0xff, 
	0xff, 0xd4, 0xec, 0xff, 0xff, 0xd4, 0xec, 0xff, 
	0xff, 0xc3, 0xe7, 0xff, 0xff, 0xd4, 0xec, 0xff, 
	0xff, 0xcd, 0xe7, 0xff, 0xff, 0xc3, 0xe7, 0xff, 
	0xff, 0xc8, 0xe7, 0xff, 0xff, 0xcd, 0xe7, 0xff, 
	0xff, 0xd1, 0xec, 0xff, 0xff, 0xd1, 0xec, 0xff, 
	0xff, 0xd1, 0xec, 0xff, 0xff, 0xe4, 0xf1, 0xff, 
	0xff, 0xd1, 0xec, 0xff, 0xff, 0xd1, 0xec, 0xff, 
	0xff, 0xe4, 0xf1, 0xff, 0xff, 0xd1, 0xec, 0xff, 
	0xff, 0xcd, 0xe9, 0xff, 0xff, 0xc3, 0xe7, 0xff, 
	0xff, 0xcd, 0xe9, 0xff, 0xff, 0xcd, 0xe9, 0xff, 
	0xff, 0xc4, 0xe7, 0xff, 0xff, 0xc1, 0xe7, 0xff, 
	0xff, 0xc1, 0xe7, 0xff, 0xff, 0xc1, 0xe7, 0xff, 
	0xff, 0xc3, 0xe7, 0xff, 0xff, 0xc8, 0xe7, 0xff, 
	0xff, 0xc8, 0xe7, 0xff, 0xff, 0xc8, 0xe7, 0xff, 
	0xff, 0xc5, 0xe7, 0xff, 0xff, 0xc4, 0xe7, 0xff, 
	0xff, 0xc4, 0xe7, 0xff, 0xff, 0xc4, 0xe7, 0xff, 
	0xff, 0xc3, 0xe7, 0xff, 0xff, 0xc5, 0xe7, 0xff, 
	0xff, 0xc5, 0xe7, 0xff, 0xff, 0xc5, 0xe7, 0xff, 
	0xff, 0xc3, 0xe7, 0xff, 0xff, 0xc5, 0xe7, 0xff, 
	0xff, 0xc5, 0xe7, 0xff, 0xff, 0xc5, 0xe7, 0xff, 
	0xff, 0xc4, 0xe7, 0xff, 0xff, 0xc4, 0xe7, 0xff, 
	0xff, 0xc5, 0xe7, 0xff, 0xff, 0xc5, 0xe7, 0xff, 
	0xff, 0xc1, 0xe7, 0xff, 0xff, 0xbf, 0xe7, 0xff, 
	0xff, 0xbf, 0xe7, 0xff, 0xff, 0xc1, 0xe7, 0xff, 
	0xff, 0xc0, 0xe6, 0xff, 0xff, 0xc0, 0xe6, 0xff, 
	0xff, 0xc0, 0xe6, 0xff, 0xff, 0xc0, 0xe6, 0xff, 
	0xff, 0xc1, 0xe6, 0xff, 0xff, 0xc1, 0xe6, 0xff, 
	0xff, 0xc1, 0xe6, 0xff, 0xff, 0xc1, 0xe6, 0xff, 
	0xff, 0xc0, 0xe6, 0xff, 0xff, 0xc0, 0xe6, 0xff, 
	0xff, 0xc0, 0xe6, 0xff, 0xff, 0xc0, 0xe6, 0xff, 
	0xff, 0xbe, 0xe7, 0xff, 0xff, 0xbe, 0xe7, 0xff, 
	0xff, 0xbe, 0xe7, 0xff, 0xff, 0xbe, 0xe7, 0xff, 
	0xff, 0xbe, 0xe7, 0xff, 0xff, 0xbe, 0xe7, 0xff, 
	0xff, 0xbe, 0xe7, 0xff, 0xff, 0xbe, 0xe7, 0xff, 
	0xff, 0xcd, 0xe9, 0xff, 0xff, 0xcd, 0xe9, 0xff, 
	0xff, 0xd8, 0xec, 0xff, 0xff, 0xcd, 0xe9, 0xff, 
	0xff, 0xd8, 0xec, 0xff, 0xff, 0xc3, 0xe7, 0xff, 
	0xff, 0xc3, 0xe7, 0xff, 0xff, 0xc3, 0xe7, 0xff, 
	0xff, 0xc1, 0xe7, 0xff, 0xff, 0xc1, 0xe7, 0xff, 
	0xff, 0xc1, 0xe7, 0xff, 0xff, 0xc1, 0xe7, 0xff, 
	0xff, 0xc3, 0xe7, 0xff, 0xff, 0xc3, 0xe7, 0xff, 
	0xff, 0xc4, 0xe7, 0xff, 0xff, 0xc3, 0xe7, 0xff, 
	0xff, 0xc3, 0xe7, 0xff, 0xff, 0xc3, 0xe7, 0xff, 
	0xff, 0xc5, 0xe7, 0xff, 0xff, 0xc5, 0xe7, 0xff, 
	0xff, 0xc7, 0xe7, 0xff, 0xff, 0xc7, 0xe7, 0xff, 
	0xff, 0xc7, 0xe7, 0xff, 0xff, 0xc7, 0xe7, 0xff, 
	0xff, 0xc7, 0xe7, 0xff, 0xff, 0xd0, 0xe9, 0xff, 
	0xff, 0xd0, 0xe9, 0xff, 0xff, 0xd0, 0xe9, 0xff, 
	0xff, 0xd0, 0xe9, 0xff, 0xff, 0xc7, 0xe7, 0xff, 
	0xff, 0xc7, 0xe7, 0xff, 0xff, 0xc7, 0xe7, 0xff, 
	0xff, 0xc7, 0xe7, 0xff, 0xff, 0xd0, 0xe9, 0xff, 
	0xff, 0xc7, 0xe7, 0xff, 0xff, 0xc7, 0xe7, 0xff, 
	0xff, 0xc8, 0xe7, 0xff, 0xff, 0xc8, 0xe7, 0xff, 
	0xff, 0xc5, 0xe7, 0xff, 0xff, 0xc8, 0xe7, 0xff, 
	0xff, 0xbe, 0xe7, 0xff, 0xff, 0xd1, 0xec, 0xff, 
	0xff, 0xd1, 0xec, 0xff, 0xff, 0xbe, 0xe7, 0xff, 
	0xff, 0xcd, 0xe9, 0xff, 0xff, 0xc3, 0xe7, 0xff, 
	0xff, 0xc3, 0xe7, 0xff, 0xff, 0xc3, 0xe7, 0xff, 
	0xff, 0xc3, 0xe7, 0xff, 0xff, 0xd1, 0xec, 0xff, 
	0xff, 0xc3, 0xe7, 0xff, 0xff, 0xc3, 0xe7, 0xff, 
	0xff, 0xc3, 0xe7, 0xff, 0xff, 0xc3, 0xe7, 0xff, 
	0xff, 0xcd, 0xe9, 0xff, 0xff, 0xc3, 0xe7, 0xff, 
	0xff, 0xbe, 0xe7, 0xff, 0xff, 0xbe, 0xe7, 0xff, 
	0xff, 0xd1, 0xec, 0xff, 0xff, 0xd1, 0xec, 0xff, 
	0xff, 0xd4, 0xec, 0xff, 0xff, 0xc3, 0xe7, 0xff, 
	0xff, 0xc3, 0xe7, 0xff, 0xff, 0xc3, 0xe7, 0xff, 
	0xff, 0xc3, 0xe7, 0xff, 0xff, 0xc3, 0xe7, 0xff, 
	0xff, 0xc3, 0xe7, 0xff, 0xff, 0xc3, 0xe7, 0xff, 
	0xff, 0xbe, 0xe7, 0xff, 0xff, 0xbe, 0xe7, 0xff, 
	0xff, 0xbe, 0xe7, 0xff, 0xff, 0xbe, 0xe7, 0xff, 
	0xff, 0xd1, 0xec, 0xff, 0xff, 0xbe, 0xe7, 0xff, 
	0xff, 0xbe, 0xe7, 0xff, 0xff, 0xd1, 0xec, 0xff, 
	0xff, 0xc3, 0xe7, 0xff, 0xff, 0xc3, 0xe7, 0xff, 
	0xff, 0xc3, 0xe7, 0xff, 0xff, 0xc3, 0xe7, 0xff, 
	0xff, 0xc4, 0xe7, 0xff, 0xff, 0xc7, 0xe7, 0xff, 
	0xff, 0xc4, 0xe7, 0xff, 0xff, 0xc1, 0xe7, 0xff, 
	0xff, 0xc3, 0xe7, 0xff, 0xff, 0xc5, 0xe7, 0xff, 
	0xff, 0xc8, 0xe7, 0xff, 0xff, 0xc8, 0xe7, 0xff, 
	0xff, 0xc4, 0xe7, 0xff, 0xff, 0xc4, 0xe7, 0xff, 
	0xff, 0xc4, 0xe7, 0xff, 0xff, 0xc3, 0xe7, 0xff, 
	0xff, 0xc3, 0xe7, 0xff, 0xff, 0xc4, 0xe7, 0xff, 
	0xff, 0xc5, 0xe7, 0xff, 0xff, 0xc5, 0xe7, 0xff, 
	0xff, 0xc5, 0xe7, 0xff, 0xff, 0xc3, 0xe7, 0xff, 
	0xff, 0xc3, 0xe7, 0xff, 0xff, 0xc5, 0xe7, 0xff, 
	0xff, 0xc5, 0xe7, 0xff, 0xff, 0xc3, 0xe7, 0xff, 
	0xff, 0xc4, 0xe7, 0xff, 0xff, 0xc4, 0xe7, 0xff, 
	0xff, 0xc3, 0xe7, 0xff, 0xff, 0xbd, 0xe7, 0xff, 
	0xff, 0xc0, 0xe7, 0xff, 0xff, 0xc3, 0xe7, 0xff, 
	0xff, 0xbf, 0xe7, 0xff, 0xff, 0xbe, 0xe7, 0xff, 
	0xff, 0xbf, 0xe7, 0xff, 0xff, 0xc1, 0xe7, 0xff, 
	0xff, 0xbf, 0xe7, 0xff, 0xff, 0xc1, 0xe7, 0xff, 
	0xff, 0xc1, 0xe7, 0xff, 0xff, 0xbf, 0xe7, 0xff, 
	0xff, 0xbf, 0xe7, 0xff, 0xff, 0xbf, 0xe7, 0xff, 
	0xff, 0xbf, 0xe7, 0xff, 0xff, 0xbf, 0xe7, 0xff, 
	0xff, 0xc0, 0xe6, 0xff, 0xff, 0xc0, 0xe6, 0xff, 
	0xff, 0xc0, 0xe6, 0xff, 0xff, 0xc0, 0xe6, 0xff, 
	0xff, 0xbe, 0xe4, 0xff, 0xff, 0xbe, 0xe4, 0xff, 
	0xff, 0xbe, 0xe4, 0xff, 0xff, 0xbe, 0xe4, 0xff, 
	0xff, 0xbe, 0xe7, 0xff, 0xff, 0xc1, 0xe7, 0xff, 
	0xff, 0xc1, 0xe7, 0xff, 0xff, 0xc7, 0xe7, 0xff, 
	0xff, 0xc1, 0xe7, 0xff, 0xff, 0xbf, 0xe7, 0xff, 
	0xff, 0xbf, 0xe7, 0xff, 0xff, 0xbf, 0xe7, 0xff, 
	0xff, 0xc1, 0xe7, 0xff, 0xff, 0xc1, 0xe7, 0xff, 
	0xff, 0xc3, 0xe7, 0xff, 0xff, 0xc3, 0xe7, 0xff, 
	0xff, 0xc3, 0xe7, 0xff, 0xff, 0xc5, 0xe7, 0xff, 
	0xff, 0xc7, 0xe7, 0xff, 0xff, 0xc4, 0xe7, 0xff, 
	0xff, 0xc4, 0xe7, 0xff, 0xff, 0xc4, 0xe7, 0xff, 
	0xff, 0xc4, 0xe7, 0xff, 0xff, 0xc4, 0xe7, 0xff, 
	0xff, 0xc4, 0xe7, 0xff, 0xff, 0xc3, 0xe7, 0xff, 
	0xff, 0xc5, 0xe7, 0xff, 0xff, 0xc5, 0xe7, 0xff, 
	0xff, 0xc7, 0xe7, 0xff, 0xff, 0xc9, 0xe9, 0xff, 
	0xff, 0xc9, 0xe9, 0xff, 0xff, 0xc9, 0xe9, 0xff, 
	0xff, 0xc7, 0xe7, 0xff, 0xff, 0xc7, 0xe7, 0xff, 
	0xff, 0xc7, 0xe7, 0xff, 0xff, 0xc7, 0xe7, 0xff, 
	0xff, 0xc8, 0xe7, 0xff, 0xff, 0xc5, 0xe7, 0xff, 
	0xff, 0xc8, 0xe7, 0xff, 0xff, 0xc8, 0xe7, 0xff, 
	0xff, 0xc5, 0xe7, 0xff, 0xff, 0xc8, 0xe7, 0xff, 
	0xff, 0xc8, 0xe7, 0xff, 0xff, 0xc5, 0xe7, 0xff, 
	0xff, 0xc5, 0xe7, 0xff, 0xff, 0xc4, 0xe7, 0xff, 
	0xff, 0xc3, 0xe7, 0xff, 0xff, 0xc3, 0xe7, 0xff, 
	0xff, 0xbf, 0xe7, 0xff, 0xff, 0xbf, 0xe7, 0xff, 
	0xff, 0xc1, 0xe7, 0xff, 0xff, 0xbf, 0xe7, 0xff, 
	0xff, 0xbe, 0xe7, 0xff, 0xff, 0xc1, 0xe7, 0xff, 
	0xff, 0xc1, 0xe7, 0xff, 0xff, 0xc4, 0xe7, 0xff, 
	0xff, 0xc3, 0xe7, 0xff, 0xff, 0xc3, 0xe7, 0xff, 
	0xff, 0xc5, 0xe7, 0xff, 0xff, 0xc7, 0xe7, 0xff, 
	0xff, 0xc5, 0xe7, 0xff, 0xff, 0xc3, 0xe7, 0xff, 
	0xff, 0xc5, 0xe7, 0xff, 0xff, 0xc4, 0xe7, 0xff, 
	0xff, 0xc4, 0xe7, 0xff, 0xff, 0xc3, 0xe7, 0xff, 
	0xff, 0xc3, 0xe7, 0xff, 0xff, 0xc4, 0xe7, 0xff, 
	0xff, 0xc1, 0xe7, 0xff, 0xff, 0xc3, 0xe7, 0xff, 
	0xff, 0xc1, 0xe7, 0xff, 0xff, 0xc3, 0xe7, 0xff, 
	0xff, 0xc1, 0xe7, 0xff, 0xff, 0xc1, 0xe7, 0xff, 
	0xff, 0xc4, 0xe7, 0xff, 0xff, 0xc1, 0xe7, 0xff, 
	0xff, 0xc3, 0xe7, 0xff, 0xff, 0xc1, 0xe7, 0xff, 
	0xff, 0xc1, 0xe7, 0xff, 0xff, 0xbf, 0xe7, 0xff, 
	0xff, 0xc1, 0xe7, 0xff, 0xff, 0xc1, 0xe7, 0xff, 
	0xff, 0xc1, 0xe7, 0xff, 0xff, 0xc3, 0xe7, 0xff, 
	0xff, 0xc3, 0xe7, 0xff, 0xff, 0xc5, 0xe7, 0xff, 
	0xff, 0xc3, 0xe7, 0xff, 0xff, 0xc5, 0xe7, 0xff, 
	0xff, 0xc3, 0xe7, 0xff, 0xff, 0xc5, 0xe7, 0xff, 
	0xff, 0xc7, 0xe7, 0xff, 0xff, 0xc4, 0xe7, 0xff, 
	0xff, 0xc5, 0xe7, 0xff, 0xff, 0xc7, 0xe7, 0xff, 
	0xff, 0xc5, 0xe7, 0xff, 0xff, 0xc5, 0xe7, 0xff, 
	0xff, 0xc3, 0xe7, 0xff, 0xff, 0xc3, 0xe7, 0xff, 
	0xff, 0xc5, 0xe7, 0xff, 0xff, 0xc5, 0xe7, 0xff, 
	0xff, 0xc4, 0xe7, 0xff, 0xff, 0xc4, 0xe7, 0xff, 
	0xff, 0xc4, 0xe7, 0xff, 0xff, 0xc4, 0xe7, 0xff, 
	0xff, 0xc3, 0xe7, 0xff, 0xff, 0xc3, 0xe7, 0xff, 
	0xff, 0xc4, 0xe7, 0xff, 0xff, 0xc3, 0xe7, 0xff, 
	0xff, 0xc0, 0xe7, 0xff, 0xff, 0xbd, 0xe7, 0xff, 
	0xff, 0xbd, 0xe7, 0xff, 0xff, 0xc0, 0xe7, 0xff, 
	0xff, 0xc1, 0xe7, 0xff, 0xff, 0xc1, 0xe7, 0xff, 
	0xff, 0xc1, 0xe7, 0xff, 0xff, 0xc1, 0xe7, 0xff, 
	0xff, 0xc1, 0xe7, 0xff, 0xff, 0xc3, 0xe7, 0xff, 
	0xff, 0xc1, 0xe7, 0xff, 0xff, 0xbf, 0xe7, 0xff, 
	0xff, 0xbe, 0xe7, 0xff, 0xff, 0xbf, 0xe7, 0xff, 
	0xff, 0xc1, 0xe7, 0xff, 0xff, 0xc1, 0xe7, 0xff, 
	0xff, 0xc0, 0xe6, 0xff, 0xff, 0xc0, 0xe6, 0xff, 
	0xff, 0xc0, 0xe6, 0xff, 0xff, 0xc0, 0xe6, 0xff, 
	0xff, 0xbe, 0xe4, 0xff, 0xff, 0xbe, 0xe4, 0xff, 
	0xff, 0xbe, 0xe4, 0xff, 0xff, 0xbe, 0xe4, 0xff, 
	0xff, 0xbe, 0xe7, 0xff, 0xff, 0xbe, 0xe7, 0xff, 
	0xff, 0xbe, 0xe7, 0xff, 0xff, 0xbe, 0xe7, 0xff, 
	0xff, 0xbf, 0xe7, 0xff, 0xff, 0xbe, 0xe7, 0xff, 
	0xff, 0xbe, 0xe7, 0xff, 0xff, 0xbe, 0xe7, 0xff, 
	0xff, 0xc3, 0xe7, 0xff, 0xff, 0xc3, 0xe7, 0xff, 
	0xff, 0xc1, 0xe7, 0xff, 0xff, 0xc3, 0xe7, 0xff, 
	0xff, 0xc3, 0xe7, 0xff, 0xff, 0xc4, 0xe7, 0xff, 
	0xff, 0xc7, 0xe7, 0xff, 0xff, 0xc5, 0xe7, 0xff, 
	0xff, 0xc4, 0xe7, 0xff, 0xff, 0xc4, 0xe7, 0xff, 
	0xff, 0xc4, 0xe7, 0xff, 0xff, 0xc4, 0xe7, 0xff, 
	0xff, 0xc5, 0xe7, 0xff, 0xff, 0xc4, 0xe7, 0xff, 
	0xff, 0xc5, 0xe7, 0xff, 0xff, 0xc4, 0xe7, 0xff, 
	0xff, 0xc7, 0xe7, 0xff, 0xff, 0xc7, 0xe7, 0xff, 
	0xff, 0xc7, 0xe7, 0xff, 0xff, 0xc7, 0xe7, 0xff, 
	0xff, 0xc8, 0xe9, 0xff, 0xff, 0xc8, 0xe9, 0xff, 
	0xff, 0xc8, 0xe9, 0xff, 0xff, 0xc8, 0xe9, 0xff, 
	0xff, 0xc8, 0xe7, 0xff, 0xff, 0xc5, 0xe7, 0xff, 
	0xff, 0xc5, 0xe7, 0xff, 0xff, 0xc8, 0xe7, 0xff, 
	0xff, 0xc5, 0xe7, 0xff, 0xff, 0xc3, 0xe7, 0xff, 
	0xff, 0xc8, 0xe7, 0xff, 0xff, 0xc5, 0xe7, 0xff, 
	0xff, 0xc4, 0xe7, 0xff, 0xff, 0xc5, 0xe7, 0xff, 
	0xff, 0xc3, 0xe7, 0xff, 0xff, 0xc3, 0xe7, 0xff, 
	0xff, 0xbf, 0xe7, 0xff, 0xff, 0xbe, 0xe7, 0xff, 
	0xff, 0xbe, 0xe7, 0xff, 0xff, 0xbe, 0xe7, 0xff, 
	0xff, 0xbe, 0xe7, 0xff, 0xff, 0xc1, 0xe7, 0xff, 
	0xff, 0xc1, 0xe7, 0xff, 0xff, 0xc4, 0xe7, 0xff, 
	0xff, 0xc5, 0xe7, 0xff, 0xff, 0xc3, 0xe7, 0xff, 
	0xff, 0xc4, 0xe7, 0xff, 0xff, 0xc3, 0xe7, 0xff, 
	0xff, 0xc4, 0xe7, 0xff, 0xff, 0xc3, 0xe7, 0xff, 
	0xff, 0xc3, 0xe7, 0xff, 0xff, 0xc4, 0xe7, 0xff, 
	0xff, 0xc5, 0xe7, 0xff, 0xff, 0xc5, 0xe7, 0xff, 
	0xff, 0xc3, 0xe7, 0xff, 0xff, 0xc3, 0xe7, 0xff, 
	0xff, 0xc1, 0xe7, 0xff, 0xff, 0xbf, 0xe7, 0xff, 
	0xff, 0xbf, 0xe7, 0xff, 0xff, 0xc1, 0xe7, 0xff, 
	0xff, 0xc1, 0xe7, 0xff, 0xff, 0xc1, 0xe7, 0xff, 
	0xff, 0xc1, 0xe7, 0xff, 0xff, 0xc1, 0xe7, 0xff, 
	0xff, 0xc1, 0xe7, 0xff, 0xff, 0xc1, 0xe7, 0xff, 
	0xff, 0xc1, 0xe7, 0xff, 0xff, 0xc1, 0xe7, 0xff, 
	0xff, 0xc1, 0xe7, 0xff, 0xff, 0xc1, 0xe7, 0xff, 
	0xff, 0xc1, 0xe7, 0xff, 0xff, 0xc1, 0xe7, 0xff, 
	0xff, 0xc5, 0xe7, 0xff, 0xff, 0xc8, 0xe7, 0xff, 
	0xff, 0xc8, 0xe7, 0xff, 0xff, 0xc8, 0xe7, 0xff, 
	0xff, 0xc3, 0xe7, 0xff, 0xff, 0xc4, 0xe7, 0xff, 
	0xff, 0xc7, 0xe7, 0xff, 0xff, 0xc5, 0xe7, 0xff, 
	0xff, 0xc5, 0xe7, 0xff, 0xff, 0xc5, 0xe7, 0xff, 
	0xff, 0xc4, 0xe7, 0xff, 0xff, 0xc4, 0xe7, 0xff, 
	0xff, 0xc4, 0xe7, 0xff, 0xff, 0xc5, 0xe7, 0xff, 
	0xff, 0xc4, 0xe7, 0xff, 0xff, 0xc5, 0xe7, 0xff, 
	0xff, 0xc4, 0xe7, 0xff, 0xff, 0xc4, 0xe7, 0xff, 
	0xff, 0xc4, 0xe7, 0xff, 0xff, 0xc4, 0xe7, 0xff, 
	0xff, 0xc4, 0xe7, 0xff, 0xff, 0xc3, 0xe7, 0xff, 
	0xff, 0xc4, 0xe7, 0xff, 0xff, 0xc5, 0xe7, 0xff, 
	0xff, 0xc0, 0xe7, 0xff, 0xff, 0xbd, 0xe7, 0xff, 
	0xff, 0xbd, 0xe7, 0xff, 0xff, 0xc0, 0xe7, 0xff, 
	0xff, 0xc1, 0xe7, 0xff, 0xff, 0xc1, 0xe7, 0xff, 
	0xff, 0xc3, 0xe7, 0xff, 0xff, 0xc1, 0xe7, 0xff, 
	0xff, 0xc1, 0xe7, 0xff, 0xff, 0xc3, 0xe7, 0xff, 
	0xff, 0xc1, 0xe7, 0xff, 0xff, 0xc1, 0xe7, 0xff, 
	0xff, 0xbf, 0xe7, 0xff, 0xff, 0xc1, 0xe7, 0xff, 
	0xff, 0xc1, 0xe7, 0xff, 0xff, 0xbf, 0xe7, 0xff, 
	0xff, 0xc0, 0xe6, 0xff, 0xff, 0xc0, 0xe6, 0xff, 
	0xff, 0xc0, 0xe6, 0xff, 0xff, 0xc0, 0xe6, 0xff, 
	0xff, 0xbe, 0xe4, 0xff, 0xff, 0xbe, 0xe4, 0xff, 
	0xff, 0xbe, 0xe4, 0xff, 0xff, 0xbe, 0xe4, 0xff, 
	0xff, 0xbe, 0xe7, 0xff, 0xff, 0xbe, 0xe7, 0xff, 
	0xff, 0xbe, 0xe7, 0xff, 0xff, 0xbe, 0xe7, 0xff, 
	0xff, 0xbf, 0xe7, 0xff, 0xff, 0xbf, 0xe7, 0xff, 
	0xff, 0xbf, 0xe7, 0xff, 0xff, 0xbf, 0xe7, 0xff, 
	0xff, 0xbf, 0xe7, 0xff, 0xff, 0xc3, 0xe7, 0xff, 
	0xff, 0xc1, 0xe7, 0xff, 0xff, 0xbf, 0xe7, 0xff, 
	0xff, 0xc3, 0xe7, 0xff, 0xff, 0xc4, 0xe7, 0xff, 
	0xff, 0xc5, 0xe7, 0xff, 0xff, 0xc5, 0xe7, 0xff, 
	0xff, 0xc4, 0xe7, 0xff, 0xff, 0xc4, 0xe7, 0xff, 
	0xff, 0xc4, 0xe7, 0xff, 0xff, 0xc4, 0xe7, 0xff, 
	0xff, 0xc5, 0xe7, 0xff, 0xff, 0xc4, 0xe7, 0xff, 
	0xff, 0xc7, 0xe7, 0xff, 0xff, 0xc7, 0xe7, 0xff, 
	0xff, 0xc7, 0xe7, 0xff, 0xff, 0xc7, 0xe7, 0xff, 
	0xff, 0xc9, 0xe9, 0xff, 0xff, 0xc9, 0xe9, 0xff, 
	0xff, 0xc8, 0xe9, 0xff, 0xff, 0xc8, 0xe9, 0xff, 
	0xff, 0xc8, 0xe9, 0xff, 0xff, 0xc8, 0xe9, 0xff, 
	0xff, 0xc8, 0xe7, 0xff, 0xff, 0xc5, 0xe7, 0xff, 
	0xff, 0xc5, 0xe7, 0xff, 0xff, 0xc5, 0xe7, 0xff, 
	0xff, 0xc5, 0xe7, 0xff, 0xff, 0xc3, 0xe7, 0xff, 
	0xff, 0xc5, 0xe7, 0xff, 0xff, 0xc5, 0xe7, 0xff, 
	0xff, 0xc5, 0xe7, 0xff, 0xff, 0xc5, 0xe7, 0xff, 
	0xff, 0xc3, 0xe7, 0xff, 0xff, 0xc3, 0xe7, 0xff, 
	0xff, 0xbe, 0xe7, 0xff, 0xff, 0xbf, 0xe7, 0xff, 
	0xff, 0xbe, 0xe7, 0xff, 0xff, 0xbe, 0xe7, 0xff, 
	0xff, 0xbe, 0xe7, 0xff, 0xff, 0xc1, 0xe7, 0xff, 
	0xff, 0xc1, 0xe7, 0xff, 0xff, 0xc1, 0xe7, 0xff, 
	0xff, 0xc3, 0xe7, 0xff, 0xff, 0xc3, 0xe7, 0xff, 
	0xff, 0xc3, 0xe7, 0xff, 0xff, 0xc4, 0xe7, 0xff, 
	0xff, 0xc5, 0xe7, 0xff, 0xff, 0xc3, 0xe7, 0xff, 
	0xff, 0xc3, 0xe7, 0xff, 0xff, 0xc5, 0xe7, 0xff, 
	0xff, 0xc3, 0xe7, 0xff, 0xff, 0xc4, 0xe7, 0xff, 
	0xff, 0xc4, 0xe7, 0xff, 0xff, 0xc3, 0xe7, 0xff, 
	0xff, 0xc1, 0xe7, 0xff, 0xff, 0xbf, 0xe7, 0xff, 
	0xff, 0xc1, 0xe7, 0xff, 0xff, 0xc1, 0xe7, 0xff, 
	0xff, 0xc1, 0xe7, 0xff, 0xff, 0xc1, 0xe7, 0xff, 
	0xff, 0xc1, 0xe7, 0xff, 0xff, 0xc4, 0xe7, 0xff, 
	0xff, 0xc1, 0xe7, 0xff, 0xff, 0xc1, 0xe7, 0xff, 
	0xff, 0xc3, 0xe7, 0xff, 0xff, 0xc1, 0xe7, 0xff, 
	0xff, 0xc1, 0xe7, 0xff, 0xff, 0xc1, 0xe7, 0xff, 
	0xff, 0xc1, 0xe7, 0xff, 0xff, 0xc3, 0xe7, 0xff, 
	0xff, 0xc3, 0xe7, 0xff, 0xff, 0xc8, 0xe7, 0xff, 
	0xff, 0xc8, 0xe7, 0xff, 0xff, 0xc5, 0xe7, 0xff, 
	0xff, 0xc3, 0xe7, 0xff, 0xff, 0xc4, 0xe7, 0xff, 
	0xff, 0xc5, 0xe7, 0xff, 0xff, 0xc5, 0xe7, 0xff, 
	0xff, 0xc5, 0xe7, 0xff, 0xff, 0xc5, 0xe7, 0xff, 
	0xff, 0xc7, 0xe7, 0xff, 0xff, 0xc5, 0xe7, 0xff, 
	0xff, 0xc4, 0xe7, 0xff, 0xff, 0xc4, 0xe7, 0xff, 
	0xff, 0xc4, 0xe7, 0xff, 0xff, 0xc4, 0xe7, 0xff, 
	0xff, 0xc4, 0xe7, 0xff, 0xff, 0xc4, 0xe7, 0xff, 
	0xff, 0xc4, 0xe7, 0xff, 0xff, 0xc4, 0xe7, 0xff, 
	0xff, 0xc3, 0xe7, 0xff, 0xff, 0xc3, 0xe7, 0xff, 
	0xff, 0xc3, 0xe7, 0xff, 0xff, 0xc4, 0xe7, 0xff, 
	0xff, 0xc3, 0xe7, 0xff, 0xff, 0xbd, 0xe7, 0xff, 
	0xff, 0xbd, 0xe7, 0xff, 0xff, 0xc0, 0xe7, 0xff, 
	0xff, 0xc1, 0xe7, 0xff, 0xff, 0xc1, 0xe7, 0xff, 
	0xff, 0xc1, 0xe7, 0xff, 0xff, 0xc1, 0xe7, 0xff, 
	0xff, 0xc1, 0xe7, 0xff, 0xff, 0xc1, 0xe7, 0xff, 
	0xff, 0xc1, 0xe7, 0xff, 0xff, 0xc1, 0xe7, 0xff, 
	0xff, 0xc1, 0xe7, 0xff, 0xff, 0xc1, 0xe7, 0xff, 
	0xff, 0xc1, 0xe7, 0xff, 0xff, 0xc1, 0xe7, 0xff, 
	0xff, 0xc0, 0xe6, 0xff, 0xff, 0xc0, 0xe6, 0xff, 
	0xff, 0xc0, 0xe6, 0xff, 0xff, 0xc0, 0xe6, 0xff, 
	0xff, 0xbe, 0xe4, 0xff, 0xff, 0xbe, 0xe4, 0xff, 
	0xff, 0xbe, 0xe4, 0xff, 0xff, 0xbe, 0xe4, 0xff, 
	0xff, 0xbe, 0xe7, 0xff, 0xff, 0xbe, 0xe7, 0xff, 
	0xff, 0xbe, 0xe7, 0xff, 0xff, 0xbe, 0xe7, 0xff, 
	0xff, 0xbe, 0xe7, 0xff, 0xff, 0xbf, 0xe7, 0xff, 
	0xff, 0xbe, 0xe7, 0xff, 0xff, 0xbf, 0xe7, 0xff, 
	0xff, 0xbf, 0xe7, 0xff, 0xff, 0xbf, 0xe7, 0xff, 
	0xff, 0xbf, 0xe7, 0xff, 0xff, 0xbf, 0xe7, 0xff, 
	0xff, 0xc3, 0xe7, 0xff, 0xff, 0xc4, 0xe7, 0xff, 
	0xff, 0xc4, 0xe7, 0xff, 0xff, 0xc3, 0xe7, 0xff, 
	0xff, 0xc4, 0xe7, 0xff, 0xff, 0xc4, 0xe7, 0xff, 
	0xff, 0xc7, 0xe7, 0xff, 0xff, 0xc5, 0xe7, 0xff, 
	0xff, 0xc5, 0xe7, 0xff, 0xff, 0xc4, 0xe7, 0xff, 
	0xff, 0xc5, 0xe7, 0xff, 0xff, 0xc7, 0xe7, 0xff, 
	0xff, 0xc7, 0xe7, 0xff, 0xff, 0xc9, 0xe9, 0xff, 
	0xff, 0xc9, 0xe9, 0xff, 0xff, 0xc9, 0xe9, 0xff, 
	0xff, 0xc8, 0xe9, 0xff, 0xff, 0xc8, 0xe9, 0xff, 
	0xff, 0xc8, 0xe9, 0xff, 0xff, 0xc8, 0xe9, 0xff, 
	0xff, 0xc8, 0xe7, 0xff, 0xff, 0xc8, 0xe7, 0xff, 
	0xff, 0xc5, 0xe7, 0xff, 0xff, 0xc8, 0xe7, 0xff, 
	0xff, 0xc8, 0xe7, 0xff, 0xff, 0xc5, 0xe7, 0xff, 
	0xff, 0xc3, 0xe7, 0xff, 0xff, 0xc3, 0xe7, 0xff, 
	0xff, 0xc3, 0xe7, 0xff, 0xff, 0xc4, 0xe7, 0xff, 
	0xff, 0xc3, 0xe7, 0xff, 0xff, 0xc3, 0xe7, 0xff, 
	0xff, 0xc1, 0xe7, 0xff, 0xff, 0xc1, 0xe7, 0xff, 
	0xff, 0xc1, 0xe7, 0xff, 0xff, 0xc1, 0xe7, 0xff, 
	0xff, 0xc1, 0xe7, 0xff, 0xff, 0xc1, 0xe7, 0xff, 
	0xff, 0xc1, 0xe7, 0xff, 0xff, 0xc1, 0xe7, 0xff, 
	0xff, 0xc3, 0xe7, 0xff, 0xff, 0xc3, 0xe7, 0xff, 
	0xff, 0xc3, 0xe7, 0xff, 0xff, 0xc5, 0xe7, 0xff, 
	0xff, 0xc4, 0xe7, 0xff, 0xff, 0xc3, 0xe7, 0xff, 
	0xff, 0xc5, 0xe7, 0xff, 0xff, 0xc7, 0xe7, 0xff, 
	0xff, 0xc5, 0xe7, 0xff, 0xff, 0xc4, 0xe7, 0xff, 
	0xff, 0xc3, 0xe7, 0xff, 0xff, 0xc3, 0xe7, 0xff, 
	0xff, 0xc1, 0xe7, 0xff, 0xff, 0xc1, 0xe7, 0xff, 
	0xff, 0xc1, 0xe7, 0xff, 0xff, 0xbf, 0xe7, 0xff, 
	0xff, 0xbe, 0xe7, 0xff, 0xff, 0xc1, 0xe7, 0xff, 
	0xff, 0xc4, 0xe7, 0xff, 0xff, 0xc4, 0xe7, 0xff, 
	0xff, 0xc3, 0xe7, 0xff, 0xff, 0xc1, 0xe7, 0xff, 
	0xff, 0xc1, 0xe7, 0xff, 0xff, 0xc1, 0xe7, 0xff, 
	0xff, 0xc1, 0xe7, 0xff, 0xff, 0xc1, 0xe7, 0xff, 
	0xff, 0xc1, 0xe7, 0xff, 0xff, 0xc3, 0xe7, 0xff, 
	0xff, 0xc5, 0xe7, 0xff, 0xff, 0xc5, 0xe7, 0xff, 
	0xff, 0xc5, 0xe7, 0xff, 0xff, 0xc3, 0xe7, 0xff, 
	0xff, 0xc3, 0xe7, 0xff, 0xff, 0xc4, 0xe7, 0xff, 
	0xff, 0xc4, 0xe7, 0xff, 0xff, 0xc3, 0xe7, 0xff, 
	0xff, 0xc5, 0xe7, 0xff, 0xff, 0xc4, 0xe7, 0xff, 
	0xff, 0xc4, 0xe7, 0xff, 0xff, 0xc7, 0xe7, 0xff, 
	0xff, 0xc3, 0xe7, 0xff, 0xff, 0xc4, 0xe7, 0xff, 
	0xff, 0xc3, 0xe7, 0xff, 0xff, 0xc3, 0xe7, 0xff, 
	0xff, 0xc3, 0xe7, 0xff, 0xff, 0xc3, 0xe7, 0xff, 
	0xff, 0xc3, 0xe7, 0xff, 0xff, 0xc3, 0xe7, 0xff, 
	0xff, 0xc3, 0xe7, 0xff, 0xff, 0xc4, 0xe7, 0xff, 
	0xff, 0xc3, 0xe7, 0xff, 0xff, 0xc3, 0xe7, 0xff, 
	0xff, 0xc0, 0xe6, 0xff, 0xff, 0xc0, 0xe6, 0xff, 
	0xff, 0xc0, 0xe6, 0xff, 0xff, 0xc0, 0xe6, 0xff, 
	0xff, 0xbf, 0xe7, 0xff, 0xff, 0xc1, 0xe7, 0xff, 
	0xff, 0xc1, 0xe7, 0xff, 0xff, 0xc1, 0xe7, 0xff, 
	0xff, 0xc1, 0xe7, 0xff, 0xff, 0xc4, 0xe7, 0xff, 
	0xff, 0xc4, 0xe7, 0xff, 0xff, 0xc4, 0xe7, 0xff, 
	0xff, 0xc4, 0xe7, 0xff, 0xff, 0xc3, 0xe7, 0xff, 
	0xff, 0xc4, 0xe7, 0xff, 0xff, 0xc3, 0xe7, 0xff, 
	0xff, 0xc2, 0xe7, 0xff, 0xff, 0xc2, 0xe7, 0xff, 
	0xff, 0xc2, 0xe7, 0xff, 0xff, 0xc2, 0xe7, 0xff, 
	0xff, 0xc0, 0xe7, 0xff, 0xff, 0xbd, 0xe7, 0xff, 
	0xff, 0xbd, 0xe7, 0xff, 0xff, 0xbd, 0xe7, 0xff, 
	0xff, 0xbc, 0xe4, 0xff, 0xff, 0xbc, 0xe4, 0xff, 
	0xff, 0xbc, 0xe4, 0xff, 0xff, 0xbc, 0xe4, 0xff, 
	0xff, 0xbb, 0xe4, 0xff, 0xff, 0xbb, 0xe4, 0xff, 
	0xff, 0xbb, 0xe4, 0xff, 0xff, 0xbb, 0xe4, 0xff, 
	0xff, 0xbe, 0xe4, 0xff, 0xff, 0xbe, 0xe4, 0xff, 
	0xff, 0xbe, 0xe4, 0xff, 0xff, 0xbe, 0xe4, 0xff, 
	0xff, 0xc1, 0xe7, 0xff, 0xff, 0xc1, 0xe7, 0xff, 
	0xff, 0xc4, 0xe7, 0xff, 0xff, 0xc4, 0xe7, 0xff, 
	0xff, 0xc5, 0xe7, 0xff, 0xff, 0xc5, 0xe7, 0xff, 
	0xff, 0xc5, 0xe7, 0xff, 0xff, 0xc8, 0xe7, 0xff, 
	0xff, 0xc8, 0xe9, 0xff, 0xff, 0xc7, 0xe7, 0xff, 
	0xff, 0xc7, 0xe7, 0xff, 0xff, 0xc7, 0xe7, 0xff, 
	0xff, 0xc7, 0xe7, 0xff, 0xff, 0xc7, 0xe7, 0xff, 
	0xff, 0xc7, 0xe7, 0xff, 0xff, 0xc7, 0xe7, 0xff, 
	0xff, 0xc9, 0xe9, 0xff, 0xff, 0xc7, 0xe7, 0xff, 
	0xff, 0xc7, 0xe7, 0xff, 0xff, 0xc7, 0xe7, 0xff, 
	0xff, 0xc7, 0xe7, 0xff, 0xff, 0xc9, 0xe9, 0xff, 
	0xff, 0xc9, 0xe9, 0xff, 0xff, 0xc9, 0xe9, 0xff, 
	0xff, 0xc8, 0xe7, 0xff, 0xff, 0xc5, 0xe7, 0xff, 
	0xff, 0xc5, 0xe7, 0xff, 0xff, 0xc5, 0xe7, 0xff, 
	0xff, 0xc7, 0xe7, 0xff, 0xff, 0xc2, 0xe7, 0xff, 
	0xff, 0xc2, 0xe7, 0xff, 0xff, 0xc7, 0xe7, 0xff, 
	0xff, 0xc3, 0xe7, 0xff, 0xff, 0xc3, 0xe7, 0xff, 
	0xff, 0xc3, 0xe7, 0xff, 0xff, 0xc3, 0xe7, 0xff, 
	0xff, 0xc1, 0xe7, 0xff, 0xff, 0xc1, 0xe7, 0xff, 
	0xff, 0xc1, 0xe7, 0xff, 0xff, 0xc1, 0xe7, 0xff, 
	0xff, 0xbf, 0xe7, 0xff, 0xff, 0xc1, 0xe7, 0xff, 
	0xff, 0xc1, 0xe7, 0xff, 0xff, 0xc1, 0xe7, 0xff, 
	0xff, 0xc3, 0xe7, 0xff, 0xff, 0xc3, 0xe7, 0xff, 
	0xff, 0xc3, 0xe7, 0xff, 0xff, 0xc8, 0xe7, 0xff, 
	0xff, 0xc4, 0xe7, 0xff, 0xff, 0xc4, 0xe7, 0xff, 
	0xff, 0xc7, 0xe7, 0xff, 0xff, 0xc4, 0xe7, 0xff, 
	0xff, 0xc3, 0xe7, 0xff, 0xff, 0xc3, 0xe7, 0xff, 
	0xff, 0xc1, 0xe7, 0xff, 0xff, 0xc1, 0xe7, 0xff, 
	0xff, 0xc3, 0xe7, 0xff, 0xff, 0xc3, 0xe7, 0xff, 
	0xff, 0xc3, 0xe7, 0xff, 0xff, 0xc5, 0xe7, 0xff, 
	0xff, 0xc3, 0xe7, 0xff, 0xff, 0xc4, 0xe7, 0xff, 
	0xff, 0xc3, 0xe7, 0xff, 0xff, 0xc3, 0xe7, 0xff, 
	0xff, 0xc2, 0xe7, 0xff, 0xff, 0xc2, 0xe7, 0xff, 
	0xff, 0xc2, 0xe7, 0xff, 0xff, 0xc2, 0xe7, 0xff, 
	0xff, 0xc4, 0xe7, 0xff, 0xff, 0xc4, 0xe7, 0xff, 
	0xff, 0xc1, 0xe7, 0xff, 0xff, 0xc1, 0xe7, 0xff, 
	0xff, 0xc1, 0xe7, 0xff, 0xff, 0xc4, 0xe7, 0xff, 
	0xff, 0xc4, 0xe7, 0xff, 0xff, 0xc4, 0xe7, 0xff, 
	0xff, 0xc2, 0xe7, 0xff, 0xff, 0xc2, 0xe7, 0xff, 
	0xff, 0xc2, 0xe7, 0xff, 0xff, 0xc2, 0xe7, 0xff, 
	0xff, 0xc1, 0xe7, 0xff, 0xff, 0xc3, 0xe7, 0xff, 
	0xff, 0xc1, 0xe7, 0xff, 0xff, 0xc1, 0xe7, 0xff, 
	0xff, 0xc1, 0xe7, 0xff, 0xff, 0xc1, 0xe7, 0xff, 
	0xff, 0xc1, 0xe7, 0xff, 0xff, 0xc1, 0xe7, 0xff, 
	0xff, 0xc1, 0xe7, 0xff, 0xff, 0xc4, 0xe7, 0xff, 
	0xff, 0xc4, 0xe7, 0xff, 0xff, 0xc4, 0xe7, 0xff, 
	0xff, 0xc0, 0xe6, 0xff, 0xff, 0xc0, 0xe6, 0xff, 
	0xff, 0xc0, 0xe6, 0xff, 0xff, 0xc0, 0xe6, 0xff, 
	0xff, 0xbf, 0xe7, 0xff, 0xff, 0xbf, 0xe7, 0xff, 
	0xff, 0xc1, 0xe7, 0xff, 0xff, 0xc1, 0xe7, 0xff, 
	0xff, 0xc1, 0xe7, 0xff, 0xff, 0xc1, 0xe7, 0xff, 
	0xff, 0xc1, 0xe7, 0xff, 0xff, 0xc1, 0xe7, 0xff, 
	0xff, 0xc4, 0xe7, 0xff, 0xff, 0xc3, 0xe7, 0xff, 
	0xff, 0xc3, 0xe7, 0xff, 0xff, 0xc3, 0xe7, 0xff, 
	0xff, 0xc2, 0xe7, 0xff, 0xff, 0xc2, 0xe7, 0xff, 
	0xff, 0xc2, 0xe7, 0xff, 0xff, 0xc2, 0xe7, 0xff, 
	0xff, 0xc3, 0xe7, 0xff, 0xff, 0xc0, 0xe7, 0xff, 
	0xff, 0xbd, 0xe7, 0xff, 0xff, 0xbd, 0xe7, 0xff, 
	0xff, 0xbc, 0xe4, 0xff, 0xff, 0xbc, 0xe4, 0xff, 
	0xff, 0xbc, 0xe4, 0xff, 0xff, 0xbc, 0xe4, 0xff, 
	0xff, 0xbb, 0xe4, 0xff, 0xff, 0xbb, 0xe4, 0xff, 
	0xff, 0xbb, 0xe4, 0xff, 0xff, 0xbb, 0xe4, 0xff, 
	0xff, 0xbe, 0xe7, 0xff, 0xff, 0xbe, 0xe4, 0xff, 
	0xff, 0xbe, 0xe4, 0xff, 0xff, 0xbe, 0xe4, 0xff, 
	0xff, 0xc1, 0xe7, 0xff, 0xff, 0xc1, 0xe7, 0xff, 
	0xff, 0xc1, 0xe7, 0xff, 0xff, 0xc4, 0xe7, 0xff, 
	0xff, 0xc5, 0xe7, 0xff, 0xff, 0xc5, 0xe7, 0xff, 
	0xff, 0xc5, 0xe7, 0xff, 0xff, 0xc8, 0xe7, 0xff, 
	0xff, 0xc8, 0xe9, 0xff, 0xff, 0xc8, 0xe9, 0xff, 
	0xff, 0xc8, 0xe9, 0xff, 0xff, 0xc7, 0xe7, 0xff, 
	0xff, 0xc7, 0xe7, 0xff, 0xff, 0xc7, 0xe7, 0xff, 
	0xff, 0xc7, 0xe7, 0xff, 0xff, 0xc9, 0xe9, 0xff, 
	0xff, 0xc9, 0xe9, 0xff, 0xff, 0xc7, 0xe7, 0xff, 
	0xff, 0xc7, 0xe7, 0xff, 0xff, 0xc7, 0xe7, 0xff, 
	0xff, 0xc7, 0xe7, 0xff, 0xff, 0xc9, 0xe9, 0xff, 
	0xff, 0xc9, 0xe9, 0xff, 0xff, 0xc7, 0xe7, 0xff, 
	0xff, 0xc8, 0xe7, 0xff, 0xff, 0xc8, 0xe7, 0xff, 
	0xff, 0xc8, 0xe7, 0xff, 0xff, 0xc3, 0xe7, 0xff, 
	0xff, 0xc2, 0xe7, 0xff, 0xff, 0xc2, 0xe7, 0xff, 
	0xff, 0xc2, 0xe7, 0xff, 0xff, 0xc2, 0xe7, 0xff, 
	0xff, 0xc5, 0xe7, 0xff, 0xff, 0xc3, 0xe7, 0xff, 
	0xff, 0xc3, 0xe7, 0xff, 0xff, 0xc3, 0xe7, 0xff, 
	0xff, 0xc1, 0xe7, 0xff, 0xff, 0xc1, 0xe7, 0xff, 
	0xff, 0xc1, 0xe7, 0xff, 0xff, 0xc1, 0xe7, 0xff, 
	0xff, 0xbf, 0xe7, 0xff, 0xff, 0xbf, 0xe7, 0xff, 
	0xff, 0xbf, 0xe7, 0xff, 0xff, 0xc1, 0xe7, 0xff, 
	0xff, 0xc3, 0xe7, 0xff, 0xff, 0xc3, 0xe7, 0xff, 
	0xff, 0xc3, 0xe7, 0xff, 0xff, 0xc5, 0xe7, 0xff, 
	0xff, 0xc4, 0xe7, 0xff, 0xff, 0xc4, 0xe7, 0xff, 
	0xff, 0xc4, 0xe7, 0xff, 0xff, 0xc4, 0xe7, 0xff, 
	0xff, 0xc1, 0xe7, 0xff, 0xff, 0xc1, 0xe7, 0xff, 
	0xff, 0xc1, 0xe7, 0xff, 0xff, 0xc1, 0xe7, 0xff, 
	0xff, 0xc3, 0xe7, 0xff, 0xff, 0xc3, 0xe7, 0xff, 
	0xff, 0xc4, 0xe7, 0xff, 0xff, 0xc5, 0xe7, 0xff, 
	0xff, 0xc5, 0xe7, 0xff, 0xff, 0xc4, 0xe7, 0xff, 
	0xff, 0xc3, 0xe7, 0xff, 0xff, 0xc3, 0xe7, 0xff, 
	0xff, 0xc2, 0xe7, 0xff, 0xff, 0xc2, 0xe7, 0xff, 
	0xff, 0xc2, 0xe7, 0xff, 0xff, 0xc2, 0xe7, 0xff, 
	0xff, 0xc4, 0xe7, 0xff, 0xff, 0xc4, 0xe7, 0xff, 
	0xff, 0xc1, 0xe7, 0xff, 0xff, 0xc1, 0xe7, 0xff, 
	0xff, 0xc1, 0xe7, 0xff, 0xff, 0xc1, 0xe7, 0xff, 
	0xff, 0xc1, 0xe7, 0xff, 0xff, 0xc1, 0xe7, 0xff, 
	0xff, 0xc2, 0xe7, 0xff, 0xff, 0xc2, 0xe7, 0xff, 
	0xff, 0xc2, 0xe7, 0xff, 0xff, 0xc2, 0xe7, 0xff, 
	0xff, 0xc1, 0xe7, 0xff, 0xff, 0xc3, 0xe7, 0xff, 
	0xff, 0xc1, 0xe7, 0xff, 0xff, 0xbf, 0xe7, 0xff, 
	0xff, 0xbf, 0xe7, 0xff, 0xff, 0xbf, 0xe7, 0xff, 
	0xff, 0xbf, 0xe7, 0xff, 0xff, 0xbe, 0xe7, 0xff, 
	0xff, 0xbe, 0xe7, 0xff, 0xff, 0xc1, 0xe7, 0xff, 
	0xff, 0xc1, 0xe7, 0xff, 0xff, 0xc4, 0xe7, 0xff, 
	0xff, 0xc0, 0xe6, 0xff, 0xff, 0xc0, 0xe6, 0xff, 
	0xff, 0xc0, 0xe6, 0xff, 0xff, 0xc0, 0xe6, 0xff, 
	0xff, 0xbf, 0xe7, 0xff, 0xff, 0xbf, 0xe7, 0xff, 
	0xff, 0xc1, 0xe7, 0xff, 0xff, 0xc1, 0xe7, 0xff, 
	0xff, 0xc1, 0xe7, 0xff, 0xff, 0xc1, 0xe7, 0xff, 
	0xff, 0xc1, 0xe7, 0xff, 0xff, 0xc1, 0xe7, 0xff, 
	0xff, 0xc3, 0xe7, 0xff, 0xff, 0xc4, 0xe7, 0xff, 
	0xff, 0xc4, 0xe7, 0xff, 0xff, 0xc3, 0xe7, 0xff, 
	0xff, 0xc2, 0xe7, 0xff, 0xff, 0xc2, 0xe7, 0xff, 
	0xff, 0xc2, 0xe7, 0xff, 0xff, 0xc2, 0xe7, 0xff, 
	0xff, 0xc0, 0xe7, 0xff, 0xff, 0xbd, 0xe7, 0xff, 
	0xff, 0xbd, 0xe7, 0xff, 0xff, 0xba, 0xe7, 0xff, 
	0xff, 0xbc, 0xe4, 0xff, 0xff, 0xbc, 0xe4, 0xff, 
	0xff, 0xbc, 0xe4, 0xff, 0xff, 0xbc, 0xe4, 0xff, 
	0xff, 0xbb, 0xe4, 0xff, 0xff, 0xb8, 0xe1, 0xff, 
	0xff, 0xbb, 0xe4, 0xff, 0xff, 0xbb, 0xe4, 0xff, 
	0xff, 0xbe, 0xe4, 0xff, 0xff, 0xbe, 0xe4, 0xff, 
	0xff, 0xbe, 0xe4, 0xff, 0xff, 0xbe, 0xe4, 0xff, 
	0xff, 0xc1, 0xe7, 0xff, 0xff, 0xc1, 0xe7, 0xff, 
	0xff, 0xc1, 0xe7, 0xff, 0xff, 0xc1, 0xe7, 0xff, 
	0xff, 0xc3, 0xe7, 0xff, 0xff, 0xc3, 0xe7, 0xff, 
	0xff, 0xc5, 0xe7, 0xff, 0xff, 0xc8, 0xe7, 0xff, 
	0xff, 0xc7, 0xe7, 0xff, 0xff, 0xc8, 0xe9, 0xff, 
	0xff, 0xc7, 0xe7, 0xff, 0xff, 0xc8, 0xe9, 0xff, 
	0xff, 0xc7, 0xe7, 0xff, 0xff, 0xc7, 0xe7, 0xff, 
	0xff, 0xc9, 0xe9, 0xff, 0xff, 0xc9, 0xe9, 0xff, 
	0xff, 0xc9, 0xe9, 0xff, 0xff, 0xc9, 0xe9, 0xff, 
	0xff, 0xc9, 0xe9, 0xff, 0xff, 0xc7, 0xe7, 0xff, 
	0xff, 0xc7, 0xe7, 0xff, 0xff, 0xc7, 0xe7, 0xff, 
	0xff, 0xc9, 0xe9, 0xff, 0xff, 0xc9, 0xe9, 0xff, 
	0xff, 0xc8, 0xe7, 0xff, 0xff, 0xc8, 0xe7, 0xff, 
	0xff, 0xc3, 0xe7, 0xff, 0xff, 0xc5, 0xe7, 0xff, 
	0xff, 0xc2, 0xe7, 0xff, 0xff, 0xc2, 0xe7, 0xff, 
	0xff, 0xc2, 0xe7, 0xff, 0xff, 0xc2, 0xe7, 0xff, 
	0xff, 0xc5, 0xe7, 0xff, 0xff, 0xc4, 0xe7, 0xff, 
	0xff, 0xc5, 0xe7, 0xff, 0xff, 0xc4, 0xe7, 0xff, 
	0xff, 0xc4, 0xe7, 0xff, 0xff, 0xc1, 0xe7, 0xff, 
	0xff, 0xc1, 0xe7, 0xff, 0xff, 0xc1, 0xe7, 0xff, 
	0xff, 0xbf, 0xe7, 0xff, 0xff, 0xbe, 0xe7, 0xff, 
	0xff, 0xc1, 0xe7, 0xff, 0xff, 0xc1, 0xe7, 0xff, 
	0xff, 0xc3, 0xe7, 0xff, 0xff, 0xc3, 0xe7, 0xff, 
	0xff, 0xc3, 0xe7, 0xff, 0xff, 0xc5, 0xe7, 0xff, 
	0xff, 0xc4, 0xe7, 0xff, 0xff, 0xc1, 0xe7, 0xff, 
	0xff, 0xc1, 0xe7, 0xff, 0xff, 0xc1, 0xe7, 0xff, 
	0xff, 0xc1, 0xe7, 0xff, 0xff, 0xbf, 0xe7, 0xff, 
	0xff, 0xc1, 0xe7, 0xff, 0xff, 0xc1, 0xe7, 0xff, 
	0xff, 0xc3, 0xe7, 0xff, 0xff, 0xc3, 0xe7, 0xff, 
	0xff, 0xc3, 0xe7, 0xff, 0xff, 0xc5, 0xe7, 0xff, 
	0xff, 0xc5, 0xe7, 0xff, 0xff, 0xc5, 0xe7, 0xff, 
	0xff, 0xc3, 0xe7, 0xff, 0xff, 0xc3, 0xe7, 0xff, 
	0xff, 0xc2, 0xe7, 0xff, 0xff, 0xc2, 0xe7, 0xff, 
	0xff, 0xc2, 0xe7, 0xff, 0xff, 0xc2, 0xe7, 0xff, 
	0xff, 0xc4, 0xe7, 0xff, 0xff, 0xc1, 0xe7, 0xff, 
	0xff, 0xc1, 0xe7, 0xff, 0xff, 0xc1, 0xe7, 0xff, 
	0xff, 0xc1, 0xe7, 0xff, 0xff, 0xc1, 0xe7, 0xff, 
	0xff, 0xc1, 0xe7, 0xff, 0xff, 0xc1, 0xe7, 0xff, 
	0xff, 0xc2, 0xe7, 0xff, 0xff, 0xc2, 0xe7, 0xff, 
	0xff, 0xc2, 0xe7, 0xff, 0xff, 0xc2, 0xe7, 0xff, 
	0xff, 0xc1, 0xe7, 0xff, 0xff, 0xc1, 0xe7, 0xff, 
	0xff, 0xc1, 0xe7, 0xff, 0xff, 0xbf, 0xe7, 0xff, 
	0xff, 0xbe, 0xe7, 0xff, 0xff, 0xbe, 0xe7, 0xff, 
	0xff, 0xbe, 0xe7, 0xff, 0xff, 0xbe, 0xe7, 0xff, 
	0xff, 0xbe, 0xe7, 0xff, 0xff, 0xc1, 0xe7, 0xff, 
	0xff, 0xc4, 0xe7, 0xff, 0xff, 0xc1, 0xe7, 0xff, 
	0xff, 0xc0, 0xe6, 0xff, 0xff, 0xc0, 0xe6, 0xff, 
	0xff, 0xc0, 0xe6, 0xff, 0xff, 0xc0, 0xe6, 0xff, 
	0xff, 0xc3, 0xe7, 0xff, 0xff, 0xc1, 0xe7, 0xff, 
	0xff, 0xc3, 0xe7, 0xff, 0xff, 0xc3, 0xe7, 0xff, 
	0xff, 0xc1, 0xe7, 0xff, 0xff, 0xbe, 0xe7, 0xff, 
	0xff, 0xc1, 0xe7, 0xff, 0xff, 0xc1, 0xe7, 0xff, 
	0xff, 0xc3, 0xe7, 0xff, 0xff, 0xc3, 0xe7, 0xff, 
	0xff, 0xc5, 0xe7, 0xff, 0xff, 0xc3, 0xe7, 0xff, 
	0xff, 0xc2, 0xe7, 0xff, 0xff, 0xc2, 0xe7, 0xff, 
	0xff, 0xc2, 0xe7, 0xff, 0xff, 0xc2, 0xe7, 0xff, 
	0xff, 0xc3, 0xe7, 0xff, 0xff, 0xc0, 0xe7, 0xff, 
	0xff, 0xc0, 0xe7, 0xff, 0xff, 0xbd, 0xe7, 0xff, 
	0xff, 0xbc, 0xe4, 0xff, 0xff, 0xbc, 0xe4, 0xff, 
	0xff, 0xbc, 0xe4, 0xff, 0xff, 0xbc, 0xe4, 0xff, 
	0xff, 0xbb, 0xe4, 0xff, 0xff, 0xb8, 0xe1, 0xff, 
	0xff, 0xbb, 0xe4, 0xff, 0xff, 0xbb, 0xe4, 0xff, 
	0xff, 0xbe, 0xe4, 0xff, 0xff, 0xbe, 0xe4, 0xff, 
	0xff, 0xbe, 0xe4, 0xff, 0xff, 0xbe, 0xe4, 0xff, 
	0xff, 0xbe, 0xe7, 0xff, 0xff, 0xbe, 0xe7, 0xff, 
	0xff, 0xbe, 0xe7, 0xff, 0xff, 0xc1, 0xe7, 0xff, 
	0xff, 0xc3, 0xe7, 0xff, 0xff, 0xc3, 0xe7, 0xff, 
	0xff, 0xc5, 0xe7, 0xff, 0xff, 0xc5, 0xe7, 0xff, 
	0xff, 0xc7, 0xe7, 0xff, 0xff, 0xc8, 0xe9, 0xff, 
	0xff, 0xc8, 0xe9, 0xff, 0xff, 0xc7, 0xe7, 0xff, 
	0xff, 0xc7, 0xe7, 0xff, 0xff, 0xc7, 0xe7, 0xff, 
	0xff, 0xc9, 0xe9, 0xff, 0xff, 0xc9, 0xe9, 0xff, 
	0xff, 0xc9, 0xe9, 0xff, 0xff, 0xc9, 0xe9, 0xff, 
	0xff, 0xc9, 0xe9, 0xff, 0xff, 0xc7, 0xe7, 0xff, 
	0xff, 0xc7, 0xe7, 0xff, 0xff, 0xc9, 0xe9, 0xff, 
	0xff, 0xc7, 0xe7, 0xff, 0xff, 0xc7, 0xe7, 0xff, 
	0xff, 0xc5, 0xe7, 0xff, 0xff, 0xc5, 0xe7, 0xff, 
	0xff, 0xc5, 0xe7, 0xff, 0xff, 0xc8, 0xe7, 0xff, 
	0xff, 0xc2, 0xe7, 0xff, 0xff, 0xc2, 0xe7, 0xff, 
	0xff, 0xbe, 0xe7, 0xff, 0xff, 0xc2, 0xe7, 0xff, 
	0xff, 0xc3, 0xe7, 0xff, 0xff, 0xc3, 0xe7, 0xff, 
	0xff, 0xc4, 0xe7, 0xff, 0xff, 0xc4, 0xe7, 0xff, 
	0xff, 0xc4, 0xe7, 0xff, 0xff, 0xc7, 0xe7, 0xff, 
	0xff, 0xc4, 0xe7, 0xff, 0xff, 0xc1, 0xe7, 0xff, 
	0xff, 0xbe, 0xe7, 0xff, 0xff, 0xbe, 0xe7, 0xff, 
	0xff, 0xbf, 0xe7, 0xff, 0xff, 0xc1, 0xe7, 0xff, 
	0xff, 0xc3, 0xe7, 0xff, 0xff, 0xc3, 0xe7, 0xff, 
	0xff, 0xc3, 0xe7, 0xff, 0xff, 0xc3, 0xe7, 0xff, 
	0xff, 0xc1, 0xe7, 0xff, 0xff, 0xc4, 0xe7, 0xff, 
	0xff, 0xc1, 0xe7, 0xff, 0xff, 0xc1, 0xe7, 0xff, 
	0xff, 0xbf, 0xe7, 0xff, 0xff, 0xbf, 0xe7, 0xff, 
	0xff, 0xc1, 0xe7, 0xff, 0xff, 0xc1, 0xe7, 0xff, 
	0xff, 0xc3, 0xe7, 0xff, 0xff, 0xc3, 0xe7, 0xff, 
	0xff, 0xc3, 0xe7, 0xff, 0xff, 0xc4, 0xe7, 0xff, 
	0xff, 0xc3, 0xe7, 0xff, 0xff, 0xc3, 0xe7, 0xff, 
	0xff, 0xc3, 0xe7, 0xff, 0xff, 0xc3, 0xe7, 0xff, 
	0xff, 0xc2, 0xe7, 0xff, 0xff, 0xc2, 0xe7, 0xff, 
	0xff, 0xc2, 0xe7, 0xff, 0xff, 0xc2, 0xe7, 0xff, 
	0xff, 0xc4, 0xe7, 0xff, 0xff, 0xc4, 0xe7, 0xff, 
	0xff, 0xbe, 0xe7, 0xff, 0xff, 0xbe, 0xe7, 0xff, 
	0xff, 0xc1, 0xe7, 0xff, 0xff, 0xbe, 0xe7, 0xff, 
	0xff, 0xc1, 0xe7, 0xff, 0xff, 0xc1, 0xe7, 0xff, 
	0xff, 0xc2, 0xe7, 0xff, 0xff, 0xc2, 0xe7, 0xff, 
	0xff, 0xc2, 0xe7, 0xff, 0xff, 0xc2, 0xe7, 0xff, 
	0xff, 0xc1, 0xe7, 0xff, 0xff, 0xbf, 0xe7, 0xff, 
	0xff, 0xbf, 0xe7, 0xff, 0xff, 0xbf, 0xe7, 0xff, 
	0xff, 0xc1, 0xe7, 0xff, 0xff, 0xc1, 0xe7, 0xff, 
	0xff, 0xbf, 0xe7, 0xff, 0xff, 0xc1, 0xe7, 0xff, 
	0xff, 0xc1, 0xe7, 0xff, 0xff, 0xc1, 0xe7, 0xff, 
	0xff, 0xc1, 0xe7, 0xff, 0xff, 0xc1, 0xe7, 0xff, 
	0xff, 0xbf, 0xe7, 0xff, 0xff, 0xbf, 0xe7, 0xff, 
	0xff, 0xbf, 0xe7, 0xff, 0xff, 0xc1, 0xe7, 0xff, 
	0xff, 0xc1, 0xe7, 0xff, 0xff, 0xc1, 0xe7, 0xff, 
	0xff, 0xc1, 0xe7, 0xff, 0xff, 0xc1, 0xe7, 0xff, 
	0xff, 0xbe, 0xe4, 0xff, 0xff, 0xbe, 0xe4, 0xff, 
	0xff, 0xbe, 0xe4, 0xff, 0xff, 0xbe, 0xe4, 0xff, 
	0xff, 0xc1, 0xe7, 0xff, 0xff, 0xc1, 0xe7, 0xff, 
	0xff, 0xc1, 0xe7, 0xff, 0xff, 0xc3, 0xe7, 0xff, 
	0xff, 0xc0, 0xe6, 0xff, 0xff, 0xc0, 0xe6, 0xff, 
	0xff, 0xc0, 0xe6, 0xff, 0xff, 0xc0, 0xe6, 0xff, 
	0xff, 0xc0, 0xe7, 0xff, 0xff, 0xc0, 0xe7, 0xff, 
	0xff, 0xbd, 0xe7, 0xff, 0xff, 0xbd, 0xe7, 0xff, 
	0xff, 0xba, 0xe4, 0xff, 0xff, 0xba, 0xe4, 0xff, 
	0xff, 0xba, 0xe4, 0xff, 0xff, 0xba, 0xe4, 0xff, 
	0xff, 0xbc, 0xe4, 0xff, 0xff, 0xbc, 0xe4, 0xff, 
	0xff, 0xbc, 0xe4, 0xff, 0xff, 0xbc, 0xe4, 0xff, 
	0xff, 0xbd, 0xe4, 0xff, 0xff, 0xbd, 0xe4, 0xff, 
	0xff, 0xbd, 0xe4, 0xff, 0xff, 0xbd, 0xe4, 0xff, 
	0xff, 0xbe, 0xe7, 0xff, 0xff, 0xbf, 0xe7, 0xff, 
	0xff, 0xbf, 0xe7, 0xff, 0xff, 0xbe, 0xe7, 0xff, 
	0xff, 0xc1, 0xe7, 0xff, 0xff, 0xc1, 0xe7, 0xff, 
	0xff, 0xc1, 0xe7, 0xff, 0xff, 0xc4, 0xe7, 0xff, 
	0xff, 0xc3, 0xe7, 0xff, 0xff, 0xc5, 0xe7, 0xff, 
	0xff, 0xc8, 0xe7, 0xff, 0xff, 0xcb, 0xe7, 0xff, 
	0xff, 0xc8, 0xe7, 0xff, 0xff, 0xc8, 0xe7, 0xff, 
	0xff, 0xc8, 0xe7, 0xff, 0xff, 0xc8, 0xe7, 0xff, 
	0xff, 0xc8, 0xe7, 0xff, 0xff, 0xc8, 0xe7, 0xff, 
	0xff, 0xc8, 0xe7, 0xff, 0xff, 0xc8, 0xe7, 0xff, 
	0xff, 0xc8, 0xe9, 0xff, 0xff, 0xc8, 0xe9, 0xff, 
	0xff, 0xc8, 0xe9, 0xff, 0xff, 0xc7, 0xe7, 0xff, 
	0xff, 0xc7, 0xe7, 0xff, 0xff, 0xc7, 0xe7, 0xff, 
	0xff, 0xc7, 0xe7, 0xff, 0xff, 0xc7, 0xe7, 0xff, 
	0xff, 0xc3, 0xe7, 0xff, 0xff, 0xbf, 0xe7, 0xff, 
	0xff, 0xbe, 0xe7, 0xff, 0xff, 0xbf, 0xe7, 0xff, 
	0xff, 0xc3, 0xe7, 0xff, 0xff, 0xc5, 0xe7, 0xff, 
	0xff, 0xc5, 0xe7, 0xff, 0xff, 0xc5, 0xe7, 0xff, 
	0xff, 0xc1, 0xe7, 0xff, 0xff, 0xc4, 0xe7, 0xff, 
	0xff, 0xc4, 0xe7, 0xff, 0xff, 0xc1, 0xe7, 0xff, 
	0xff, 0xc3, 0xe7, 0xff, 0xff, 0xc3, 0xe7, 0xff, 
	0xff, 0xc3, 0xe7, 0xff, 0xff, 0xc3, 0xe7, 0xff, 
	0xff, 0xc1, 0xe7, 0xff, 0xff, 0xc1, 0xe7, 0xff, 
	0xff, 0xc1, 0xe7, 0xff, 0xff, 0xc1, 0xe7, 0xff, 
	0xff, 0xbe, 0xe7, 0xff, 0xff, 0xc1, 0xe7, 0xff, 
	0xff, 0xc1, 0xe7, 0xff, 0xff, 0xc1, 0xe7, 0xff, 
	0xff, 0xc1, 0xe7, 0xff, 0xff, 0xbf, 0xe7, 0xff, 
	0xff, 0xc1, 0xe7, 0xff, 0xff, 0xc1, 0xe7, 0xff, 
	0xff, 0xc4, 0xe7, 0xff, 0xff, 0xc5, 0xe7, 0xff, 
	0xff, 0xc4, 0xe7, 0xff, 0xff, 0xc5, 0xe7, 0xff, 
	0xff, 0xc4, 0xe7, 0xff, 0xff, 0xc3, 0xe7, 0xff, 
	0xff, 0xc3, 0xe7, 0xff, 0xff, 0xc3, 0xe7, 0xff, 
	0xff, 0xc2, 0xe7, 0xff, 0xff, 0xc2, 0xe7, 0xff, 
	0xff, 0xc2, 0xe7, 0xff, 0xff, 0xc2, 0xe7, 0xff, 
	0xff, 0xc4, 0xe7, 0xff, 0xff, 0xc4, 0xe7, 0xff, 
	0xff, 0xc1, 0xe7, 0xff, 0xff, 0xbe, 0xe7, 0xff, 
	0xff, 0xbf, 0xe7, 0xff, 0xff, 0xbf, 0xe7, 0xff, 
	0xff, 0xbf, 0xe7, 0xff, 0xff, 0xc1, 0xe7, 0xff, 
	0xff, 0xc1, 0xe6, 0xff, 0xff, 0xc1, 0xe6, 0xff, 
	0xff, 0xc1, 0xe6, 0xff, 0xff, 0xc1, 0xe6, 0xff, 
	0xff, 0xc0, 0xe7, 0xff, 0xff, 0xc0, 0xe7, 0xff, 
	0xff, 0xbd, 0xe7, 0xff, 0xff, 0xc0, 0xe7, 0xff, 
	0xff, 0xc0, 0xe6, 0xff, 0xff, 0xc0, 0xe6, 0xff, 
	0xff, 0xc0, 0xe6, 0xff, 0xff, 0xc0, 0xe6, 0xff, 
	0xff, 0xc2, 0xe7, 0xff, 0xff, 0xc2, 0xe7, 0xff, 
	0xff, 0xc2, 0xe7, 0xff, 0xff, 0xc2, 0xe7, 0xff, 
	0xff, 0xbf, 0xe7, 0xff, 0xff, 0xc1, 0xe7, 0xff, 
	0xff, 0xbf, 0xe7, 0xff, 0xff, 0xc1, 0xe7, 0xff, 
	0xff, 0xbf, 0xe7, 0xff, 0xff, 0xbe, 0xe7, 0xff, 
	0xff, 0xbf, 0xe7, 0xff, 0xff, 0xbf, 0xe7, 0xff, 
	0xff, 0xbe, 0xe4, 0xff, 0xff, 0xbe, 0xe4, 0xff, 
	0xff, 0xbe, 0xe4, 0xff, 0xff, 0xbe, 0xe4, 0xff, 
	0xff, 0xbf, 0xe7, 0xff, 0xff, 0xbf, 0xe7, 0xff, 
	0xff, 0xc1, 0xe7, 0xff, 0xff, 0xc1, 0xe7, 0xff, 
	0xff, 0xc0, 0xe6, 0xff, 0xff, 0xc0, 0xe6, 0xff, 
	0xff, 0xc0, 0xe6, 0xff, 0xff, 0xc0, 0xe6, 0xff, 
	0xff, 0xc0, 0xe7, 0xff, 0xff, 0xbd, 0xe7, 0xff, 
	0xff, 0xbd, 0xe7, 0xff, 0xff, 0xba, 0xe7, 0xff, 
	0xff, 0xba, 0xe4, 0xff, 0xff, 0xba, 0xe4, 0xff, 
	0xff, 0xbe, 0xe7, 0xff, 0xff, 0xbe, 0xe7, 0xff, 
	0xff, 0xbc, 0xe4, 0xff, 0xff, 0xbc, 0xe4, 0xff, 
	0xff, 0xbc, 0xe4, 0xff, 0xff, 0xbc, 0xe4, 0xff, 
	0xff, 0xbd, 0xe4, 0xff, 0xff, 0xbd, 0xe4, 0xff, 
	0xff, 0xbd, 0xe4, 0xff, 0xff, 0xbd, 0xe4, 0xff, 
	0xff, 0xbf, 0xe7, 0xff, 0xff, 0xc1, 0xe7, 0xff, 
	0xff, 0xc1, 0xe7, 0xff, 0xff, 0xbe, 0xe7, 0xff, 
	0xff, 0xbe, 0xe7, 0xff, 0xff, 0xc1, 0xe7, 0xff, 
	0xff, 0xc1, 0xe7, 0xff, 0xff, 0xc1, 0xe7, 0xff, 
	0xff, 0xc3, 0xe7, 0xff, 0xff, 0xc3, 0xe7, 0xff, 
	0xff, 0xc5, 0xe7, 0xff, 0xff, 0xc8, 0xe7, 0xff, 
	0xff, 0xc8, 0xe7, 0xff, 0xff, 0xc8, 0xe7, 0xff, 
	0xff, 0xc8, 0xe7, 0xff, 0xff, 0xc8, 0xe7, 0xff, 
	0xff, 0xc8, 0xe7, 0xff, 0xff, 0xc8, 0xe7, 0xff, 
	0xff, 0xc8, 0xe7, 0xff, 0xff, 0xc8, 0xe7, 0xff, 
	0xff, 0xc7, 0xe7, 0xff, 0xff, 0xc7, 0xe7, 0xff, 
	0xff, 0xc8, 0xe9, 0xff, 0xff, 0xc7, 0xe7, 0xff, 
	0xff, 0xc7, 0xe7, 0xff, 0xff, 0xc7, 0xe7, 0xff, 
	0xff, 0xc7, 0xe7, 0xff, 0xff, 0xc7, 0xe7, 0xff, 
	0xff, 0xc1, 0xe7, 0xff, 0xff, 0xc1, 0xe7, 0xff, 
	0xff, 0xbf, 0xe7, 0xff, 0xff, 0xbf, 0xe7, 0xff, 
	0xff, 0xc3, 0xe7, 0xff, 0xff, 0xc4, 0xe7, 0xff, 
	0xff, 0xc5, 0xe7, 0xff, 0xff, 0xc3, 0xe7, 0xff, 
	0xff, 0xc1, 0xe7, 0xff, 0xff, 0xc1, 0xe7, 0xff, 
	0xff, 0xc4, 0xe7, 0xff, 0xff, 0xc4, 0xe7, 0xff, 
	0xff, 0xc3, 0xe7, 0xff, 0xff, 0xc4, 0xe7, 0xff, 
	0xff, 0xc3, 0xe7, 0xff, 0xff, 0xc3, 0xe7, 0xff, 
	0xff, 0xc1, 0xe7, 0xff, 0xff, 0xc1, 0xe7, 0xff, 
	0xff, 0xc1, 0xe7, 0xff, 0xff, 0xc1, 0xe7, 0xff, 
	0xff, 0xc1, 0xe7, 0xff, 0xff, 0xbe, 0xe7, 0xff, 
	0xff, 0xc1, 0xe7, 0xff, 0xff, 0xc1, 0xe7, 0xff, 
	0xff, 0xc1, 0xe7, 0xff, 0xff, 0xc1, 0xe7, 0xff, 
	0xff, 0xc1, 0xe7, 0xff, 0xff, 0xc1, 0xe7, 0xff, 
	0xff, 0xc3, 0xe7, 0xff, 0xff, 0xc5, 0xe7, 0xff, 
	0xff, 0xc5, 0xe7, 0xff, 0xff, 0xc5, 0xe7, 0xff, 
	0xff, 0xc5, 0xe7, 0xff, 0xff, 0xc5, 0xe7, 0xff, 
	0xff, 0xc3, 0xe7, 0xff, 0xff, 0xc3, 0xe7, 0xff, 
	0xff, 0xc2, 0xe7, 0xff, 0xff, 0xc2, 0xe7, 0xff, 
	0xff, 0xc2, 0xe7, 0xff, 0xff, 0xc2, 0xe7, 0xff, 
	0xff, 0xc4, 0xe7, 0xff, 0xff, 0xc1, 0xe7, 0xff, 
	0xff, 0xc1, 0xe7, 0xff, 0xff, 0xc1, 0xe7, 0xff, 
	0xff, 0xbe, 0xe7, 0xff, 0xff, 0xbe, 0xe7, 0xff, 
	0xff, 0xbf, 0xe7, 0xff, 0xff, 0xc1, 0xe7, 0xff, 
	0xff, 0xc1, 0xe6, 0xff, 0xff, 0xc1, 0xe6, 0xff, 
	0xff, 0xc1, 0xe6, 0xff, 0xff, 0xc1, 0xe6, 0xff, 
	0xff, 0xc0, 0xe7, 0xff, 0xff, 0xbd, 0xe7, 0xff, 
	0xff, 0xbd, 0xe7, 0xff, 0xff, 0xbd, 0xe7, 0xff, 
	0xff, 0xc0, 0xe6, 0xff, 0xff, 0xc0, 0xe6, 0xff, 
	0xff, 0xc0, 0xe6, 0xff, 0xff, 0xc0, 0xe6, 0xff, 
	0xff, 0xc2, 0xe7, 0xff, 0xff, 0xc2, 0xe7, 0xff, 
	0xff, 0xc2, 0xe7, 0xff, 0xff, 0xc2, 0xe7, 0xff, 
	0xff, 0xc1, 0xe7, 0xff, 0xff, 0xc1, 0xe7, 0xff, 
	0xff, 0xbf, 0xe7, 0xff, 0xff, 0xbf, 0xe7, 0xff, 
	0xff, 0xc1, 0xe7, 0xff, 0xff, 0xc1, 0xe7, 0xff, 
	0xff, 0xc1, 0xe7, 0xff, 0xff, 0xbe, 0xe7, 0xff, 
	0xff, 0xbe, 0xe4, 0xff, 0xff, 0xbe, 0xe4, 0xff, 
	0xff, 0xbe, 0xe4, 0xff, 0xff, 0xbe, 0xe4, 0xff, 
	0xff, 0xbf, 0xe7, 0xff, 0xff, 0xbf, 0xe7, 0xff, 
	0xff, 0xbf, 0xe7, 0xff, 0xff, 0xc1, 0xe7, 0xff, 
	0xff, 0xc0, 0xe6, 0xff, 0xff, 0xc0, 0xe6, 0xff, 
	0xff, 0xc0, 0xe6, 0xff, 0xff, 0xc0, 0xe6, 0xff, 
	0xff, 0xc3, 0xe7, 0xff, 0xff, 0xc0, 0xe7, 0xff, 
	0xff, 0xbd, 0xe7, 0xff, 0xff, 0xbd, 0xe7, 0xff, 
	0xff, 0xba, 0xe4, 0xff, 0xff, 0xbe, 0xe7, 0xff, 
	0xff, 0xbe, 0xe7, 0xff, 0xff, 0xbe, 0xe7, 0xff, 
	0xff, 0xbc, 0xe4, 0xff, 0xff, 0xbc, 0xe4, 0xff, 
	0xff, 0xbc, 0xe4, 0xff, 0xff, 0xbc, 0xe4, 0xff, 
	0xff, 0xbd, 0xe4, 0xff, 0xff, 0xbd, 0xe4, 0xff, 
	0xff, 0xbd, 0xe4, 0xff, 0xff, 0xbd, 0xe4, 0xff, 
	0xff, 0xbf, 0xe7, 0xff, 0xff, 0xbf, 0xe7, 0xff, 
	0xff, 0xc1, 0xe7, 0xff, 0xff, 0xbf, 0xe7, 0xff, 
	0xff, 0xc1, 0xe7, 0xff, 0xff, 0xc1, 0xe7, 0xff, 
	0xff, 0xc1, 0xe7, 0xff, 0xff, 0xc4, 0xe7, 0xff, 
	0xff, 0xc3, 0xe7, 0xff, 0xff, 0xc3, 0xe7, 0xff, 
	0xff, 0xc5, 0xe7, 0xff, 0xff, 0xc5, 0xe7, 0xff, 
	0xff, 0xc5, 0xe7, 0xff, 0xff, 0xc5, 0xe7, 0xff, 
	0xff, 0xc5, 0xe7, 0xff, 0xff, 0xc8, 0xe7, 0xff, 
	0xff, 0xc5, 0xe7, 0xff, 0xff, 0xc5, 0xe7, 0xff, 
	0xff, 0xc5, 0xe7, 0xff, 0xff, 0xc8, 0xe7, 0xff, 
	0xff, 0xc7, 0xe7, 0xff, 0xff, 0xc7, 0xe7, 0xff, 
	0xff, 0xc7, 0xe7, 0xff, 0xff, 0xc7, 0xe7, 0xff, 
	0xff, 0xc7, 0xe7, 0xff, 0xff, 0xc7, 0xe7, 0xff, 
	0xff, 0xc8, 0xe9, 0xff, 0xff, 0xc7, 0xe7, 0xff, 
	0xff, 0xc3, 0xe7, 0xff, 0xff, 0xc3, 0xe7, 0xff, 
	0xff, 0xc3, 0xe7, 0xff, 0xff, 0xc1, 0xe7, 0xff, 
	0xff, 0xc3, 0xe7, 0xff, 0xff, 0xc4, 0xe7, 0xff, 
	0xff, 0xc3, 0xe7, 0xff, 0xff, 0xc3, 0xe7, 0xff, 
	0xff, 0xc1, 0xe7, 0xff, 0xff, 0xc1, 0xe7, 0xff, 
	0xff, 0xc1, 0xe7, 0xff, 0xff, 0xc1, 0xe7, 0xff, 
	0xff, 0xc5, 0xe7, 0xff, 0xff, 0xc5, 0xe7, 0xff, 
	0xff, 0xc3, 0xe7, 0xff, 0xff, 0xc3, 0xe7, 0xff, 
	0xff, 0xc1, 0xe7, 0xff, 0xff, 0xc4, 0xe7, 0xff, 
	0xff, 0xc4, 0xe7, 0xff, 0xff, 0xbe, 0xe7, 0xff, 
	0xff, 0xc1, 0xe7, 0xff, 0xff, 0xc4, 0xe7, 0xff, 
	0xff, 0xc4, 0xe7, 0xff, 0xff, 0xc1, 0xe7, 0xff, 
	0xff, 0xc3, 0xe7, 0xff, 0xff, 0xc3, 0xe7, 0xff, 
	0xff, 0xc1, 0xe7, 0xff, 0xff, 0xbf, 0xe7, 0xff, 
	0xff, 0xc3, 0xe7, 0xff, 0xff, 0xc5, 0xe7, 0xff, 
	0xff, 0xc5, 0xe7, 0xff, 0xff, 0xc3, 0xe7, 0xff, 
	0xff, 0xc3, 0xe7, 0xff, 0xff, 0xc3, 0xe7, 0xff, 
	0xff, 0xc3, 0xe7, 0xff, 0xff, 0xc4, 0xe7, 0xff, 
	0xff, 0xc2, 0xe7, 0xff, 0xff, 0xc2, 0xe7, 0xff, 
	0xff, 0xc2, 0xe7, 0xff, 0xff, 0xc2, 0xe7, 0xff, 
	0xff, 0xc4, 0xe7, 0xff, 0xff, 0xc1, 0xe7, 0xff, 
	0xff, 0xc1, 0xe7, 0xff, 0xff, 0xc1, 0xe7, 0xff, 
	0xff, 0xbe, 0xe7, 0xff, 0xff, 0xbf, 0xe7, 0xff, 
	0xff, 0xbf, 0xe7, 0xff, 0xff, 0xc1, 0xe7, 0xff, 
	0xff, 0xc1, 0xe6, 0xff, 0xff, 0xc1, 0xe6, 0xff, 
	0xff, 0xc1, 0xe6, 0xff, 0xff, 0xc1, 0xe6, 0xff, 
	0xff, 0xc0, 0xe7, 0xff, 0xff, 0xbd, 0xe7, 0xff, 
	0xff, 0xbd, 0xe7, 0xff, 0xff, 0xbd, 0xe7, 0xff, 
	0xff, 0xc0, 0xe6, 0xff, 0xff, 0xc0, 0xe6, 0xff, 
	0xff, 0xc0, 0xe6, 0xff, 0xff, 0xc0, 0xe6, 0xff, 
	0xff, 0xc2, 0xe7, 0xff, 0xff, 0xc2, 0xe7, 0xff, 
	0xff, 0xc2, 0xe7, 0xff, 0xff, 0xc2, 0xe7, 0xff, 
	0xff, 0xbf, 0xe7, 0xff, 0xff, 0xc1, 0xe7, 0xff, 
	0xff, 0xc3, 0xe7, 0xff, 0xff, 0xc1, 0xe7, 0xff, 
	0xff, 0xc1, 0xe7, 0xff, 0xff, 0xc1, 0xe7, 0xff, 
	0xff, 0xbf, 0xe7, 0xff, 0xff, 0xbf, 0xe7, 0xff, 
	0xff, 0xbe, 0xe4, 0xff, 0xff, 0xbe, 0xe4, 0xff, 
	0xff, 0xbe, 0xe4, 0xff, 0xff, 0xbe, 0xe4, 0xff, 
	0xff, 0xbf, 0xe7, 0xff, 0xff, 0xbf, 0xe7, 0xff, 
	0xff, 0xc1, 0xe7, 0xff, 0xff, 0xc1, 0xe7, 0xff, 
	0xff, 0xc0, 0xe6, 0xff, 0xff, 0xc0, 0xe6, 0xff, 
	0xff, 0xc0, 0xe6, 0xff, 0xff, 0xc0, 0xe6, 0xff, 
	0xff, 0xc0, 0xe7, 0xff, 0xff, 0xbd, 0xe7, 0xff, 
	0xff, 0xbd, 0xe7, 0xff, 0xff, 0xba, 0xe7, 0xff, 
	0xff, 0xbe, 0xe7, 0xff, 0xff, 0xbe, 0xe7, 0xff, 
	0xff, 0xbe, 0xe7, 0xff, 0xff, 0xbe, 0xe7, 0xff, 
	0xff, 0xbc, 0xe4, 0xff, 0xff, 0xbc, 0xe4, 0xff, 
	0xff, 0xbc, 0xe4, 0xff, 0xff, 0xbc, 0xe4, 0xff, 
	0xff, 0xbd, 0xe4, 0xff, 0xff, 0xbd, 0xe4, 0xff, 
	0xff, 0xbd, 0xe4, 0xff, 0xff, 0xbd, 0xe4, 0xff, 
	0xff, 0xbe, 0xe7, 0xff, 0xff, 0xc1, 0xe7, 0xff, 
	0xff, 0xc1, 0xe7, 0xff, 0xff, 0xbf, 0xe7, 0xff, 
	0xff, 0xc1, 0xe7, 0xff, 0xff, 0xc1, 0xe7, 0xff, 
	0xff, 0xc1, 0xe7, 0xff, 0xff, 0xc4, 0xe7, 0xff, 
	0xff, 0xc3, 0xe7, 0xff, 0xff, 0xc3, 0xe7, 0xff, 
	0xff, 0xc3, 0xe7, 0xff, 0xff, 0xc3, 0xe7, 0xff, 
	0xff, 0xc3, 0xe7, 0xff, 0xff, 0xc3, 0xe7, 0xff, 
	0xff, 0xc3, 0xe7, 0xff, 0xff, 0xc3, 0xe7, 0xff, 
	0xff, 0xc3, 0xe7, 0xff, 0xff, 0xc3, 0xe7, 0xff, 
	0xff, 0xc3, 0xe7, 0xff, 0xff, 0xc3, 0xe7, 0xff, 
	0xff, 0xc7, 0xe7, 0xff, 0xff, 0xc7, 0xe7, 0xff, 
	0xff, 0xc7, 0xe7, 0xff, 0xff, 0xc7, 0xe7, 0xff, 
	0xff, 0xc8, 0xe9, 0xff, 0xff, 0xc8, 0xe9, 0xff, 
	0xff, 0xc8, 0xe9, 0xff, 0xff, 0xc7, 0xe7, 0xff, 
	0xff, 0xc3, 0xe7, 0xff, 0xff, 0xc1, 0xe7, 0xff, 
	0xff, 0xc3, 0xe7, 0xff, 0xff, 0xc3, 0xe7, 0xff, 
	0xff, 0xc4, 0xe7, 0xff, 0xff, 0xc3, 0xe7, 0xff, 
	0xff, 0xc4, 0xe7, 0xff, 0xff, 0xc3, 0xe7, 0xff, 
	0xff, 0xc1, 0xe7, 0xff, 0xff, 0xc1, 0xe7, 0xff, 
	0xff, 0xc1, 0xe7, 0xff, 0xff, 0xc4, 0xe7, 0xff, 
	0xff, 0xc4, 0xe7, 0xff, 0xff, 0xc3, 0xe7, 0xff, 
	0xff, 0xc5, 0xe7, 0xff, 0xff, 0xc3, 0xe7, 0xff, 
	0xff, 0xc4, 0xe7, 0xff, 0xff, 0xc4, 0xe7, 0xff, 
	0xff, 0xc4, 0xe7, 0xff, 0xff, 0xc1, 0xe7, 0xff, 
	0xff, 0xc1, 0xe7, 0xff, 0xff, 0xc4, 0xe7, 0xff, 
	0xff, 0xc7, 0xe7, 0xff, 0xff, 0xc4, 0xe7, 0xff, 
	0xff, 0xc1, 0xe7, 0xff, 0xff, 0xc1, 0xe7, 0xff, 
	0xff, 0xbf, 0xe7, 0xff, 0xff, 0xbf, 0xe7, 0xff, 
	0xff, 0xc3, 0xe7, 0xff, 0xff, 0xc3, 0xe7, 0xff, 
	0xff, 0xc3, 0xe7, 0xff, 0xff, 0xc3, 0xe7, 0xff, 
	0xff, 0xc3, 0xe7, 0xff, 0xff, 0xc4, 0xe7, 0xff, 
	0xff, 0xc4, 0xe7, 0xff, 0xff, 0xc5, 0xe7, 0xff, 
	0xff, 0xc2, 0xe7, 0xff, 0xff, 0xc2, 0xe7, 0xff, 
	0xff, 0xc2, 0xe7, 0xff, 0xff, 0xc2, 0xe7, 0xff, 
	0xff, 0xc4, 0xe7, 0xff, 0xff, 0xc1, 0xe7, 0xff, 
	0xff, 0xc1, 0xe7, 0xff, 0xff, 0xc1, 0xe7, 0xff, 
	0xff, 0xbf, 0xe7, 0xff, 0xff, 0xbf, 0xe7, 0xff, 
	0xff, 0xc1, 0xe7, 0xff, 0xff, 0xc1, 0xe7, 0xff, 
	0xff, 0xc1, 0xe6, 0xff, 0xff, 0xc1, 0xe6, 0xff, 
	0xff, 0xc1, 0xe6, 0xff, 0xff, 0xc1, 0xe6, 0xff, 
	0xff, 0xc0, 0xe7, 0xff, 0xff, 0xbd, 0xe7, 0xff, 
	0xff, 0xbd, 0xe7, 0xff, 0xff, 0xba, 0xe7, 0xff, 
	0xff, 0xc0, 0xe6, 0xff, 0xff, 0xc0, 0xe6, 0xff, 
	0xff, 0xc0, 0xe6, 0xff, 0xff, 0xc0, 0xe6, 0xff, 
	0xff, 0xc2, 0xe7, 0xff, 0xff, 0xc2, 0xe7, 0xff, 
	0xff, 0xc2, 0xe7, 0xff, 0xff, 0xc2, 0xe7, 0xff, 
	0xff, 0xc1, 0xe7, 0xff, 0xff, 0xc1, 0xe7, 0xff, 
	0xff, 0xc4, 0xe7, 0xff, 0xff, 0xc1, 0xe7, 0xff, 
	0xff, 0xc1, 0xe7, 0xff, 0xff, 0xc4, 0xe7, 0xff, 
	0xff, 0xc1, 0xe7, 0xff, 0xff, 0xbe, 0xe7, 0xff, 
	0xff, 0xbe, 0xe7, 0xff, 0xff, 0xbf, 0xe7, 0xff, 
	0xff, 0xbf, 0xe7, 0xff, 0xff, 0xbf, 0xe7, 0xff, 
	0xff, 0xbe, 0xe7, 0xff, 0xff, 0xc1, 0xe7, 0xff, 
	0xff, 0xc1, 0xe7, 0xff, 0xff, 0xc1, 0xe7, 0xff, 
	0xff, 0xc0, 0xe7, 0xff, 0xff, 0xc3, 0xe7, 0xff, 
	0xff, 0xc0, 0xe7, 0xff, 0xff, 0xbd, 0xe7, 0xff, 
	0xff, 0xbd, 0xe7, 0xff, 0xff, 0xbd, 0xe7, 0xff, 
	0xff, 0xbd, 0xe7, 0xff, 0xff, 0xc0, 0xe7, 0xff, 
	0xff, 0xbe, 0xe7, 0xff, 0xff, 0xbf, 0xe7, 0xff, 
	0xff, 0xbf, 0xe7, 0xff, 0xff, 0xc1, 0xe7, 0xff, 
	0xff, 0xbe, 0xe4, 0xff, 0xff, 0xbe, 0xe4, 0xff, 
	0xff, 0xbe, 0xe4, 0xff, 0xff, 0xbe, 0xe4, 0xff, 
	0xff, 0xbd, 0xe7, 0xff, 0xff, 0xbd, 0xe7, 0xff, 
	0xff, 0xc0, 0xe7, 0xff, 0xff, 0xc0, 0xe7, 0xff, 
	0xff, 0xc0, 0xe7, 0xff, 0xff, 0xc0, 0xe7, 0xff, 
	0xff, 0xc0, 0xe7, 0xff, 0xff, 0xbd, 0xe7, 0xff, 
	0xff, 0xc0, 0xe7, 0xff, 0xff, 0xc0, 0xe7, 0xff, 
	0xff, 0xc3, 0xe7, 0xff, 0xff, 0xc3, 0xe7, 0xff, 
	0xff, 0xc1, 0xe7, 0xff, 0xff, 0xc3, 0xe7, 0xff, 
	0xff, 0xc1, 0xe7, 0xff, 0xff, 0xc1, 0xe7, 0xff, 
	0xff, 0xbf, 0xe7, 0xff, 0xff, 0xbf, 0xe7, 0xff, 
	0xff, 0xc1, 0xe7, 0xff, 0xff, 0xbf, 0xe7, 0xff, 
	0xff, 0xbe, 0xe7, 0xff, 0xff, 0xc2, 0xe7, 0xff, 
	0xff, 0xc7, 0xe7, 0xff, 0xff, 0xc7, 0xe7, 0xff, 
	0xff, 0xc5, 0xe7, 0xff, 0xff, 0xc3, 0xe7, 0xff, 
	0xff, 0xc5, 0xe7, 0xff, 0xff, 0xc5, 0xe7, 0xff, 
	0xff, 0xc8, 0xe7, 0xff, 0xff, 0xc8, 0xe7, 0xff, 
	0xff, 0xc8, 0xe7, 0xff, 0xff, 0xc8, 0xe7, 0xff, 
	0xff, 0xc4, 0xe7, 0xff, 0xff, 0xc4, 0xe7, 0xff, 
	0xff, 0xc1, 0xe7, 0xff, 0xff, 0xc4, 0xe7, 0xff, 
	0xff, 0xc1, 0xe6, 0xff, 0xff, 0xc1, 0xe6, 0xff, 
	0xff, 0xc1, 0xe6, 0xff, 0xff, 0xc1, 0xe6, 0xff, 
	0xff, 0xc0, 0xe6, 0xff, 0xff, 0xc0, 0xe6, 0xff, 
	0xff, 0xc0, 0xe6, 0xff, 0xff, 0xc0, 0xe6, 0xff, 
	0xff, 0xc3, 0xe7, 0xff, 0xff, 0xc3, 0xe7, 0xff, 
	0xff, 0xc3, 0xe7, 0xff, 0xff, 0xc3, 0xe7, 0xff, 
	0xff, 0xc3, 0xe7, 0xff, 0xff, 0xc5, 0xe7, 0xff, 
	0xff, 0xc5, 0xe7, 0xff, 0xff, 0xc5, 0xe7, 0xff, 
	0xff, 0xc4, 0xe7, 0xff, 0xff, 0xc3, 0xe7, 0xff, 
	0xff, 0xc4, 0xe7, 0xff, 0xff, 0xc3, 0xe7, 0xff, 
	0xff, 0xc1, 0xe7, 0xff, 0xff, 0xbe, 0xe7, 0xff, 
	0xff, 0xbe, 0xe7, 0xff, 0xff, 0xbe, 0xe7, 0xff, 
	0xff, 0xc0, 0xe7, 0xff, 0xff, 0xc3, 0xe7, 0xff, 
	0xff, 0xc0, 0xe7, 0xff, 0xff, 0xc0, 0xe7, 0xff, 
	0xff, 0xc1, 0xe7, 0xff, 0xff, 0xc1, 0xe7, 0xff, 
	0xff, 0xc4, 0xe7, 0xff, 0xff, 0xc1, 0xe7, 0xff, 
	0xff, 0xc1, 0xe7, 0xff, 0xff, 0xc1, 0xe7, 0xff, 
	0xff, 0xc1, 0xe7, 0xff, 0xff, 0xc1, 0xe7, 0xff, 
	0xff, 0xc1, 0xe7, 0xff, 0xff, 0xc1, 0xe7, 0xff, 
	0xff, 0xc1, 0xe7, 0xff, 0xff, 0xc1, 0xe7, 0xff, 
	0xff, 0xbf, 0xe6, 0xff, 0xff, 0xbf, 0xe6, 0xff, 
	0xff, 0xbf, 0xe6, 0xff, 0xff, 0xbf, 0xe6, 0xff, 
	0xff, 0xbf, 0xe7, 0xff, 0xff, 0xbf, 0xe7, 0xff, 
	0xff, 0xc1, 0xe7, 0xff, 0xff, 0xc1, 0xe7, 0xff, 
	0xff, 0xc0, 0xe7, 0xff, 0xff, 0xc0, 0xe7, 0xff, 
	0xff, 0xbd, 0xe7, 0xff, 0xff, 0xbd, 0xe7, 0xff, 
	0xff, 0xbe, 0xe7, 0xff, 0xff, 0xbf, 0xe7, 0xff, 
	0xff, 0xbf, 0xe7, 0xff, 0xff, 0xc1, 0xe7, 0xff, 
	0xff, 0xc3, 0xe7, 0xff, 0xff, 0xc4, 0xe7, 0xff, 
	0xff, 0xc4, 0xe7, 0xff, 0xff, 0xc5, 0xe7, 0xff, 
	0xff, 0xc1, 0xe7, 0xff, 0xff, 0xc1, 0xe7, 0xff, 
	0xff, 0xc4, 0xe7, 0xff, 0xff, 0xc1, 0xe7, 0xff, 
	0xff, 0xc1, 0xe7, 0xff, 0xff, 0xc1, 0xe7, 0xff, 
	0xff, 0xc1, 0xe7, 0xff, 0xff, 0xc1, 0xe7, 0xff, 
	0xff, 0xbf, 0xe7, 0xff, 0xff, 0xc1, 0xe7, 0xff, 
	0xff, 0xbf, 0xe7, 0xff, 0xff, 0xc1, 0xe7, 0xff, 
	0xff, 0xbf, 0xe7, 0xff, 0xff, 0xbf, 0xe7, 0xff, 
	0xff, 0xc1, 0xe7, 0xff, 0xff, 0xc1, 0xe7, 0xff, 
	0xff, 0xc3, 0xe7, 0xff, 0xff, 0xc0, 0xe7, 0xff, 
	0xff, 0xbd, 0xe7, 0xff, 0xff, 0xc0, 0xe7, 0xff, 
	0xff, 0xbd, 0xe7, 0xff, 0xff, 0xbd, 0xe7, 0xff, 
	0xff, 0xbd, 0xe7, 0xff, 0xff, 0xbd, 0xe7, 0xff, 
	0xff, 0xbe, 0xe7, 0xff, 0xff, 0xbf, 0xe7, 0xff, 
	0xff, 0xbf, 0xe7, 0xff, 0xff, 0xc1, 0xe7, 0xff, 
	0xff, 0xbe, 0xe4, 0xff, 0xff, 0xbe, 0xe4, 0xff, 
	0xff, 0xbe, 0xe4, 0xff, 0xff, 0xbe, 0xe4, 0xff, 
	0xff, 0xbd, 0xe7, 0xff, 0xff, 0xbd, 0xe7, 0xff, 
	0xff, 0xba, 0xe7, 0xff, 0xff, 0xbd, 0xe7, 0xff, 
	0xff, 0xbd, 0xe7, 0xff, 0xff, 0xc0, 0xe7, 0xff, 
	0xff, 0xc0, 0xe7, 0xff, 0xff, 0xbd, 0xe7, 0xff, 
	0xff, 0xbd, 0xe7, 0xff, 0xff, 0xbd, 0xe7, 0xff, 
	0xff, 0xc0, 0xe7, 0xff, 0xff, 0xc0, 0xe7, 0xff, 
	0xff, 0xc1, 0xe7, 0xff, 0xff, 0xc3, 0xe7, 0xff, 
	0xff, 0xc1, 0xe7, 0xff, 0xff, 0xbf, 0xe7, 0xff, 
	0xff, 0xbf, 0xe7, 0xff, 0xff, 0xc1, 0xe7, 0xff, 
	0xff, 0xc1, 0xe7, 0xff, 0xff, 0xbf, 0xe7, 0xff, 
	0xff, 0xc2, 0xe7, 0xff, 0xff, 0xc2, 0xe7, 0xff, 
	0xff, 0xc7, 0xe7, 0xff, 0xff, 0xc7, 0xe7, 0xff, 
	0xff, 0xc5, 0xe7, 0xff, 0xff, 0xc5, 0xe7, 0xff, 
	0xff, 0xc5, 0xe7, 0xff, 0xff, 0xc4, 0xe7, 0xff, 
	0xff, 0xc8, 0xe7, 0xff, 0xff, 0xc8, 0xe7, 0xff, 
	0xff, 0xc8, 0xe7, 0xff, 0xff, 0xc8, 0xe7, 0xff, 
	0xff, 0xc4, 0xe7, 0xff, 0xff, 0xc1, 0xe7, 0xff, 
	0xff, 0xc1, 0xe7, 0xff, 0xff, 0xc1, 0xe7, 0xff, 
	0xff, 0xc1, 0xe6, 0xff, 0xff, 0xc1, 0xe6, 0xff, 
	0xff, 0xc1, 0xe6, 0xff, 0xff, 0xc1, 0xe6, 0xff, 
	0xff, 0xc0, 0xe6, 0xff, 0xff, 0xc0, 0xe6, 0xff, 
	0xff, 0xc0, 0xe6, 0xff, 0xff, 0xc0, 0xe6, 0xff, 
	0xff, 0xc5, 0xe7, 0xff, 0xff, 0xc5, 0xe7, 0xff, 
	0xff, 0xc4, 0xe7, 0xff, 0xff, 0xc3, 0xe7, 0xff, 
	0xff, 0xc3, 0xe7, 0xff, 0xff, 0xc3, 0xe7, 0xff, 
	0xff, 0xc5, 0xe7, 0xff, 0xff, 0xc3, 0xe7, 0xff, 
	0xff, 0xc3, 0xe7, 0xff, 0xff, 0xc3, 0xe7, 0xff, 
	0xff, 0xc4, 0xe7, 0xff, 0xff, 0xc4, 0xe7, 0xff, 
	0xff, 0xc4, 0xe7, 0xff, 0xff, 0xc1, 0xe7, 0xff, 
	0xff, 0xc1, 0xe7, 0xff, 0xff, 0xc1, 0xe7, 0xff, 
	0xff, 0xc0, 0xe7, 0xff, 0xff, 0xc0, 0xe7, 0xff, 
	0xff, 0xc0, 0xe7, 0xff, 0xff, 0xc3, 0xe7, 0xff, 
	0xff, 0xc1, 0xe7, 0xff, 0xff, 0xc4, 0xe7, 0xff, 
	0xff, 0xc4, 0xe7, 0xff, 0xff, 0xc1, 0xe7, 0xff, 
	0xff, 0xc1, 0xe7, 0xff, 0xff, 0xc1, 0xe7, 0xff, 
	0xff, 0xc1, 0xe7, 0xff, 0xff, 0xc1, 0xe7, 0xff, 
	0xff, 0xc1, 0xe7, 0xff, 0xff, 0xc1, 0xe7, 0xff, 
	0xff, 0xc1, 0xe7, 0xff, 0xff, 0xbf, 0xe7, 0xff, 
	0xff, 0xbf, 0xe6, 0xff, 0xff, 0xbf, 0xe6, 0xff, 
	0xff, 0xbf, 0xe6, 0xff, 0xff, 0xbf, 0xe6, 0xff, 
	0xff, 0xbe, 0xe7, 0xff, 0xff, 0xbf, 0xe7, 0xff, 
	0xff, 0xc1, 0xe7, 0xff, 0xff, 0xbf, 0xe7, 0xff, 
	0xff, 0xc0, 0xe7, 0xff, 0xff, 0xc0, 0xe7, 0xff, 
	0xff, 0xc0, 0xe7, 0xff, 0xff, 0xc0, 0xe7, 0xff, 
	0xff, 0xbe, 0xe7, 0xff, 0xff, 0xbf, 0xe7, 0xff, 
	0xff, 0xbf, 0xe7, 0xff, 0xff, 0xc1, 0xe7, 0xff, 
	0xff, 0xc4, 0xe7, 0xff, 0xff, 0xc3, 0xe7, 0xff, 
	0xff, 0xc3, 0xe7, 0xff, 0xff, 0xc5, 0xe7, 0xff, 
	0xff, 0xc1, 0xe7, 0xff, 0xff, 0xc1, 0xe7, 0xff, 
	0xff, 0xc4, 0xe7, 0xff, 0xff, 0xc1, 0xe7, 0xff, 
	0xff, 0xc1, 0xe7, 0xff, 0xff, 0xc4, 0xe7, 0xff, 
	0xff, 0xc1, 0xe7, 0xff, 0xff, 0xc1, 0xe7, 0xff, 
	0xff, 0xbf, 0xe7, 0xff, 0xff, 0xc1, 0xe7, 0xff, 
	0xff, 0xc1, 0xe7, 0xff, 0xff, 0xc1, 0xe7, 0xff, 
	0xff, 0xbf, 0xe7, 0xff, 0xff, 0xbf, 0xe7, 0xff, 
	0xff, 0xbf, 0xe7, 0xff, 0xff, 0xbf, 0xe7, 0xff, 
	0xff, 0xc0, 0xe7, 0xff, 0xff, 0xbd, 0xe7, 0xff, 
	0xff, 0xc0, 0xe7, 0xff, 0xff, 0xbd, 0xe7, 0xff, 
	0xff, 0xbd, 0xe7, 0xff, 0xff, 0xbd, 0xe7, 0xff, 
	0xff, 0xc0, 0xe7, 0xff, 0xff, 0xc0, 0xe7, 0xff, 
	0xff, 0xc1, 0xe7, 0xff, 0xff, 0xc1, 0xe7, 0xff, 
	0xff, 0xc1, 0xe7, 0xff, 0xff, 0xc1, 0xe7, 0xff, 
	0xff, 0xbe, 0xe4, 0xff, 0xff, 0xbe, 0xe4, 0xff, 
	0xff, 0xbe, 0xe4, 0xff, 0xff, 0xbe, 0xe4, 0xff, 
	0xff, 0xc0, 0xe7, 0xff, 0xff, 0xbd, 0xe7, 0xff, 
	0xff, 0xbd, 0xe7, 0xff, 0xff, 0xbd, 0xe7, 0xff, 
	0xff, 0xc0, 0xe7, 0xff, 0xff, 0xbd, 0xe7, 0xff, 
	0xff, 0xbd, 0xe7, 0xff, 0xff, 0xbd, 0xe7, 0xff, 
	0xff, 0xbd, 0xe7, 0xff, 0xff, 0xba, 0xe7, 0xff, 
	0xff, 0xbd, 0xe7, 0xff, 0xff, 0xbd, 0xe7, 0xff, 
	0xff, 0xc1, 0xe7, 0xff, 0xff, 0xc1, 0xe7, 0xff, 
	0xff, 0xc1, 0xe7, 0xff, 0xff, 0xbf, 0xe7, 0xff, 
	0xff, 0xbe, 0xe7, 0xff, 0xff, 0xbf, 0xe7, 0xff, 
	0xff, 0xbe, 0xe7, 0xff, 0xff, 0xbf, 0xe7, 0xff, 
	0xff, 0xbe, 0xe7, 0xff, 0xff, 0xbe, 0xe7, 0xff, 
	0xff, 0xc2, 0xe7, 0xff, 0xff, 0xc7, 0xe7, 0xff, 
	0xff, 0xc5, 0xe7, 0xff, 0xff, 0xc5, 0xe7, 0xff, 
	0xff, 0xc4, 0xe7, 0xff, 0xff, 0xc5, 0xe7, 0xff, 
	0xff, 0xc5, 0xe7, 0xff, 0xff, 0xc5, 0xe7, 0xff, 
	0xff, 0xc5, 0xe7, 0xff, 0xff, 0xc8, 0xe7, 0xff, 
	0xff, 0xc4, 0xe7, 0xff, 0xff, 0xc1, 0xe7, 0xff, 
	0xff, 0xc1, 0xe7, 0xff, 0xff, 0xc1, 0xe7, 0xff, 
	0xff, 0xc1, 0xe6, 0xff, 0xff, 0xc1, 0xe6, 0xff, 
	0xff, 0xc1, 0xe6, 0xff, 0xff, 0xc1, 0xe6, 0xff, 
	0xff, 0xc0, 0xe6, 0xff, 0xff, 0xc0, 0xe6, 0xff, 
	0xff, 0xc0, 0xe6, 0xff, 0xff, 0xc0, 0xe6, 0xff, 
	0xff, 0xc3, 0xe7, 0xff, 0xff, 0xc5, 0xe7, 0xff, 
	0xff, 0xc5, 0xe7, 0xff, 0xff, 0xc4, 0xe7, 0xff, 
	0xff, 0xc5, 0xe7, 0xff, 0xff, 0xc8, 0xe7, 0xff, 
	0xff, 0xc8, 0xe7, 0xff, 0xff, 0xc5, 0xe7, 0xff, 
	0xff, 0xc5, 0xe7, 0xff, 0xff, 0xc4, 0xe7, 0xff, 
	0xff, 0xc4, 0xe7, 0xff, 0xff, 0xc4, 0xe7, 0xff, 
	0xff, 0xc4, 0xe7, 0xff, 0xff, 0xc1, 0xe7, 0xff, 
	0xff, 0xc1, 0xe7, 0xff, 0xff, 0xbe, 0xe7, 0xff, 
	0xff, 0xc0, 0xe7, 0xff, 0xff, 0xbd, 0xe7, 0xff, 
	0xff, 0xbd, 0xe7, 0xff, 0xff, 0xbd, 0xe7, 0xff, 
	0xff, 0xbe, 0xe7, 0xff, 0xff, 0xc1, 0xe7, 0xff, 
	0xff, 0xbe, 0xe7, 0xff, 0xff, 0xc1, 0xe7, 0xff, 
	0xff, 0xc1, 0xe7, 0xff, 0xff, 0xc1, 0xe7, 0xff, 
	0xff, 0xc1, 0xe7, 0xff, 0xff, 0xc1, 0xe7, 0xff, 
	0xff, 0xc1, 0xe7, 0xff, 0xff, 0xbf, 0xe7, 0xff, 
	0xff, 0xbf, 0xe7, 0xff, 0xff, 0xbe, 0xe7, 0xff, 
	0xff, 0xbf, 0xe6, 0xff, 0xff, 0xbf, 0xe6, 0xff, 
	0xff, 0xbf, 0xe6, 0xff, 0xff, 0xbf, 0xe6, 0xff, 
	0xff, 0xc1, 0xe7, 0xff, 0xff, 0xbf, 0xe7, 0xff, 
	0xff, 0xc3, 0xe7, 0xff, 0xff, 0xc1, 0xe7, 0xff, 
	0xff, 0xc0, 0xe7, 0xff, 0xff, 0xc0, 0xe7, 0xff, 
	0xff, 0xc0, 0xe7, 0xff, 0xff, 0xc0, 0xe7, 0xff, 
	0xff, 0xc1, 0xe7, 0xff, 0xff, 0xc1, 0xe7, 0xff, 
	0xff, 0xc1, 0xe7, 0xff, 0xff, 0xc1, 0xe7, 0xff, 
	0xff, 0xc3, 0xe7, 0xff, 0xff, 0xc3, 0xe7, 0xff, 
	0xff, 0xc5, 0xe7, 0xff, 0xff, 0xc4, 0xe7, 0xff, 
	0xff, 0xc1, 0xe7, 0xff, 0xff, 0xc1, 0xe7, 0xff, 
	0xff, 0xc1, 0xe7, 0xff, 0xff, 0xc4, 0xe7, 0xff, 
	0xff, 0xc1, 0xe7, 0xff, 0xff, 0xc4, 0xe7, 0xff, 
	0xff, 0xc1, 0xe7, 0xff, 0xff, 0xc1, 0xe7, 0xff, 
	0xff, 0xbf, 0xe7, 0xff, 0xff, 0xc1, 0xe7, 0xff, 
	0xff, 0xc1, 0xe7, 0xff, 0xff, 0xbf, 0xe7, 0xff, 
	0xff, 0xbe, 0xe7, 0xff, 0xff, 0xbf, 0xe7, 0xff, 
	0xff, 0xbe, 0xe7, 0xff, 0xff, 0xbe, 0xe7, 0xff, 
	0xff, 0xbd, 0xe7, 0xff, 0xff, 0xbd, 0xe7, 0xff, 
	0xff, 0xbd, 0xe7, 0xff, 0xff, 0xbd, 0xe7, 0xff, 
	0xff, 0xbd, 0xe7, 0xff, 0xff, 0xc0, 0xe7, 0xff, 
	0xff, 0xc3, 0xe7, 0xff, 0xff, 0xc3, 0xe7, 0xff, 
	0xff, 0xc1, 0xe7, 0xff, 0xff, 0xc1, 0xe7, 0xff, 
	0xff, 0xc1, 0xe7, 0xff, 0xff, 0xc1, 0xe7, 0xff, 
	0xff, 0xbe, 0xe4, 0xff, 0xff, 0xbe, 0xe4, 0xff, 
	0xff, 0xbe, 0xe4, 0xff, 0xff, 0xbe, 0xe4, 0xff, 
	0xff, 0xc0, 0xe7, 0xff, 0xff, 0xc0, 0xe7, 0xff, 
	0xff, 0xc0, 0xe7, 0xff, 0xff, 0xc0, 0xe7, 0xff, 
	0xff, 0xc0, 0xe7, 0xff, 0xff, 0xc0, 0xe7, 0xff, 
	0xff, 0xbd, 0xe7, 0xff, 0xff, 0xba, 0xe7, 0xff, 
	0xff, 0xba, 0xe7, 0xff, 0xff, 0xba, 0xe7, 0xff, 
	0xff, 0xbd, 0xe7, 0xff, 0xff, 0xbd, 0xe7, 0xff, 
	0xff, 0xc1, 0xe7, 0xff, 0xff, 0xbf, 0xe7, 0xff, 
	0xff, 0xbf, 0xe7, 0xff, 0xff, 0xbf, 0xe7, 0xff, 
	0xff, 0xbe, 0xe7, 0xff, 0xff, 0xbe, 0xe7, 0xff, 
	0xff, 0xbe, 0xe7, 0xff, 0xff, 0xbe, 0xe7, 0xff, 
	0xff, 0xba, 0xe7, 0xff, 0xff, 0xbe, 0xe7, 0xff, 
	0xff, 0xbe, 0xe7, 0xff, 0xff, 0xc2, 0xe7, 0xff, 
	0xff, 0xc3, 0xe7, 0xff, 0xff, 0xc4, 0xe7, 0xff, 
	0xff, 0xc4, 0xe7, 0xff, 0xff, 0xc3, 0xe7, 0xff, 
	0xff, 0xc3, 0xe7, 0xff, 0xff, 0xc3, 0xe7, 0xff, 
	0xff, 0xc3, 0xe7, 0xff, 0xff, 0xc3, 0xe7, 0xff, 
	0xff, 0xc4, 0xe7, 0xff, 0xff, 0xc1, 0xe7, 0xff, 
	0xff, 0xc1, 0xe7, 0xff, 0xff, 0xbe, 0xe7, 0xff, 
	0xff, 0xc1, 0xe6, 0xff, 0xff, 0xc1, 0xe6, 0xff, 
	0xff, 0xc1, 0xe6, 0xff, 0xff, 0xc1, 0xe6, 0xff, 
	0xff, 0xc0, 0xe6, 0xff, 0xff, 0xc0, 0xe6, 0xff, 
	0xff, 0xc0, 0xe6, 0xff, 0xff, 0xc0, 0xe6, 0xff, 
	0xff, 0xc4, 0xe7, 0xff, 0xff, 0xc7, 0xe7, 0xff, 
	0xff, 0xc7, 0xe7, 0xff, 0xff, 0xc5, 0xe7, 0xff, 
	0xff, 0xc8, 0xe7, 0xff, 0xff, 0xc8, 0xe7, 0xff, 
	0xff, 0xc8, 0xe7, 0xff, 0xff, 0xc8, 0xe7, 0xff, 
	0xff, 0xc5, 0xe7, 0xff, 0xff, 0xc4, 0xe7, 0xff, 
	0xff, 0xc3, 0xe7, 0xff, 0xff, 0xc3, 0xe7, 0xff, 
	0xff, 0xc4, 0xe7, 0xff, 0xff, 0xc1, 0xe7, 0xff, 
	0xff, 0xbe, 0xe7, 0xff, 0xff, 0xc1, 0xe7, 0xff, 
	0xff, 0xc0, 0xe7, 0xff, 0xff, 0xc0, 0xe7, 0xff, 
	0xff, 0xbd, 0xe7, 0xff, 0xff, 0xba, 0xe7, 0xff, 
	0xff, 0xbe, 0xe7, 0xff, 0xff, 0xbe, 0xe7, 0xff, 
	0xff, 0xbe, 0xe7, 0xff, 0xff, 0xbe, 0xe7, 0xff, 
	0xff, 0xbe, 0xe7, 0xff, 0xff, 0xc1, 0xe7, 0xff, 
	0xff, 0xc1, 0xe7, 0xff, 0xff, 0xc1, 0xe7, 0xff, 
	0xff, 0xbf, 0xe7, 0xff, 0xff, 0xbf, 0xe7, 0xff, 
	0xff, 0xbe, 0xe7, 0xff, 0xff, 0xbe, 0xe7, 0xff, 
	0xff, 0xbf, 0xe6, 0xff, 0xff, 0xbf, 0xe6, 0xff, 
	0xff, 0xbf, 0xe6, 0xff, 0xff, 0xbf, 0xe6, 0xff, 
	0xff, 0xc1, 0xe7, 0xff, 0xff, 0xc1, 0xe7, 0xff, 
	0xff, 0xc3, 0xe7, 0xff, 0xff, 0xbf, 0xe7, 0xff, 
	0xff, 0xbd, 0xe7, 0xff, 0xff, 0xc0, 0xe7, 0xff, 
	0xff, 0xc0, 0xe7, 0xff, 0xff, 0xc0, 0xe7, 0xff, 
	0xff, 0xc1, 0xe7, 0xff, 0xff, 0xc1, 0xe7, 0xff, 
	0xff, 0xc1, 0xe7, 0xff, 0xff, 0xc1, 0xe7, 0xff, 
	0xff, 0xc3, 0xe7, 0xff, 0xff, 0xc3, 0xe7, 0xff, 
	0xff, 0xc4, 0xe7, 0xff, 0xff, 0xc5, 0xe7, 0xff, 
	0xff, 0xbe, 0xe7, 0xff, 0xff, 0xc1, 0xe7, 0xff, 
	0xff, 0xc1, 0xe7, 0xff, 0xff, 0xc4, 0xe7, 0xff, 
	0xff, 0xc1, 0xe7, 0xff, 0xff, 0xc3, 0xe7, 0xff, 
	0xff, 0xc1, 0xe7, 0xff, 0xff, 0xc1, 0xe7, 0xff, 
	0xff, 0xc1, 0xe7, 0xff, 0xff, 0xc1, 0xe7, 0xff, 
	0xff, 0xc1, 0xe7, 0xff, 0xff, 0xbf, 0xe7, 0xff, 
	0xff, 0xbe, 0xe7, 0xff, 0xff, 0xba, 0xe4, 0xff, 
	0xff, 0xba, 0xe4, 0xff, 0xff, 0xbe, 0xe7, 0xff, 
	0xff, 0xbd, 0xe4, 0xff, 0xff, 0xbd, 0xe4, 0xff, 
	0xff, 0xbd, 0xe4, 0xff, 0xff, 0xbd, 0xe4, 0xff, 
	0xff, 0xbe, 0xe7, 0xff, 0xff, 0xbe, 0xe7, 0xff, 
	0xff, 0xbe, 0xe7, 0xff, 0xff, 0xbe, 0xe7, 0xff, 
	0xff, 0xc0, 0xe7, 0xff, 0xff, 0xc0, 0xe7, 0xff, 
	0xff, 0xc0, 0xe7, 0xff, 0xff, 0xc0, 0xe7, 0xff, 
	0xff, 0xbf, 0xe7, 0xff, 0xff, 0xbe, 0xe7, 0xff, 
	0xff, 0xbe, 0xe7, 0xff, 0xff, 0xbf, 0xe7, 0xff, 
	0xff, 0xbf, 0xe7, 0xff, 0xff, 0xbe, 0xe7, 0xff, 
	0xff, 0xbe, 0xe7, 0xff, 0xff, 0xbf, 0xe7, 0xff, 
	0xff, 0xc0, 0xe7, 0xff, 0xff, 0xbd, 0xe7, 0xff, 
	0xff, 0xbd, 0xe7, 0xff, 0xff, 0xba, 0xe7, 0xff, 
	0xff, 0xbd, 0xe7, 0xff, 0xff, 0xbd, 0xe7, 0xff, 
	0xff, 0xbd, 0xe7, 0xff, 0xff, 0xbd, 0xe7, 0xff, 
	0xff, 0xbd, 0xe7, 0xff, 0xff, 0xbd, 0xe7, 0xff, 
	0xff, 0xbd, 0xe7, 0xff, 0xff, 0xbd, 0xe7, 0xff, 
	0xff, 0xbd, 0xe4, 0xff, 0xff, 0xbd, 0xe4, 0xff, 
	0xff, 0xbd, 0xe4, 0xff, 0xff, 0xbd, 0xe4, 0xff, 
	0xff, 0xbe, 0xe4, 0xff, 0xff, 0xbe, 0xe4, 0xff, 
	0xff, 0xbe, 0xe4, 0xff, 0xff, 0xbe, 0xe4, 0xff, 
	0xff, 0xc1, 0xe7, 0xff, 0xff, 0xc3, 0xe7, 0xff, 
	0xff, 0xc1, 0xe7, 0xff, 0xff, 0xc1, 0xe7, 0xff, 
	0xff, 0xc1, 0xe7, 0xff, 0xff, 0xc1, 0xe7, 0xff, 
	0xff, 0xc3, 0xe7, 0xff, 0xff, 0xc1, 0xe7, 0xff, 
	0xff, 0xc1, 0xe7, 0xff, 0xff, 0xc3, 0xe7, 0xff, 
	0xff, 0xc1, 0xe7, 0xff, 0xff, 0xc1, 0xe7, 0xff, 
	0xff, 0xbf, 0xe7, 0xff, 0xff, 0xbf, 0xe7, 0xff, 
	0xff, 0xc1, 0xe7, 0xff, 0xff, 0xbf, 0xe7, 0xff, 
	0xff, 0xc0, 0xe7, 0xff, 0xff, 0xc0, 0xe7, 0xff, 
	0xff, 0xc0, 0xe7, 0xff, 0xff, 0xc0, 0xe7, 0xff, 
	0xff, 0xc4, 0xe7, 0xff, 0xff, 0xc4, 0xe7, 0xff, 
	0xff, 0xc4, 0xe7, 0xff, 0xff, 0xc7, 0xe7, 0xff, 
	0xff, 0xc8, 0xe7, 0xff, 0xff, 0xc8, 0xe7, 0xff, 
	0xff, 0xcb, 0xe7, 0xff, 0xff, 0xc8, 0xe7, 0xff, 
	0xff, 0xc4, 0xe7, 0xff, 0xff, 0xc3, 0xe7, 0xff, 
	0xff, 0xc3, 0xe7, 0xff, 0xff, 0xc4, 0xe7, 0xff, 
	0xff, 0xc1, 0xe7, 0xff, 0xff, 0xc1, 0xe7, 0xff, 
	0xff, 0xbe, 0xe7, 0xff, 0xff, 0xbe, 0xe7, 0xff, 
	0xff, 0xc0, 0xe7, 0xff, 0xff, 0xc0, 0xe7, 0xff, 
	0xff, 0xbd, 0xe7, 0xff, 0xff, 0xbd, 0xe7, 0xff, 
	0xff, 0xbf, 0xe7, 0xff, 0xff, 0xbe, 0xe7, 0xff, 
	0xff, 0xbe, 0xe7, 0xff, 0xff, 0xbf, 0xe7, 0xff, 
	0xff, 0xc1, 0xe7, 0xff, 0xff, 0xc1, 0xe7, 0xff, 
	0xff, 0xc1, 0xe7, 0xff, 0xff, 0xc1, 0xe7, 0xff, 
	0xff, 0xbe, 0xe7, 0xff, 0xff, 0xbe, 0xe7, 0xff, 
	0xff, 0xbb, 0xe4, 0xff, 0xff, 0xbb, 0xe4, 0xff, 
	0xff, 0xbb, 0xe4, 0xff, 0xff, 0xbe, 0xe7, 0xff, 
	0xff, 0xbe, 0xe7, 0xff, 0xff, 0xbe, 0xe7, 0xff, 
	0xff, 0xc0, 0xe7, 0xff, 0xff, 0xc0, 0xe7, 0xff, 
	0xff, 0xc3, 0xe7, 0xff, 0xff, 0xc0, 0xe7, 0xff, 
	0xff, 0xbe, 0xe4, 0xff, 0xff, 0xbe, 0xe4, 0xff, 
	0xff, 0xbe, 0xe4, 0xff, 0xff, 0xbe, 0xe4, 0xff, 
	0xff, 0xbf, 0xe7, 0xff, 0xff, 0xc1, 0xe7, 0xff, 
	0xff, 0xc1, 0xe7, 0xff, 0xff, 0xc1, 0xe7, 0xff, 
	0xff, 0xc1, 0xe7, 0xff, 0xff, 0xc1, 0xe7, 0xff, 
	0xff, 0xc4, 0xe7, 0xff, 0xff, 0xc4, 0xe7, 0xff, 
	0xff, 0xbe, 0xe7, 0xff, 0xff, 0xc1, 0xe7, 0xff, 
	0xff, 0xc1, 0xe7, 0xff, 0xff, 0xc4, 0xe7, 0xff, 
	0xff, 0xc1, 0xe7, 0xff, 0xff, 0xc1, 0xe7, 0xff, 
	0xff, 0xbf, 0xe7, 0xff, 0xff, 0xc1, 0xe7, 0xff, 
	0xff, 0xc1, 0xe7, 0xff, 0xff, 0xc1, 0xe7, 0xff, 
	0xff, 0xc1, 0xe7, 0xff, 0xff, 0xc1, 0xe7, 0xff, 
	0xff, 0xbe, 0xe7, 0xff, 0xff, 0xba, 0xe4, 0xff, 
	0xff, 0xba, 0xe4, 0xff, 0xff, 0xbe, 0xe7, 0xff, 
	0xff, 0xbd, 0xe4, 0xff, 0xff, 0xbd, 0xe4, 0xff, 
	0xff, 0xbd, 0xe4, 0xff, 0xff, 0xbd, 0xe4, 0xff, 
	0xff, 0xbe, 0xe7, 0xff, 0xff, 0xbb, 0xe4, 0xff, 
	0xff, 0xbb, 0xe4, 0xff, 0xff, 0xbb, 0xe4, 0xff, 
	0xff, 0xbd, 0xe7, 0xff, 0xff, 0xbd, 0xe7, 0xff, 
	0xff, 0xbd, 0xe7, 0xff, 0xff, 0xc0, 0xe7, 0xff, 
	0xff, 0xbf, 0xe7, 0xff, 0xff, 0xbf, 0xe7, 0xff, 
	0xff, 0xc1, 0xe7, 0xff, 0xff, 0xc1, 0xe7, 0xff, 
	0xff, 0xc1, 0xe7, 0xff, 0xff, 0xbf, 0xe7, 0xff, 
	0xff, 0xc1, 0xe7, 0xff, 0xff, 0xc1, 0xe7, 0xff, 
	0xff, 0xc0, 0xe7, 0xff, 0xff, 0xbd, 0xe7, 0xff, 
	0xff, 0xbd, 0xe7, 0xff, 0xff, 0xbd, 0xe7, 0xff, 
	0xff, 0xbd, 0xe7, 0xff, 0xff, 0xbd, 0xe7, 0xff, 
	0xff, 0xbd, 0xe7, 0xff, 0xff, 0xc0, 0xe7, 0xff, 
	0xff, 0xc0, 0xe7, 0xff, 0xff, 0xbd, 0xe7, 0xff, 
	0xff, 0xc0, 0xe7, 0xff, 0xff, 0xc0, 0xe7, 0xff, 
	0xff, 0xbd, 0xe4, 0xff, 0xff, 0xbd, 0xe4, 0xff, 
	0xff, 0xbd, 0xe4, 0xff, 0xff, 0xbd, 0xe4, 0xff, 
	0xff, 0xbe, 0xe4, 0xff, 0xff, 0xbe, 0xe4, 0xff, 
	0xff, 0xbe, 0xe4, 0xff, 0xff, 0xbe, 0xe4, 0xff, 
	0xff, 0xc1, 0xe7, 0xff, 0xff, 0xbf, 0xe7, 0xff, 
	0xff, 0xbf, 0xe7, 0xff, 0xff, 0xc1, 0xe7, 0xff, 
	0xff, 0xc1, 0xe7, 0xff, 0xff, 0xc1, 0xe7, 0xff, 
	0xff, 0xc1, 0xe7, 0xff, 0xff, 0xbf, 0xe7, 0xff, 
	0xff, 0xc1, 0xe7, 0xff, 0xff, 0xc1, 0xe7, 0xff, 
	0xff, 0xbf, 0xe7, 0xff, 0xff, 0xc1, 0xe7, 0xff, 
	0xff, 0xc1, 0xe7, 0xff, 0xff, 0xbf, 0xe7, 0xff, 
	0xff, 0xc1, 0xe7, 0xff, 0xff, 0xbf, 0xe7, 0xff, 
	0xff, 0xbd, 0xe7, 0xff, 0xff, 0xc0, 0xe7, 0xff, 
	0xff, 0xc0, 0xe7, 0xff, 0xff, 0xc0, 0xe7, 0xff, 
	0xff, 0xc4, 0xe7, 0xff, 0xff, 0xc4, 0xe7, 0xff, 
	0xff, 0xc4, 0xe7, 0xff, 0xff, 0xc4, 0xe7, 0xff, 
	0xff, 0xc5, 0xe7, 0xff, 0xff, 0xc8, 0xe7, 0xff, 
	0xff, 0xc8, 0xe7, 0xff, 0xff, 0xc8, 0xe7, 0xff, 
	0xff, 0xc4, 0xe7, 0xff, 0xff, 0xc4, 0xe7, 0xff, 
	0xff, 0xc4, 0xe7, 0xff, 0xff, 0xc4, 0xe7, 0xff, 
	0xff, 0xc1, 0xe7, 0xff, 0xff, 0xc1, 0xe7, 0xff, 
	0xff, 0xc1, 0xe7, 0xff, 0xff, 0xc1, 0xe7, 0xff, 
	0xff, 0xc0, 0xe7, 0xff, 0xff, 0xc0, 0xe7, 0xff, 
	0xff, 0xbd, 0xe7, 0xff, 0xff, 0xbd, 0xe7, 0xff, 
	0xff, 0xbf, 0xe7, 0xff, 0xff, 0xbe, 0xe7, 0xff, 
	0xff, 0xbe, 0xe7, 0xff, 0xff, 0xbf, 0xe7, 0xff, 
	0xff, 0xc1, 0xe7, 0xff, 0xff, 0xc1, 0xe7, 0xff, 
	0xff, 0xbf, 0xe7, 0xff, 0xff, 0xc1, 0xe7, 0xff, 
	0xff, 0xbe, 0xe7, 0xff, 0xff, 0xbe, 0xe7, 0xff, 
	0xff, 0xbb, 0xe4, 0xff, 0xff, 0xbb, 0xe4, 0xff, 
	0xff, 0xbb, 0xe4, 0xff, 0xff, 0xbb, 0xe4, 0xff, 
	0xff, 0xbb, 0xe4, 0xff, 0xff, 0xbe, 0xe7, 0xff, 
	0xff, 0xbd, 0xe7, 0xff, 0xff, 0xbd, 0xe7, 0xff, 
	0xff, 0xc0, 0xe7, 0xff, 0xff, 0xc0, 0xe7, 0xff, 
	0xff, 0xbe, 0xe4, 0xff, 0xff, 0xbe, 0xe4, 0xff, 
	0xff, 0xbe, 0xe4, 0xff, 0xff, 0xbe, 0xe4, 0xff, 
	0xff, 0xbe, 0xe7, 0xff, 0xff, 0xbf, 0xe7, 0xff, 
	0xff, 0xc1, 0xe7, 0xff, 0xff, 0xc1, 0xe7, 0xff, 
	0xff, 0xc1, 0xe7, 0xff, 0xff, 0xc1, 0xe7, 0xff, 
	0xff, 0xc1, 0xe7, 0xff, 0xff, 0xc4, 0xe7, 0xff, 
	0xff, 0xbe, 0xe7, 0xff, 0xff, 0xc1, 0xe7, 0xff, 
	0xff, 0xc1, 0xe7, 0xff, 0xff, 0xc1, 0xe7, 0xff, 
	0xff, 0xbf, 0xe7, 0xff, 0xff, 0xbf, 0xe7, 0xff, 
	0xff, 0xbe, 0xe7, 0xff, 0xff, 0xbf, 0xe7, 0xff, 
	0xff, 0xc1, 0xe7, 0xff, 0xff, 0xc1, 0xe7, 0xff, 
	0xff, 0xbf, 0xe7, 0xff, 0xff, 0xbf, 0xe7, 0xff, 
	0xff, 0xbe, 0xe7, 0xff, 0xff, 0xbe, 0xe7, 0xff, 
	0xff, 0xba, 0xe4, 0xff, 0xff, 0xba, 0xe4, 0xff, 
	0xff, 0xbd, 0xe4, 0xff, 0xff, 0xbd, 0xe4, 0xff, 
	0xff, 0xbd, 0xe4, 0xff, 0xff, 0xbd, 0xe4, 0xff, 
	0xff, 0xbe, 0xe7, 0xff, 0xff, 0xbb, 0xe4, 0xff, 
	0xff, 0xbb, 0xe4, 0xff, 0xff, 0xbb, 0xe4, 0xff, 
	0xff, 0xba, 0xe7, 0xff, 0xff, 0xba, 0xe7, 0xff, 
	0xff, 0xba, 0xe7, 0xff, 0xff, 0xbd, 0xe7, 0xff, 
	0xff, 0xbf, 0xe7, 0xff, 0xff, 0xc1, 0xe7, 0xff, 
	0xff, 0xc1, 0xe7, 0xff, 0xff, 0xc3, 0xe7, 0xff, 
	0xff, 0xc3, 0xe7, 0xff, 0xff, 0xc1, 0xe7, 0xff, 
	0xff, 0xc1, 0xe7, 0xff, 0xff, 0xc1, 0xe7, 0xff, 
	0xff, 0xc0, 0xe7, 0xff, 0xff, 0xc0, 0xe7, 0xff, 
	0xff, 0xc0, 0xe7, 0xff, 0xff, 0xc0, 0xe7, 0xff, 
	0xff, 0xc0, 0xe7, 0xff, 0xff, 0xbd, 0xe7, 0xff, 
	0xff, 0xbd, 0xe7, 0xff, 0xff, 0xc0, 0xe7, 0xff, 
	0xff, 0xc3, 0xe7, 0xff, 0xff, 0xc0, 0xe7, 0xff, 
	0xff, 0xc0, 0xe7, 0xff, 0xff, 0xbd, 0xe7, 0xff, 
	0xff, 0xbd, 0xe4, 0xff, 0xff, 0xbd, 0xe4, 0xff, 
	0xff, 0xbd, 0xe4, 0xff, 0xff, 0xbd, 0xe4, 0xff, 
	0xff, 0xbe, 0xe4, 0xff, 0xff, 0xbe, 0xe4, 0xff, 
	0xff, 0xbe, 0xe4, 0xff, 0xff, 0xbe, 0xe4, 0xff, 
	0xff, 0xbe, 0xe7, 0xff, 0xff, 0xbe, 0xe7, 0xff, 
	0xff, 0xbf, 0xe7, 0xff, 0xff, 0xc1, 0xe7, 0xff, 
	0xff, 0xc1, 0xe7, 0xff, 0xff, 0xc1, 0xe7, 0xff, 
	0xff, 0xc1, 0xe7, 0xff, 0xff, 0xbf, 0xe7, 0xff, 
	0xff, 0xbf, 0xe7, 0xff, 0xff, 0xbf, 0xe7, 0xff, 
	0xff, 0xbe, 0xe7, 0xff, 0xff, 0xbf, 0xe7, 0xff, 
	0xff, 0xc1, 0xe7, 0xff, 0xff, 0xc1, 0xe7, 0xff, 
	0xff, 0xc1, 0xe7, 0xff, 0xff, 0xbf, 0xe7, 0xff, 
	0xff, 0xbd, 0xe7, 0xff, 0xff, 0xbd, 0xe7, 0xff, 
	0xff, 0xc0, 0xe7, 0xff, 0xff, 0xc0, 0xe7, 0xff, 
	0xff, 0xbe, 0xe7, 0xff, 0xff, 0xc1, 0xe7, 0xff, 
	0xff, 0xc4, 0xe7, 0xff, 0xff, 0xc4, 0xe7, 0xff, 
	0xff, 0xc3, 0xe7, 0xff, 0xff, 0xc5, 0xe7, 0xff, 
	0xff, 0xc5, 0xe7, 0xff, 0xff, 0xc5, 0xe7, 0xff, 
	0xff, 0xc4, 0xe7, 0xff, 0xff, 0xc4, 0xe7, 0xff, 
	0xff, 0xc4, 0xe7, 0xff, 0xff, 0xc4, 0xe7, 0xff, 
	0xff, 0xc1, 0xe7, 0xff, 0xff, 0xc1, 0xe7, 0xff, 
	0xff, 0xbe, 0xe7, 0xff, 0xff, 0xbe, 0xe7, 0xff, 
	0xff, 0xbd, 0xe7, 0xff, 0xff, 0xc0, 0xe7, 0xff, 
	0xff, 0xbd, 0xe7, 0xff, 0xff, 0xc0, 0xe7, 0xff, 
	0xff, 0xbe, 0xe7, 0xff, 0xff, 0xbe, 0xe7, 0xff, 
	0xff, 0xbe, 0xe7, 0xff, 0xff, 0xbf, 0xe7, 0xff, 
	0xff, 0xc1, 0xe7, 0xff, 0xff, 0xc1, 0xe7, 0xff, 
	0xff, 0xc1, 0xe7, 0xff, 0xff, 0xbe, 0xe7, 0xff, 
	0xff, 0xbe, 0xe7, 0xff, 0xff, 0xbe, 0xe7, 0xff, 
	0xff, 0xbb, 0xe4, 0xff, 0xff, 0xbb, 0xe4, 0xff, 
	0xff, 0xbb, 0xe4, 0xff, 0xff, 0xbb, 0xe4, 0xff, 
	0xff, 0xbb, 0xe4, 0xff, 0xff, 0xbe, 0xe7, 0xff, 
	0xff, 0xbd, 0xe7, 0xff, 0xff, 0xbd, 0xe7, 0xff, 
	0xff, 0xbd, 0xe7, 0xff, 0xff, 0xc0, 0xe7, 0xff, 
	0xff, 0xbe, 0xe4, 0xff, 0xff, 0xbe, 0xe4, 0xff, 
	0xff, 0xbe, 0xe4, 0xff, 0xff, 0xbe, 0xe4, 0xff, 
	0xff, 0xbe, 0xe7, 0xff, 0xff, 0xbe, 0xe7, 0xff, 
	0xff, 0xbf, 0xe7, 0xff, 0xff, 0xc1, 0xe7, 0xff, 
	0xff, 0xbe, 0xe7, 0xff, 0xff, 0xbe, 0xe7, 0xff, 
	0xff, 0xbe, 0xe7, 0xff, 0xff, 0xc1, 0xe7, 0xff, 
	0xff, 0xc1, 0xe7, 0xff, 0xff, 0xc1, 0xe7, 0xff, 
	0xff, 0xc1, 0xe7, 0xff, 0xff, 0xc1, 0xe7, 0xff, 
	0xff, 0xc1, 0xe7, 0xff, 0xff, 0xc1, 0xe7, 0xff, 
	0xff, 0xbf, 0xe7, 0xff, 0xff, 0xbe, 0xe7, 0xff, 
	0xff, 0xc1, 0xe7, 0xff, 0xff, 0xc1, 0xe7, 0xff, 
	0xff, 0xc1, 0xe7, 0xff, 0xff, 0xc3, 0xe7, 0xff, 
	0xff, 0xbe, 0xe7, 0xff, 0xff, 0xbe, 0xe7, 0xff, 
	0xff, 0xbe, 0xe7, 0xff, 0xff, 0xbe, 0xe7, 0xff, 
	0xff, 0xbd, 0xe4, 0xff, 0xff, 0xbd, 0xe4, 0xff, 
	0xff, 0xbd, 0xe4, 0xff, 0xff, 0xbd, 0xe4, 0xff, 
	0xff, 0xbb, 0xe4, 0xff, 0xff, 0xb8, 0xe1, 0xff, 
	0xff, 0xb8, 0xe1, 0xff, 0xff, 0xb8, 0xe1, 0xff, 
	0xff, 0xbd, 0xe7, 0xff, 0xff, 0xbd, 0xe7, 0xff, 
	0xff, 0xbd, 0xe7, 0xff, 0xff, 0xc0, 0xe7, 0xff, 
	0xff, 0xbf, 0xe7, 0xff, 0xff, 0xc1, 0xe7, 0xff, 
	0xff, 0xbf, 0xe7, 0xff, 0xff, 0xbf, 0xe7, 0xff, 
	0xff, 0xbf, 0xe7, 0xff, 0xff, 0xbe, 0xe7, 0xff, 
	0xff, 0xbf, 0xe7, 0xff, 0xff, 0xbf, 0xe7, 0xff, 
	0xff, 0xc0, 0xe7, 0xff, 0xff, 0xbd, 0xe7, 0xff, 
	0xff, 0xbd, 0xe7, 0xff, 0xff, 0xc0, 0xe7, 0xff, 
	0xff, 0xc0, 0xe7, 0xff, 0xff, 0xc0, 0xe7, 0xff, 
	0xff, 0xc0, 0xe7, 0xff, 0xff, 0xc0, 0xe7, 0xff, 
	0xff, 0xc0, 0xe7, 0xff, 0xff, 0xc0, 0xe7, 0xff, 
	0xff, 0xc0, 0xe7, 0xff, 0xff, 0xc0, 0xe7, 0xff, 
	0xff, 0xbd, 0xe4, 0xff, 0xff, 0xbd, 0xe4, 0xff, 
	0xff, 0xbd, 0xe4, 0xff, 0xff, 0xbd, 0xe4, 0xff, 
	0xff, 0xbe, 0xe4, 0xff, 0xff, 0xbe, 0xe4, 0xff, 
	0xff, 0xbe, 0xe4, 0xff, 0xff, 0xbe, 0xe4, 0xff, 
	0xff, 0xbf, 0xe7, 0xff, 0xff, 0xbf, 0xe7, 0xff, 
	0xff, 0xbe, 0xe7, 0xff, 0xff, 0xbf, 0xe7, 0xff, 
	0xff, 0xc1, 0xe7, 0xff, 0xff, 0xc1, 0xe7, 0xff, 
	0xff, 0xc1, 0xe7, 0xff, 0xff, 0xc1, 0xe7, 0xff, 
	0xff, 0xc1, 0xe7, 0xff, 0xff, 0xc1, 0xe7, 0xff, 
	0xff, 0xbf, 0xe7, 0xff, 0xff, 0xbe, 0xe7, 0xff, 
	0xff, 0xbe, 0xe7, 0xff, 0xff, 0xbf, 0xe7, 0xff, 
	0xff, 0xc1, 0xe7, 0xff, 0xff, 0xc1, 0xe7, 0xff, 
	0xff, 0xc0, 0xe7, 0xff, 0xff, 0xbd, 0xe7, 0xff, 
	0xff, 0xbd, 0xe7, 0xff, 0xff, 0xbd, 0xe7, 0xff, 
	0xff, 0xbe, 0xe7, 0xff, 0xff, 0xbe, 0xe7, 0xff, 
	0xff, 0xc1, 0xe7, 0xff, 0xff, 0xc1, 0xe7, 0xff, 
	0xff, 0xc3, 0xe7, 0xff, 0xff, 0xc5, 0xe7, 0xff, 
	0xff, 0xc8, 0xe7, 0xff, 0xff, 0xc5, 0xe7, 0xff, 
	0xff, 0xc4, 0xe7, 0xff, 0xff, 0xc4, 0xe7, 0xff, 
	0xff, 0xc4, 0xe7, 0xff, 0xff, 0xc4, 0xe7, 0xff, 
	0xff, 0xc4, 0xe7, 0xff, 0xff, 0xc4, 0xe7, 0xff, 
	0xff, 0xc1, 0xe7, 0xff, 0xff, 0xc1, 0xe7, 0xff, 
	0xff, 0xc0, 0xe7, 0xff, 0xff, 0xc0, 0xe7, 0xff, 
	0xff, 0xc0, 0xe7, 0xff, 0xff, 0xbd, 0xe7, 0xff, 
	0xff, 0xbe, 0xe7, 0xff, 0xff, 0xc1, 0xe7, 0xff, 
	0xff, 0xbf, 0xe7, 0xff, 0xff, 0xc1, 0xe7, 0xff, 
	0xff, 0xc1, 0xe7, 0xff, 0xff, 0xc1, 0xe7, 0xff, 
	0xff, 0xc1, 0xe7, 0xff, 0xff, 0xc1, 0xe7, 0xff, 
	0xff, 0xbe, 0xe7, 0xff, 0xff, 0xbe, 0xe7, 0xff, 
	0xff, 0xbb, 0xe4, 0xff, 0xff, 0xbb, 0xe4, 0xff, 
	0xff, 0xbb, 0xe4, 0xff, 0xff, 0xbb, 0xe4, 0xff, 
	0xff, 0xbb, 0xe4, 0xff, 0xff, 0xbe, 0xe7, 0xff, 
	0xff, 0xbd, 0xe7, 0xff, 0xff, 0xc0, 0xe7, 0xff, 
	0xff, 0xbd, 0xe7, 0xff, 0xff, 0xbd, 0xe7, 0xff, 
	0xff, 0xbe, 0xe4, 0xff, 0xff, 0xbe, 0xe4, 0xff, 
	0xff, 0xbe, 0xe4, 0xff, 0xff, 0xbe, 0xe4, 0xff, 
	0xff, 0xbe, 0xe7, 0xff, 0xff, 0xbe, 0xe7, 0xff, 
	0xff, 0xbe, 0xe7, 0xff, 0xff, 0xbf, 0xe7, 0xff, 
	0xff, 0xc1, 0xe7, 0xff, 0xff, 0xc1, 0xe7, 0xff, 
	0xff, 0xbe, 0xe7, 0xff, 0xff, 0xc1, 0xe7, 0xff, 
	0xff, 0xbf, 0xe4, 0xff, 0xff, 0xbf, 0xe4, 0xff, 
	0xff, 0xbf, 0xe4, 0xff, 0xff, 0xbf, 0xe4, 0xff, 
	0xff, 0xbe, 0xe4, 0xff, 0xff, 0xbe, 0xe4, 0xff, 
	0xff, 0xbe, 0xe4, 0xff, 0xff, 0xbe, 0xe4, 0xff, 
	0xff, 0xbf, 0xe6, 0xff, 0xff, 0xbf, 0xe6, 0xff, 
	0xff, 0xbf, 0xe6, 0xff, 0xff, 0xbf, 0xe6, 0xff, 
	0xff, 0xbd, 0xe4, 0xff, 0xff, 0xbd, 0xe4, 0xff, 
	0xff, 0xbd, 0xe4, 0xff, 0xff, 0xbd, 0xe4, 0xff, 
	0xff, 0xbc, 0xe4, 0xff, 0xff, 0xbc, 0xe4, 0xff, 
	0xff, 0xbc, 0xe4, 0xff, 0xff, 0xbc, 0xe4, 0xff, 
	0xff, 0xba, 0xe4, 0xff, 0xff, 0xba, 0xe4, 0xff, 
	0xff, 0xba, 0xe4, 0xff, 0xff, 0xba, 0xe4, 0xff, 
	0xff, 0xbc, 0xe4, 0xff, 0xff, 0xbc, 0xe4, 0xff, 
	0xff, 0xbc, 0xe4, 0xff, 0xff, 0xbc, 0xe4, 0xff, 
	0xff, 0xbe, 0xe4, 0xff, 0xff, 0xbe, 0xe4, 0xff, 
	0xff, 0xbe, 0xe4, 0xff, 0xff, 0xbe, 0xe4, 0xff, 
	0xff, 0xc0, 0xe6, 0xff, 0xff, 0xc0, 0xe6, 0xff, 
	0xff, 0xc0, 0xe6, 0xff, 0xff, 0xc0, 0xe6, 0xff, 
	0xff, 0xbe, 0xe4, 0xff, 0xff, 0xbe, 0xe4, 0xff, 
	0xff, 0xbe, 0xe4, 0xff, 0xff, 0xbe, 0xe4, 0xff, 
	0xff, 0xbe, 0xe6, 0xff, 0xff, 0xbe, 0xe6, 0xff, 
	0xff, 0xbe, 0xe6, 0xff, 0xff, 0xbe, 0xe6, 0xff, 
	0xff, 0xbf, 0xe4, 0xff, 0xff, 0xbf, 0xe4, 0xff, 
	0xff, 0xbf, 0xe4, 0xff, 0xff, 0xbf, 0xe4, 0xff, 
	0xff, 0xbf, 0xe6, 0xff, 0xff, 0xbf, 0xe6, 0xff, 
	0xff, 0xbf, 0xe6, 0xff, 0xff, 0xbf, 0xe6, 0xff, 
	0xff, 0xbe, 0xe7, 0xff, 0xff, 0xbe, 0xe7, 0xff, 
	0xff, 0xbb, 0xe4, 0xff, 0xff, 0xbb, 0xe4, 0xff, 
	0xff, 0xbd, 0xe7, 0xff, 0xff, 0xc0, 0xe7, 0xff, 
	0xff, 0xc0, 0xe7, 0xff, 0xff, 0xc0, 0xe7, 0xff, 
	0xff, 0xbc, 0xe4, 0xff, 0xff, 0xbc, 0xe4, 0xff, 
	0xff, 0xbc, 0xe4, 0xff, 0xff, 0xbc, 0xe4, 0xff, 
	0xff, 0xbc, 0xe4, 0xff, 0xff, 0xbc, 0xe4, 0xff, 
	0xff, 0xbc, 0xe4, 0xff, 0xff, 0xbc, 0xe4, 0xff, 
	0xff, 0xbf, 0xe7, 0xff, 0xff, 0xc1, 0xe7, 0xff, 
	0xff, 0xc1, 0xe7, 0xff, 0xff, 0xc1, 0xe7, 0xff, 
	0xff, 0xc0, 0xe7, 0xff, 0xff, 0xbd, 0xe7, 0xff, 
	0xff, 0xbd, 0xe7, 0xff, 0xff, 0xc0, 0xe7, 0xff, 
	0xff, 0xc1, 0xe7, 0xff, 0xff, 0xc1, 0xe7, 0xff, 
	0xff, 0xc1, 0xe7, 0xff, 0xff, 0xc1, 0xe7, 0xff, 
	0xff, 0xc5, 0xe7, 0xff, 0xff, 0xc5, 0xe7, 0xff, 
	0xff, 0xc4, 0xe7, 0xff, 0xff, 0xc4, 0xe7, 0xff, 
	0xff, 0xc4, 0xe7, 0xff, 0xff, 0xc4, 0xe7, 0xff, 
	0xff, 0xc4, 0xe7, 0xff, 0xff, 0xc4, 0xe7, 0xff, 
	0xff, 0xc3, 0xe7, 0xff, 0xff, 0xc3, 0xe7, 0xff, 
	0xff, 0xc1, 0xe7, 0xff, 0xff, 0xc1, 0xe7, 0xff, 
	0xff, 0xc1, 0xe7, 0xff, 0xff, 0xbf, 0xe7, 0xff, 
	0xff, 0xbf, 0xe7, 0xff, 0xff, 0xbf, 0xe7, 0xff, 
	0xff, 0xc0, 0xe6, 0xff, 0xff, 0xc0, 0xe6, 0xff, 
	0xff, 0xc0, 0xe6, 0xff, 0xff, 0xc0, 0xe6, 0xff, 
	0xff, 0xbf, 0xe7, 0xff, 0xff, 0xc1, 0xe7, 0xff, 
	0xff, 0xbf, 0xe7, 0xff, 0xff, 0xbf, 0xe7, 0xff, 
	0xff, 0xbe, 0xe4, 0xff, 0xff, 0xbe, 0xe4, 0xff, 
	0xff, 0xbe, 0xe4, 0xff, 0xff, 0xbe, 0xe4, 0xff, 
	0xff, 0xb8, 0xe1, 0xff, 0xff, 0xbb, 0xe4, 0xff, 
	0xff, 0xbe, 0xe7, 0xff, 0xff, 0xbb, 0xe4, 0xff, 
	0xff, 0xbe, 0xe7, 0xff, 0xff, 0xbe, 0xe7, 0xff, 
	0xff, 0xbe, 0xe7, 0xff, 0xff, 0xbe, 0xe7, 0xff, 
	0xff, 0xbe, 0xe7, 0xff, 0xff, 0xba, 0xe4, 0xff, 
	0xff, 0xba, 0xe4, 0xff, 0xff, 0xba, 0xe4, 0xff, 
	0xff, 0xbe, 0xe7, 0xff, 0xff, 0xbe, 0xe7, 0xff, 
	0xff, 0xbf, 0xe7, 0xff, 0xff, 0xbf, 0xe7, 0xff, 
	0xff, 0xc0, 0xe7, 0xff, 0xff, 0xc0, 0xe7, 0xff, 
	0xff, 0xbd, 0xe7, 0xff, 0xff, 0xc0, 0xe7, 0xff, 
	0xff, 0xbf, 0xe4, 0xff, 0xff, 0xbf, 0xe4, 0xff, 
	0xff, 0xbf, 0xe4, 0xff, 0xff, 0xbf, 0xe4, 0xff, 
	0xff, 0xbe, 0xe4, 0xff, 0xff, 0xbe, 0xe4, 0xff, 
	0xff, 0xbe, 0xe4, 0xff, 0xff, 0xbe, 0xe4, 0xff, 
	0xff, 0xbf, 0xe6, 0xff, 0xff, 0xbf, 0xe6, 0xff, 
	0xff, 0xbf, 0xe6, 0xff, 0xff, 0xbf, 0xe6, 0xff, 
	0xff, 0xbd, 0xe4, 0xff, 0xff, 0xbd, 0xe4, 0xff, 
	0xff, 0xbd, 0xe4, 0xff, 0xff, 0xbd, 0xe4, 0xff, 
	0xff, 0xbc, 0xe4, 0xff, 0xff, 0xbc, 0xe4, 0xff, 
	0xff, 0xbc, 0xe4, 0xff, 0xff, 0xbc, 0xe4, 0xff, 
	0xff, 0xba, 0xe4, 0xff, 0xff, 0xba, 0xe4, 0xff, 
	0xff, 0xba, 0xe4, 0xff, 0xff, 0xba, 0xe4, 0xff, 
	0xff, 0xbc, 0xe4, 0xff, 0xff, 0xbc, 0xe4, 0xff, 
	0xff, 0xbc, 0xe4, 0xff, 0xff, 0xbc, 0xe4, 0xff, 
	0xff, 0xbe, 0xe4, 0xff, 0xff, 0xbe, 0xe4, 0xff, 
	0xff, 0xbe, 0xe4, 0xff, 0xff, 0xbe, 0xe4, 0xff, 
	0xff, 0xc0, 0xe6, 0xff, 0xff, 0xc0, 0xe6, 0xff, 
	0xff, 0xc0, 0xe6, 0xff, 0xff, 0xc0, 0xe6, 0xff, 
	0xff, 0xbe, 0xe4, 0xff, 0xff, 0xbe, 0xe4, 0xff, 
	0xff, 0xbe, 0xe4, 0xff, 0xff, 0xbe, 0xe4, 0xff, 
	0xff, 0xbe, 0xe6, 0xff, 0xff, 0xbe, 0xe6, 0xff, 
	0xff, 0xbe, 0xe6, 0xff, 0xff, 0xbe, 0xe6, 0xff, 
	0xff, 0xbf, 0xe4, 0xff, 0xff, 0xbf, 0xe4, 0xff, 
	0xff, 0xbf, 0xe4, 0xff, 0xff, 0xbf, 0xe4, 0xff, 
	0xff, 0xbf, 0xe6, 0xff, 0xff, 0xbf, 0xe6, 0xff, 
	0xff, 0xbf, 0xe6, 0xff, 0xff, 0xbf, 0xe6, 0xff, 
	0xff, 0xbe, 0xe7, 0xff, 0xff, 0xbb, 0xe4, 0xff, 
	0xff, 0xbb, 0xe4, 0xff, 0xff, 0xbb, 0xe4, 0xff, 
	0xff, 0xbd, 0xe7, 0xff, 0xff, 0xc0, 0xe7, 0xff, 
	0xff, 0xc0, 0xe7, 0xff, 0xff, 0xc0, 0xe7, 0xff, 
	0xff, 0xbc, 0xe4, 0xff, 0xff, 0xbc, 0xe4, 0xff, 
	0xff, 0xbc, 0xe4, 0xff, 0xff, 0xbc, 0xe4, 0xff, 
	0xff, 0xbc, 0xe4, 0xff, 0xff, 0xbc, 0xe4, 0xff, 
	0xff, 0xbc, 0xe4, 0xff, 0xff, 0xbc, 0xe4, 0xff, 
	0xff, 0xbf, 0xe7, 0xff, 0xff, 0xc1, 0xe7, 0xff, 
	0xff, 0xbe, 0xe7, 0xff, 0xff, 0xbe, 0xe7, 0xff, 
	0xff, 0xbd, 0xe7, 0xff, 0xff, 0xc0, 0xe7, 0xff, 
	0xff, 0xbd, 0xe7, 0xff, 0xff, 0xc0, 0xe7, 0xff, 
	0xff, 0xc1, 0xe7, 0xff, 0xff, 0xc1, 0xe7, 0xff, 
	0xff, 0xc4, 0xe7, 0xff, 0xff, 0xc4, 0xe7, 0xff, 
	0xff, 0xc5, 0xe7, 0xff, 0xff, 0xc5, 0xe7, 0xff, 
	0xff, 0xc4, 0xe7, 0xff, 0xff, 0xc4, 0xe7, 0xff, 
	0xff, 0xc3, 0xe7, 0xff, 0xff, 0xc4, 0xe7, 0xff, 
	0xff, 0xc5, 0xe7, 0xff, 0xff, 0xc4, 0xe7, 0xff, 
	0xff, 0xc1, 0xe7, 0xff, 0xff, 0xc1, 0xe7, 0xff, 
	0xff, 0xc1, 0xe7, 0xff, 0xff, 0xc1, 0xe7, 0xff, 
	0xff, 0xc1, 0xe7, 0xff, 0xff, 0xbf, 0xe7, 0xff, 
	0xff, 0xbe, 0xe7, 0xff, 0xff, 0xbf, 0xe7, 0xff, 
	0xff, 0xc0, 0xe6, 0xff, 0xff, 0xc0, 0xe6, 0xff, 
	0xff, 0xc0, 0xe6, 0xff, 0xff, 0xc0, 0xe6, 0xff, 
	0xff, 0xbe, 0xe7, 0xff, 0xff, 0xbe, 0xe7, 0xff, 
	0xff, 0xbf, 0xe7, 0xff, 0xff, 0xbf, 0xe7, 0xff, 
	0xff, 0xbe, 0xe4, 0xff, 0xff, 0xbe, 0xe4, 0xff, 
	0xff, 0xbe, 0xe4, 0xff, 0xff, 0xbe, 0xe4, 0xff, 
	0xff, 0xbb, 0xe4, 0xff, 0xff, 0xbb, 0xe4, 0xff, 
	0xff, 0xbb, 0xe4, 0xff, 0xff, 0xbb, 0xe4, 0xff, 
	0xff, 0xbb, 0xe4, 0xff, 0xff, 0xbe, 0xe7, 0xff, 
	0xff, 0xbe, 0xe7, 0xff, 0xff, 0xbb, 0xe4, 0xff, 
	0xff, 0xba, 0xe4, 0xff, 0xff, 0xba, 0xe4, 0xff, 
	0xff, 0xba, 0xe4, 0xff, 0xff, 0xba, 0xe4, 0xff, 
	0xff, 0xbe, 0xe7, 0xff, 0xff, 0xbf, 0xe7, 0xff, 
	0xff, 0xbe, 0xe7, 0xff, 0xff, 0xbe, 0xe7, 0xff, 
	0xff, 0xc0, 0xe7, 0xff, 0xff, 0xbd, 0xe7, 0xff, 
	0xff, 0xc0, 0xe7, 0xff, 0xff, 0xc3, 0xe7, 0xff, 
	0xff, 0xbf, 0xe4, 0xff, 0xff, 0xbf, 0xe4, 0xff, 
	0xff, 0xbf, 0xe4, 0xff, 0xff, 0xbf, 0xe4, 0xff, 
	0xff, 0xbe, 0xe4, 0xff, 0xff, 0xbe, 0xe4, 0xff, 
	0xff, 0xbe, 0xe4, 0xff, 0xff, 0xbe, 0xe4, 0xff, 
	0xff, 0xbf, 0xe6, 0xff, 0xff, 0xbf, 0xe6, 0xff, 
	0xff, 0xbf, 0xe6, 0xff, 0xff, 0xbf, 0xe6, 0xff, 
	0xff, 0xbd, 0xe4, 0xff, 0xff, 0xbd, 0xe4, 0xff, 
	0xff, 0xbd, 0xe4, 0xff, 0xff, 0xbd, 0xe4, 0xff, 
	0xff, 0xbc, 0xe4, 0xff, 0xff, 0xbc, 0xe4, 0xff, 
	0xff, 0xbc, 0xe4, 0xff, 0xff, 0xbc, 0xe4, 0xff, 
	0xff, 0xba, 0xe4, 0xff, 0xff, 0xba, 0xe4, 0xff, 
	0xff, 0xba, 0xe4, 0xff, 0xff, 0xba, 0xe4, 0xff, 
	0xff, 0xbc, 0xe4, 0xff, 0xff, 0xbc, 0xe4, 0xff, 
	0xff, 0xbc, 0xe4, 0xff, 0xff, 0xbc, 0xe4, 0xff, 
	0xff, 0xbe, 0xe4, 0xff, 0xff, 0xbe, 0xe4, 0xff, 
	0xff, 0xbe, 0xe4, 0xff, 0xff, 0xbe, 0xe4, 0xff, 
	0xff, 0xc0, 0xe6, 0xff, 0xff, 0xc0, 0xe6, 0xff, 
	0xff, 0xc0, 0xe6, 0xff, 0xff, 0xc0, 0xe6, 0xff, 
	0xff, 0xbe, 0xe4, 0xff, 0xff, 0xbe, 0xe4, 0xff, 
	0xff, 0xbe, 0xe4, 0xff, 0xff, 0xbe, 0xe4, 0xff, 
	0xff, 0xbe, 0xe6, 0xff, 0xff, 0xbe, 0xe6, 0xff, 
	0xff, 0xbe, 0xe6, 0xff, 0xff, 0xbe, 0xe6, 0xff, 
	0xff, 0xbf, 0xe4, 0xff, 0xff, 0xbf, 0xe4, 0xff, 
	0xff, 0xbf, 0xe4, 0xff, 0xff, 0xbf, 0xe4, 0xff, 
	0xff, 0xbf, 0xe6, 0xff, 0xff, 0xbf, 0xe6, 0xff, 
	0xff, 0xbf, 0xe6, 0xff, 0xff, 0xbf, 0xe6, 0xff, 
	0xff, 0xbb, 0xe4, 0xff, 0xff, 0xbb, 0xe4, 0xff, 
	0xff, 0xbb, 0xe4, 0xff, 0xff, 0xbb, 0xe4, 0xff, 
	0xff, 0xba, 0xe7, 0xff, 0xff, 0xbd, 0xe7, 0xff, 
	0xff, 0xc0, 0xe7, 0xff, 0xff, 0xbd, 0xe7, 0xff, 
	0xff, 0xbc, 0xe4, 0xff, 0xff, 0xbc, 0xe4, 0xff, 
	0xff, 0xbc, 0xe4, 0xff, 0xff, 0xbc, 0xe4, 0xff, 
	0xff, 0xbc, 0xe4, 0xff, 0xff, 0xbc, 0xe4, 0xff, 
	0xff, 0xbc, 0xe4, 0xff, 0xff, 0xbc, 0xe4, 0xff, 
	0xff, 0xbe, 0xe7, 0xff, 0xff, 0xbf, 0xe7, 0xff, 
	0xff, 0xbf, 0xe7, 0xff, 0xff, 0xbe, 0xe7, 0xff, 
	0xff, 0xbd, 0xe7, 0xff, 0xff, 0xbd, 0xe7, 0xff, 
	0xff, 0xc0, 0xe7, 0xff, 0xff, 0xc3, 0xe7, 0xff, 
	0xff, 0xc1, 0xe7, 0xff, 0xff, 0xc1, 0xe7, 0xff, 
	0xff, 0xc4, 0xe7, 0xff, 0xff, 0xc4, 0xe7, 0xff, 
	0xff, 0xc4, 0xe7, 0xff, 0xff, 0xc5, 0xe7, 0xff, 
	0xff, 0xc4, 0xe7, 0xff, 0xff, 0xc5, 0xe7, 0xff, 
	0xff, 0xc4, 0xe7, 0xff, 0xff, 0xc5, 0xe7, 0xff, 
	0xff, 0xc4, 0xe7, 0xff, 0xff, 0xc3, 0xe7, 0xff, 
	0xff, 0xc1, 0xe7, 0xff, 0xff, 0xbf, 0xe7, 0xff, 
	0xff, 0xc1, 0xe7, 0xff, 0xff, 0xc1, 0xe7, 0xff, 
	0xff, 0xc1, 0xe7, 0xff, 0xff, 0xc1, 0xe7, 0xff, 
	0xff, 0xc1, 0xe7, 0xff, 0xff, 0xc1, 0xe7, 0xff, 
	0xff, 0xc0, 0xe6, 0xff, 0xff, 0xc0, 0xe6, 0xff, 
	0xff, 0xc0, 0xe6, 0xff, 0xff, 0xc0, 0xe6, 0xff, 
	0xff, 0xbf, 0xe7, 0xff, 0xff, 0xbf, 0xe7, 0xff, 
	0xff, 0xc1, 0xe7, 0xff, 0xff, 0xbe, 0xe7, 0xff, 
	0xff, 0xbe, 0xe4, 0xff, 0xff, 0xbe, 0xe4, 0xff, 
	0xff, 0xbe, 0xe4, 0xff, 0xff, 0xbe, 0xe4, 0xff, 
	0xff, 0xb8, 0xe1, 0xff, 0xff, 0xb8, 0xe1, 0xff, 
	0xff, 0xbb, 0xe4, 0xff, 0xff, 0xbb, 0xe4, 0xff, 
	0xff, 0xbb, 0xe4, 0xff, 0xff, 0xbb, 0xe4, 0xff, 
	0xff, 0xbb, 0xe4, 0xff, 0xff, 0xbb, 0xe4, 0xff, 
	0xff, 0xba, 0xe4, 0xff, 0xff, 0xba, 0xe4, 0xff, 
	0xff, 0xbe, 0xe7, 0xff, 0xff, 0xbe, 0xe7, 0xff, 
	0xff, 0xbf, 0xe7, 0xff, 0xff, 0xc1, 0xe7, 0xff, 
	0xff, 0xbf, 0xe7, 0xff, 0xff, 0xbe, 0xe7, 0xff, 
	0xff, 0xbd, 0xe7, 0xff, 0xff, 0xbd, 0xe7, 0xff, 
	0xff, 0xc0, 0xe7, 0xff, 0xff, 0xc0, 0xe7, 0xff, 
	0xff, 0xbf, 0xe4, 0xff, 0xff, 0xbf, 0xe4, 0xff, 
	0xff, 0xbf, 0xe4, 0xff, 0xff, 0xbf, 0xe4, 0xff, 
	0xff, 0xbe, 0xe4, 0xff, 0xff, 0xbe, 0xe4, 0xff, 
	0xff, 0xbe, 0xe4, 0xff, 0xff, 0xbe, 0xe4, 0xff, 
	0xff, 0xbf, 0xe6, 0xff, 0xff, 0xbf, 0xe6, 0xff, 
	0xff, 0xbf, 0xe6, 0xff, 0xff, 0xbf, 0xe6, 0xff, 
	0xff, 0xbd, 0xe4, 0xff, 0xff, 0xbd, 0xe4, 0xff, 
	0xff, 0xbd, 0xe4, 0xff, 0xff, 0xbd, 0xe4, 0xff, 
	0xff, 0xbc, 0xe4, 0xff, 0xff, 0xbc, 0xe4, 0xff, 
	0xff, 0xbc, 0xe4, 0xff, 0xff, 0xbc, 0xe4, 0xff, 
	0xff, 0xba, 0xe4, 0xff, 0xff, 0xba, 0xe4, 0xff, 
	0xff, 0xba, 0xe4, 0xff, 0xff, 0xba, 0xe4, 0xff, 
	0xff, 0xbc, 0xe4, 0xff, 0xff, 0xbc, 0xe4, 0xff, 
	0xff, 0xbc, 0xe4, 0xff, 0xff, 0xbc, 0xe4, 0xff, 
	0xff, 0xbe, 0xe4, 0xff, 0xff, 0xbe, 0xe4, 0xff, 
	0xff, 0xbe, 0xe4, 0xff, 0xff, 0xbe, 0xe4, 0xff, 
	0xff, 0xc0, 0xe6, 0xff, 0xff, 0xc0, 0xe6, 0xff, 
	0xff, 0xc0, 0xe6, 0xff, 0xff, 0xc0, 0xe6, 0xff, 
	0xff, 0xbe, 0xe4, 0xff, 0xff, 0xbe, 0xe4, 0xff, 
	0xff, 0xbe, 0xe4, 0xff, 0xff, 0xbe, 0xe4, 0xff, 
	0xff, 0xbe, 0xe6, 0xff, 0xff, 0xbe, 0xe6, 0xff, 
	0xff, 0xbe, 0xe6, 0xff, 0xff, 0xbe, 0xe6, 0xff, 
	0xff, 0xbf, 0xe4, 0xff, 0xff, 0xbf, 0xe4, 0xff, 
	0xff, 0xbf, 0xe4, 0xff, 0xff, 0xbf, 0xe4, 0xff, 
	0xff, 0xbf, 0xe6, 0xff, 0xff, 0xbf, 0xe6, 0xff, 
	0xff, 0xbf, 0xe6, 0xff, 0xff, 0xbf, 0xe6, 0xff, 
	0xff, 0xbb, 0xe4, 0xff, 0xff, 0xbb, 0xe4, 0xff, 
	0xff, 0xbb, 0xe4, 0xff, 0xff, 0xbb, 0xe4, 0xff, 
	0xff, 0xba, 0xe7, 0xff, 0xff, 0xba, 0xe7, 0xff, 
	0xff, 0xbd, 0xe7, 0xff, 0xff, 0xba, 0xe7, 0xff, 
	0xff, 0xbc, 0xe4, 0xff, 0xff, 0xbc, 0xe4, 0xff, 
	0xff, 0xbc, 0xe4, 0xff, 0xff, 0xbc, 0xe4, 0xff, 
	0xff, 0xbc, 0xe4, 0xff, 0xff, 0xbc, 0xe4, 0xff, 
	0xff, 0xbc, 0xe4, 0xff, 0xff, 0xbc, 0xe4, 0xff, 
	0xff, 0xbf, 0xe7, 0xff, 0xff, 0xbf, 0xe7, 0xff, 
	0xff, 0xbf, 0xe7, 0xff, 0xff, 0xbe, 0xe7, 0xff, 
	0xff, 0xba, 0xe7, 0xff, 0xff, 0xbd, 0xe7, 0xff, 
	0xff, 0xc0, 0xe7, 0xff, 0xff, 0xbd, 0xe7, 0xff, 
	0xff, 0xbe, 0xe7, 0xff, 0xff, 0xc1, 0xe7, 0xff, 
	0xff, 0xc1, 0xe7, 0xff, 0xff, 0xc4, 0xe7, 0xff, 
	0xff, 0xc5, 0xe7, 0xff, 0xff, 0xc5, 0xe7, 0xff, 
	0xff, 0xc5, 0xe7, 0xff, 0xff, 0xc4, 0xe7, 0xff, 
	0xff, 0xc3, 0xe7, 0xff, 0xff, 0xc4, 0xe7, 0xff, 
	0xff, 0xc3, 0xe7, 0xff, 0xff, 0xc3, 0xe7, 0xff, 
	0xff, 0xbf, 0xe7, 0xff, 0xff, 0xbf, 0xe7, 0xff, 
	0xff, 0xc1, 0xe7, 0xff, 0xff, 0xc1, 0xe7, 0xff, 
	0xff, 0xc1, 0xe7, 0xff, 0xff, 0xc1, 0xe7, 0xff, 
	0xff, 0xc1, 0xe7, 0xff, 0xff, 0xc1, 0xe7, 0xff, 
	0xff, 0xc0, 0xe6, 0xff, 0xff, 0xc0, 0xe6, 0xff, 
	0xff, 0xc0, 0xe6, 0xff, 0xff, 0xc0, 0xe6, 0xff, 
	0xff, 0xbf, 0xe7, 0xff, 0xff, 0xc1, 0xe7, 0xff, 
	0xff, 0xbf, 0xe7, 0xff, 0xff, 0xbf, 0xe7, 0xff, 
	0xff, 0xbe, 0xe4, 0xff, 0xff, 0xbe, 0xe4, 0xff, 
	0xff, 0xbe, 0xe4, 0xff, 0xff, 0xbe, 0xe4, 0xff, 
	0xff, 0xbb, 0xe4, 0xff, 0xff, 0xbb, 0xe4, 0xff, 
	0xff, 0xbb, 0xe4, 0xff, 0xff, 0xbb, 0xe4, 0xff, 
	0xff, 0xbb, 0xe4, 0xff, 0xff, 0xbb, 0xe4, 0xff, 
	0xff, 0xbb, 0xe4, 0xff, 0xff, 0xbb, 0xe4, 0xff, 
	0xff, 0xba, 0xe4, 0xff, 0xff, 0xba, 0xe4, 0xff, 
	0xff, 0xbe, 0xe7, 0xff, 0xff, 0xbe, 0xe7, 0xff, 
	0xff, 0xc1, 0xe7, 0xff, 0xff, 0xc1, 0xe7, 0xff, 
	0xff, 0xc1, 0xe7, 0xff, 0xff, 0xbe, 0xe7, 0xff, 
	0xff, 0xc0, 0xe7, 0xff, 0xff, 0xbd, 0xe7, 0xff, 
	0xff, 0xc0, 0xe7, 0xff, 0xff, 0xc0, 0xe7, 0xff, 
	0xff, 0xbd, 0xe7, 0xff, 0xff, 0xc0, 0xe7, 0xff, 
	0xff, 0xbd, 0xe7, 0xff, 0xff, 0xc0, 0xe7, 0xff, 
	0xff, 0xc0, 0xe7, 0xff, 0xff, 0xbd, 0xe7, 0xff, 
	0xff, 0xc0, 0xe7, 0xff, 0xff, 0xc0, 0xe7, 0xff, 
	0xff, 0xbe, 0xe7, 0xff, 0xff, 0xbe, 0xe7, 0xff, 
	0xff, 0xbf, 0xe7, 0xff, 0xff, 0xc1, 0xe7, 0xff, 
	0xff, 0xc1, 0xe7, 0xff, 0xff, 0xbe, 0xe7, 0xff, 
	0xff, 0xbe, 0xe7, 0xff, 0xff, 0xbe, 0xe7, 0xff, 
	0xff, 0xc1, 0xe7, 0xff, 0xff, 0xc1, 0xe7, 0xff, 
	0xff, 0xbf, 0xe7, 0xff, 0xff, 0xbe, 0xe7, 0xff, 
	0xff, 0xbb, 0xe4, 0xff, 0xff, 0xbb, 0xe4, 0xff, 
	0xff, 0xbb, 0xe4, 0xff, 0xff, 0xbb, 0xe4, 0xff, 
	0xff, 0xbb, 0xe4, 0xff, 0xff, 0xbb, 0xe4, 0xff, 
	0xff, 0xbb, 0xe4, 0xff, 0xff, 0xbb, 0xe4, 0xff, 
	0xff, 0xbe, 0xe4, 0xff, 0xff, 0xbe, 0xe4, 0xff, 
	0xff, 0xbe, 0xe4, 0xff, 0xff, 0xbe, 0xe4, 0xff, 
	0xff, 0xc0, 0xe7, 0xff, 0xff, 0xc3, 0xe7, 0xff, 
	0xff, 0xc0, 0xe7, 0xff, 0xff, 0xbd, 0xe7, 0xff, 
	0xff, 0xc0, 0xe7, 0xff, 0xff, 0xc3, 0xe7, 0xff, 
	0xff, 0xc0, 0xe7, 0xff, 0xff, 0xbd, 0xe7, 0xff, 
	0xff, 0xc0, 0xe7, 0xff, 0xff, 0xc3, 0xe7, 0xff, 
	0xff, 0xc0, 0xe7, 0xff, 0xff, 0xc0, 0xe7, 0xff, 
	0xff, 0xbd, 0xe4, 0xff, 0xff, 0xbd, 0xe4, 0xff, 
	0xff, 0xbd, 0xe4, 0xff, 0xff, 0xbd, 0xe4, 0xff, 
	0xff, 0xc0, 0xe7, 0xff, 0xff, 0xc0, 0xe7, 0xff, 
	0xff, 0xc0, 0xe7, 0xff, 0xff, 0xc0, 0xe7, 0xff, 
	0xff, 0xbc, 0xe4, 0xff, 0xff, 0xbc, 0xe4, 0xff, 
	0xff, 0xbc, 0xe4, 0xff, 0xff, 0xbc, 0xe4, 0xff, 
	0xff, 0xbb, 0xe4, 0xff, 0xff, 0xbb, 0xe4, 0xff, 
	0xff, 0xbb, 0xe4, 0xff, 0xff, 0xbb, 0xe4, 0xff, 
	0xff, 0xbb, 0xe4, 0xff, 0xff, 0xbb, 0xe4, 0xff, 
	0xff, 0xbb, 0xe4, 0xff, 0xff, 0xbb, 0xe4, 0xff, 
	0xff, 0xbb, 0xe4, 0xff, 0xff, 0xbb, 0xe4, 0xff, 
	0xff, 0xbb, 0xe4, 0xff, 0xff, 0xbe, 0xe7, 0xff, 
	0xff, 0xc0, 0xe7, 0xff, 0xff, 0xc3, 0xe7, 0xff, 
	0xff, 0xbd, 0xe7, 0xff, 0xff, 0xba, 0xe7, 0xff, 
	0xff, 0xbe, 0xe7, 0xff, 0xff, 0xbe, 0xe7, 0xff, 
	0xff, 0xbe, 0xe7, 0xff, 0xff, 0xbe, 0xe7, 0xff, 
	0xff, 0xbd, 0xe7, 0xff, 0xff, 0xc0, 0xe7, 0xff, 
	0xff, 0xc0, 0xe7, 0xff, 0xff, 0xc0, 0xe7, 0xff, 
	0xff, 0xc2, 0xe7, 0xff, 0xff, 0xc7, 0xe7, 0xff, 
	0xff, 0xc2, 0xe7, 0xff, 0xff, 0xc2, 0xe7, 0xff, 
	0xff, 0xc4, 0xe7, 0xff, 0xff, 0xc1, 0xe7, 0xff, 
	0xff, 0xc1, 0xe7, 0xff, 0xff, 0xc1, 0xe7, 0xff, 
	0xff, 0xc0, 0xe7, 0xff, 0xff, 0xc0, 0xe7, 0xff, 
	0xff, 0xc0, 0xe7, 0xff, 0xff, 0xc0, 0xe7, 0xff, 
	0xff, 0xbd, 0xe7, 0xff, 0xff, 0xc0, 0xe7, 0xff, 
	0xff, 0xc3, 0xe7, 0xff, 0xff, 0xc3, 0xe7, 0xff, 
	0xff, 0xc1, 0xe7, 0xff, 0xff, 0xc1, 0xe7, 0xff, 
	0xff, 0xc1, 0xe7, 0xff, 0xff, 0xc1, 0xe7, 0xff, 
	0xff, 0xc0, 0xe6, 0xff, 0xff, 0xc0, 0xe6, 0xff, 
	0xff, 0xc0, 0xe6, 0xff, 0xff, 0xc0, 0xe6, 0xff, 
	0xff, 0xbe, 0xe4, 0xff, 0xff, 0xbe, 0xe4, 0xff, 
	0xff, 0xbe, 0xe4, 0xff, 0xff, 0xbe, 0xe4, 0xff, 
	0xff, 0xba, 0xe4, 0xff, 0xff, 0xba, 0xe4, 0xff, 
	0xff, 0xba, 0xe4, 0xff, 0xff, 0xba, 0xe4, 0xff, 
	0xff, 0xb8, 0xe1, 0xff, 0xff, 0xbb, 0xe4, 0xff, 
	0xff, 0xbb, 0xe4, 0xff, 0xff, 0xbb, 0xe4, 0xff, 
	0xff, 0xbe, 0xe7, 0xff, 0xff, 0xbf, 0xe7, 0xff, 
	0xff, 0xc1, 0xe7, 0xff, 0xff, 0xc1, 0xe7, 0xff, 
	0xff, 0xc1, 0xe7, 0xff, 0xff, 0xc1, 0xe7, 0xff, 
	0xff, 0xc1, 0xe7, 0xff, 0xff, 0xc1, 0xe7, 0xff, 
	0xff, 0xc0, 0xe6, 0xff, 0xff, 0xc0, 0xe6, 0xff, 
	0xff, 0xc0, 0xe6, 0xff, 0xff, 0xc0, 0xe6, 0xff, 
	0xff, 0xbd, 0xe7, 0xff, 0xff, 0xbd, 0xe7, 0xff, 
	0xff, 0xbd, 0xe7, 0xff, 0xff, 0xc0, 0xe7, 0xff, 
	0xff, 0xbd, 0xe7, 0xff, 0xff, 0xba, 0xe7, 0xff, 
	0xff, 0xbd, 0xe7, 0xff, 0xff, 0xbd, 0xe7, 0xff, 
	0xff, 0xbe, 0xe7, 0xff, 0xff, 0xbe, 0xe7, 0xff, 
	0xff, 0xbf, 0xe7, 0xff, 0xff, 0xbf, 0xe7, 0xff, 
	0xff, 0xbe, 0xe7, 0xff, 0xff, 0xc1, 0xe7, 0xff, 
	0xff, 0xc1, 0xe7, 0xff, 0xff, 0xc4, 0xe7, 0xff, 
	0xff, 0xc1, 0xe7, 0xff, 0xff, 0xc1, 0xe7, 0xff, 
	0xff, 0xbf, 0xe7, 0xff, 0xff, 0xbe, 0xe7, 0xff, 
	0xff, 0xbb, 0xe4, 0xff, 0xff, 0xbb, 0xe4, 0xff, 
	0xff, 0xb8, 0xe1, 0xff, 0xff, 0xbb, 0xe4, 0xff, 
	0xff, 0xbb, 0xe4, 0xff, 0xff, 0xbe, 0xe7, 0xff, 
	0xff, 0xbb, 0xe4, 0xff, 0xff, 0xbb, 0xe4, 0xff, 
	0xff, 0xbe, 0xe4, 0xff, 0xff, 0xbe, 0xe4, 0xff, 
	0xff, 0xbe, 0xe4, 0xff, 0xff, 0xbe, 0xe4, 0xff, 
	0xff, 0xc0, 0xe7, 0xff, 0xff, 0xc0, 0xe7, 0xff, 
	0xff, 0xc0, 0xe7, 0xff, 0xff, 0xc0, 0xe7, 0xff, 
	0xff, 0xc3, 0xe7, 0xff, 0xff, 0xc0, 0xe7, 0xff, 
	0xff, 0xc0, 0xe7, 0xff, 0xff, 0xbd, 0xe7, 0xff, 
	0xff, 0xc0, 0xe7, 0xff, 0xff, 0xc3, 0xe7, 0xff, 
	0xff, 0xc0, 0xe7, 0xff, 0xff, 0xbd, 0xe7, 0xff, 
	0xff, 0xbd, 0xe4, 0xff, 0xff, 0xbd, 0xe4, 0xff, 
	0xff, 0xbd, 0xe4, 0xff, 0xff, 0xbd, 0xe4, 0xff, 
	0xff, 0xc0, 0xe7, 0xff, 0xff, 0xc0, 0xe7, 0xff, 
	0xff, 0xc0, 0xe7, 0xff, 0xff, 0xc0, 0xe7, 0xff, 
	0xff, 0xbc, 0xe4, 0xff, 0xff, 0xbc, 0xe4, 0xff, 
	0xff, 0xbc, 0xe4, 0xff, 0xff, 0xbc, 0xe4, 0xff, 
	0xff, 0xbb, 0xe4, 0xff, 0xff, 0xbb, 0xe4, 0xff, 
	0xff, 0xbb, 0xe4, 0xff, 0xff, 0xbb, 0xe4, 0xff, 
	0xff, 0xbb, 0xe4, 0xff, 0xff, 0xbb, 0xe4, 0xff, 
	0xff, 0xbb, 0xe4, 0xff, 0xff, 0xbb, 0xe4, 0xff, 
	0xff, 0xbb, 0xe4, 0xff, 0xff, 0xbb, 0xe4, 0xff, 
	0xff, 0xbb, 0xe4, 0xff, 0xff, 0xbe, 0xe7, 0xff, 
	0xff, 0xc0, 0xe7, 0xff, 0xff, 0xc0, 0xe7, 0xff, 
	0xff, 0xc3, 0xe7, 0xff, 0xff, 0xc0, 0xe7, 0xff, 
	0xff, 0xbe, 0xe7, 0xff, 0xff, 0xbb, 0xe4, 0xff, 
	0xff, 0xbb, 0xe4, 0xff, 0xff, 0xbb, 0xe4, 0xff, 
	0xff, 0xbd, 0xe7, 0xff, 0xff, 0xc0, 0xe7, 0xff, 
	0xff, 0xc0, 0xe7, 0xff, 0xff, 0xc3, 0xe7, 0xff, 
	0xff, 0xc2, 0xe7, 0xff, 0xff, 0xc7, 0xe7, 0xff, 
	0xff, 0xc7, 0xe7, 0xff, 0xff, 0xc2, 0xe7, 0xff, 
	0xff, 0xc4, 0xe7, 0xff, 0xff, 0xc4, 0xe7, 0xff, 
	0xff, 0xc1, 0xe7, 0xff, 0xff, 0xc1, 0xe7, 0xff, 
	0xff, 0xc3, 0xe7, 0xff, 0xff, 0xbd, 0xe7, 0xff, 
	0xff, 0xbd, 0xe7, 0xff, 0xff, 0xba, 0xe7, 0xff, 
	0xff, 0xbd, 0xe7, 0xff, 0xff, 0xc0, 0xe7, 0xff, 
	0xff, 0xc3, 0xe7, 0xff, 0xff, 0xc3, 0xe7, 0xff, 
	0xff, 0xc1, 0xe7, 0xff, 0xff, 0xc1, 0xe7, 0xff, 
	0xff, 0xc1, 0xe7, 0xff, 0xff, 0xc4, 0xe7, 0xff, 
	0xff, 0xc0, 0xe6, 0xff, 0xff, 0xc0, 0xe6, 0xff, 
	0xff, 0xc0, 0xe6, 0xff, 0xff, 0xc0, 0xe6, 0xff, 
	0xff, 0xbe, 0xe4, 0xff, 0xff, 0xbe, 0xe4, 0xff, 
	0xff, 0xbe, 0xe4, 0xff, 0xff, 0xbe, 0xe4, 0xff, 
	0xff, 0xba, 0xe4, 0xff, 0xff, 0xbe, 0xe7, 0xff, 
	0xff, 0xbe, 0xe7, 0xff, 0xff, 0xbe, 0xe7, 0xff, 
	0xff, 0xbb, 0xe4, 0xff, 0xff, 0xbb, 0xe4, 0xff, 
	0xff, 0xbb, 0xe4, 0xff, 0xff, 0xbb, 0xe4, 0xff, 
	0xff, 0xbe, 0xe7, 0xff, 0xff, 0xc1, 0xe7, 0xff, 
	0xff, 0xbf, 0xe7, 0xff, 0xff, 0xbf, 0xe7, 0xff, 
	0xff, 0xc1, 0xe7, 0xff, 0xff, 0xc4, 0xe7, 0xff, 
	0xff, 0xc4, 0xe7, 0xff, 0xff, 0xc1, 0xe7, 0xff, 
	0xff, 0xc0, 0xe6, 0xff, 0xff, 0xc0, 0xe6, 0xff, 
	0xff, 0xc0, 0xe6, 0xff, 0xff, 0xc0, 0xe6, 0xff, 
	0xff, 0xc0, 0xe7, 0xff, 0xff, 0xc0, 0xe7, 0xff, 
	0xff, 0xc0, 0xe7, 0xff, 0xff, 0xc0, 0xe7, 0xff, 
	0xff, 0xc0, 0xe7, 0xff, 0xff, 0xc0, 0xe7, 0xff, 
	0xff, 0xbd, 0xe7, 0xff, 0xff, 0xbd, 0xe7, 0xff, 
	0xff, 0xbe, 0xe7, 0xff, 0xff, 0xbf, 0xe7, 0xff, 
	0xff, 0xc1, 0xe7, 0xff, 0xff, 0xc1, 0xe7, 0xff, 
	0xff, 0xc7, 0xe7, 0xff, 0xff, 0xc4, 0xe7, 0xff, 
	0xff, 0xc4, 0xe7, 0xff, 0xff, 0xc4, 0xe7, 0xff, 
	0xff, 0xc3, 0xe7, 0xff, 0xff, 0xc1, 0xe7, 0xff, 
	0xff, 0xc1, 0xe7, 0xff, 0xff, 0xbf, 0xe7, 0xff, 
	0xff, 0xbe, 0xe7, 0xff, 0xff, 0xbb, 0xe4, 0xff, 
	0xff, 0xbb, 0xe4, 0xff, 0xff, 0xbb, 0xe4, 0xff, 
	0xff, 0xbb, 0xe4, 0xff, 0xff, 0xbb, 0xe4, 0xff, 
	0xff, 0xbb, 0xe4, 0xff, 0xff, 0xbe, 0xe7, 0xff, 
	0xff, 0xbe, 0xe4, 0xff, 0xff, 0xbe, 0xe4, 0xff, 
	0xff, 0xbe, 0xe4, 0xff, 0xff, 0xbe, 0xe4, 0xff, 
	0xff, 0xc0, 0xe7, 0xff, 0xff, 0xc0, 0xe7, 0xff, 
	0xff, 0xbd, 0xe7, 0xff, 0xff, 0xc0, 0xe7, 0xff, 
	0xff, 0xc0, 0xe7, 0xff, 0xff, 0xc0, 0xe7, 0xff, 
	0xff, 0xbd, 0xe7, 0xff, 0xff, 0xbd, 0xe7, 0xff, 
	0xff, 0xc0, 0xe7, 0xff, 0xff, 0xc0, 0xe7, 0xff, 
	0xff, 0xbd, 0xe7, 0xff, 0xff, 0xbd, 0xe7, 0xff, 
	0xff, 0xbd, 0xe4, 0xff, 0xff, 0xbd, 0xe4, 0xff, 
	0xff, 0xbd, 0xe4, 0xff, 0xff, 0xbd, 0xe4, 0xff, 
	0xff, 0xbd, 0xe7, 0xff, 0xff, 0xc0, 0xe7, 0xff, 
	0xff, 0xbd, 0xe7, 0xff, 0xff, 0xc0, 0xe7, 0xff, 
	0xff, 0xbc, 0xe4, 0xff, 0xff, 0xbc, 0xe4, 0xff, 
	0xff, 0xbc, 0xe4, 0xff, 0xff, 0xbc, 0xe4, 0xff, 
	0xff, 0xbb, 0xe4, 0xff, 0xff, 0xbb, 0xe4, 0xff, 
	0xff, 0xbb, 0xe4, 0xff, 0xff, 0xbb, 0xe4, 0xff, 
	0xff, 0xbb, 0xe4, 0xff, 0xff, 0xbb, 0xe4, 0xff, 
	0xff, 0xbb, 0xe4, 0xff, 0xff, 0xbb, 0xe4, 0xff, 
	0xff, 0xbb, 0xe4, 0xff, 0xff, 0xbb, 0xe4, 0xff, 
	0xff, 0xbe, 0xe7, 0xff, 0xff, 0xbe, 0xe7, 0xff, 
	0xff, 0xc0, 0xe7, 0xff, 0xff, 0xbd, 0xe7, 0xff, 
	0xff, 0xc0, 0xe7, 0xff, 0xff, 0xc0, 0xe7, 0xff, 
	0xff, 0xbe, 0xe7, 0xff, 0xff, 0xbe, 0xe7, 0xff, 
	0xff, 0xbb, 0xe4, 0xff, 0xff, 0xbb, 0xe4, 0xff, 
	0xff, 0xba, 0xe7, 0xff, 0xff, 0xbd, 0xe7, 0xff, 
	0xff, 0xc0, 0xe7, 0xff, 0xff, 0xc0, 0xe7, 0xff, 
	0xff, 0xbe, 0xe7, 0xff, 0xff, 0xc2, 0xe7, 0xff, 
	0xff, 0xc2, 0xe7, 0xff, 0xff, 0xc2, 0xe7, 0xff, 
	0xff, 0xc4, 0xe7, 0xff, 0xff, 0xc1, 0xe7, 0xff, 
	0xff, 0xc1, 0xe7, 0xff, 0xff, 0xc1, 0xe7, 0xff, 
	0xff, 0xc0, 0xe7, 0xff, 0xff, 0xc0, 0xe7, 0xff, 
	0xff, 0xbd, 0xe7, 0xff, 0xff, 0xba, 0xe7, 0xff, 
	0xff, 0xbd, 0xe7, 0xff, 0xff, 0xbd, 0xe7, 0xff, 
	0xff, 0xc3, 0xe7, 0xff, 0xff, 0xc3, 0xe7, 0xff, 
	0xff, 0xc1, 0xe7, 0xff, 0xff, 0xc1, 0xe7, 0xff, 
	0xff, 0xc4, 0xe7, 0xff, 0xff, 0xc4, 0xe7, 0xff, 
	0xff, 0xc0, 0xe6, 0xff, 0xff, 0xc0, 0xe6, 0xff, 
	0xff, 0xc0, 0xe6, 0xff, 0xff, 0xc0, 0xe6, 0xff, 
	0xff, 0xbe, 0xe4, 0xff, 0xff, 0xbe, 0xe4, 0xff, 
	0xff, 0xbe, 0xe4, 0xff, 0xff, 0xbe, 0xe4, 0xff, 
	0xff, 0xbe, 0xe7, 0xff, 0xff, 0xbe, 0xe7, 0xff, 
	0xff, 0xbe, 0xe7, 0xff, 0xff, 0xba, 0xe4, 0xff, 
	0xff, 0xbb, 0xe4, 0xff, 0xff, 0xbb, 0xe4, 0xff, 
	0xff, 0xbb, 0xe4, 0xff, 0xff, 0xbb, 0xe4, 0xff, 
	0xff, 0xbf, 0xe7, 0xff, 0xff, 0xc1, 0xe7, 0xff, 
	0xff, 0xc1, 0xe7, 0xff, 0xff, 0xc1, 0xe7, 0xff, 
	0xff, 0xc1, 0xe7, 0xff, 0xff, 0xc1, 0xe7, 0xff, 
	0xff, 0xc1, 0xe7, 0xff, 0xff, 0xc1, 0xe7, 0xff, 
	0xff, 0xc0, 0xe6, 0xff, 0xff, 0xc0, 0xe6, 0xff, 
	0xff, 0xc0, 0xe6, 0xff, 0xff, 0xc0, 0xe6, 0xff, 
	0xff, 0xc0, 0xe7, 0xff, 0xff, 0xc0, 0xe7, 0xff, 
	0xff, 0xc0, 0xe7, 0xff, 0xff, 0xc0, 0xe7, 0xff, 
	0xff, 0xc0, 0xe7, 0xff, 0xff, 0xc0, 0xe7, 0xff, 
	0xff, 0xbd, 0xe7, 0xff, 0xff, 0xbd, 0xe7, 0xff, 
	0xff, 0xbf, 0xe7, 0xff, 0xff, 0xc1, 0xe7, 0xff, 
	0xff, 0xc1, 0xe7, 0xff, 0xff, 0xc1, 0xe7, 0xff, 
	0xff, 0xc4, 0xe7, 0xff, 0xff, 0xc4, 0xe7, 0xff, 
	0xff, 0xc4, 0xe7, 0xff, 0xff, 0xc4, 0xe7, 0xff, 
	0xff, 0xc3, 0xe7, 0xff, 0xff, 0xc1, 0xe7, 0xff, 
	0xff, 0xc1, 0xe7, 0xff, 0xff, 0xbf, 0xe7, 0xff, 
	0xff, 0xbe, 0xe7, 0xff, 0xff, 0xbb, 0xe4, 0xff, 
	0xff, 0xbe, 0xe7, 0xff, 0xff, 0xbb, 0xe4, 0xff, 
	0xff, 0xbb, 0xe4, 0xff, 0xff, 0xbe, 0xe7, 0xff, 
	0xff, 0xbe, 0xe7, 0xff, 0xff, 0xbb, 0xe4, 0xff, 
	0xff, 0xbe, 0xe4, 0xff, 0xff, 0xbe, 0xe4, 0xff, 
	0xff, 0xbe, 0xe4, 0xff, 0xff, 0xbe, 0xe4, 0xff, 
	0xff, 0xba, 0xe7, 0xff, 0xff, 0xbd, 0xe7, 0xff, 
	0xff, 0xba, 0xe7, 0xff, 0xff, 0xba, 0xe7, 0xff, 
	0xff, 0xba, 0xe7, 0xff, 0xff, 0xba, 0xe7, 0xff, 
	0xff, 0xbd, 0xe7, 0xff, 0xff, 0xbd, 0xe7, 0xff, 
	0xff, 0xbd, 0xe7, 0xff, 0xff, 0xbd, 0xe7, 0xff, 
	0xff, 0xba, 0xe7, 0xff, 0xff, 0xba, 0xe7, 0xff, 
	0xff, 0xbd, 0xe4, 0xff, 0xff, 0xbd, 0xe4, 0xff, 
	0xff, 0xbd, 0xe4, 0xff, 0xff, 0xbd, 0xe4, 0xff, 
	0xff, 0xba, 0xe7, 0xff, 0xff, 0xbd, 0xe7, 0xff, 
	0xff, 0xbd, 0xe7, 0xff, 0xff, 0xba, 0xe7, 0xff, 
	0xff, 0xbc, 0xe4, 0xff, 0xff, 0xbc, 0xe4, 0xff, 
	0xff, 0xbc, 0xe4, 0xff, 0xff, 0xbc, 0xe4, 0xff, 
	0xff, 0xbb, 0xe4, 0xff, 0xff, 0xbb, 0xe4, 0xff, 
	0xff, 0xbb, 0xe4, 0xff, 0xff, 0xbb, 0xe4, 0xff, 
	0xff, 0xbb, 0xe4, 0xff, 0xff, 0xbb, 0xe4, 0xff, 
	0xff, 0xbb, 0xe4, 0xff, 0xff, 0xbb, 0xe4, 0xff, 
	0xff, 0xbe, 0xe7, 0xff, 0xff, 0xbe, 0xe7, 0xff, 
	0xff, 0xbe, 0xe7, 0xff, 0xff, 0xbe, 0xe7, 0xff, 
	0xff, 0xba, 0xe7, 0xff, 0xff, 0xbd, 0xe7, 0xff, 
	0xff, 0xbd, 0xe7, 0xff, 0xff, 0xbd, 0xe7, 0xff, 
	0xff, 0xbe, 0xe7, 0xff, 0xff, 0xbb, 0xe4, 0xff, 
	0xff, 0xbb, 0xe4, 0xff, 0xff, 0xbb, 0xe4, 0xff, 
	0xff, 0xba, 0xe7, 0xff, 0xff, 0xbd, 0xe7, 0xff, 
	0xff, 0xbd, 0xe7, 0xff, 0xff, 0xbd, 0xe7, 0xff, 
	0xff, 0xbe, 0xe7, 0xff, 0xff, 0xbe, 0xe7, 0xff, 
	0xff, 0xc2, 0xe7, 0xff, 0xff, 0xc2, 0xe7, 0xff, 
	0xff, 0xc4, 0xe7, 0xff, 0xff, 0xc1, 0xe7, 0xff, 
	0xff, 0xc1, 0xe7, 0xff, 0xff, 0xc1, 0xe7, 0xff, 
	0xff, 0xc0, 0xe7, 0xff, 0xff, 0xbd, 0xe7, 0xff, 
	0xff, 0xbd, 0xe7, 0xff, 0xff, 0xba, 0xe7, 0xff, 
	0xff, 0xc0, 0xe7, 0xff, 0xff, 0xc0, 0xe7, 0xff, 
	0xff, 0xc3, 0xe7, 0xff, 0xff, 0xc3, 0xe7, 0xff, 
	0xff, 0xc1, 0xe7, 0xff, 0xff, 0xbe, 0xe7, 0xff, 
	0xff, 0xc4, 0xe7, 0xff, 0xff, 0xc1, 0xe7, 0xff, 
	0xff, 0xc0, 0xe6, 0xff, 0xff, 0xc0, 0xe6, 0xff, 
	0xff, 0xc0, 0xe6, 0xff, 0xff, 0xc0, 0xe6, 0xff, 
	0xff, 0xbe, 0xe4, 0xff, 0xff, 0xbe, 0xe4, 0xff, 
	0xff, 0xbe, 0xe4, 0xff, 0xff, 0xbe, 0xe4, 0xff, 
	0xff, 0xbe, 0xe7, 0xff, 0xff, 0xbe, 0xe7, 0xff, 
	0xff, 0xbe, 0xe7, 0xff, 0xff, 0xbe, 0xe7, 0xff, 
	0xff, 0xbe, 0xe7, 0xff, 0xff, 0xbb, 0xe4, 0xff, 
	0xff, 0xb8, 0xe1, 0xff, 0xff, 0xbe, 0xe7, 0xff, 
	0xff, 0xc1, 0xe7, 0xff, 0xff, 0xc1, 0xe7, 0xff, 
	0xff, 0xc1, 0xe7, 0xff, 0xff, 0xc3, 0xe7, 0xff, 
	0xff, 0xc4, 0xe7, 0xff, 0xff, 0xc1, 0xe7, 0xff, 
	0xff, 0xc1, 0xe7, 0xff, 0xff, 0xbe, 0xe7, 0xff, 
	0xff, 0xc0, 0xe6, 0xff, 0xff, 0xc0, 0xe6, 0xff, 
	0xff, 0xc0, 0xe6, 0xff, 0xff, 0xc0, 0xe6, 0xff, 
	0xff, 0xc0, 0xe6, 0xff, 0xff, 0xc0, 0xe6, 0xff, 
	0xff, 0xc0, 0xe6, 0xff, 0xff, 0xc0, 0xe6, 0xff, 
	0xff, 0xbf, 0xe7, 0xff, 0xff, 0xbe, 0xe7, 0xff, 
	0xff, 0xbf, 0xe7, 0xff, 0xff, 0xbf, 0xe7, 0xff, 
	0xff, 0xc2, 0xe7, 0xff, 0xff, 0xc2, 0xe7, 0xff, 
	0xff, 0xc2, 0xe7, 0xff, 0xff, 0xc2, 0xe7, 0xff, 
	0xff, 0xc3, 0xe7, 0xff, 0xff, 0xc3, 0xe7, 0xff, 
	0xff, 0xc7, 0xe7, 0xff, 0xff, 0xc5, 0xe7, 0xff, 
	0xff, 0xc4, 0xe7, 0xff, 0xff, 0xc1, 0xe7, 0xff, 
	0xff, 0xc4, 0xe7, 0xff, 0xff, 0xc4, 0xe7, 0xff, 
	0xff, 0xc0, 0xe7, 0xff, 0xff, 0xbd, 0xe7, 0xff, 
	0xff, 0xbd, 0xe7, 0xff, 0xff, 0xba, 0xe7, 0xff, 
	0xff, 0xbd, 0xe7, 0xff, 0xff, 0xba, 0xe7, 0xff, 
	0xff, 0xc0, 0xe7, 0xff, 0xff, 0xc0, 0xe7, 0xff, 
	0xff, 0xbd, 0xe7, 0xff, 0xff, 0xbd, 0xe7, 0xff, 
	0xff, 0xbd, 0xe7, 0xff, 0xff, 0xbd, 0xe7, 0xff, 
	0xff, 0xba, 0xe4, 0xff, 0xff, 0xba, 0xe4, 0xff, 
	0xff, 0xba, 0xe4, 0xff, 0xff, 0xba, 0xe4, 0xff, 
	0xff, 0xba, 0xe4, 0xff, 0xff, 0xba, 0xe4, 0xff, 
	0xff, 0xba, 0xe4, 0xff, 0xff, 0xba, 0xe4, 0xff, 
	0xff, 0xba, 0xe4, 0xff, 0xff, 0xba, 0xe4, 0xff, 
	0xff, 0xba, 0xe4, 0xff, 0xff, 0xba, 0xe4, 0xff, 
	0xff, 0xbb, 0xe4, 0xff, 0xff, 0xbb, 0xe4, 0xff, 
	0xff, 0xbb, 0xe4, 0xff, 0xff, 0xbb, 0xe4, 0xff, 
	0xff, 0xba, 0xe4, 0xff, 0xff, 0xba, 0xe4, 0xff, 
	0xff, 0xba, 0xe4, 0xff, 0xff, 0xba, 0xe4, 0xff, 
	0xff, 0xb7, 0xe4, 0xff, 0xff, 0xb7, 0xe4, 0xff, 
	0xff, 0xb7, 0xe4, 0xff, 0xff, 0xb7, 0xe4, 0xff, 
	0xff, 0xba, 0xe7, 0xff, 0xff, 0xb6, 0xe4, 0xff, 
	0xff, 0xb6, 0xe4, 0xff, 0xff, 0xb6, 0xe4, 0xff, 
	0xff, 0xb7, 0xe4, 0xff, 0xff, 0xb7, 0xe4, 0xff, 
	0xff, 0xb7, 0xe4, 0xff, 0xff, 0xba, 0xe7, 0xff, 
	0xff, 0xba, 0xe7, 0xff, 0xff, 0xba, 0xe7, 0xff, 
	0xff, 0xbd, 0xe7, 0xff, 0xff, 0xbd, 0xe7, 0xff, 
	0xff, 0xbe, 0xe7, 0xff, 0xff, 0xbe, 0xe7, 0xff, 
	0xff, 0xbe, 0xe7, 0xff, 0xff, 0xbe, 0xe7, 0xff, 
	0xff, 0xba, 0xe7, 0xff, 0xff, 0xba, 0xe7, 0xff, 
	0xff, 0xb7, 0xe4, 0xff, 0xff, 0xb7, 0xe4, 0xff, 
	0xff, 0xba, 0xe4, 0xff, 0xff, 0xba, 0xe4, 0xff, 
	0xff, 0xba, 0xe4, 0xff, 0xff, 0xba, 0xe4, 0xff, 
	0xff, 0xc0, 0xe7, 0xff, 0xff, 0xc3, 0xe7, 0xff, 
	0xff, 0xc3, 0xe7, 0xff, 0xff, 0xc3, 0xe7, 0xff, 
	0xff, 0xc3, 0xe7, 0xff, 0xff, 0xc0, 0xe7, 0xff, 
	0xff, 0xc0, 0xe7, 0xff, 0xff, 0xbd, 0xe7, 0xff, 
	0xff, 0xbe, 0xe7, 0xff, 0xff, 0xba, 0xe4, 0xff, 
	0xff, 0xba, 0xe4, 0xff, 0xff, 0xba, 0xe4, 0xff, 
	0xff, 0xbd, 0xe4, 0xff, 0xff, 0xbd, 0xe4, 0xff, 
	0xff, 0xbd, 0xe4, 0xff, 0xff, 0xbd, 0xe4, 0xff, 
	0xff, 0xc0, 0xe7, 0xff, 0xff, 0xc0, 0xe7, 0xff, 
	0xff, 0xc0, 0xe7, 0xff, 0xff, 0xc0, 0xe7, 0xff, 
	0xff, 0xbd, 0xe4, 0xff, 0xff, 0xbd, 0xe4, 0xff, 
	0xff, 0xbd, 0xe4, 0xff, 0xff, 0xbd, 0xe4, 0xff, 
	0xff, 0xba, 0xe4, 0xff, 0xff, 0xba, 0xe4, 0xff, 
	0xff, 0xba, 0xe4, 0xff, 0xff, 0xbe, 0xe7, 0xff, 
	0xff, 0xbe, 0xe7, 0xff, 0xff, 0xbe, 0xe7, 0xff, 
	0xff, 0xbb, 0xe4, 0xff, 0xff, 0xbb, 0xe4, 0xff, 
	0xff, 0xbd, 0xe4, 0xff, 0xff, 0xbd, 0xe4, 0xff, 
	0xff, 0xbd, 0xe4, 0xff, 0xff, 0xbd, 0xe4, 0xff, 
	0xff, 0xbf, 0xe7, 0xff, 0xff, 0xbf, 0xe7, 0xff, 
	0xff, 0xc1, 0xe7, 0xff, 0xff, 0xc1, 0xe7, 0xff, 
	0xff, 0xc1, 0xe7, 0xff, 0xff, 0xc1, 0xe7, 0xff, 
	0xff, 0xc1, 0xe7, 0xff, 0xff, 0xc1, 0xe7, 0xff, 
	0xff, 0xc1, 0xe7, 0xff, 0xff, 0xc1, 0xe7, 0xff, 
	0xff, 0xbe, 0xe7, 0xff, 0xff, 0xbe, 0xe7, 0xff, 
	0xff, 0xc0, 0xe6, 0xff, 0xff, 0xc0, 0xe6, 0xff, 
	0xff, 0xc0, 0xe6, 0xff, 0xff, 0xc0, 0xe6, 0xff, 
	0xff, 0xbf, 0xe7, 0xff, 0xff, 0xbe, 0xe7, 0xff, 
	0xff, 0xbf, 0xe7, 0xff, 0xff, 0xbf, 0xe7, 0xff, 
	0xff, 0xc2, 0xe7, 0xff, 0xff, 0xc2, 0xe7, 0xff, 
	0xff, 0xc2, 0xe7, 0xff, 0xff, 0xc2, 0xe7, 0xff, 
	0xff, 0xc3, 0xe7, 0xff, 0xff, 0xc4, 0xe7, 0xff, 
	0xff, 0xc3, 0xe7, 0xff, 0xff, 0xc5, 0xe7, 0xff, 
	0xff, 0xc4, 0xe7, 0xff, 0xff, 0xc4, 0xe7, 0xff, 
	0xff, 0xc4, 0xe7, 0xff, 0xff, 0xc4, 0xe7, 0xff, 
	0xff, 0xc0, 0xe7, 0xff, 0xff, 0xc0, 0xe7, 0xff, 
	0xff, 0xbd, 0xe7, 0xff, 0xff, 0xbd, 0xe7, 0xff, 
	0xff, 0xbd, 0xe7, 0xff, 0xff, 0xbd, 0xe7, 0xff, 
	0xff, 0xc0, 0xe7, 0xff, 0xff, 0xc0, 0xe7, 0xff, 
	0xff, 0xc3, 0xe7, 0xff, 0xff, 0xc0, 0xe7, 0xff, 
	0xff, 0xbd, 0xe7, 0xff, 0xff, 0xba, 0xe7, 0xff, 
	0xff, 0xba, 0xe4, 0xff, 0xff, 0xba, 0xe4, 0xff, 
	0xff, 0xba, 0xe4, 0xff, 0xff, 0xba, 0xe4, 0xff, 
	0xff, 0xba, 0xe4, 0xff, 0xff, 0xba, 0xe4, 0xff, 
	0xff, 0xba, 0xe4, 0xff, 0xff, 0xba, 0xe4, 0xff, 
	0xff, 0xba, 0xe4, 0xff, 0xff, 0xba, 0xe4, 0xff, 
	0xff, 0xba, 0xe4, 0xff, 0xff, 0xba, 0xe4, 0xff, 
	0xff, 0xbb, 0xe4, 0xff, 0xff, 0xbb, 0xe4, 0xff, 
	0xff, 0xbb, 0xe4, 0xff, 0xff, 0xbb, 0xe4, 0xff, 
	0xff, 0xba, 0xe4, 0xff, 0xff, 0xba, 0xe4, 0xff, 
	0xff, 0xba, 0xe4, 0xff, 0xff, 0xba, 0xe4, 0xff, 
	0xff, 0xba, 0xe7, 0xff, 0xff, 0xb7, 0xe4, 0xff, 
	0xff, 0xb7, 0xe4, 0xff, 0xff, 0xb7, 0xe4, 0xff, 
	0xff, 0xb6, 0xe4, 0xff, 0xff, 0xb6, 0xe4, 0xff, 
	0xff, 0xb6, 0xe4, 0xff, 0xff, 0xb6, 0xe4, 0xff, 
	0xff, 0xb7, 0xe4, 0xff, 0xff, 0xb7, 0xe4, 0xff, 
	0xff, 0xb7, 0xe4, 0xff, 0xff, 0xba, 0xe7, 0xff, 
	0xff, 0xba, 0xe7, 0xff, 0xff, 0xba, 0xe7, 0xff, 
	0xff, 0xc0, 0xe7, 0xff, 0xff, 0xc0, 0xe7, 0xff, 
	0xff, 0xbe, 0xe7, 0xff, 0xff, 0xbe, 0xe7, 0xff, 
	0xff, 0xba, 0xe4, 0xff, 0xff, 0xba, 0xe4, 0xff, 
	0xff, 0xb7, 0xe4, 0xff, 0xff, 0xba, 0xe7, 0xff, 
	0xff, 0xba, 0xe7, 0xff, 0xff, 0xba, 0xe7, 0xff, 
	0xff, 0xba, 0xe4, 0xff, 0xff, 0xba, 0xe4, 0xff, 
	0xff, 0xba, 0xe4, 0xff, 0xff, 0xba, 0xe4, 0xff, 
	0xff, 0xbd, 0xe7, 0xff, 0xff, 0xc3, 0xe7, 0xff, 
	0xff, 0xc3, 0xe7, 0xff, 0xff, 0xc3, 0xe7, 0xff, 
	0xff, 0xc0, 0xe7, 0xff, 0xff, 0xc0, 0xe7, 0xff, 
	0xff, 0xc0, 0xe7, 0xff, 0xff, 0xbd, 0xe7, 0xff, 
	0xff, 0xbe, 0xe7, 0xff, 0xff, 0xba, 0xe4, 0xff, 
	0xff, 0xba, 0xe4, 0xff, 0xff, 0xba, 0xe4, 0xff, 
	0xff, 0xbd, 0xe4, 0xff, 0xff, 0xbd, 0xe4, 0xff, 
	0xff, 0xbd, 0xe4, 0xff, 0xff, 0xbd, 0xe4, 0xff, 
	0xff, 0xc0, 0xe7, 0xff, 0xff, 0xc0, 0xe7, 0xff, 
	0xff, 0xbd, 0xe7, 0xff, 0xff, 0xc0, 0xe7, 0xff, 
	0xff, 0xbd, 0xe4, 0xff, 0xff, 0xbd, 0xe4, 0xff, 
	0xff, 0xbd, 0xe4, 0xff, 0xff, 0xbd, 0xe4, 0xff, 
	0xff, 0xbe, 0xe7, 0xff, 0xff, 0xba, 0xe4, 0xff, 
	0xff, 0xbe, 0xe7, 0xff, 0xff, 0xbe, 0xe7, 0xff, 
	0xff, 0xbe, 0xe7, 0xff, 0xff, 0xbb, 0xe4, 0xff, 
	0xff, 0xbb, 0xe4, 0xff, 0xff, 0xbb, 0xe4, 0xff, 
	0xff, 0xbd, 0xe4, 0xff, 0xff, 0xbd, 0xe4, 0xff, 
	0xff, 0xbd, 0xe4, 0xff, 0xff, 0xbd, 0xe4, 0xff, 
	0xff, 0xbf, 0xe7, 0xff, 0xff, 0xbe, 0xe7, 0xff, 
	0xff, 0xc1, 0xe7, 0xff, 0xff, 0xc1, 0xe7, 0xff, 
	0xff, 0xc3, 0xe7, 0xff, 0xff, 0xc1, 0xe7, 0xff, 
	0xff, 0xc1, 0xe7, 0xff, 0xff, 0xc1, 0xe7, 0xff, 
	0xff, 0xc1, 0xe7, 0xff, 0xff, 0xc1, 0xe7, 0xff, 
	0xff, 0xc1, 0xe7, 0xff, 0xff, 0xc1, 0xe7, 0xff, 
	0xff, 0xc0, 0xe6, 0xff, 0xff, 0xc0, 0xe6, 0xff, 
	0xff, 0xc0, 0xe6, 0xff, 0xff, 0xc0, 0xe6, 0xff, 
	0xff, 0xbf, 0xe7, 0xff, 0xff, 0xbe, 0xe7, 0xff, 
	0xff, 0xbf, 0xe7, 0xff, 0xff, 0xbf, 0xe7, 0xff, 
	0xff, 0xc2, 0xe7, 0xff, 0xff, 0xc2, 0xe7, 0xff, 
	0xff, 0xc2, 0xe7, 0xff, 0xff, 0xc2, 0xe7, 0xff, 
	0xff, 0xc5, 0xe7, 0xff, 0xff, 0xc3, 0xe7, 0xff, 
	0xff, 0xc3, 0xe7, 0xff, 0xff, 0xc5, 0xe7, 0xff, 
	0xff, 0xc7, 0xe7, 0xff, 0xff, 0xc7, 0xe7, 0xff, 
	0xff, 0xc4, 0xe7, 0xff, 0xff, 0xc1, 0xe7, 0xff, 
	0xff, 0xc0, 0xe7, 0xff, 0xff, 0xc0, 0xe7, 0xff, 
	0xff, 0xc0, 0xe7, 0xff, 0xff, 0xc0, 0xe7, 0xff, 
	0xff, 0xc0, 0xe7, 0xff, 0xff, 0xc0, 0xe7, 0xff, 
	0xff, 0xc3, 0xe7, 0xff, 0xff, 0xc0, 0xe7, 0xff, 
	0xff, 0xc0, 0xe7, 0xff, 0xff, 0xc0, 0xe7, 0xff, 
	0xff, 0xbd, 0xe7, 0xff, 0xff, 0xba, 0xe7, 0xff, 
	0xff, 0xba, 0xe4, 0xff, 0xff, 0xba, 0xe4, 0xff, 
	0xff, 0xba, 0xe4, 0xff, 0xff, 0xba, 0xe4, 0xff, 
	0xff, 0xba, 0xe4, 0xff, 0xff, 0xba, 0xe4, 0xff, 
	0xff, 0xba, 0xe4, 0xff, 0xff, 0xba, 0xe4, 0xff, 
	0xff, 0xba, 0xe4, 0xff, 0xff, 0xba, 0xe4, 0xff, 
	0xff, 0xba, 0xe4, 0xff, 0xff, 0xba, 0xe4, 0xff, 
	0xff, 0xbb, 0xe4, 0xff, 0xff, 0xbb, 0xe4, 0xff, 
	0xff, 0xbb, 0xe4, 0xff, 0xff, 0xbb, 0xe4, 0xff, 
	0xff, 0xba, 0xe4, 0xff, 0xff, 0xba, 0xe4, 0xff, 
	0xff, 0xba, 0xe4, 0xff, 0xff, 0xba, 0xe4, 0xff, 
	0xff, 0xba, 0xe7, 0xff, 0xff, 0xb7, 0xe4, 0xff, 
	0xff, 0xb4, 0xe1, 0xff, 0xff, 0xb4, 0xe1, 0xff, 
	0xff, 0xb6, 0xe4, 0xff, 0xff, 0xb6, 0xe4, 0xff, 
	0xff, 0xb6, 0xe4, 0xff, 0xff, 0xb6, 0xe4, 0xff, 
	0xff, 0xb7, 0xe4, 0xff, 0xff, 0xb7, 0xe4, 0xff, 
	0xff, 0xba, 0xe7, 0xff, 0xff, 0xba, 0xe7, 0xff, 
	0xff, 0xba, 0xe7, 0xff, 0xff, 0xba, 0xe7, 0xff, 
	0xff, 0xbd, 0xe7, 0xff, 0xff, 0xbd, 0xe7, 0xff, 
	0xff, 0xbe, 0xe7, 0xff, 0xff, 0xba, 0xe4, 0xff, 
	0xff, 0xba, 0xe4, 0xff, 0xff, 0xb6, 0xe1, 0xff, 
	0xff, 0xb7, 0xe4, 0xff, 0xff, 0xb7, 0xe4, 0xff, 
	0xff, 0xba, 0xe7, 0xff, 0xff, 0xba, 0xe7, 0xff, 
	0xff, 0xba, 0xe4, 0xff, 0xff, 0xba, 0xe4, 0xff, 
	0xff, 0xba, 0xe4, 0xff, 0xff, 0xba, 0xe4, 0xff, 
	0xff, 0xba, 0xe7, 0xff, 0xff, 0xbd, 0xe7, 0xff, 
	0xff, 0xc3, 0xe7, 0xff, 0xff, 0xc0, 0xe7, 0xff, 
	0xff, 0xc0, 0xe7, 0xff, 0xff, 0xbd, 0xe7, 0xff, 
	0xff, 0xbd, 0xe7, 0xff, 0xff, 0xbd, 0xe7, 0xff, 
	0xff, 0xba, 0xe4, 0xff, 0xff, 0xba, 0xe4, 0xff, 
	0xff, 0xba, 0xe4, 0xff, 0xff, 0xba, 0xe4, 0xff, 
	0xff, 0xbd, 0xe4, 0xff, 0xff, 0xbd, 0xe4, 0xff, 
	0xff, 0xbd, 0xe4, 0xff, 0xff, 0xbd, 0xe4, 0xff, 
	0xff, 0xba, 0xe7, 0xff, 0xff, 0xbd, 0xe7, 0xff, 
	0xff, 0xbd, 0xe7, 0xff, 0xff, 0xc0, 0xe7, 0xff, 
	0xff, 0xbd, 0xe4, 0xff, 0xff, 0xbd, 0xe4, 0xff, 
	0xff, 0xbd, 0xe4, 0xff, 0xff, 0xbd, 0xe4, 0xff, 
	0xff, 0xba, 0xe4, 0xff, 0xff, 0xba, 0xe4, 0xff, 
	0xff, 0xba, 0xe4, 0xff, 0xff, 0xbe, 0xe7, 0xff, 
	0xff, 0xbe, 0xe7, 0xff, 0xff, 0xbb, 0xe4, 0xff, 
	0xff, 0xbb, 0xe4, 0xff, 0xff, 0xbb, 0xe4, 0xff, 
	0xff, 0xbd, 0xe4, 0xff, 0xff, 0xbd, 0xe4, 0xff, 
	0xff, 0xbd, 0xe4, 0xff, 0xff, 0xbd, 0xe4, 0xff, 
	0xff, 0xbf, 0xe7, 0xff, 0xff, 0xbe, 0xe7, 0xff, 
	0xff, 0xbf, 0xe7, 0xff, 0xff, 0xbf, 0xe7, 0xff, 
	0xff, 0xc3, 0xe7, 0xff, 0xff, 0xc1, 0xe7, 0xff, 
	0xff, 0xbf, 0xe7, 0xff, 0xff, 0xbf, 0xe7, 0xff, 
	0xff, 0xc1, 0xe7, 0xff, 0xff, 0xc1, 0xe7, 0xff, 
	0xff, 0xbe, 0xe7, 0xff, 0xff, 0xbe, 0xe7, 0xff, 
	0xff, 0xc0, 0xe6, 0xff, 0xff, 0xc0, 0xe6, 0xff, 
	0xff, 0xc0, 0xe6, 0xff, 0xff, 0xc0, 0xe6, 0xff, 
	0xff, 0xbf, 0xe7, 0xff, 0xff, 0xbf, 0xe7, 0xff, 
	0xff, 0xc1, 0xe7, 0xff, 0xff, 0xbe, 0xe7, 0xff, 
	0xff, 0xc2, 0xe7, 0xff, 0xff, 0xc2, 0xe7, 0xff, 
	0xff, 0xc2, 0xe7, 0xff, 0xff, 0xc2, 0xe7, 0xff, 
	0xff, 0xc7, 0xe7, 0xff, 0xff, 0xc7, 0xe7, 0xff, 
	0xff, 0xc4, 0xe7, 0xff, 0xff, 0xc5, 0xe7, 0xff, 
	0xff, 0xc4, 0xe7, 0xff, 0xff, 0xc4, 0xe7, 0xff, 
	0xff, 0xc1, 0xe7, 0xff, 0xff, 0xc1, 0xe7, 0xff, 
	0xff, 0xbd, 0xe7, 0xff, 0xff, 0xc0, 0xe7, 0xff, 
	0xff, 0xbd, 0xe7, 0xff, 0xff, 0xbd, 0xe7, 0xff, 
	0xff, 0xba, 0xe7, 0xff, 0xff, 0xba, 0xe7, 0xff, 
	0xff, 0xbd, 0xe7, 0xff, 0xff, 0xbd, 0xe7, 0xff, 
	0xff, 0xbd, 0xe7, 0xff, 0xff, 0xc0, 0xe7, 0xff, 
	0xff, 0xc0, 0xe7, 0xff, 0xff, 0xba, 0xe7, 0xff, 
	0xff, 0xba, 0xe4, 0xff, 0xff, 0xba, 0xe4, 0xff, 
	0xff, 0xba, 0xe4, 0xff, 0xff, 0xba, 0xe4, 0xff, 
	0xff, 0xba, 0xe4, 0xff, 0xff, 0xba, 0xe4, 0xff, 
	0xff, 0xba, 0xe4, 0xff, 0xff, 0xba, 0xe4, 0xff, 
	0xff, 0xba, 0xe4, 0xff, 0xff, 0xba, 0xe4, 0xff, 
	0xff, 0xba, 0xe4, 0xff, 0xff, 0xba, 0xe4, 0xff, 
	0xff, 0xbb, 0xe4, 0xff, 0xff, 0xbb, 0xe4, 0xff, 
	0xff, 0xbb, 0xe4, 0xff, 0xff, 0xbb, 0xe4, 0xff, 
	0xff, 0xba, 0xe4, 0xff, 0xff, 0xba, 0xe4, 0xff, 
	0xff, 0xba, 0xe4, 0xff, 0xff, 0xba, 0xe4, 0xff, 
	0xff, 0xba, 0xe7, 0xff, 0xff, 0xba, 0xe7, 0xff, 
	0xff, 0xb7, 0xe4, 0xff, 0xff, 0xb7, 0xe4, 0xff, 
	0xff, 0xb6, 0xe4, 0xff, 0xff, 0xb6, 0xe4, 0xff, 
	0xff, 0xb6, 0xe4, 0xff, 0xff, 0xb6, 0xe4, 0xff, 
	0xff, 0xb7, 0xe4, 0xff, 0xff, 0xb7, 0xe4, 0xff, 
	0xff, 0xb7, 0xe4, 0xff, 0xff, 0xb7, 0xe4, 0xff, 
	0xff, 0xba, 0xe7, 0xff, 0xff, 0xba, 0xe7, 0xff, 
	0xff, 0xba, 0xe7, 0xff, 0xff, 0xba, 0xe7, 0xff, 
	0xff, 0xbe, 0xe7, 0xff, 0xff, 0xbe, 0xe7, 0xff, 
	0xff, 0xba, 0xe4, 0xff, 0xff, 0xba, 0xe4, 0xff, 
	0xff, 0xb7, 0xe4, 0xff, 0xff, 0xb7, 0xe4, 0xff, 
	0xff, 0xb7, 0xe4, 0xff, 0xff, 0xb4, 0xe1, 0xff, 
	0xff, 0xba, 0xe4, 0xff, 0xff, 0xba, 0xe4, 0xff, 
	0xff, 0xba, 0xe4, 0xff, 0xff, 0xba, 0xe4, 0xff, 
	0xff, 0xba, 0xe7, 0xff, 0xff, 0xba, 0xe7, 0xff, 
	0xff, 0xc0, 0xe7, 0xff, 0xff, 0xc0, 0xe7, 0xff, 
	0xff, 0xc0, 0xe7, 0xff, 0xff, 0xba, 0xe7, 0xff, 
	0xff, 0xba, 0xe7, 0xff, 0xff, 0xba, 0xe7, 0xff, 
	0xff, 0xba, 0xe4, 0xff, 0xff, 0xba, 0xe4, 0xff, 
	0xff, 0xb6, 0xe1, 0xff, 0xff, 0xba, 0xe4, 0xff, 
	0xff, 0xbd, 0xe4, 0xff, 0xff, 0xbd, 0xe4, 0xff, 
	0xff, 0xbd, 0xe4, 0xff, 0xff, 0xbd, 0xe4, 0xff, 
	0xff, 0xba, 0xe7, 0xff, 0xff, 0xba, 0xe7, 0xff, 
	0xff, 0xba, 0xe7, 0xff, 0xff, 0xbd, 0xe7, 0xff, 
	0xff, 0xbd, 0xe4, 0xff, 0xff, 0xbd, 0xe4, 0xff, 
	0xff, 0xbd, 0xe4, 0xff, 0xff, 0xbd, 0xe4, 0xff, 
	0xff, 0xba, 0xe4, 0xff, 0xff, 0xba, 0xe4, 0xff, 
	0xff, 0xba, 0xe4, 0xff, 0xff, 0xba, 0xe4, 0xff, 
	0xff, 0xbb, 0xe4, 0xff, 0xff, 0xbb, 0xe4, 0xff, 
	0xff, 0xbb, 0xe4, 0xff, 0xff, 0xbb, 0xe4, 0xff, 
	0xff, 0xbd, 0xe4, 0xff, 0xff, 0xbd, 0xe4, 0xff, 
	0xff, 0xbd, 0xe4, 0xff, 0xff, 0xbd, 0xe4, 0xff, 
	0xff, 0xc1, 0xe7, 0xff, 0xff, 0xbf, 0xe7, 0xff, 
	0xff, 0xc1, 0xe7, 0xff, 0xff, 0xc1, 0xe7, 0xff, 
	0xff, 0xc3, 0xe7, 0xff, 0xff, 0xc3, 0xe7, 0xff, 
	0xff, 0xc1, 0xe7, 0xff, 0xff, 0xc1, 0xe7, 0xff, 
	0xff, 0xc4, 0xe7, 0xff, 0xff, 0xc4, 0xe7, 0xff, 
	0xff, 0xc1, 0xe7, 0xff, 0xff, 0xc1, 0xe7, 0xff, 
	0xff, 0xbf, 0xe7, 0xff, 0xff, 0xc1, 0xe7, 0xff, 
	0xff, 0xc1, 0xe7, 0xff, 0xff, 0xc1, 0xe7, 0xff, 
	0xff, 0xc0, 0xe6, 0xff, 0xff, 0xc0, 0xe6, 0xff, 
	0xff, 0xc0, 0xe6, 0xff, 0xff, 0xc0, 0xe6, 0xff, 
	0xff, 0xc1, 0xe7, 0xff, 0xff, 0xc1, 0xe7, 0xff, 
	0xff, 0xc1, 0xe7, 0xff, 0xff, 0xc1, 0xe7, 0xff, 
	0xff, 0xc7, 0xe7, 0xff, 0xff, 0xc5, 0xe7, 0xff, 
	0xff, 0xc4, 0xe7, 0xff, 0xff, 0xc3, 0xe7, 0xff, 
	0xff, 0xc4, 0xe7, 0xff, 0xff, 0xc4, 0xe7, 0xff, 
	0xff, 0xbe, 0xe7, 0xff, 0xff, 0xbe, 0xe7, 0xff, 
	0xff, 0xbe, 0xe7, 0xff, 0xff, 0xbc, 0xe7, 0xff, 
	0xff, 0xbb, 0xe7, 0xff, 0xff, 0xbe, 0xe7, 0xff, 
	0xff, 0xb8, 0xe7, 0xff, 0xff, 0xbb, 0xe7, 0xff, 
	0xff, 0xbe, 0xe7, 0xff, 0xff, 0xbb, 0xe7, 0xff, 
	0xff, 0xbe, 0xe7, 0xff, 0xff, 0xbb, 0xe7, 0xff, 
	0xff, 0xbe, 0xe7, 0xff, 0xff, 0xbc, 0xe7, 0xff, 
	0xff, 0xbb, 0xe7, 0xff, 0xff, 0xbe, 0xe7, 0xff, 
	0xff, 0xbb, 0xe7, 0xff, 0xff, 0xbb, 0xe7, 0xff, 
	0xff, 0xb7, 0xe4, 0xff, 0xff, 0xb7, 0xe4, 0xff, 
	0xff, 0xb7, 0xe4, 0xff, 0xff, 0xb7, 0xe4, 0xff, 
	0xff, 0xb9, 0xe4, 0xff, 0xff, 0xb9, 0xe4, 0xff, 
	0xff, 0xb9, 0xe4, 0xff, 0xff, 0xb9, 0xe4, 0xff, 
	0xff, 0xba, 0xe7, 0xff, 0xff, 0xb6, 0xe4, 0xff, 
	0xff, 0xb6, 0xe4, 0xff, 0xff, 0xb6, 0xe4, 0xff, 
	0xff, 0xba, 0xe4, 0xff, 0xff, 0xba, 0xe4, 0xff, 
	0xff, 0xba, 0xe4, 0xff, 0xff, 0xba, 0xe4, 0xff, 
	0xff, 0xba, 0xe4, 0xff, 0xff, 0xba, 0xe4, 0xff, 
	0xff, 0xba, 0xe4, 0xff, 0xff, 0xba, 0xe4, 0xff, 
	0xff, 0xb6, 0xe4, 0xff, 0xff, 0xb6, 0xe4, 0xff, 
	0xff, 0xb6, 0xe4, 0xff, 0xff, 0xb6, 0xe4, 0xff, 
	0xff, 0xb2, 0xe4, 0xff, 0xff, 0xb2, 0xe4, 0xff, 
	0xff, 0xb2, 0xe4, 0xff, 0xff, 0xb2, 0xe4, 0xff, 
	0xff, 0xb6, 0xe7, 0xff, 0xff, 0xb6, 0xe7, 0xff, 
	0xff, 0xb3, 0xe4, 0xff, 0xff, 0xb6, 0xe7, 0xff, 
	0xff, 0xb7, 0xe4, 0xff, 0xff, 0xb7, 0xe4, 0xff, 
	0xff, 0xb7, 0xe4, 0xff, 0xff, 0xb7, 0xe4, 0xff, 
	0xff, 0xb6, 0xe7, 0xff, 0xff, 0xb3, 0xe4, 0xff, 
	0xff, 0xb3, 0xe4, 0xff, 0xff, 0xb3, 0xe4, 0xff, 
	0xff, 0xb6, 0xe4, 0xff, 0xff, 0xba, 0xe7, 0xff, 
	0xff, 0xb6, 0xe4, 0xff, 0xff, 0xb6, 0xe4, 0xff, 
	0xff, 0xba, 0xe7, 0xff, 0xff, 0xba, 0xe7, 0xff, 
	0xff, 0xba, 0xe7, 0xff, 0xff, 0xba, 0xe7, 0xff, 
	0xff, 0xba, 0xe7, 0xff, 0xff, 0xba, 0xe7, 0xff, 
	0xff, 0xb7, 0xe4, 0xff, 0xff, 0xb7, 0xe4, 0xff, 
	0xff, 0xb7, 0xe4, 0xff, 0xff, 0xb7, 0xe4, 0xff, 
	0xff, 0xb7, 0xe4, 0xff, 0xff, 0xb7, 0xe4, 0xff, 
	0xff, 0xba, 0xe7, 0xff, 0xff, 0xba, 0xe7, 0xff, 
	0xff, 0xba, 0xe7, 0xff, 0xff, 0xb7, 0xe4, 0xff, 
	0xff, 0xb8, 0xe4, 0xff, 0xff, 0xb8, 0xe4, 0xff, 
	0xff, 0xb8, 0xe4, 0xff, 0xff, 0xb8, 0xe4, 0xff, 
	0xff, 0xba, 0xe7, 0xff, 0xff, 0xba, 0xe7, 0xff, 
	0xff, 0xb7, 0xe4, 0xff, 0xff, 0xba, 0xe7, 0xff, 
	0xff, 0xb6, 0xe3, 0xff, 0xff, 0xb6, 0xe3, 0xff, 
	0xff, 0xb6, 0xe3, 0xff, 0xff, 0xb6, 0xe3, 0xff, 
	0xff, 0xba, 0xe4, 0xff, 0xff, 0xba, 0xe4, 0xff, 
	0xff, 0xba, 0xe4, 0xff, 0xff, 0xba, 0xe4, 0xff, 
	0xff, 0xbb, 0xe4, 0xff, 0xff, 0xbb, 0xe4, 0xff, 
	0xff, 0xbb, 0xe4, 0xff, 0xff, 0xbe, 0xe7, 0xff, 
	0xff, 0xc3, 0xe7, 0xff, 0xff, 0xc3, 0xe7, 0xff, 
	0xff, 0xc3, 0xe7, 0xff, 0xff, 0xc5, 0xe7, 0xff, 
	0xff, 0xc3, 0xe7, 0xff, 0xff, 0xc3, 0xe7, 0xff, 
	0xff, 0xc4, 0xe7, 0xff, 0xff, 0xc3, 0xe7, 0xff, 
	0xff, 0xc4, 0xe7, 0xff, 0xff, 0xc4, 0xe7, 0xff, 
	0xff, 0xc3, 0xe7, 0xff, 0xff, 0xc3, 0xe7, 0xff, 
	0xff, 0xbe, 0xe7, 0xff, 0xff, 0xbf, 0xe7, 0xff, 
	0xff, 0xc1, 0xe7, 0xff, 0xff, 0xc1, 0xe7, 0xff, 
	0xff, 0xc0, 0xe6, 0xff, 0xff, 0xc0, 0xe6, 0xff, 
	0xff, 0xc0, 0xe6, 0xff, 0xff, 0xc0, 0xe6, 0xff, 
	0xff, 0xbf, 0xe7, 0xff, 0xff, 0xc1, 0xe7, 0xff, 
	0xff, 0xc1, 0xe7, 0xff, 0xff, 0xc1, 0xe7, 0xff, 
	0xff, 0xc5, 0xe7, 0xff, 0xff, 0xc3, 0xe7, 0xff, 
	0xff, 0xc5, 0xe7, 0xff, 0xff, 0xc3, 0xe7, 0xff, 
	0xff, 0xc1, 0xe7, 0xff, 0xff, 0xc1, 0xe7, 0xff, 
	0xff, 0xbe, 0xe7, 0xff, 0xff, 0xbe, 0xe7, 0xff, 
	0xff, 0xbe, 0xe7, 0xff, 0xff, 0xbb, 0xe7, 0xff, 
	0xff, 0xbb, 0xe7, 0xff, 0xff, 0xbb, 0xe7, 0xff, 
	0xff, 0xbb, 0xe7, 0xff, 0xff, 0xbb, 0xe7, 0xff, 
	0xff, 0xbb, 0xe7, 0xff, 0xff, 0xbb, 0xe7, 0xff, 
	0xff, 0xba, 0xe7, 0xff, 0xff, 0xbe, 0xe7, 0xff, 
	0xff, 0xbb, 0xe7, 0xff, 0xff, 0xbe, 0xe7, 0xff, 
	0xff, 0xbe, 0xe7, 0xff, 0xff, 0xbb, 0xe7, 0xff, 
	0xff, 0xbb, 0xe7, 0xff, 0xff, 0xbb, 0xe7, 0xff, 
	0xff, 0xb7, 0xe4, 0xff, 0xff, 0xb4, 0xe1, 0xff, 
	0xff, 0xb4, 0xe1, 0xff, 0xff, 0xb7, 0xe4, 0xff, 
	0xff, 0xb9, 0xe4, 0xff, 0xff, 0xb9, 0xe4, 0xff, 
	0xff, 0xb9, 0xe4, 0xff, 0xff, 0xb9, 0xe4, 0xff, 
	0xff, 0xb6, 0xe4, 0xff, 0xff, 0xb6, 0xe4, 0xff, 
	0xff, 0xb6, 0xe4, 0xff, 0xff, 0xb6, 0xe4, 0xff, 
	0xff, 0xba, 0xe4, 0xff, 0xff, 0xba, 0xe4, 0xff, 
	0xff, 0xba, 0xe4, 0xff, 0xff, 0xba, 0xe4, 0xff, 
	0xff, 0xba, 0xe4, 0xff, 0xff, 0xba, 0xe4, 0xff, 
	0xff, 0xba, 0xe4, 0xff, 0xff, 0xba, 0xe4, 0xff, 
	0xff, 0xb6, 0xe4, 0xff, 0xff, 0xb2, 0xe1, 0xff, 
	0xff, 0xb2, 0xe1, 0xff, 0xff, 0xb2, 0xe1, 0xff, 
	0xff, 0xb2, 0xe4, 0xff, 0xff, 0xb2, 0xe4, 0xff, 
	0xff, 0xb2, 0xe4, 0xff, 0xff, 0xb2, 0xe4, 0xff, 
	0xff, 0xb3, 0xe4, 0xff, 0xff, 0xb6, 0xe7, 0xff, 
	0xff, 0xb6, 0xe7, 0xff, 0xff, 0xb6, 0xe7, 0xff, 
	0xff, 0xb7, 0xe4, 0xff, 0xff, 0xb7, 0xe4, 0xff, 
	0xff, 0xb7, 0xe4, 0xff, 0xff, 0xb6, 0xe7, 0xff, 
	0xff, 0xb6, 0xe7, 0xff, 0xff, 0xb3, 0xe4, 0xff, 
	0xff, 0xb3, 0xe4, 0xff, 0xff, 0xb3, 0xe4, 0xff, 
	0xff, 0xb6, 0xe4, 0xff, 0xff, 0xb6, 0xe4, 0xff, 
	0xff, 0xb6, 0xe4, 0xff, 0xff, 0xb6, 0xe4, 0xff, 
	0xff, 0xb6, 0xe4, 0xff, 0xff, 0xba, 0xe7, 0xff, 
	0xff, 0xba, 0xe7, 0xff, 0xff, 0xb6, 0xe4, 0xff, 
	0xff, 0xb7, 0xe4, 0xff, 0xff, 0xb4, 0xe1, 0xff, 
	0xff, 0xb4, 0xe1, 0xff, 0xff, 0xb7, 0xe4, 0xff, 
	0xff, 0xb7, 0xe4, 0xff, 0xff, 0xb4, 0xe1, 0xff, 
	0xff, 0xb7, 0xe4, 0xff, 0xff, 0xb7, 0xe4, 0xff, 
	0xff, 0xba, 0xe7, 0xff, 0xff, 0xba, 0xe7, 0xff, 
	0xff, 0xb7, 0xe4, 0xff, 0xff, 0xb7, 0xe4, 0xff, 
	0xff, 0xb8, 0xe4, 0xff, 0xff, 0xb8, 0xe4, 0xff, 
	0xff, 0xb8, 0xe4, 0xff, 0xff, 0xb8, 0xe4, 0xff, 
	0xff, 0xb7, 0xe4, 0xff, 0xff, 0xba, 0xe7, 0xff, 
	0xff, 0xb7, 0xe4, 0xff, 0xff, 0xb7, 0xe4, 0xff, 
	0xff, 0xb6, 0xe3, 0xff, 0xff, 0xb6, 0xe3, 0xff, 
	0xff, 0xb6, 0xe3, 0xff, 0xff, 0xb6, 0xe3, 0xff, 
	0xff, 0xb6, 0xe1, 0xff, 0xff, 0xba, 0xe4, 0xff, 
	0xff, 0xba, 0xe4, 0xff, 0xff, 0xba, 0xe4, 0xff, 
	0xff, 0xbb, 0xe4, 0xff, 0xff, 0xbb, 0xe4, 0xff, 
	0xff, 0xbb, 0xe4, 0xff, 0xff, 0xbe, 0xe7, 0xff, 
	0xff, 0xc3, 0xe7, 0xff, 0xff, 0xc3, 0xe7, 0xff, 
	0xff, 0xc4, 0xe7, 0xff, 0xff, 0xc5, 0xe7, 0xff, 
	0xff, 0xc5, 0xe7, 0xff, 0xff, 0xc3, 0xe7, 0xff, 
	0xff, 0xc4, 0xe7, 0xff, 0xff, 0xc5, 0xe7, 0xff, 
	0xff, 0xc5, 0xe7, 0xff, 0xff, 0xc3, 0xe7, 0xff, 
	0xff, 0xc3, 0xe7, 0xff, 0xff, 0xc3, 0xe7, 0xff, 
	0xff, 0xbe, 0xe7, 0xff, 0xff, 0xbe, 0xe7, 0xff, 
	0xff, 0xbf, 0xe7, 0xff, 0xff, 0xc1, 0xe7, 0xff, 
	0xff, 0xc0, 0xe6, 0xff, 0xff, 0xc0, 0xe6, 0xff, 
	0xff, 0xc0, 0xe6, 0xff, 0xff, 0xc0, 0xe6, 0xff, 
	0xff, 0xbf, 0xe7, 0xff, 0xff, 0xbf, 0xe7, 0xff, 
	0xff, 0xc1, 0xe7, 0xff, 0xff, 0xc1, 0xe7, 0xff, 
	0xff, 0xc5, 0xe7, 0xff, 0xff, 0xc5, 0xe7, 0xff, 
	0xff, 0xc3, 0xe7, 0xff, 0xff, 0xc3, 0xe7, 0xff, 
	0xff, 0xc1, 0xe7, 0xff, 0xff, 0xbe, 0xe7, 0xff, 
	0xff, 0xbe, 0xe7, 0xff, 0xff, 0xbe, 0xe7, 0xff, 
	0xff, 0xbe, 0xe7, 0xff, 0xff, 0xba, 0xe7, 0xff, 
	0xff, 0xba, 0xe7, 0xff, 0xff, 0xbb, 0xe7, 0xff, 
	0xff, 0xb8, 0xe7, 0xff, 0xff, 0xb8, 0xe7, 0xff, 
	0xff, 0xbb, 0xe7, 0xff, 0xff, 0xb8, 0xe7, 0xff, 
	0xff, 0xbb, 0xe7, 0xff, 0xff, 0xbe, 0xe7, 0xff, 
	0xff, 0xbc, 0xe7, 0xff, 0xff, 0xbe, 0xe7, 0xff, 
	0xff, 0xbe, 0xe7, 0xff, 0xff, 0xb8, 0xe7, 0xff, 
	0xff, 0xb8, 0xe7, 0xff, 0xff, 0xb6, 0xe7, 0xff, 
	0xff, 0xb7, 0xe4, 0xff, 0xff, 0xb7, 0xe4, 0xff, 
	0xff, 0xb7, 0xe4, 0xff, 0xff, 0xba, 0xe7, 0xff, 
	0xff, 0xb9, 0xe4, 0xff, 0xff, 0xb9, 0xe4, 0xff, 
	0xff, 0xb9, 0xe4, 0xff, 0xff, 0xb9, 0xe4, 0xff, 
	0xff, 0xb6, 0xe4, 0xff, 0xff, 0xb6, 0xe4, 0xff, 
	0xff, 0xb6, 0xe4, 0xff, 0xff, 0xb6, 0xe4, 0xff, 
	0xff, 0xba, 0xe4, 0xff, 0xff, 0xba, 0xe4, 0xff, 
	0xff, 0xba, 0xe4, 0xff, 0xff, 0xba, 0xe4, 0xff, 
	0xff, 0xba, 0xe4, 0xff, 0xff, 0xba, 0xe4, 0xff, 
	0xff, 0xba, 0xe4, 0xff, 0xff, 0xba, 0xe4, 0xff, 
	0xff, 0xba, 0xe7, 0xff, 0xff, 0xb6, 0xe4, 0xff, 
	0xff, 0xb6, 0xe4, 0xff, 0xff, 0xb6, 0xe4, 0xff, 
	0xff, 0xb2, 0xe4, 0xff, 0xff, 0xb2, 0xe4, 0xff, 
	0xff, 0xb2, 0xe4, 0xff, 0xff, 0xb2, 0xe4, 0xff, 
	0xff, 0xb3, 0xe4, 0xff, 0xff, 0xb3, 0xe4, 0xff, 
	0xff, 0xb3, 0xe4, 0xff, 0xff, 0xb6, 0xe7, 0xff, 
	0xff, 0xb7, 0xe4, 0xff, 0xff, 0xb7, 0xe4, 0xff, 
	0xff, 0xb7, 0xe4, 0xff, 0xff, 0xb7, 0xe4, 0xff, 
	0xff, 0xb6, 0xe7, 0xff, 0xff, 0xb3, 0xe4, 0xff, 
	0xff, 0xb3, 0xe4, 0xff, 0xff, 0xb3, 0xe4, 0xff, 
	0xff, 0xb6, 0xe4, 0xff, 0xff, 0xb6, 0xe4, 0xff, 
	0xff, 0xb2, 0xe1, 0xff, 0xff, 0xb2, 0xe1, 0xff, 
	0xff, 0xb6, 0xe4, 0xff, 0xff, 0xb6, 0xe4, 0xff, 
	0xff, 0xb6, 0xe4, 0xff, 0xff, 0xb6, 0xe4, 0xff, 
	0xff, 0xb7, 0xe4, 0xff, 0xff, 0xb7, 0xe4, 0xff, 
	0xff, 0xb7, 0xe4, 0xff, 0xff, 0xb7, 0xe4, 0xff, 
	0xff, 0xb4, 0xe1, 0xff, 0xff, 0xb7, 0xe4, 0xff, 
	0xff, 0xb7, 0xe4, 0xff, 0xff, 0xba, 0xe7, 0xff, 
	0xff, 0xb7, 0xe4, 0xff, 0xff, 0xba, 0xe7, 0xff, 
	0xff, 0xb7, 0xe4, 0xff, 0xff, 0xb4, 0xe1, 0xff, 
	0xff, 0xb8, 0xe4, 0xff, 0xff, 0xb8, 0xe4, 0xff, 
	0xff, 0xb8, 0xe4, 0xff, 0xff, 0xb8, 0xe4, 0xff, 
	0xff, 0xb4, 0xe1, 0xff, 0xff, 0xb7, 0xe4, 0xff, 
	0xff, 0xb7, 0xe4, 0xff, 0xff, 0xb7, 0xe4, 0xff, 
	0xff, 0xb6, 0xe3, 0xff, 0xff, 0xb6, 0xe3, 0xff, 
	0xff, 0xb6, 0xe3, 0xff, 0xff, 0xb6, 0xe3, 0xff, 
	0xff, 0xb6, 0xe1, 0xff, 0xff, 0xba, 0xe4, 0xff, 
	0xff, 0xba, 0xe4, 0xff, 0xff, 0xbe, 0xe7, 0xff, 
	0xff, 0xbe, 0xe7, 0xff, 0xff, 0xbe, 0xe7, 0xff, 
	0xff, 0xbb, 0xe4, 0xff, 0xff, 0xbe, 0xe7, 0xff, 
	0xff, 0xc3, 0xe7, 0xff, 0xff, 0xc3, 0xe7, 0xff, 
	0xff, 0xc3, 0xe7, 0xff, 0xff, 0xc3, 0xe7, 0xff, 
	0xff, 0xc4, 0xe7, 0xff, 0xff, 0xc7, 0xe7, 0xff, 
	0xff, 0xc7, 0xe7, 0xff, 0xff, 0xc7, 0xe7, 0xff, 
	0xff, 0xc5, 0xe7, 0xff, 0xff, 0xc5, 0xe7, 0xff, 
	0xff, 0xc5, 0xe7, 0xff, 0xff, 0xc5, 0xe7, 0xff, 
	0xff, 0xbe, 0xe7, 0xff, 0xff, 0xbe, 0xe7, 0xff, 
	0xff, 0xbe, 0xe7, 0xff, 0xff, 0xbf, 0xe7, 0xff, 
	0xff, 0xc0, 0xe6, 0xff, 0xff, 0xc0, 0xe6, 0xff, 
	0xff, 0xc0, 0xe6, 0xff, 0xff, 0xc0, 0xe6, 0xff, 
	0xff, 0xbf, 0xe7, 0xff, 0xff, 0xbe, 0xe7, 0xff, 
	0xff, 0xbf, 0xe7, 0xff, 0xff, 0xbf, 0xe7, 0xff, 
	0xff, 0xc3, 0xe7, 0xff, 0xff, 0xc3, 0xe7, 0xff, 
	0xff, 0xc3, 0xe7, 0xff, 0xff, 0xc4, 0xe7, 0xff, 
	0xff, 0xc1, 0xe7, 0xff, 0xff, 0xbe, 0xe7, 0xff, 
	0xff, 0xbe, 0xe7, 0xff, 0xff, 0xbe, 0xe7, 0xff, 
	0xff, 0xbe, 0xe7, 0xff, 0xff, 0xbb, 0xe7, 0xff, 
	0xff, 0xbb, 0xe7, 0xff, 0xff, 0xba, 0xe7, 0xff, 
	0xff, 0xbe, 0xe7, 0xff, 0xff, 0xbb, 0xe7, 0xff, 
	0xff, 0xbb, 0xe7, 0xff, 0xff, 0xbb, 0xe7, 0xff, 
	0xff, 0xba, 0xe7, 0xff, 0xff, 0xbb, 0xe7, 0xff, 
	0xff, 0xbb, 0xe7, 0xff, 0xff, 0xbe, 0xe7, 0xff, 
	0xff, 0xbb, 0xe7, 0xff, 0xff, 0xb8, 0xe7, 0xff, 
	0xff, 0xb8, 0xe7, 0xff, 0xff, 0xb8, 0xe7, 0xff, 
	0xff, 0xb7, 0xe4, 0xff, 0xff, 0xb7, 0xe4, 0xff, 
	0xff, 0xb7, 0xe4, 0xff, 0xff, 0xb7, 0xe4, 0xff, 
	0xff, 0xb9, 0xe4, 0xff, 0xff, 0xb9, 0xe4, 0xff, 
	0xff, 0xb9, 0xe4, 0xff, 0xff, 0xb9, 0xe4, 0xff, 
	0xff, 0xb6, 0xe4, 0xff, 0xff, 0xb6, 0xe4, 0xff, 
	0xff, 0xb6, 0xe4, 0xff, 0xff, 0xba, 0xe7, 0xff, 
	0xff, 0xba, 0xe4, 0xff, 0xff, 0xba, 0xe4, 0xff, 
	0xff, 0xba, 0xe4, 0xff, 0xff, 0xba, 0xe4, 0xff, 
	0xff, 0xba, 0xe4, 0xff, 0xff, 0xba, 0xe4, 0xff, 
	0xff, 0xba, 0xe4, 0xff, 0xff, 0xba, 0xe4, 0xff, 
	0xff, 0xba, 0xe7, 0xff, 0xff, 0xb6, 0xe4, 0xff, 
	0xff, 0xb6, 0xe4, 0xff, 0xff, 0xb6, 0xe4, 0xff, 
	0xff, 0xb2, 0xe4, 0xff, 0xff, 0xb2, 0xe4, 0xff, 
	0xff, 0xae, 0xe1, 0xff, 0xff, 0xb2, 0xe4, 0xff, 
	0xff, 0xb3, 0xe4, 0xff, 0xff, 0xb3, 0xe4, 0xff, 
	0xff, 0xb3, 0xe4, 0xff, 0xff, 0xb3, 0xe4, 0xff, 
	0xff, 0xb7, 0xe4, 0xff, 0xff, 0xb7, 0xe4, 0xff, 
	0xff, 0xb7, 0xe4, 0xff, 0xff, 0xb7, 0xe4, 0xff, 
	0xff, 0xb3, 0xe4, 0xff, 0xff, 0xb3, 0xe4, 0xff, 
	0xff, 0xb3, 0xe4, 0xff, 0xff, 0xb3, 0xe4, 0xff, 
	0xff, 0xb6, 0xe4, 0xff, 0xff, 0xb6, 0xe4, 0xff, 
	0xff, 0xb2, 0xe1, 0xff, 0xff, 0xb2, 0xe1, 0xff, 
	0xff, 0xb6, 0xe4, 0xff, 0xff, 0xb6, 0xe4, 0xff, 
	0xff, 0xb6, 0xe4, 0xff, 0xff, 0xb6, 0xe4, 0xff, 
	0xff, 0xb7, 0xe4, 0xff, 0xff, 0xb7, 0xe4, 0xff, 
	0xff, 0xb7, 0xe4, 0xff, 0xff, 0xb7, 0xe4, 0xff, 
	0xff, 0xb7, 0xe4, 0xff, 0xff, 0xb7, 0xe4, 0xff, 
	0xff, 0xb7, 0xe4, 0xff, 0xff, 0xb4, 0xe1, 0xff, 
	0xff, 0xb7, 0xe4, 0xff, 0xff, 0xb7, 0xe4, 0xff, 
	0xff, 0xb7, 0xe4, 0xff, 0xff, 0xb4, 0xe1, 0xff, 
	0xff, 0xb8, 0xe4, 0xff, 0xff, 0xb8, 0xe4, 0xff, 
	0xff, 0xb8, 0xe4, 0xff, 0xff, 0xb8, 0xe4, 0xff, 
	0xff, 0xb7, 0xe4, 0xff, 0xff, 0xb4, 0xe1, 0xff, 
	0xff, 0xb7, 0xe4, 0xff, 0xff, 0xb7, 0xe4, 0xff, 
	0xff, 0xb6, 0xe3, 0xff, 0xff, 0xb6, 0xe3, 0xff, 
	0xff, 0xb6, 0xe3, 0xff, 0xff, 0xb6, 0xe3, 0xff, 
	0xff, 0xb6, 0xe1, 0xff, 0xff, 0xba, 0xe4, 0xff, 
	0xff, 0xba, 0xe4, 0xff, 0xff, 0xbe, 0xe7, 0xff, 
	0xff, 0xbe, 0xe7, 0xff, 0xff, 0xbe, 0xe7, 0xff, 
	0xff, 0xbb, 0xe4, 0xff, 0xff, 0xbe, 0xe7, 0xff, 
	0xff, 0xc3, 0xe7, 0xff, 0xff, 0xc3, 0xe7, 0xff, 
	0xff, 0xc3, 0xe7, 0xff, 0xff, 0xc5, 0xe7, 0xff, 
	0xff, 0xc7, 0xe7, 0xff, 0xff, 0xc7, 0xe7, 0xff, 
	0xff, 0xc7, 0xe7, 0xff, 0xff, 0xc5, 0xe7, 0xff, 
	0xff, 0xc5, 0xe7, 0xff, 0xff, 0xc5, 0xe7, 0xff, 
	0xff, 0xc3, 0xe7, 0xff, 0xff, 0xc3, 0xe7, 0xff, 
	0xff, 0xbd, 0xe4, 0xff, 0xff, 0xbd, 0xe4, 0xff, 
	0xff, 0xbd, 0xe4, 0xff, 0xff, 0xbd, 0xe4, 0xff, 
	0xff, 0xc3, 0xe7, 0xff, 0xff, 0xc3, 0xe7, 0xff, 
	0xff, 0xc3, 0xe7, 0xff, 0xff, 0xc3, 0xe7, 0xff, 
	0xff, 0xc3, 0xe7, 0xff, 0xff, 0xc0, 0xe7, 0xff, 
	0xff, 0xbd, 0xe7, 0xff, 0xff, 0xbd, 0xe7, 0xff, 
	0xff, 0xc1, 0xe7, 0xff, 0xff, 0xc1, 0xe7, 0xff, 
	0xff, 0xc3, 0xe7, 0xff, 0xff, 0xc1, 0xe7, 0xff, 
	0xff, 0xc3, 0xe7, 0xff, 0xff, 0xc3, 0xe7, 0xff, 
	0xff, 0xc0, 0xe7, 0xff, 0xff, 0xba, 0xe7, 0xff, 
	0xff, 0xbb, 0xe7, 0xff, 0xff, 0xb8, 0xe7, 0xff, 
	0xff, 0xb8, 0xe7, 0xff, 0xff, 0xb8, 0xe7, 0xff, 
	0xff, 0xbc, 0xe7, 0xff, 0xff, 0xba, 0xe7, 0xff, 
	0xff, 0xba, 0xe7, 0xff, 0xff, 0xba, 0xe7, 0xff, 
	0xff, 0xba, 0xe7, 0xff, 0xff, 0xbb, 0xe7, 0xff, 
	0xff, 0xbe, 0xe7, 0xff, 0xff, 0xbb, 0xe7, 0xff, 
	0xff, 0xba, 0xe4, 0xff, 0xff, 0xba, 0xe4, 0xff, 
	0xff, 0xba, 0xe4, 0xff, 0xff, 0xba, 0xe4, 0xff, 
	0xff, 0xb6, 0xe4, 0xff, 0xff, 0xb6, 0xe4, 0xff, 
	0xff, 0xb6, 0xe4, 0xff, 0xff, 0xb6, 0xe4, 0xff, 
	0xff, 0xb8, 0xe4, 0xff, 0xff, 0xb8, 0xe4, 0xff, 
	0xff, 0xb8, 0xe4, 0xff, 0xff, 0xb8, 0xe4, 0xff, 
	0xff, 0xb9, 0xe4, 0xff, 0xff, 0xb9, 0xe4, 0xff, 
	0xff, 0xb9, 0xe4, 0xff, 0xff, 0xb9, 0xe4, 0xff, 
	0xff, 0xb7, 0xe4, 0xff, 0xff, 0xb7, 0xe4, 0xff, 
	0xff, 0xb7, 0xe4, 0xff, 0xff, 0xb7, 0xe4, 0xff, 
	0xff, 0xbb, 0xe7, 0xff, 0xff, 0xbb, 0xe7, 0xff, 
	0xff, 0xbb, 0xe7, 0xff, 0xff, 0xbe, 0xe7, 0xff, 
	0xff, 0xba, 0xe7, 0xff, 0xff, 0xb7, 0xe4, 0xff, 
	0xff, 0xb7, 0xe4, 0xff, 0xff, 0xb7, 0xe4, 0xff, 
	0xff, 0xb2, 0xe4, 0xff, 0xff, 0xb2, 0xe4, 0xff, 
	0xff, 0xae, 0xe1, 0xff, 0xff, 0xae, 0xe1, 0xff, 
	0xff, 0xb1, 0xe3, 0xff, 0xff, 0xb1, 0xe3, 0xff, 
	0xff, 0xb1, 0xe3, 0xff, 0xff, 0xb1, 0xe3, 0xff, 
	0xff, 0xb4, 0xe4, 0xff, 0xff, 0xb4, 0xe4, 0xff, 
	0xff, 0xb4, 0xe4, 0xff, 0xff, 0xb4, 0xe4, 0xff, 
	0xff, 0xb4, 0xe4, 0xff, 0xff, 0xb4, 0xe4, 0xff, 
	0xff, 0xb4, 0xe4, 0xff, 0xff, 0xb4, 0xe4, 0xff, 
	0xff, 0xb2, 0xe3, 0xff, 0xff, 0xb2, 0xe3, 0xff, 
	0xff, 0xb2, 0xe3, 0xff, 0xff, 0xb2, 0xe3, 0xff, 
	0xff, 0xb3, 0xe3, 0xff, 0xff, 0xb3, 0xe3, 0xff, 
	0xff, 0xb3, 0xe3, 0xff, 0xff, 0xb3, 0xe3, 0xff, 
	0xff, 0xb4, 0xe3, 0xff, 0xff, 0xb4, 0xe3, 0xff, 
	0xff, 0xb4, 0xe3, 0xff, 0xff, 0xb4, 0xe3, 0xff, 
	0xff, 0xb4, 0xe3, 0xff, 0xff, 0xb4, 0xe3, 0xff, 
	0xff, 0xb4, 0xe3, 0xff, 0xff, 0xb4, 0xe3, 0xff, 
	0xff, 0xb5, 0xe3, 0xff, 0xff, 0xb5, 0xe3, 0xff, 
	0xff, 0xb5, 0xe3, 0xff, 0xff, 0xb5, 0xe3, 0xff, 
	0xff, 0xba, 0xe7, 0xff, 0xff, 0xb6, 0xe4, 0xff, 
	0xff, 0xb6, 0xe4, 0xff, 0xff, 0xb6, 0xe4, 0xff, 
	0xff, 0xb6, 0xe4, 0xff, 0xff, 0xb6, 0xe4, 0xff, 
	0xff, 0xb6, 0xe4, 0xff, 0xff, 0xb6, 0xe4, 0xff, 
	0xff, 0xb4, 0xe3, 0xff, 0xff, 0xb4, 0xe3, 0xff, 
	0xff, 0xb4, 0xe3, 0xff, 0xff, 0xb4, 0xe3, 0xff, 
	0xff, 0xba, 0xe4, 0xff, 0xff, 0xba, 0xe4, 0xff, 
	0xff, 0xba, 0xe4, 0xff, 0xff, 0xba, 0xe4, 0xff, 
	0xff, 0xbe, 0xe4, 0xff, 0xff, 0xbe, 0xe4, 0xff, 
	0xff, 0xbe, 0xe4, 0xff, 0xff, 0xbe, 0xe4, 0xff, 
	0xff, 0xc1, 0xe7, 0xff, 0xff, 0xc1, 0xe7, 0xff, 
	0xff, 0xc1, 0xe7, 0xff, 0xff, 0xc4, 0xe7, 0xff, 
	0xff, 0xc8, 0xe7, 0xff, 0xff, 0xc5, 0xe7, 0xff, 
	0xff, 0xc5, 0xe7, 0xff, 0xff, 0xc8, 0xe7, 0xff, 
	0xff, 0xc3, 0xe7, 0xff, 0xff, 0xc3, 0xe7, 0xff, 
	0xff, 0xc3, 0xe7, 0xff, 0xff, 0xc3, 0xe7, 0xff, 
	0xff, 0xbd, 0xe4, 0xff, 0xff, 0xbd, 0xe4, 0xff, 
	0xff, 0xbd, 0xe4, 0xff, 0xff, 0xbd, 0xe4, 0xff, 
	0xff, 0xc0, 0xe7, 0xff, 0xff, 0xc0, 0xe7, 0xff, 
	0xff, 0xc0, 0xe7, 0xff, 0xff, 0xc0, 0xe7, 0xff, 
	0xff, 0xc3, 0xe7, 0xff, 0xff, 0xc3, 0xe7, 0xff, 
	0xff, 0xc3, 0xe7, 0xff, 0xff, 0xc0, 0xe7, 0xff, 
	0xff, 0xc1, 0xe7, 0xff, 0xff, 0xc1, 0xe7, 0xff, 
	0xff, 0xc1, 0xe7, 0xff, 0xff, 0xbf, 0xe7, 0xff, 
	0xff, 0xc0, 0xe7, 0xff, 0xff, 0xc0, 0xe7, 0xff, 
	0xff, 0xbd, 0xe7, 0xff, 0xff, 0xbd, 0xe7, 0xff, 
	0xff, 0xb8, 0xe7, 0xff, 0xff, 0xbb, 0xe7, 0xff, 
	0xff, 0xbb, 0xe7, 0xff, 0xff, 0xbe, 0xe7, 0xff, 
	0xff, 0xbe, 0xe7, 0xff, 0xff, 0xbb, 0xe7, 0xff, 
	0xff, 0xbb, 0xe7, 0xff, 0xff, 0xba, 0xe7, 0xff, 
	0xff, 0xba, 0xe7, 0xff, 0xff, 0xba, 0xe7, 0xff, 
	0xff, 0xbb, 0xe7, 0xff, 0xff, 0xbb, 0xe7, 0xff, 
	0xff, 0xba, 0xe4, 0xff, 0xff, 0xba, 0xe4, 0xff, 
	0xff, 0xba, 0xe4, 0xff, 0xff, 0xba, 0xe4, 0xff, 
	0xff, 0xb6, 0xe4, 0xff, 0xff, 0xb6, 0xe4, 0xff, 
	0xff, 0xb2, 0xe1, 0xff, 0xff, 0xb6, 0xe4, 0xff, 
	0xff, 0xb8, 0xe4, 0xff, 0xff, 0xb8, 0xe4, 0xff, 
	0xff, 0xb8, 0xe4, 0xff, 0xff, 0xb8, 0xe4, 0xff, 
	0xff, 0xb9, 0xe4, 0xff, 0xff, 0xb9, 0xe4, 0xff, 
	0xff, 0xb9, 0xe4, 0xff, 0xff, 0xb9, 0xe4, 0xff, 
	0xff, 0xb7, 0xe4, 0xff, 0xff, 0xb7, 0xe4, 0xff, 
	0xff, 0xb7, 0xe4, 0xff, 0xff, 0xb7, 0xe4, 0xff, 
	0xff, 0xb6, 0xe7, 0xff, 0xff, 0xbb, 0xe7, 0xff, 
	0xff, 0xbe, 0xe7, 0xff, 0xff, 0xbb, 0xe7, 0xff, 
	0xff, 0xba, 0xe7, 0xff, 0xff, 0xba, 0xe7, 0xff, 
	0xff, 0xb7, 0xe4, 0xff, 0xff, 0xb7, 0xe4, 0xff, 
	0xff, 0xb2, 0xe4, 0xff, 0xff, 0xae, 0xe1, 0xff, 
	0xff, 0xae, 0xe1, 0xff, 0xff, 0xae, 0xe1, 0xff, 
	0xff, 0xb1, 0xe3, 0xff, 0xff, 0xb1, 0xe3, 0xff, 
	0xff, 0xb1, 0xe3, 0xff, 0xff, 0xb1, 0xe3, 0xff, 
	0xff, 0xb4, 0xe4, 0xff, 0xff, 0xb4, 0xe4, 0xff, 
	0xff, 0xb4, 0xe4, 0xff, 0xff, 0xb4, 0xe4, 0xff, 
	0xff, 0xb4, 0xe4, 0xff, 0xff, 0xb4, 0xe4, 0xff, 
	0xff, 0xb4, 0xe4, 0xff, 0xff, 0xb4, 0xe4, 0xff, 
	0xff, 0xb2, 0xe3, 0xff, 0xff, 0xb2, 0xe3, 0xff, 
	0xff, 0xb2, 0xe3, 0xff, 0xff, 0xb2, 0xe3, 0xff, 
	0xff, 0xb3, 0xe3, 0xff, 0xff, 0xb3, 0xe3, 0xff, 
	0xff, 0xb3, 0xe3, 0xff, 0xff, 0xb3, 0xe3, 0xff, 
	0xff, 0xb4, 0xe3, 0xff, 0xff, 0xb4, 0xe3, 0xff, 
	0xff, 0xb4, 0xe3, 0xff, 0xff, 0xb4, 0xe3, 0xff, 
	0xff, 0xb4, 0xe3, 0xff, 0xff, 0xb4, 0xe3, 0xff, 
	0xff, 0xb4, 0xe3, 0xff, 0xff, 0xb4, 0xe3, 0xff, 
	0xff, 0xb5, 0xe3, 0xff, 0xff, 0xb5, 0xe3, 0xff, 
	0xff, 0xb5, 0xe3, 0xff, 0xff, 0xb5, 0xe3, 0xff, 
	0xff, 0xb6, 0xe4, 0xff, 0xff, 0xb6, 0xe4, 0xff, 
	0xff, 0xba, 0xe7, 0xff, 0xff, 0xba, 0xe7, 0xff, 
	0xff, 0xba, 0xe7, 0xff, 0xff, 0xb6, 0xe4, 0xff, 
	0xff, 0xb6, 0xe4, 0xff, 0xff, 0xb2, 0xe1, 0xff, 
	0xff, 0xb4, 0xe3, 0xff, 0xff, 0xb4, 0xe3, 0xff, 
	0xff, 0xb4, 0xe3, 0xff, 0xff, 0xb4, 0xe3, 0xff, 
	0xff, 0xba, 0xe4, 0xff, 0xff, 0xba, 0xe4, 0xff, 
	0xff, 0xba, 0xe4, 0xff, 0xff, 0xba, 0xe4, 0xff, 
	0xff, 0xbe, 0xe4, 0xff, 0xff, 0xbe, 0xe4, 0xff, 
	0xff, 0xbe, 0xe4, 0xff, 0xff, 0xbe, 0xe4, 0xff, 
	0xff, 0xc1, 0xe7, 0xff, 0xff, 0xc4, 0xe7, 0xff, 
	0xff, 0xc4, 0xe7, 0xff, 0xff, 0xc4, 0xe7, 0xff, 
	0xff, 0xc3, 0xe7, 0xff, 0xff, 0xc5, 0xe7, 0xff, 
	0xff, 0xc8, 0xe7, 0xff, 0xff, 0xc8, 0xe7, 0xff, 
	0xff, 0xc5, 0xe7, 0xff, 0xff, 0xc3, 0xe7, 0xff, 
	0xff, 0xc3, 0xe7, 0xff, 0xff, 0xc3, 0xe7, 0xff, 
	0xff, 0xbd, 0xe4, 0xff, 0xff, 0xbd, 0xe4, 0xff, 
	0xff, 0xbd, 0xe4, 0xff, 0xff, 0xbd, 0xe4, 0xff, 
	0xff, 0xbd, 0xe7, 0xff, 0xff, 0xc0, 0xe7, 0xff, 
	0xff, 0xbd, 0xe7, 0xff, 0xff, 0xc0, 0xe7, 0xff, 
	0xff, 0xc0, 0xe7, 0xff, 0xff, 0xc0, 0xe7, 0xff, 
	0xff, 0xc0, 0xe7, 0xff, 0xff, 0xc3, 0xe7, 0xff, 
	0xff, 0xc1, 0xe7, 0xff, 0xff, 0xc1, 0xe7, 0xff, 
	0xff, 0xc1, 0xe7, 0xff, 0xff, 0xbf, 0xe7, 0xff, 
	0xff, 0xbd, 0xe7, 0xff, 0xff, 0xc0, 0xe7, 0xff, 
	0xff, 0xbd, 0xe7, 0xff, 0xff, 0xba, 0xe7, 0xff, 
	0xff, 0xb8, 0xe7, 0xff, 0xff, 0xb8, 0xe7, 0xff, 
	0xff, 0xbb, 0xe7, 0xff, 0xff, 0xbe, 0xe7, 0xff, 
	0xff, 0xbe, 0xe7, 0xff, 0xff, 0xbc, 0xe7, 0xff, 
	0xff, 0xba, 0xe7, 0xff, 0xff, 0xba, 0xe7, 0xff, 
	0xff, 0xbb, 0xe7, 0xff, 0xff, 0xbe, 0xe7, 0xff, 
	0xff, 0xbe, 0xe7, 0xff, 0xff, 0xbc, 0xe7, 0xff, 
	0xff, 0xba, 0xe4, 0xff, 0xff, 0xba, 0xe4, 0xff, 
	0xff, 0xba, 0xe4, 0xff, 0xff, 0xba, 0xe4, 0xff, 
	0xff, 0xb6, 0xe4, 0xff, 0xff, 0xb6, 0xe4, 0xff, 
	0xff, 0xb6, 0xe4, 0xff, 0xff, 0xb6, 0xe4, 0xff, 
	0xff, 0xb8, 0xe4, 0xff, 0xff, 0xb8, 0xe4, 0xff, 
	0xff, 0xb8, 0xe4, 0xff, 0xff, 0xb8, 0xe4, 0xff, 
	0xff, 0xb9, 0xe4, 0xff, 0xff, 0xb9, 0xe4, 0xff, 
	0xff, 0xb9, 0xe4, 0xff, 0xff, 0xb9, 0xe4, 0xff, 
	0xff, 0xb7, 0xe4, 0xff, 0xff, 0xb7, 0xe4, 0xff, 
	0xff, 0xb7, 0xe4, 0xff, 0xff, 0xb7, 0xe4, 0xff, 
	0xff, 0xb8, 0xe7, 0xff, 0xff, 0xb8, 0xe7, 0xff, 
	0xff, 0xbb, 0xe7, 0xff, 0xff, 0xbb, 0xe7, 0xff, 
	0xff, 0xba, 0xe7, 0xff, 0xff, 0xb7, 0xe4, 0xff, 
	0xff, 0xb4, 0xe1, 0xff, 0xff, 0xb4, 0xe1, 0xff, 
	0xff, 0xb2, 0xe4, 0xff, 0xff, 0xb2, 0xe4, 0xff, 
	0xff, 0xb2, 0xe4, 0xff, 0xff, 0xb2, 0xe4, 0xff, 
	0xff, 0xb1, 0xe3, 0xff, 0xff, 0xb1, 0xe3, 0xff, 
	0xff, 0xb1, 0xe3, 0xff, 0xff, 0xb1, 0xe3, 0xff, 
	0xff, 0xb4, 0xe4, 0xff, 0xff, 0xb4, 0xe4, 0xff, 
	0xff, 0xb4, 0xe4, 0xff, 0xff, 0xb4, 0xe4, 0xff, 
	0xff, 0xb4, 0xe4, 0xff, 0xff, 0xb4, 0xe4, 0xff, 
	0xff, 0xb4, 0xe4, 0xff, 0xff, 0xb4, 0xe4, 0xff, 
	0xff, 0xb2, 0xe3, 0xff, 0xff, 0xb2, 0xe3, 0xff, 
	0xff, 0xb2, 0xe3, 0xff, 0xff, 0xb2, 0xe3, 0xff, 
	0xff, 0xb3, 0xe3, 0xff, 0xff, 0xb3, 0xe3, 0xff, 
	0xff, 0xb3, 0xe3, 0xff, 0xff, 0xb3, 0xe3, 0xff, 
	0xff, 0xb4, 0xe3, 0xff, 0xff, 0xb4, 0xe3, 0xff, 
	0xff, 0xb4, 0xe3, 0xff, 0xff, 0xb4, 0xe3, 0xff, 
	0xff, 0xb4, 0xe3, 0xff, 0xff, 0xb4, 0xe3, 0xff, 
	0xff, 0xb4, 0xe3, 0xff, 0xff, 0xb4, 0xe3, 0xff, 
	0xff, 0xb5, 0xe3, 0xff, 0xff, 0xb5, 0xe3, 0xff, 
	0xff, 0xb5, 0xe3, 0xff, 0xff, 0xb5, 0xe3, 0xff, 
	0xff, 0xb6, 0xe4, 0xff, 0xff, 0xb6, 0xe4, 0xff, 
	0xff, 0xb6, 0xe4, 0xff, 0xff, 0xb6, 0xe4, 0xff, 
	0xff, 0xb6, 0xe4, 0xff, 0xff, 0xb6, 0xe4, 0xff, 
	0xff, 0xb6, 0xe4, 0xff, 0xff, 0xb6, 0xe4, 0xff, 
	0xff, 0xb4, 0xe3, 0xff, 0xff, 0xb4, 0xe3, 0xff, 
	0xff, 0xb4, 0xe3, 0xff, 0xff, 0xb4, 0xe3, 0xff, 
	0xff, 0xba, 0xe4, 0xff, 0xff, 0xba, 0xe4, 0xff, 
	0xff, 0xba, 0xe4, 0xff, 0xff, 0xba, 0xe4, 0xff, 
	0xff, 0xbe, 0xe4, 0xff, 0xff, 0xbe, 0xe4, 0xff, 
	0xff, 0xbe, 0xe4, 0xff, 0xff, 0xbe, 0xe4, 0xff, 
	0xff, 0xbe, 0xe7, 0xff, 0xff, 0xc1, 0xe7, 0xff, 
	0xff, 0xc4, 0xe7, 0xff, 0xff, 0xc4, 0xe7, 0xff, 
	0xff, 0xc8, 0xe7, 0xff, 0xff, 0xc5, 0xe7, 0xff, 
	0xff, 0xc5, 0xe7, 0xff, 0xff, 0xc8, 0xe7, 0xff, 
	0xff, 0xc5, 0xe7, 0xff, 0xff, 0xc4, 0xe7, 0xff, 
	0xff, 0xc5, 0xe7, 0xff, 0xff, 0xc4, 0xe7, 0xff, 
	0xff, 0xbd, 0xe4, 0xff, 0xff, 0xbd, 0xe4, 0xff, 
	0xff, 0xbd, 0xe4, 0xff, 0xff, 0xbd, 0xe4, 0xff, 
	0xff, 0xbd, 0xe7, 0xff, 0xff, 0xbd, 0xe7, 0xff, 
	0xff, 0xbd, 0xe7, 0xff, 0xff, 0xbd, 0xe7, 0xff, 
	0xff, 0xc0, 0xe7, 0xff, 0xff, 0xc0, 0xe7, 0xff, 
	0xff, 0xc0, 0xe7, 0xff, 0xff, 0xc3, 0xe7, 0xff, 
	0xff, 0xc1, 0xe7, 0xff, 0xff, 0xc1, 0xe7, 0xff, 
	0xff, 0xc1, 0xe7, 0xff, 0xff, 0xc1, 0xe7, 0xff, 
	0xff, 0xc0, 0xe7, 0xff, 0xff, 0xbd, 0xe7, 0xff, 
	0xff, 0xba, 0xe7, 0xff, 0xff, 0xbd, 0xe7, 0xff, 
	0xff, 0xbe, 0xe7, 0xff, 0xff, 0xbe, 0xe7, 0xff, 
	0xff, 0xbb, 0xe7, 0xff, 0xff, 0xbe, 0xe7, 0xff, 
	0xff, 0xbc, 0xe7, 0xff, 0xff, 0xbb, 0xe7, 0xff, 
	0xff, 0xbe, 0xe7, 0xff, 0xff, 0xbe, 0xe7, 0xff, 
	0xff, 0xbc, 0xe7, 0xff, 0xff, 0xbe, 0xe7, 0xff, 
	0xff, 0xbe, 0xe7, 0xff, 0xff, 0xbb, 0xe7, 0xff, 
	0xff, 0xba, 0xe4, 0xff, 0xff, 0xba, 0xe4, 0xff, 
	0xff, 0xba, 0xe4, 0xff, 0xff, 0xba, 0xe4, 0xff, 
	0xff, 0xba, 0xe7, 0xff, 0xff, 0xb6, 0xe4, 0xff, 
	0xff, 0xb6, 0xe4, 0xff, 0xff, 0xb6, 0xe4, 0xff, 
	0xff, 0xb8, 0xe4, 0xff, 0xff, 0xb8, 0xe4, 0xff, 
	0xff, 0xb8, 0xe4, 0xff, 0xff, 0xb8, 0xe4, 0xff, 
	0xff, 0xb9, 0xe4, 0xff, 0xff, 0xb9, 0xe4, 0xff, 
	0xff, 0xb9, 0xe4, 0xff, 0xff, 0xb9, 0xe4, 0xff, 
	0xff, 0xb7, 0xe4, 0xff, 0xff, 0xb7, 0xe4, 0xff, 
	0xff, 0xb7, 0xe4, 0xff, 0xff, 0xb7, 0xe4, 0xff, 
	0xff, 0xb6, 0xe7, 0xff, 0xff, 0xb6, 0xe7, 0xff, 
	0xff, 0xb8, 0xe7, 0xff, 0xff, 0xbb, 0xe7, 0xff, 
	0xff, 0xba, 0xe7, 0xff, 0xff, 0xb7, 0xe4, 0xff, 
	0xff, 0xb4, 0xe1, 0xff, 0xff, 0xb4, 0xe1, 0xff, 
	0xff, 0xb6, 0xe7, 0xff, 0xff, 0xb2, 0xe4, 0xff, 
	0xff, 0xb2, 0xe4, 0xff, 0xff, 0xb2, 0xe4, 0xff, 
	0xff, 0xb1, 0xe3, 0xff, 0xff, 0xb1, 0xe3, 0xff, 
	0xff, 0xb1, 0xe3, 0xff, 0xff, 0xb1, 0xe3, 0xff, 
	0xff, 0xb4, 0xe4, 0xff, 0xff, 0xb4, 0xe4, 0xff, 
	0xff, 0xb4, 0xe4, 0xff, 0xff, 0xb4, 0xe4, 0xff, 
	0xff, 0xb4, 0xe4, 0xff, 0xff, 0xb4, 0xe4, 0xff, 
	0xff, 0xb4, 0xe4, 0xff, 0xff, 0xb4, 0xe4, 0xff, 
	0xff, 0xb2, 0xe3, 0xff, 0xff, 0xb2, 0xe3, 0xff, 
	0xff, 0xb2, 0xe3, 0xff, 0xff, 0xb2, 0xe3, 0xff, 
	0xff, 0xb3, 0xe3, 0xff, 0xff, 0xb3, 0xe3, 0xff, 
	0xff, 0xb3, 0xe3, 0xff, 0xff, 0xb3, 0xe3, 0xff, 
	0xff, 0xb4, 0xe3, 0xff, 0xff, 0xb4, 0xe3, 0xff, 
	0xff, 0xb4, 0xe3, 0xff, 0xff, 0xb4, 0xe3, 0xff, 
	0xff, 0xb4, 0xe3, 0xff, 0xff, 0xb4, 0xe3, 0xff, 
	0xff, 0xb4, 0xe3, 0xff, 0xff, 0xb4, 0xe3, 0xff, 
	0xff, 0xb5, 0xe3, 0xff, 0xff, 0xb5, 0xe3, 0xff, 
	0xff, 0xb5, 0xe3, 0xff, 0xff, 0xb5, 0xe3, 0xff, 
	0xff, 0xb6, 0xe4, 0xff, 0xff, 0xb6, 0xe4, 0xff, 
	0xff, 0xb6, 0xe4, 0xff, 0xff, 0xb6, 0xe4, 0xff, 
	0xff, 0xb6, 0xe4, 0xff, 0xff, 0xb6, 0xe4, 0xff, 
	0xff, 0xb6, 0xe4, 0xff, 0xff, 0xb6, 0xe4, 0xff, 
	0xff, 0xb4, 0xe3, 0xff, 0xff, 0xb4, 0xe3, 0xff, 
	0xff, 0xb4, 0xe3, 0xff, 0xff, 0xb4, 0xe3, 0xff, 
	0xff, 0xba, 0xe4, 0xff, 0xff, 0xba, 0xe4, 0xff, 
	0xff, 0xba, 0xe4, 0xff, 0xff, 0xba, 0xe4, 0xff, 
	0xff, 0xbe, 0xe4, 0xff, 0xff, 0xbe, 0xe4, 0xff, 
	0xff, 0xbe, 0xe4, 0xff, 0xff, 0xbe, 0xe4, 0xff, 
	0xff, 0xbe, 0xe7, 0xff, 0xff, 0xc1, 0xe7, 0xff, 
	0xff, 0xc1, 0xe7, 0xff, 0xff, 0xc4, 0xe7, 0xff, 
	0xff, 0xc5, 0xe7, 0xff, 0xff, 0xc8, 0xe7, 0xff, 
	0xff, 0xc8, 0xe7, 0xff, 0xff, 0xc5, 0xe7, 0xff, 
	0xff, 0xc3, 0xe7, 0xff, 0xff, 0xc3, 0xe7, 0xff, 
	0xff, 0xc4, 0xe7, 0xff, 0xff, 0xc4, 0xe7, 0xff, 
	0xff, 0xbd, 0xe7, 0xff, 0xff, 0xbd, 0xe7, 0xff, 
	0xff, 0xba, 0xe7, 0xff, 0xff, 0xba, 0xe7, 0xff, 
	0xff, 0xbd, 0xe7, 0xff, 0xff, 0xba, 0xe7, 0xff, 
	0xff, 0xba, 0xe7, 0xff, 0xff, 0xba, 0xe7, 0xff, 
	0xff, 0xbe, 0xe7, 0xff, 0xff, 0xbe, 0xe7, 0xff, 
	0xff, 0xc1, 0xe7, 0xff, 0xff, 0xc1, 0xe7, 0xff, 
	0xff, 0xc0, 0xe7, 0xff, 0xff, 0xc3, 0xe7, 0xff, 
	0xff, 0xc0, 0xe7, 0xff, 0xff, 0xc3, 0xe7, 0xff, 
	0xff, 0xbf, 0xe6, 0xff, 0xff, 0xbf, 0xe6, 0xff, 
	0xff, 0xbf, 0xe6, 0xff, 0xff, 0xbf, 0xe6, 0xff, 
	0xff, 0xc0, 0xe7, 0xff, 0xff, 0xbd, 0xe7, 0xff, 
	0xff, 0xc0, 0xe7, 0xff, 0xff, 0xc0, 0xe7, 0xff, 
	0xff, 0xba, 0xe7, 0xff, 0xff, 0xbd, 0xe7, 0xff, 
	0xff, 0xba, 0xe7, 0xff, 0xff, 0xbd, 0xe7, 0xff, 
	0xff, 0xbd, 0xe7, 0xff, 0xff, 0xbd, 0xe7, 0xff, 
	0xff, 0xba, 0xe7, 0xff, 0xff, 0xba, 0xe7, 0xff, 
	0xff, 0xbd, 0xe7, 0xff, 0xff, 0xbd, 0xe7, 0xff, 
	0xff, 0xbd, 0xe7, 0xff, 0xff, 0xbd, 0xe7, 0xff, 
	0xff, 0xbb, 0xe7, 0xff, 0xff, 0xbb, 0xe7, 0xff, 
	0xff, 0xbb, 0xe7, 0xff, 0xff, 0xb6, 0xe7, 0xff, 
	0xff, 0xb8, 0xe4, 0xff, 0xff, 0xb8, 0xe4, 0xff, 
	0xff, 0xb8, 0xe4, 0xff, 0xff, 0xb8, 0xe4, 0xff, 
	0xff, 0xb8, 0xe7, 0xff, 0xff, 0xbb, 0xe7, 0xff, 
	0xff, 0xbb, 0xe7, 0xff, 0xff, 0xb8, 0xe7, 0xff, 
	0xff, 0xb9, 0xe4, 0xff, 0xff, 0xb9, 0xe4, 0xff, 
	0xff, 0xb9, 0xe4, 0xff, 0xff, 0xb9, 0xe4, 0xff, 
	0xff, 0xb9, 0xe4, 0xff, 0xff, 0xb9, 0xe4, 0xff, 
	0xff, 0xb9, 0xe4, 0xff, 0xff, 0xb9, 0xe4, 0xff, 
	0xff, 0xba, 0xe7, 0xff, 0xff, 0xb6, 0xe4, 0xff, 
	0xff, 0xb6, 0xe4, 0xff, 0xff, 0xb2, 0xe1, 0xff, 
	0xff, 0xb6, 0xe4, 0xff, 0xff, 0xb2, 0xe1, 0xff, 
	0xff, 0xb2, 0xe1, 0xff, 0xff, 0xb6, 0xe4, 0xff, 
	0xff, 0xba, 0xe7, 0xff, 0xff, 0xb4, 0xe4, 0xff, 
	0xff, 0xaf, 0xe1, 0xff, 0xff, 0xaf, 0xe1, 0xff, 
	0xff, 0xb6, 0xe4, 0xff, 0xff, 0xb6, 0xe4, 0xff, 
	0xff, 0xb6, 0xe4, 0xff, 0xff, 0xb6, 0xe4, 0xff, 
	0xff, 0xb7, 0xe4, 0xff, 0xff, 0xb7, 0xe4, 0xff, 
	0xff, 0xb7, 0xe4, 0xff, 0xff, 0xb7, 0xe4, 0xff, 
	0xff, 0xb6, 0xe4, 0xff, 0xff, 0xb6, 0xe4, 0xff, 
	0xff, 0xb2, 0xe1, 0xff, 0xff, 0xb2, 0xe1, 0xff, 
	0xff, 0xb5, 0xe3, 0xff, 0xff, 0xb5, 0xe3, 0xff, 
	0xff, 0xb5, 0xe3, 0xff, 0xff, 0xb5, 0xe3, 0xff, 
	0xff, 0xb6, 0xe4, 0xff, 0xff, 0xb6, 0xe4, 0xff, 
	0xff, 0xb2, 0xe1, 0xff, 0xff, 0xb2, 0xe1, 0xff, 
	0xff, 0xaf, 0xe1, 0xff, 0xff, 0xb4, 0xe4, 0xff, 
	0xff, 0xb4, 0xe4, 0xff, 0xff, 0xb4, 0xe4, 0xff, 
	0xff, 0xb5, 0xe3, 0xff, 0xff, 0xb5, 0xe3, 0xff, 
	0xff, 0xb5, 0xe3, 0xff, 0xff, 0xb5, 0xe3, 0xff, 
	0xff, 0xb4, 0xe4, 0xff, 0xff, 0xb4, 0xe4, 0xff, 
	0xff, 0xaf, 0xe1, 0xff, 0xff, 0xb4, 0xe4, 0xff, 
	0xff, 0xb5, 0xe4, 0xff, 0xff, 0xb5, 0xe4, 0xff, 
	0xff, 0xb5, 0xe4, 0xff, 0xff, 0xb5, 0xe4, 0xff, 
	0xff, 0xb5, 0xe3, 0xff, 0xff, 0xb5, 0xe3, 0xff, 
	0xff, 0xb5, 0xe3, 0xff, 0xff, 0xb5, 0xe3, 0xff, 
	0xff, 0xba, 0xe4, 0xff, 0xff, 0xba, 0xe4, 0xff, 
	0xff, 0xba, 0xe4, 0xff, 0xff, 0xba, 0xe4, 0xff, 
	0xff, 0xbd, 0xe7, 0xff, 0xff, 0xba, 0xe7, 0xff, 
	0xff, 0xc0, 0xe7, 0xff, 0xff, 0xba, 0xe7, 0xff, 
	0xff, 0xbe, 0xe7, 0xff, 0xff, 0xc2, 0xe7, 0xff, 
	0xff, 0xc2, 0xe7, 0xff, 0xff, 0xc7, 0xe7, 0xff, 
	0xff, 0xc5, 0xe7, 0xff, 0xff, 0xc5, 0xe7, 0xff, 
	0xff, 0xc5, 0xe7, 0xff, 0xff, 0xc5, 0xe7, 0xff, 
	0xff, 0xc7, 0xe7, 0xff, 0xff, 0xc4, 0xe7, 0xff, 
	0xff, 0xc5, 0xe7, 0xff, 0xff, 0xc5, 0xe7, 0xff, 
	0xff, 0xc0, 0xe7, 0xff, 0xff, 0xc0, 0xe7, 0xff, 
	0xff, 0xbd, 0xe7, 0xff, 0xff, 0xbd, 0xe7, 0xff, 
	0xff, 0xbd, 0xe7, 0xff, 0xff, 0xbd, 0xe7, 0xff, 
	0xff, 0xba, 0xe7, 0xff, 0xff, 0xbd, 0xe7, 0xff, 
	0xff, 0xc1, 0xe7, 0xff, 0xff, 0xbf, 0xe7, 0xff, 
	0xff, 0xbf, 0xe7, 0xff, 0xff, 0xbf, 0xe7, 0xff, 
	0xff, 0xc3, 0xe7, 0xff, 0xff, 0xc0, 0xe7, 0xff, 
	0xff, 0xc0, 0xe7, 0xff, 0xff, 0xc0, 0xe7, 0xff, 
	0xff, 0xbf, 0xe6, 0xff, 0xff, 0xbf, 0xe6, 0xff, 
	0xff, 0xbf, 0xe6, 0xff, 0xff, 0xbf, 0xe6, 0xff, 
	0xff, 0xc0, 0xe7, 0xff, 0xff, 0xbd, 0xe7, 0xff, 
	0xff, 0xc0, 0xe7, 0xff, 0xff, 0xbd, 0xe7, 0xff, 
	0xff, 0xba, 0xe7, 0xff, 0xff, 0xbd, 0xe7, 0xff, 
	0xff, 0xbd, 0xe7, 0xff, 0xff, 0xc3, 0xe7, 0xff, 
	0xff, 0xc0, 0xe7, 0xff, 0xff, 0xc0, 0xe7, 0xff, 
	0xff, 0xbd, 0xe7, 0xff, 0xff, 0xc0, 0xe7, 0xff, 
	0xff, 0xbd, 0xe7, 0xff, 0xff, 0xbd, 0xe7, 0xff, 
	0xff, 0xbd, 0xe7, 0xff, 0xff, 0xc0, 0xe7, 0xff, 
	0xff, 0xbb, 0xe7, 0xff, 0xff, 0xbb, 0xe7, 0xff, 
	0xff, 0xbb, 0xe7, 0xff, 0xff, 0xb8, 0xe7, 0xff, 
	0xff, 0xb8, 0xe4, 0xff, 0xff, 0xb8, 0xe4, 0xff, 
	0xff, 0xb8, 0xe4, 0xff, 0xff, 0xb8, 0xe4, 0xff, 
	0xff, 0xbb, 0xe7, 0xff, 0xff, 0xbe, 0xe7, 0xff, 
	0xff, 0xbb, 0xe7, 0xff, 0xff, 0xb8, 0xe7, 0xff, 
	0xff, 0xb9, 0xe4, 0xff, 0xff, 0xb9, 0xe4, 0xff, 
	0xff, 0xb9, 0xe4, 0xff, 0xff, 0xb9, 0xe4, 0xff, 
	0xff, 0xb9, 0xe4, 0xff, 0xff, 0xb9, 0xe4, 0xff, 
	0xff, 0xb9, 0xe4, 0xff, 0xff, 0xb9, 0xe4, 0xff, 
	0xff, 0xb6, 0xe4, 0xff, 0xff, 0xb6, 0xe4, 0xff, 
	0xff, 0xb6, 0xe4, 0xff, 0xff, 0xb6, 0xe4, 0xff, 
	0xff, 0xb6, 0xe4, 0xff, 0xff, 0xb2, 0xe1, 0xff, 
	0xff, 0xb2, 0xe1, 0xff, 0xff, 0xb6, 0xe4, 0xff, 
	0xff, 0xb4, 0xe4, 0xff, 0xff, 0xb4, 0xe4, 0xff, 
	0xff, 0xb4, 0xe4, 0xff, 0xff, 0xb4, 0xe4, 0xff, 
	0xff, 0xb6, 0xe4, 0xff, 0xff, 0xb6, 0xe4, 0xff, 
	0xff, 0xb6, 0xe4, 0xff, 0xff, 0xb6, 0xe4, 0xff, 
	0xff, 0xba, 0xe7, 0xff, 0xff, 0xb7, 0xe4, 0xff, 
	0xff, 0xb7, 0xe4, 0xff, 0xff, 0xb7, 0xe4, 0xff, 
	0xff, 0xb6, 0xe4, 0xff, 0xff, 0xb6, 0xe4, 0xff, 
	0xff, 0xb6, 0xe4, 0xff, 0xff, 0xb6, 0xe4, 0xff, 
	0xff, 0xb5, 0xe3, 0xff, 0xff, 0xb5, 0xe3, 0xff, 
	0xff, 0xb5, 0xe3, 0xff, 0xff, 0xb5, 0xe3, 0xff, 
	0xff, 0xb6, 0xe4, 0xff, 0xff, 0xb6, 0xe4, 0xff, 
	0xff, 0xb2, 0xe1, 0xff, 0xff, 0xb2, 0xe1, 0xff, 
	0xff, 0xb4, 0xe4, 0xff, 0xff, 0xb4, 0xe4, 0xff, 
	0xff, 0xb4, 0xe4, 0xff, 0xff, 0xb4, 0xe4, 0xff, 
	0xff, 0xb5, 0xe3, 0xff, 0xff, 0xb5, 0xe3, 0xff, 
	0xff, 0xb5, 0xe3, 0xff, 0xff, 0xb5, 0xe3, 0xff, 
	0xff, 0xb4, 0xe4, 0xff, 0xff, 0xb4, 0xe4, 0xff, 
	0xff, 0xb4, 0xe4, 0xff, 0xff, 0xb4, 0xe4, 0xff, 
	0xff, 0xb5, 0xe4, 0xff, 0xff, 0xb5, 0xe4, 0xff, 
	0xff, 0xb5, 0xe4, 0xff, 0xff, 0xb5, 0xe4, 0xff, 
	0xff, 0xb5, 0xe3, 0xff, 0xff, 0xb5, 0xe3, 0xff, 
	0xff, 0xb5, 0xe3, 0xff, 0xff, 0xb5, 0xe3, 0xff, 
	0xff, 0xba, 0xe4, 0xff, 0xff, 0xba, 0xe4, 0xff, 
	0xff, 0xba, 0xe4, 0xff, 0xff, 0xba, 0xe4, 0xff, 
	0xff, 0xbd, 0xe7, 0xff, 0xff, 0xbd, 0xe7, 0xff, 
	0xff, 0xc0, 0xe7, 0xff, 0xff, 0xc0, 0xe7, 0xff, 
	0xff, 0xbe, 0xe7, 0xff, 0xff, 0xc2, 0xe7, 0xff, 
	0xff, 0xc2, 0xe7, 0xff, 0xff, 0xc7, 0xe7, 0xff, 
	0xff, 0xc5, 0xe7, 0xff, 0xff, 0xc5, 0xe7, 0xff, 
	0xff, 0xc5, 0xe7, 0xff, 0xff, 0xc5, 0xe7, 0xff, 
	0xff, 0xc5, 0xe7, 0xff, 0xff, 0xc4, 0xe7, 0xff, 
	0xff, 0xc4, 0xe7, 0xff, 0xff, 0xc3, 0xe7, 0xff, 
	0xff, 0xc0, 0xe7, 0xff, 0xff, 0xc0, 0xe7, 0xff, 
	0xff, 0xc0, 0xe7, 0xff, 0xff, 0xc0, 0xe7, 0xff, 
	0xff, 0xc0, 0xe7, 0xff, 0xff, 0xc0, 0xe7, 0xff, 
	0xff, 0xbd, 0xe7, 0xff, 0xff, 0xc0, 0xe7, 0xff, 
	0xff, 0xc1, 0xe7, 0xff, 0xff, 0xc1, 0xe7, 0xff, 
	0xff, 0xbf, 0xe7, 0xff, 0xff, 0xbf, 0xe7, 0xff, 
	0xff, 0xc0, 0xe7, 0xff, 0xff, 0xc0, 0xe7, 0xff, 
	0xff, 0xbd, 0xe7, 0xff, 0xff, 0xbd, 0xe7, 0xff, 
	0xff, 0xbf, 0xe6, 0xff, 0xff, 0xbf, 0xe6, 0xff, 
	0xff, 0xbf, 0xe6, 0xff, 0xff, 0xbf, 0xe6, 0xff, 
	0xff, 0xc0, 0xe7, 0xff, 0xff, 0xc0, 0xe7, 0xff, 
	0xff, 0xc0, 0xe7, 0xff, 0xff, 0xbd, 0xe7, 0xff, 
	0xff, 0xbd, 0xe7, 0xff, 0xff, 0xbd, 0xe7, 0xff, 
	0xff, 0xc0, 0xe7, 0xff, 0xff, 0xc3, 0xe7, 0xff, 
	0xff, 0xc3, 0xe7, 0xff, 0xff, 0xc3, 0xe7, 0xff, 
	0xff, 0xc0, 0xe7, 0xff, 0xff, 0xc0, 0xe7, 0xff, 
	0xff, 0xc0, 0xe7, 0xff, 0xff, 0xbd, 0xe7, 0xff, 
	0xff, 0xbd, 0xe7, 0xff, 0xff, 0xc0, 0xe7, 0xff, 
	0xff, 0xbb, 0xe7, 0xff, 0xff, 0xbe, 0xe7, 0xff, 
	0xff, 0xbe, 0xe7, 0xff, 0xff, 0xbb, 0xe7, 0xff, 
	0xff, 0xb8, 0xe4, 0xff, 0xff, 0xb8, 0xe4, 0xff, 
	0xff, 0xb8, 0xe4, 0xff, 0xff, 0xb8, 0xe4, 0xff, 
	0xff, 0xbe, 0xe7, 0xff, 0xff, 0xbe, 0xe7, 0xff, 
	0xff, 0xbe, 0xe7, 0xff, 0xff, 0xbb, 0xe7, 0xff, 
	0xff, 0xb9, 0xe4, 0xff, 0xff, 0xb9, 0xe4, 0xff, 
	0xff, 0xb9, 0xe4, 0xff, 0xff, 0xb9, 0xe4, 0xff, 
	0xff, 0xb9, 0xe4, 0xff, 0xff, 0xb9, 0xe4, 0xff, 
	0xff, 0xb9, 0xe4, 0xff, 0xff, 0xb9, 0xe4, 0xff, 
	0xff, 0xb6, 0xe4, 0xff, 0xff, 0xb6, 0xe4, 0xff, 
	0xff, 0xb6, 0xe4, 0xff, 0xff, 0xb6, 0xe4, 0xff, 
	0xff, 0xb6, 0xe4, 0xff, 0xff, 0xb6, 0xe4, 0xff, 
	0xff, 0xb6, 0xe4, 0xff, 0xff, 0xb6, 0xe4, 0xff, 
	0xff, 0xb4, 0xe4, 0xff, 0xff, 0xb4, 0xe4, 0xff, 
	0xff, 0xb4, 0xe4, 0xff, 0xff, 0xb4, 0xe4, 0xff, 
	0xff, 0xb6, 0xe4, 0xff, 0xff, 0xb6, 0xe4, 0xff, 
	0xff, 0xb6, 0xe4, 0xff, 0xff, 0xb6, 0xe4, 0xff, 
	0xff, 0xb7, 0xe4, 0xff, 0xff, 0xb7, 0xe4, 0xff, 
	0xff, 0xb7, 0xe4, 0xff, 0xff, 0xb4, 0xe1, 0xff, 
	0xff, 0xb6, 0xe4, 0xff, 0xff, 0xb6, 0xe4, 0xff, 
	0xff, 0xb6, 0xe4, 0xff, 0xff, 0xb6, 0xe4, 0xff, 
	0xff, 0xb5, 0xe3, 0xff, 0xff, 0xb5, 0xe3, 0xff, 
	0xff, 0xb5, 0xe3, 0xff, 0xff, 0xb5, 0xe3, 0xff, 
	0xff, 0xb6, 0xe4, 0xff, 0xff, 0xb6, 0xe4, 0xff, 
	0xff, 0xb6, 0xe4, 0xff, 0xff, 0xb2, 0xe1, 0xff, 
	0xff, 0xb4, 0xe4, 0xff, 0xff, 0xb4, 0xe4, 0xff, 
	0xff, 0xb4, 0xe4, 0xff, 0xff, 0xb4, 0xe4, 0xff, 
	0xff, 0xb5, 0xe3, 0xff, 0xff, 0xb5, 0xe3, 0xff, 
	0xff, 0xb5, 0xe3, 0xff, 0xff, 0xb5, 0xe3, 0xff, 
	0xff, 0xb4, 0xe4, 0xff, 0xff, 0xb4, 0xe4, 0xff, 
	0xff, 0xba, 0xe7, 0xff, 0xff, 0xb4, 0xe4, 0xff, 
	0xff, 0xb5, 0xe4, 0xff, 0xff, 0xb5, 0xe4, 0xff, 
	0xff, 0xb5, 0xe4, 0xff, 0xff, 0xb5, 0xe4, 0xff, 
	0xff, 0xb5, 0xe3, 0xff, 0xff, 0xb5, 0xe3, 0xff, 
	0xff, 0xb5, 0xe3, 0xff, 0xff, 0xb5, 0xe3, 0xff, 
	0xff, 0xba, 0xe4, 0xff, 0xff, 0xba, 0xe4, 0xff, 
	0xff, 0xba, 0xe4, 0xff, 0xff, 0xba, 0xe4, 0xff, 
	0xff, 0xc0, 0xe7, 0xff, 0xff, 0xc0, 0xe7, 0xff, 
	0xff, 0xc0, 0xe7, 0xff, 0xff, 0xc0, 0xe7, 0xff, 
	0xff, 0xc2, 0xe7, 0xff, 0xff, 0xc7, 0xe7, 0xff, 
	0xff, 0xc7, 0xe7, 0xff, 0xff, 0xc7, 0xe7, 0xff, 
	0xff, 0xc5, 0xe7, 0xff, 0xff, 0xc8, 0xe7, 0xff, 
	0xff, 0xc8, 0xe7, 0xff, 0xff, 0xc3, 0xe7, 0xff, 
	0xff, 0xc5, 0xe7, 0xff, 0xff, 0xc3, 0xe7, 0xff, 
	0xff, 0xc4, 0xe7, 0xff, 0xff, 0xc4, 0xe7, 0xff, 
	0xff, 0xc3, 0xe7, 0xff, 0xff, 0xc0, 0xe7, 0xff, 
	0xff, 0xc3, 0xe7, 0xff, 0xff, 0xc3, 0xe7, 0xff, 
	0xff, 0xc3, 0xe7, 0xff, 0xff, 0xc3, 0xe7, 0xff, 
	0xff, 0xc0, 0xe7, 0xff, 0xff, 0xc0, 0xe7, 0xff, 
	0xff, 0xbf, 0xe7, 0xff, 0xff, 0xbf, 0xe7, 0xff, 
	0xff, 0xbf, 0xe7, 0xff, 0xff, 0xc1, 0xe7, 0xff, 
	0xff, 0xbd, 0xe7, 0xff, 0xff, 0xbd, 0xe7, 0xff, 
	0xff, 0xbd, 0xe7, 0xff, 0xff, 0xbd, 0xe7, 0xff, 
	0xff, 0xbf, 0xe6, 0xff, 0xff, 0xbf, 0xe6, 0xff, 
	0xff, 0xbf, 0xe6, 0xff, 0xff, 0xbf, 0xe6, 0xff, 
	0xff, 0xc3, 0xe7, 0xff, 0xff, 0xc0, 0xe7, 0xff, 
	0xff, 0xbd, 0xe7, 0xff, 0xff, 0xba, 0xe7, 0xff, 
	0xff, 0xc0, 0xe7, 0xff, 0xff, 0xc0, 0xe7, 0xff, 
	0xff, 0xc0, 0xe7, 0xff, 0xff, 0xc3, 0xe7, 0xff, 
	0xff, 0xc3, 0xe7, 0xff, 0xff, 0xc3, 0xe7, 0xff, 
	0xff, 0xc0, 0xe7, 0xff, 0xff, 0xc0, 0xe7, 0xff, 
	0xff, 0xc0, 0xe7, 0xff, 0xff, 0xc0, 0xe7, 0xff, 
	0xff, 0xc0, 0xe7, 0xff, 0xff, 0xc0, 0xe7, 0xff, 
	0xff, 0xbb, 0xe7, 0xff, 0xff, 0xbb, 0xe7, 0xff, 
	0xff, 0xbe, 0xe7, 0xff, 0xff, 0xbb, 0xe7, 0xff, 
	0xff, 0xb8, 0xe4, 0xff, 0xff, 0xb8, 0xe4, 0xff, 
	0xff, 0xb8, 0xe4, 0xff, 0xff, 0xb8, 0xe4, 0xff, 
	0xff, 0xbb, 0xe7, 0xff, 0xff, 0xbe, 0xe7, 0xff, 
	0xff, 0xbe, 0xe7, 0xff, 0xff, 0xbe, 0xe7, 0xff, 
	0xff, 0xb9, 0xe4, 0xff, 0xff, 0xb9, 0xe4, 0xff, 
	0xff, 0xb9, 0xe4, 0xff, 0xff, 0xb9, 0xe4, 0xff, 
	0xff, 0xb9, 0xe4, 0xff, 0xff, 0xb9, 0xe4, 0xff, 
	0xff, 0xb9, 0xe4, 0xff, 0xff, 0xb9, 0xe4, 0xff, 
	0xff, 0xb6, 0xe4, 0xff, 0xff, 0xb6, 0xe4, 0xff, 
	0xff, 0xb6, 0xe4, 0xff, 0xff, 0xb6, 0xe4, 0xff, 
	0xff, 0xb6, 0xe4, 0xff, 0xff, 0xb6, 0xe4, 0xff, 
	0xff, 0xb6, 0xe4, 0xff, 0xff, 0xb6, 0xe4, 0xff, 
	0xff, 0xba, 0xe7, 0xff, 0xff, 0xb4, 0xe4, 0xff, 
	0xff, 0xb4, 0xe4, 0xff, 0xff, 0xba, 0xe7, 0xff, 
	0xff, 0xba, 0xe7, 0xff, 0xff, 0xba, 0xe7, 0xff, 
	0xff, 0xb6, 0xe4, 0xff, 0xff, 0xb6, 0xe4, 0xff, 
	0xff, 0xb7, 0xe4, 0xff, 0xff, 0xb7, 0xe4, 0xff, 
	0xff, 0xb7, 0xe4, 0xff, 0xff, 0xb7, 0xe4, 0xff, 
	0xff, 0xb6, 0xe4, 0xff, 0xff, 0xb6, 0xe4, 0xff, 
	0xff, 0xb6, 0xe4, 0xff, 0xff, 0xb6, 0xe4, 0xff, 
	0xff, 0xb5, 0xe3, 0xff, 0xff, 0xb5, 0xe3, 0xff, 
	0xff, 0xb5, 0xe3, 0xff, 0xff, 0xb5, 0xe3, 0xff, 
	0xff, 0xb6, 0xe4, 0xff, 0xff, 0xb6, 0xe4, 0xff, 
	0xff, 0xb6, 0xe4, 0xff, 0xff, 0xb6, 0xe4, 0xff, 
	0xff, 0xb4, 0xe4, 0xff, 0xff, 0xb4, 0xe4, 0xff, 
	0xff, 0xba, 0xe7, 0xff, 0xff, 0xb4, 0xe4, 0xff, 
	0xff, 0xb5, 0xe3, 0xff, 0xff, 0xb5, 0xe3, 0xff, 
	0xff, 0xb5, 0xe3, 0xff, 0xff, 0xb5, 0xe3, 0xff, 
	0xff, 0xaf, 0xe1, 0xff, 0xff, 0xb4, 0xe4, 0xff, 
	0xff, 0xba, 0xe7, 0xff, 0xff, 0xba, 0xe7, 0xff, 
	0xff, 0xb5, 0xe4, 0xff, 0xff, 0xb5, 0xe4, 0xff, 
	0xff, 0xb5, 0xe4, 0xff, 0xff, 0xb5, 0xe4, 0xff, 
	0xff, 0xb5, 0xe3, 0xff, 0xff, 0xb5, 0xe3, 0xff, 
	0xff, 0xb5, 0xe3, 0xff, 0xff, 0xb5, 0xe3, 0xff, 
	0xff, 0xba, 0xe4, 0xff, 0xff, 0xba, 0xe4, 0xff, 
	0xff, 0xba, 0xe4, 0xff, 0xff, 0xba, 0xe4, 0xff, 
	0xff, 0xc0, 0xe7, 0xff, 0xff, 0xc3, 0xe7, 0xff, 
	0xff, 0xc0, 0xe7, 0xff, 0xff, 0xc3, 0xe7, 0xff, 
	0xff, 0xc7, 0xe7, 0xff, 0xff, 0xc7, 0xe7, 0xff, 
	0xff, 0xc7, 0xe7, 0xff, 0xff, 0xc7, 0xe7, 0xff, 
	0xff, 0xc8, 0xe7, 0xff, 0xff, 0xc8, 0xe7, 0xff, 
	0xff, 0xc8, 0xe7, 0xff, 0xff, 0xc5, 0xe7, 0xff, 
	0xff, 0xc4, 0xe7, 0xff, 0xff, 0xc3, 0xe7, 0xff, 
	0xff, 0xc3, 0xe7, 0xff, 0xff, 0xc3, 0xe7, 0xff, 
	0xff, 0xc1, 0xe7, 0xff, 0xff, 0xc1, 0xe7, 0xff, 
	0xff, 0xc1, 0xe7, 0xff, 0xff, 0xc1, 0xe7, 0xff, 
	0xff, 0xc0, 0xe6, 0xff, 0xff, 0xc0, 0xe6, 0xff, 
	0xff, 0xc0, 0xe6, 0xff, 0xff, 0xc0, 0xe6, 0xff, 
	0xff, 0xc0, 0xe6, 0xff, 0xff, 0xc0, 0xe6, 0xff, 
	0xff, 0xc0, 0xe6, 0xff, 0xff, 0xc0, 0xe6, 0xff, 
	0xff, 0xbe, 0xe4, 0xff, 0xff, 0xbe, 0xe4, 0xff, 
	0xff, 0xbe, 0xe4, 0xff, 0xff, 0xbe, 0xe4, 0xff, 
	0xff, 0xbd, 0xe7, 0xff, 0xff, 0xc0, 0xe7, 0xff, 
	0xff, 0xc0, 0xe7, 0xff, 0xff, 0xc3, 0xe7, 0xff, 
	0xff, 0xc1, 0xe7, 0xff, 0xff, 0xc4, 0xe7, 0xff, 
	0xff, 0xc1, 0xe7, 0xff, 0xff, 0xbe, 0xe7, 0xff, 
	0xff, 0xbe, 0xe7, 0xff, 0xff, 0xc1, 0xe7, 0xff, 
	0xff, 0xc1, 0xe7, 0xff, 0xff, 0xc4, 0xe7, 0xff, 
	0xff, 0xc4, 0xe7, 0xff, 0xff, 0xc4, 0xe7, 0xff, 
	0xff, 0xc1, 0xe7, 0xff, 0xff, 0xc1, 0xe7, 0xff, 
	0xff, 0xbe, 0xe7, 0xff, 0xff, 0xc1, 0xe7, 0xff, 
	0xff, 0xc4, 0xe7, 0xff, 0xff, 0xc1, 0xe7, 0xff, 
	0xff, 0xbd, 0xe7, 0xff, 0xff, 0xbd, 0xe7, 0xff, 
	0xff, 0xbd, 0xe7, 0xff, 0xff, 0xbd, 0xe7, 0xff, 
	0xff, 0xbb, 0xe4, 0xff, 0xff, 0xbb, 0xe4, 0xff, 
	0xff, 0xbb, 0xe4, 0xff, 0xff, 0xbb, 0xe4, 0xff, 
	0xff, 0xbd, 0xe7, 0xff, 0xff, 0xc0, 0xe7, 0xff, 
	0xff, 0xbd, 0xe7, 0xff, 0xff, 0xbd, 0xe7, 0xff, 
	0xff, 0xbd, 0xe7, 0xff, 0xff, 0xba, 0xe7, 0xff, 
	0xff, 0xba, 0xe7, 0xff, 0xff, 0xba, 0xe7, 0xff, 
	0xff, 0xba, 0xe4, 0xff, 0xff, 0xba, 0xe4, 0xff, 
	0xff, 0xba, 0xe4, 0xff, 0xff, 0xba, 0xe4, 0xff, 
	0xff, 0xb8, 0xe7, 0xff, 0xff, 0xb8, 0xe7, 0xff, 
	0xff, 0xb8, 0xe7, 0xff, 0xff, 0xb8, 0xe7, 0xff, 
	0xff, 0xb6, 0xe7, 0xff, 0xff, 0xb8, 0xe7, 0xff, 
	0xff, 0xbb, 0xe7, 0xff, 0xff, 0xb6, 0xe7, 0xff, 
	0xff, 0xba, 0xe4, 0xff, 0xff, 0xba, 0xe4, 0xff, 
	0xff, 0xba, 0xe4, 0xff, 0xff, 0xba, 0xe4, 0xff, 
	0xff, 0xba, 0xe4, 0xff, 0xff, 0xba, 0xe4, 0xff, 
	0xff, 0xba, 0xe4, 0xff, 0xff, 0xba, 0xe4, 0xff, 
	0xff, 0xb8, 0xe7, 0xff, 0xff, 0xb8, 0xe7, 0xff, 
	0xff, 0xb6, 0xe7, 0xff, 0xff, 0xbb, 0xe7, 0xff, 
	0xff, 0xba, 0xe4, 0xff, 0xff, 0xba, 0xe4, 0xff, 
	0xff, 0xba, 0xe4, 0xff, 0xff, 0xba, 0xe4, 0xff, 
	0xff, 0xba, 0xe4, 0xff, 0xff, 0xba, 0xe4, 0xff, 
	0xff, 0xba, 0xe4, 0xff, 0xff, 0xba, 0xe4, 0xff, 
	0xff, 0xba, 0xe4, 0xff, 0xff, 0xba, 0xe4, 0xff, 
	0xff, 0xba, 0xe4, 0xff, 0xff, 0xb6, 0xe1, 0xff, 
	0xff, 0xb8, 0xe4, 0xff, 0xff, 0xb8, 0xe4, 0xff, 
	0xff, 0xb3, 0xe1, 0xff, 0xff, 0xb8, 0xe4, 0xff, 
	0xff, 0xb6, 0xe1, 0xff, 0xff, 0xba, 0xe4, 0xff, 
	0xff, 0xba, 0xe4, 0xff, 0xff, 0xb6, 0xe1, 0xff, 
	0xff, 0xb6, 0xe1, 0xff, 0xff, 0xb6, 0xe1, 0xff, 
	0xff, 0xb6, 0xe1, 0xff, 0xff, 0xba, 0xe4, 0xff, 
	0xff, 0xb7, 0xe4, 0xff, 0xff, 0xb7, 0xe4, 0xff, 
	0xff, 0xb7, 0xe4, 0xff, 0xff, 0xb7, 0xe4, 0xff, 
	0xff, 0xbb, 0xe4, 0xff, 0xff, 0xb8, 0xe1, 0xff, 
	0xff, 0xbb, 0xe4, 0xff, 0xff, 0xbb, 0xe4, 0xff, 
	0xff, 0xbd, 0xe7, 0xff, 0xff, 0xbd, 0xe7, 0xff, 
	0xff, 0xbd, 0xe7, 0xff, 0xff, 0xc0, 0xe7, 0xff, 
	0xff, 0xc1, 0xe7, 0xff, 0xff, 0xc1, 0xe7, 0xff, 
	0xff, 0xbf, 0xe7, 0xff, 0xff, 0xc1, 0xe7, 0xff, 
	0xff, 0xc4, 0xe7, 0xff, 0xff, 0xc3, 0xe7, 0xff, 
	0xff, 0xc5, 0xe7, 0xff, 0xff, 0xc5, 0xe7, 0xff, 
	0xff, 0xc5, 0xe7, 0xff, 0xff, 0xc5, 0xe7, 0xff, 
	0xff, 0xc5, 0xe7, 0xff, 0xff, 0xc5, 0xe7, 0xff, 
	0xff, 0xc5, 0xe7, 0xff, 0xff, 0xc5, 0xe7, 0xff, 
	0xff, 0xc5, 0xe7, 0xff, 0xff, 0xc3, 0xe7, 0xff, 
	0xff, 0xc1, 0xe7, 0xff, 0xff, 0xc1, 0xe7, 0xff, 
	0xff, 0xbf, 0xe7, 0xff, 0xff, 0xbe, 0xe7, 0xff, 
	0xff, 0xc0, 0xe6, 0xff, 0xff, 0xc0, 0xe6, 0xff, 
	0xff, 0xc0, 0xe6, 0xff, 0xff, 0xc0, 0xe6, 0xff, 
	0xff, 0xc0, 0xe6, 0xff, 0xff, 0xc0, 0xe6, 0xff, 
	0xff, 0xc0, 0xe6, 0xff, 0xff, 0xc0, 0xe6, 0xff, 
	0xff, 0xbe, 0xe4, 0xff, 0xff, 0xbe, 0xe4, 0xff, 
	0xff, 0xbe, 0xe4, 0xff, 0xff, 0xbe, 0xe4, 0xff, 
	0xff, 0xbd, 0xe7, 0xff, 0xff, 0xc0, 0xe7, 0xff, 
	0xff, 0xc0, 0xe7, 0xff, 0xff, 0xc3, 0xe7, 0xff, 
	0xff, 0xc1, 0xe7, 0xff, 0xff, 0xc4, 0xe7, 0xff, 
	0xff, 0xc1, 0xe7, 0xff, 0xff, 0xbe, 0xe7, 0xff, 
	0xff, 0xbe, 0xe7, 0xff, 0xff, 0xc1, 0xe7, 0xff, 
	0xff, 0xc4, 0xe7, 0xff, 0xff, 0xc7, 0xe7, 0xff, 
	0xff, 0xc7, 0xe7, 0xff, 0xff, 0xc7, 0xe7, 0xff, 
	0xff, 0xc4, 0xe7, 0xff, 0xff, 0xbe, 0xe7, 0xff, 
	0xff, 0xc1, 0xe7, 0xff, 0xff, 0xc1, 0xe7, 0xff, 
	0xff, 0xc4, 0xe7, 0xff, 0xff, 0xc4, 0xe7, 0xff, 
	0xff, 0xc0, 0xe7, 0xff, 0xff, 0xbd, 0xe7, 0xff, 
	0xff, 0xbd, 0xe7, 0xff, 0xff, 0xba, 0xe7, 0xff, 
	0xff, 0xbb, 0xe4, 0xff, 0xff, 0xbb, 0xe4, 0xff, 
	0xff, 0xbb, 0xe4, 0xff, 0xff, 0xbb, 0xe4, 0xff, 
	0xff, 0xbd, 0xe7, 0xff, 0xff, 0xbd, 0xe7, 0xff, 
	0xff, 0xc0, 0xe7, 0xff, 0xff, 0xc0, 0xe7, 0xff, 
	0xff, 0xc0, 0xe7, 0xff, 0xff, 0xbd, 0xe7, 0xff, 
	0xff, 0xba, 0xe7, 0xff, 0xff, 0xba, 0xe7, 0xff, 
	0xff, 0xba, 0xe4, 0xff, 0xff, 0xba, 0xe4, 0xff, 
	0xff, 0xba, 0xe4, 0xff, 0xff, 0xba, 0xe4, 0xff, 
	0xff, 0xb8, 0xe7, 0xff, 0xff, 0xbb, 0xe7, 0xff, 
	0xff, 0xbb, 0xe7, 0xff, 0xff, 0xbb, 0xe7, 0xff, 
	0xff, 0xb8, 0xe7, 0xff, 0xff, 0xbb, 0xe7, 0xff, 
	0xff, 0xbb, 0xe7, 0xff, 0xff, 0xb8, 0xe7, 0xff, 
	0xff, 0xba, 0xe4, 0xff, 0xff, 0xba, 0xe4, 0xff, 
	0xff, 0xba, 0xe4, 0xff, 0xff, 0xba, 0xe4, 0xff, 
	0xff, 0xba, 0xe4, 0xff, 0xff, 0xba, 0xe4, 0xff, 
	0xff, 0xba, 0xe4, 0xff, 0xff, 0xba, 0xe4, 0xff, 
	0xff, 0xbb, 0xe7, 0xff, 0xff, 0xb6, 0xe7, 0xff, 
	0xff, 0xb8, 0xe7, 0xff, 0xff, 0xbb, 0xe7, 0xff, 
	0xff, 0xba, 0xe4, 0xff, 0xff, 0xba, 0xe4, 0xff, 
	0xff, 0xba, 0xe4, 0xff, 0xff, 0xba, 0xe4, 0xff, 
	0xff, 0xba, 0xe4, 0xff, 0xff, 0xba, 0xe4, 0xff, 
	0xff, 0xba, 0xe4, 0xff, 0xff, 0xba, 0xe4, 0xff, 
	0xff, 0xba, 0xe4, 0xff, 0xff, 0xba, 0xe4, 0xff, 
	0xff, 0xba, 0xe4, 0xff, 0xff, 0xba, 0xe4, 0xff, 
	0xff, 0xb8, 0xe4, 0xff, 0xff, 0xb8, 0xe4, 0xff, 
	0xff, 0xb8, 0xe4, 0xff, 0xff, 0xb8, 0xe4, 0xff, 
	0xff, 0xba, 0xe4, 0xff, 0xff, 0xba, 0xe4, 0xff, 
	0xff, 0xba, 0xe4, 0xff, 0xff, 0xba, 0xe4, 0xff, 
	0xff, 0xba, 0xe4, 0xff, 0xff, 0xb6, 0xe1, 0xff, 
	0xff, 0xb6, 0xe1, 0xff, 0xff, 0xba, 0xe4, 0xff, 
	0xff, 0xb7, 0xe4, 0xff, 0xff, 0xb7, 0xe4, 0xff, 
	0xff, 0xb7, 0xe4, 0xff, 0xff, 0xb7, 0xe4, 0xff, 
	0xff, 0xbb, 0xe4, 0xff, 0xff, 0xbb, 0xe4, 0xff, 
	0xff, 0xbb, 0xe4, 0xff, 0xff, 0xbe, 0xe7, 0xff, 
	0xff, 0xc0, 0xe7, 0xff, 0xff, 0xbd, 0xe7, 0xff, 
	0xff, 0xbd, 0xe7, 0xff, 0xff, 0xbd, 0xe7, 0xff, 
	0xff, 0xbf, 0xe7, 0xff, 0xff, 0xbf, 0xe7, 0xff, 
	0xff, 0xbf, 0xe7, 0xff, 0xff, 0xc1, 0xe7, 0xff, 
	0xff, 0xc3, 0xe7, 0xff, 0xff, 0xc3, 0xe7, 0xff, 
	0xff, 0xc5, 0xe7, 0xff, 0xff, 0xc4, 0xe7, 0xff, 
	0xff, 0xc5, 0xe7, 0xff, 0xff, 0xc4, 0xe7, 0xff, 
	0xff, 0xc4, 0xe7, 0xff, 0xff, 0xc4, 0xe7, 0xff, 
	0xff, 0xc5, 0xe7, 0xff, 0xff, 0xc5, 0xe7, 0xff, 
	0xff, 0xc3, 0xe7, 0xff, 0xff, 0xc4, 0xe7, 0xff, 
	0xff, 0xc1, 0xe7, 0xff, 0xff, 0xbe, 0xe7, 0xff, 
	0xff, 0xbf, 0xe7, 0xff, 0xff, 0xbe, 0xe7, 0xff, 
	0xff, 0xc0, 0xe6, 0xff, 0xff, 0xc0, 0xe6, 0xff, 
	0xff, 0xc0, 0xe6, 0xff, 0xff, 0xc0, 0xe6, 0xff, 
	0xff, 0xc0, 0xe6, 0xff, 0xff, 0xc0, 0xe6, 0xff, 
	0xff, 0xc0, 0xe6, 0xff, 0xff, 0xc0, 0xe6, 0xff, 
	0xff, 0xbe, 0xe4, 0xff, 0xff, 0xbe, 0xe4, 0xff, 
	0xff, 0xbe, 0xe4, 0xff, 0xff, 0xbe, 0xe4, 0xff, 
	0xff, 0xbd, 0xe7, 0xff, 0xff, 0xc0, 0xe7, 0xff, 
	0xff, 0xbd, 0xe7, 0xff, 0xff, 0xc0, 0xe7, 0xff, 
	0xff, 0xc1, 0xe7, 0xff, 0xff, 0xc1, 0xe7, 0xff, 
	0xff, 0xc4, 0xe7, 0xff, 0xff, 0xc1, 0xe7, 0xff, 
	0xff, 0xc1, 0xe7, 0xff, 0xff, 0xc1, 0xe7, 0xff, 
	0xff, 0xc1, 0xe7, 0xff, 0xff, 0xc7, 0xe7, 0xff, 
	0xff, 0xc4, 0xe7, 0xff, 0xff, 0xc4, 0xe7, 0xff, 
	0xff, 0xc1, 0xe7, 0xff, 0xff, 0xc1, 0xe7, 0xff, 
	0xff, 0xc1, 0xe7, 0xff, 0xff, 0xc1, 0xe7, 0xff, 
	0xff, 0xc4, 0xe7, 0xff, 0xff, 0xc4, 0xe7, 0xff, 
	0xff, 0xc3, 0xe7, 0xff, 0xff, 0xc0, 0xe7, 0xff, 
	0xff, 0xc0, 0xe7, 0xff, 0xff, 0xba, 0xe7, 0xff, 
	0xff, 0xbb, 0xe4, 0xff, 0xff, 0xbb, 0xe4, 0xff, 
	0xff, 0xbb, 0xe4, 0xff, 0xff, 0xbb, 0xe4, 0xff, 
	0xff, 0xbd, 0xe7, 0xff, 0xff, 0xba, 0xe7, 0xff, 
	0xff, 0xbd, 0xe7, 0xff, 0xff, 0xc0, 0xe7, 0xff, 
	0xff, 0xc0, 0xe7, 0xff, 0xff, 0xc0, 0xe7, 0xff, 
	0xff, 0xc0, 0xe7, 0xff, 0xff, 0xbd, 0xe7, 0xff, 
	0xff, 0xba, 0xe4, 0xff, 0xff, 0xba, 0xe4, 0xff, 
	0xff, 0xba, 0xe4, 0xff, 0xff, 0xba, 0xe4, 0xff, 
	0xff, 0xb8, 0xe7, 0xff, 0xff, 0xbb, 0xe7, 0xff, 
	0xff, 0xb8, 0xe7, 0xff, 0xff, 0xb8, 0xe7, 0xff, 
	0xff, 0xb8, 0xe7, 0xff, 0xff, 0xbb, 0xe7, 0xff, 
	0xff, 0xbb, 0xe7, 0xff, 0xff, 0xbb, 0xe7, 0xff, 
	0xff, 0xba, 0xe4, 0xff, 0xff, 0xba, 0xe4, 0xff, 
	0xff, 0xba, 0xe4, 0xff, 0xff, 0xba, 0xe4, 0xff, 
	0xff, 0xba, 0xe4, 0xff, 0xff, 0xba, 0xe4, 0xff, 
	0xff, 0xba, 0xe4, 0xff, 0xff, 0xba, 0xe4, 0xff, 
	0xff, 0xb8, 0xe7, 0xff, 0xff, 0xbb, 0xe7, 0xff, 
	0xff, 0xbb, 0xe7, 0xff, 0xff, 0xbe, 0xe7, 0xff, 
	0xff, 0xba, 0xe4, 0xff, 0xff, 0xba, 0xe4, 0xff, 
	0xff, 0xba, 0xe4, 0xff, 0xff, 0xba, 0xe4, 0xff, 
	0xff, 0xba, 0xe4, 0xff, 0xff, 0xba, 0xe4, 0xff, 
	0xff, 0xba, 0xe4, 0xff, 0xff, 0xba, 0xe4, 0xff, 
	0xff, 0xba, 0xe4, 0xff, 0xff, 0xba, 0xe4, 0xff, 
	0xff, 0xba, 0xe4, 0xff, 0xff, 0xba, 0xe4, 0xff, 
	0xff, 0xb8, 0xe4, 0xff, 0xff, 0xb8, 0xe4, 0xff, 
	0xff, 0xb8, 0xe4, 0xff, 0xff, 0xb8, 0xe4, 0xff, 
	0xff, 0xba, 0xe4, 0xff, 0xff, 0xba, 0xe4, 0xff, 
	0xff, 0xba, 0xe4, 0xff, 0xff, 0xba, 0xe4, 0xff, 
	0xff, 0xba, 0xe4, 0xff, 0xff, 0xba, 0xe4, 0xff, 
	0xff, 0xba, 0xe4, 0xff, 0xff, 0xba, 0xe4, 0xff, 
	0xff, 0xba, 0xe7, 0xff, 0xff, 0xb7, 0xe4, 0xff, 
	0xff, 0xb7, 0xe4, 0xff, 0xff, 0xb4, 0xe1, 0xff, 
	0xff, 0xbb, 0xe4, 0xff, 0xff, 0xbb, 0xe4, 0xff, 
	0xff, 0xbb, 0xe4, 0xff, 0xff, 0xbb, 0xe4, 0xff, 
	0xff, 0xc0, 0xe7, 0xff, 0xff, 0xc0, 0xe7, 0xff, 
	0xff, 0xc0, 0xe7, 0xff, 0xff, 0xc0, 0xe7, 0xff, 
	0xff, 0xc1, 0xe7, 0xff, 0xff, 0xc1, 0xe7, 0xff, 
	0xff, 0xc1, 0xe7, 0xff, 0xff, 0xc1, 0xe7, 0xff, 
	0xff, 0xc3, 0xe7, 0xff, 0xff, 0xc3, 0xe7, 0xff, 
	0xff, 0xc3, 0xe7, 0xff, 0xff, 0xc4, 0xe7, 0xff, 
	0xff, 0xc4, 0xe7, 0xff, 0xff, 0xc4, 0xe7, 0xff, 
	0xff, 0xc4, 0xe7, 0xff, 0xff, 0xc4, 0xe7, 0xff, 
	0xff, 0xc3, 0xe7, 0xff, 0xff, 0xc5, 0xe7, 0xff, 
	0xff, 0xc3, 0xe7, 0xff, 0xff, 0xc3, 0xe7, 0xff, 
	0xff, 0xbf, 0xe7, 0xff, 0xff, 0xbe, 0xe7, 0xff, 
	0xff, 0xbe, 0xe7, 0xff, 0xff, 0xbe, 0xe7, 0xff, 
	0xff, 0xc0, 0xe6, 0xff, 0xff, 0xc0, 0xe6, 0xff, 
	0xff, 0xc0, 0xe6, 0xff, 0xff, 0xc0, 0xe6, 0xff, 
	0xff, 0xc0, 0xe6, 0xff, 0xff, 0xc0, 0xe6, 0xff, 
	0xff, 0xc0, 0xe6, 0xff, 0xff, 0xc0, 0xe6, 0xff, 
	0xff, 0xbe, 0xe4, 0xff, 0xff, 0xbe, 0xe4, 0xff, 
	0xff, 0xbe, 0xe4, 0xff, 0xff, 0xbe, 0xe4, 0xff, 
	0xff, 0xbd, 0xe7, 0xff, 0xff, 0xc0, 0xe7, 0xff, 
	0xff, 0xbd, 0xe7, 0xff, 0xff, 0xbd, 0xe7, 0xff, 
	0xff, 0xc1, 0xe7, 0xff, 0xff, 0xc1, 0xe7, 0xff, 
	0xff, 0xc1, 0xe7, 0xff, 0xff, 0xc1, 0xe7, 0xff, 
	0xff, 0xbe, 0xe7, 0xff, 0xff, 0xc1, 0xe7, 0xff, 
	0xff, 0xc1, 0xe7, 0xff, 0xff, 0xc1, 0xe7, 0xff, 
	0xff, 0xc4, 0xe7, 0xff, 0xff, 0xc1, 0xe7, 0xff, 
	0xff, 0xc4, 0xe7, 0xff, 0xff, 0xc1, 0xe7, 0xff, 
	0xff, 0xc1, 0xe7, 0xff, 0xff, 0xc1, 0xe7, 0xff, 
	0xff, 0xc4, 0xe7, 0xff, 0xff, 0xc1, 0xe7, 0xff, 
	0xff, 0xc3, 0xe7, 0xff, 0xff, 0xc3, 0xe7, 0xff, 
	0xff, 0xc0, 0xe7, 0xff, 0xff, 0xba, 0xe7, 0xff, 
	0xff, 0xbb, 0xe4, 0xff, 0xff, 0xbb, 0xe4, 0xff, 
	0xff, 0xbb, 0xe4, 0xff, 0xff, 0xbb, 0xe4, 0xff, 
	0xff, 0xbd, 0xe7, 0xff, 0xff, 0xbd, 0xe7, 0xff, 
	0xff, 0xc0, 0xe7, 0xff, 0xff, 0xc0, 0xe7, 0xff, 
	0xff, 0xc0, 0xe7, 0xff, 0xff, 0xc0, 0xe7, 0xff, 
	0xff, 0xbd, 0xe7, 0xff, 0xff, 0xbd, 0xe7, 0xff, 
	0xff, 0xba, 0xe4, 0xff, 0xff, 0xba, 0xe4, 0xff, 
	0xff, 0xba, 0xe4, 0xff, 0xff, 0xba, 0xe4, 0xff, 
	0xff, 0xbb, 0xe7, 0xff, 0xff, 0xbe, 0xe7, 0xff, 
	0xff, 0xbe, 0xe7, 0xff, 0xff, 0xbe, 0xe7, 0xff, 
	0xff, 0xbe, 0xe7, 0xff, 0xff, 0xbe, 0xe7, 0xff, 
	0xff, 0xbb, 0xe7, 0xff, 0xff, 0xbe, 0xe7, 0xff, 
	0xff, 0xba, 0xe4, 0xff, 0xff, 0xba, 0xe4, 0xff, 
	0xff, 0xba, 0xe4, 0xff, 0xff, 0xba, 0xe4, 0xff, 
	0xff, 0xba, 0xe4, 0xff, 0xff, 0xba, 0xe4, 0xff, 
	0xff, 0xba, 0xe4, 0xff, 0xff, 0xba, 0xe4, 0xff, 
	0xff, 0xbb, 0xe7, 0xff, 0xff, 0xbb, 0xe7, 0xff, 
	0xff, 0xbb, 0xe7, 0xff, 0xff, 0xbe, 0xe7, 0xff, 
	0xff, 0xba, 0xe4, 0xff, 0xff, 0xba, 0xe4, 0xff, 
	0xff, 0xba, 0xe4, 0xff, 0xff, 0xba, 0xe4, 0xff, 
	0xff, 0xba, 0xe4, 0xff, 0xff, 0xba, 0xe4, 0xff, 
	0xff, 0xba, 0xe4, 0xff, 0xff, 0xba, 0xe4, 0xff, 
	0xff, 0xbe, 0xe7, 0xff, 0xff, 0xba, 0xe4, 0xff, 
	0xff, 0xba, 0xe4, 0xff, 0xff, 0xba, 0xe4, 0xff, 
	0xff, 0xb8, 0xe4, 0xff, 0xff, 0xb8, 0xe4, 0xff, 
	0xff, 0xb8, 0xe4, 0xff, 0xff, 0xb8, 0xe4, 0xff, 
	0xff, 0xbe, 0xe7, 0xff, 0xff, 0xba, 0xe4, 0xff, 
	0xff, 0xbe, 0xe7, 0xff, 0xff, 0xbe, 0xe7, 0xff, 
	0xff, 0xba, 0xe4, 0xff, 0xff, 0xbe, 0xe7, 0xff, 
	0xff, 0xbe, 0xe7, 0xff, 0xff, 0xba, 0xe4, 0xff, 
	0xff, 0xba, 0xe7, 0xff, 0xff, 0xba, 0xe7, 0xff, 
	0xff, 0xb7, 0xe4, 0xff, 0xff, 0xb7, 0xe4, 0xff, 
	0xff, 0xbb, 0xe4, 0xff, 0xff, 0xbb, 0xe4, 0xff, 
	0xff, 0xbe, 0xe7, 0xff, 0xff, 0xbe, 0xe7, 0xff, 
	0xff, 0xc0, 0xe7, 0xff, 0xff, 0xc0, 0xe7, 0xff, 
	0xff, 0xbd, 0xe7, 0xff, 0xff, 0xc0, 0xe7, 0xff, 
	0xff, 0xbf, 0xe7, 0xff, 0xff, 0xbe, 0xe7, 0xff, 
	0xff, 0xbf, 0xe7, 0xff, 0xff, 0xbf, 0xe7, 0xff, 
	0xff, 0xc3, 0xe7, 0xff, 0xff, 0xc3, 0xe7, 0xff, 
	0xff, 0xc3, 0xe7, 0xff, 0xff, 0xc5, 0xe7, 0xff, 
	0xff, 0xc4, 0xe7, 0xff, 0xff, 0xc4, 0xe7, 0xff, 
	0xff, 0xc4, 0xe7, 0xff, 0xff, 0xc3, 0xe7, 0xff, 
	0xff, 0xc3, 0xe7, 0xff, 0xff, 0xc3, 0xe7, 0xff, 
	0xff, 0xc3, 0xe7, 0xff, 0xff, 0xc3, 0xe7, 0xff, 
	0xff, 0xbf, 0xe7, 0xff, 0xff, 0xc1, 0xe7, 0xff, 
	0xff, 0xbe, 0xe7, 0xff, 0xff, 0xbf, 0xe7, 0xff, 
	0xff, 0xc1, 0xe7, 0xff, 0xff, 0xbe, 0xe7, 0xff, 
	0xff, 0xc1, 0xe7, 0xff, 0xff, 0xc1, 0xe7, 0xff, 
	0xff, 0xc0, 0xe7, 0xff, 0xff, 0xc0, 0xe7, 0xff, 
	0xff, 0xc0, 0xe7, 0xff, 0xff, 0xc0, 0xe7, 0xff, 
	0xff, 0xbe, 0xe7, 0xff, 0xff, 0xbe, 0xe7, 0xff, 
	0xff, 0xbe, 0xe7, 0xff, 0xff, 0xba, 0xe4, 0xff, 
	0xff, 0xba, 0xe4, 0xff, 0xff, 0xbe, 0xe7, 0xff, 
	0xff, 0xbe, 0xe7, 0xff, 0xff, 0xbe, 0xe7, 0xff, 
	0xff, 0xc0, 0xe6, 0xff, 0xff, 0xc0, 0xe6, 0xff, 
	0xff, 0xc0, 0xe6, 0xff, 0xff, 0xc0, 0xe6, 0xff, 
	0xff, 0xc1, 0xe7, 0xff, 0xff, 0xc1, 0xe7, 0xff, 
	0xff, 0xc1, 0xe7, 0xff, 0xff, 0xc1, 0xe7, 0xff, 
	0xff, 0xc4, 0xe7, 0xff, 0xff, 0xc4, 0xe7, 0xff, 
	0xff, 0xc4, 0xe7, 0xff, 0xff, 0xc1, 0xe7, 0xff, 
	0xff, 0xc1, 0xe7, 0xff, 0xff, 0xc4, 0xe7, 0xff, 
	0xff, 0xc4, 0xe7, 0xff, 0xff, 0xc1, 0xe7, 0xff, 
	0xff, 0xbf, 0xe6, 0xff, 0xff, 0xbf, 0xe6, 0xff, 
	0xff, 0xbf, 0xe6, 0xff, 0xff, 0xbf, 0xe6, 0xff, 
	0xff, 0xbd, 0xe7, 0xff, 0xff, 0xc0, 0xe7, 0xff, 
	0xff, 0xba, 0xe7, 0xff, 0xff, 0xbd, 0xe7, 0xff, 
	0xff, 0xbf, 0xe7, 0xff, 0xff, 0xbe, 0xe7, 0xff, 
	0xff, 0xc1, 0xe7, 0xff, 0xff, 0xbf, 0xe7, 0xff, 
	0xff, 0xbc, 0xe4, 0xff, 0xff, 0xbc, 0xe4, 0xff, 
	0xff, 0xbc, 0xe4, 0xff, 0xff, 0xbc, 0xe4, 0xff, 
	0xff, 0xbc, 0xe4, 0xff, 0xff, 0xbc, 0xe4, 0xff, 
	0xff, 0xbc, 0xe4, 0xff, 0xff, 0xbc, 0xe4, 0xff, 
	0xff, 0xbf, 0xe7, 0xff, 0xff, 0xbf, 0xe7, 0xff, 
	0xff, 0xc1, 0xe7, 0xff, 0xff, 0xbf, 0xe7, 0xff, 
	0xff, 0xc0, 0xe7, 0xff, 0xff, 0xbd, 0xe7, 0xff, 
	0xff, 0xbd, 0xe7, 0xff, 0xff, 0xba, 0xe7, 0xff, 
	0xff, 0xbb, 0xe7, 0xff, 0xff, 0xbc, 0xe7, 0xff, 
	0xff, 0xbb, 0xe7, 0xff, 0xff, 0xba, 0xe7, 0xff, 
	0xff, 0xba, 0xe7, 0xff, 0xff, 0xba, 0xe7, 0xff, 
	0xff, 0xba, 0xe7, 0xff, 0xff, 0xbc, 0xe7, 0xff, 
	0xff, 0xc0, 0xe7, 0xff, 0xff, 0xbd, 0xe7, 0xff, 
	0xff, 0xba, 0xe7, 0xff, 0xff, 0xbd, 0xe7, 0xff, 
	0xff, 0xba, 0xe7, 0xff, 0xff, 0xc0, 0xe7, 0xff, 
	0xff, 0xbd, 0xe7, 0xff, 0xff, 0xbd, 0xe7, 0xff, 
	0xff, 0xbe, 0xe7, 0xff, 0xff, 0xbf, 0xe7, 0xff, 
	0xff, 0xbe, 0xe7, 0xff, 0xff, 0xbe, 0xe7, 0xff, 
	0xff, 0xc0, 0xe7, 0xff, 0xff, 0xba, 0xe7, 0xff, 
	0xff, 0xbd, 0xe7, 0xff, 0xff, 0xbd, 0xe7, 0xff, 
	0xff, 0xbd, 0xe4, 0xff, 0xff, 0xbd, 0xe4, 0xff, 
	0xff, 0xbd, 0xe4, 0xff, 0xff, 0xbd, 0xe4, 0xff, 
	0xff, 0xbe, 0xe7, 0xff, 0xff, 0xbe, 0xe7, 0xff, 
	0xff, 0xbf, 0xe7, 0xff, 0xff, 0xc1, 0xe7, 0xff, 
	0xff, 0xc1, 0xe6, 0xff, 0xff, 0xc1, 0xe6, 0xff, 
	0xff, 0xc1, 0xe6, 0xff, 0xff, 0xc1, 0xe6, 0xff, 
	0xff, 0xbf, 0xe7, 0xff, 0xff, 0xbe, 0xe7, 0xff, 
	0xff, 0xbe, 0xe7, 0xff, 0xff, 0xbf, 0xe7, 0xff, 
	0xff, 0xc1, 0xe7, 0xff, 0xff, 0xbe, 0xe7, 0xff, 
	0xff, 0xbe, 0xe7, 0xff, 0xff, 0xc1, 0xe7, 0xff, 
	0xff, 0xc1, 0xe7, 0xff, 0xff, 0xbf, 0xe7, 0xff, 
	0xff, 0xbf, 0xe7, 0xff, 0xff, 0xbf, 0xe7, 0xff, 
	0xff, 0xbe, 0xe7, 0xff, 0xff, 0xc1, 0xe7, 0xff, 
	0xff, 0xc3, 0xe7, 0xff, 0xff, 0xc3, 0xe7, 0xff, 
	0xff, 0xc3, 0xe7, 0xff, 0xff, 0xc3, 0xe7, 0xff, 
	0xff, 0xc5, 0xe7, 0xff, 0xff, 0xc5, 0xe7, 0xff, 
	0xff, 0xc5, 0xe7, 0xff, 0xff, 0xc5, 0xe7, 0xff, 
	0xff, 0xc3, 0xe7, 0xff, 0xff, 0xc3, 0xe7, 0xff, 
	0xff, 0xc3, 0xe7, 0xff, 0xff, 0xc3, 0xe7, 0xff, 
	0xff, 0xc3, 0xe7, 0xff, 0xff, 0xc3, 0xe7, 0xff, 
	0xff, 0xc1, 0xe7, 0xff, 0xff, 0xbf, 0xe7, 0xff, 
	0xff, 0xc1, 0xe7, 0xff, 0xff, 0xc3, 0xe7, 0xff, 
	0xff, 0xc1, 0xe7, 0xff, 0xff, 0xc1, 0xe7, 0xff, 
	0xff, 0xc4, 0xe7, 0xff, 0xff, 0xc1, 0xe7, 0xff, 
	0xff, 0xc0, 0xe7, 0xff, 0xff, 0xc0, 0xe7, 0xff, 
	0xff, 0xc0, 0xe7, 0xff, 0xff, 0xbd, 0xe7, 0xff, 
	0xff, 0xba, 0xe4, 0xff, 0xff, 0xba, 0xe4, 0xff, 
	0xff, 0xba, 0xe4, 0xff, 0xff, 0xba, 0xe4, 0xff, 
	0xff, 0xba, 0xe4, 0xff, 0xff, 0xbe, 0xe7, 0xff, 
	0xff, 0xbe, 0xe7, 0xff, 0xff, 0xbe, 0xe7, 0xff, 
	0xff, 0xc0, 0xe6, 0xff, 0xff, 0xc0, 0xe6, 0xff, 
	0xff, 0xc0, 0xe6, 0xff, 0xff, 0xc0, 0xe6, 0xff, 
	0xff, 0xc1, 0xe7, 0xff, 0xff, 0xc4, 0xe7, 0xff, 
	0xff, 0xc1, 0xe7, 0xff, 0xff, 0xc1, 0xe7, 0xff, 
	0xff, 0xc1, 0xe7, 0xff, 0xff, 0xc4, 0xe7, 0xff, 
	0xff, 0xc1, 0xe7, 0xff, 0xff, 0xbe, 0xe7, 0xff, 
	0xff, 0xbe, 0xe7, 0xff, 0xff, 0xc1, 0xe7, 0xff, 
	0xff, 0xc1, 0xe7, 0xff, 0xff, 0xc1, 0xe7, 0xff, 
	0xff, 0xbf, 0xe6, 0xff, 0xff, 0xbf, 0xe6, 0xff, 
	0xff, 0xbf, 0xe6, 0xff, 0xff, 0xbf, 0xe6, 0xff, 
	0xff, 0xbd, 0xe7, 0xff, 0xff, 0xbd, 0xe7, 0xff, 
	0xff, 0xbd, 0xe7, 0xff, 0xff, 0xc0, 0xe7, 0xff, 
	0xff, 0xc1, 0xe7, 0xff, 0xff, 0xbf, 0xe7, 0xff, 
	0xff, 0xbe, 0xe7, 0xff, 0xff, 0xbf, 0xe7, 0xff, 
	0xff, 0xbc, 0xe4, 0xff, 0xff, 0xbc, 0xe4, 0xff, 
	0xff, 0xbc, 0xe4, 0xff, 0xff, 0xbc, 0xe4, 0xff, 
	0xff, 0xbc, 0xe4, 0xff, 0xff, 0xbc, 0xe4, 0xff, 
	0xff, 0xbc, 0xe4, 0xff, 0xff, 0xbc, 0xe4, 0xff, 
	0xff, 0xbe, 0xe7, 0xff, 0xff, 0xbe, 0xe7, 0xff, 
	0xff, 0xc1, 0xe7, 0xff, 0xff, 0xc1, 0xe7, 0xff, 
	0xff, 0xc0, 0xe7, 0xff, 0xff, 0xbd, 0xe7, 0xff, 
	0xff, 0xba, 0xe7, 0xff, 0xff, 0xba, 0xe7, 0xff, 
	0xff, 0xbe, 0xe7, 0xff, 0xff, 0xbc, 0xe7, 0xff, 
	0xff, 0xbe, 0xe7, 0xff, 0xff, 0xbe, 0xe7, 0xff, 
	0xff, 0xbc, 0xe7, 0xff, 0xff, 0xbc, 0xe7, 0xff, 
	0xff, 0xba, 0xe7, 0xff, 0xff, 0xba, 0xe7, 0xff, 
	0xff, 0xc0, 0xe7, 0xff, 0xff, 0xc3, 0xe7, 0xff, 
	0xff, 0xc0, 0xe7, 0xff, 0xff, 0xc0, 0xe7, 0xff, 
	0xff, 0xc0, 0xe7, 0xff, 0xff, 0xc0, 0xe7, 0xff, 
	0xff, 0xc0, 0xe7, 0xff, 0xff, 0xc0, 0xe7, 0xff, 
	0xff, 0xbf, 0xe7, 0xff, 0xff, 0xbf, 0xe7, 0xff, 
	0xff, 0xc1, 0xe7, 0xff, 0xff, 0xbe, 0xe7, 0xff, 
	0xff, 0xc0, 0xe7, 0xff, 0xff, 0xc0, 0xe7, 0xff, 
	0xff, 0xc0, 0xe7, 0xff, 0xff, 0xbd, 0xe7, 0xff, 
	0xff, 0xbd, 0xe4, 0xff, 0xff, 0xbd, 0xe4, 0xff, 
	0xff, 0xbd, 0xe4, 0xff, 0xff, 0xbd, 0xe4, 0xff, 
	0xff, 0xbe, 0xe7, 0xff, 0xff, 0xbe, 0xe7, 0xff, 
	0xff, 0xbf, 0xe7, 0xff, 0xff, 0xbf, 0xe7, 0xff, 
	0xff, 0xc1, 0xe6, 0xff, 0xff, 0xc1, 0xe6, 0xff, 
	0xff, 0xc1, 0xe6, 0xff, 0xff, 0xc1, 0xe6, 0xff, 
	0xff, 0xbe, 0xe7, 0xff, 0xff, 0xbf, 0xe7, 0xff, 
	0xff, 0xbf, 0xe7, 0xff, 0xff, 0xbf, 0xe7, 0xff, 
	0xff, 0xc1, 0xe7, 0xff, 0xff, 0xc1, 0xe7, 0xff, 
	0xff, 0xc4, 0xe7, 0xff, 0xff, 0xc4, 0xe7, 0xff, 
	0xff, 0xc3, 0xe7, 0xff, 0xff, 0xc1, 0xe7, 0xff, 
	0xff, 0xbf, 0xe7, 0xff, 0xff, 0xbf, 0xe7, 0xff, 
	0xff, 0xc1, 0xe7, 0xff, 0xff, 0xc1, 0xe7, 0xff, 
	0xff, 0xc1, 0xe7, 0xff, 0xff, 0xc1, 0xe7, 0xff, 
	0xff, 0xc3, 0xe7, 0xff, 0xff, 0xc4, 0xe7, 0xff, 
	0xff, 0xc3, 0xe7, 0xff, 0xff, 0xc3, 0xe7, 0xff, 
	0xff, 0xc4, 0xe7, 0xff, 0xff, 0xc3, 0xe7, 0xff, 
	0xff, 0xc5, 0xe7, 0xff, 0xff, 0xc3, 0xe7, 0xff, 
	0xff, 0xc3, 0xe7, 0xff, 0xff, 0xc3, 0xe7, 0xff, 
	0xff, 0xc3, 0xe7, 0xff, 0xff, 0xc3, 0xe7, 0xff, 
	0xff, 0xc1, 0xe7, 0xff, 0xff, 0xc1, 0xe7, 0xff, 
	0xff, 0xc1, 0xe7, 0xff, 0xff, 0xc3, 0xe7, 0xff, 
	0xff, 0xc4, 0xe7, 0xff, 0xff, 0xc1, 0xe7, 0xff, 
	0xff, 0xc4, 0xe7, 0xff, 0xff, 0xc1, 0xe7, 0xff, 
	0xff, 0xc3, 0xe7, 0xff, 0xff, 0xc0, 0xe7, 0xff, 
	0xff, 0xc0, 0xe7, 0xff, 0xff, 0xba, 0xe7, 0xff, 
	0xff, 0xba, 0xe4, 0xff, 0xff, 0xba, 0xe4, 0xff, 
	0xff, 0xba, 0xe4, 0xff, 0xff, 0xba, 0xe4, 0xff, 
	0xff, 0xba, 0xe4, 0xff, 0xff, 0xba, 0xe4, 0xff, 
	0xff, 0xbe, 0xe7, 0xff, 0xff, 0xbe, 0xe7, 0xff, 
	0xff, 0xc0, 0xe6, 0xff, 0xff, 0xc0, 0xe6, 0xff, 
	0xff, 0xc0, 0xe6, 0xff, 0xff, 0xc0, 0xe6, 0xff, 
	0xff, 0xc4, 0xe7, 0xff, 0xff, 0xc1, 0xe7, 0xff, 
	0xff, 0xc1, 0xe7, 0xff, 0xff, 0xc4, 0xe7, 0xff, 
	0xff, 0xc4, 0xe7, 0xff, 0xff, 0xc1, 0xe7, 0xff, 
	0xff, 0xc1, 0xe7, 0xff, 0xff, 0xc1, 0xe7, 0xff, 
	0xff, 0xc1, 0xe7, 0xff, 0xff, 0xc1, 0xe7, 0xff, 
	0xff, 0xc1, 0xe7, 0xff, 0xff, 0xbe, 0xe7, 0xff, 
	0xff, 0xbf, 0xe6, 0xff, 0xff, 0xbf, 0xe6, 0xff, 
	0xff, 0xbf, 0xe6, 0xff, 0xff, 0xbf, 0xe6, 0xff, 
	0xff, 0xc0, 0xe7, 0xff, 0xff, 0xbd, 0xe7, 0xff, 
	0xff, 0xc0, 0xe7, 0xff, 0xff, 0xc0, 0xe7, 0xff, 
	0xff, 0xc1, 0xe7, 0xff, 0xff, 0xbf, 0xe7, 0xff, 
	0xff, 0xbe, 0xe7, 0xff, 0xff, 0xbe, 0xe7, 0xff, 
	0xff, 0xbc, 0xe4, 0xff, 0xff, 0xbc, 0xe4, 0xff, 
	0xff, 0xbc, 0xe4, 0xff, 0xff, 0xbc, 0xe4, 0xff, 
	0xff, 0xbc, 0xe4, 0xff, 0xff, 0xbc, 0xe4, 0xff, 
	0xff, 0xbc, 0xe4, 0xff, 0xff, 0xbc, 0xe4, 0xff, 
	0xff, 0xbf, 0xe7, 0xff, 0xff, 0xbf, 0xe7, 0xff, 
	0xff, 0xc1, 0xe7, 0xff, 0xff, 0xc1, 0xe7, 0xff, 
	0xff, 0xc0, 0xe7, 0xff, 0xff, 0xbd, 0xe7, 0xff, 
	0xff, 0xbd, 0xe7, 0xff, 0xff, 0xba, 0xe7, 0xff, 
	0xff, 0xbc, 0xe7, 0xff, 0xff, 0xbb, 0xe7, 0xff, 
	0xff, 0xbe, 0xe7, 0xff, 0xff, 0xbe, 0xe7, 0xff, 
	0xff, 0xbe, 0xe7, 0xff, 0xff, 0xbe, 0xe7, 0xff, 
	0xff, 0xbb, 0xe7, 0xff, 0xff, 0xbe, 0xe7, 0xff, 
	0xff, 0xc0, 0xe7, 0xff, 0xff, 0xc0, 0xe7, 0xff, 
	0xff, 0xc0, 0xe7, 0xff, 0xff, 0xc0, 0xe7, 0xff, 
	0xff, 0xc0, 0xe7, 0xff, 0xff, 0xc0, 0xe7, 0xff, 
	0xff, 0xc0, 0xe7, 0xff, 0xff, 0xc0, 0xe7, 0xff, 
	0xff, 0xc3, 0xe7, 0xff, 0xff, 0xc1, 0xe7, 0xff, 
	0xff, 0xc1, 0xe7, 0xff, 0xff, 0xc3, 0xe7, 0xff, 
	0xff, 0xc3, 0xe7, 0xff, 0xff, 0xc0, 0xe7, 0xff, 
	0xff, 0xc0, 0xe7, 0xff, 0xff, 0xbd, 0xe7, 0xff, 
	0xff, 0xbd, 0xe4, 0xff, 0xff, 0xbd, 0xe4, 0xff, 
	0xff, 0xbd, 0xe4, 0xff, 0xff, 0xbd, 0xe4, 0xff, 
	0xff, 0xbe, 0xe7, 0xff, 0xff, 0xbf, 0xe7, 0xff, 
	0xff, 0xc1, 0xe7, 0xff, 0xff, 0xc1, 0xe7, 0xff, 
	0xff, 0xc1, 0xe6, 0xff, 0xff, 0xc1, 0xe6, 0xff, 
	0xff, 0xc1, 0xe6, 0xff, 0xff, 0xc1, 0xe6, 0xff, 
	0xff, 0xbf, 0xe7, 0xff, 0xff, 0xbf, 0xe7, 0xff, 
	0xff, 0xc1, 0xe7, 0xff, 0xff, 0xc1, 0xe7, 0xff, 
	0xff, 0xc1, 0xe7, 0xff, 0xff, 0xc1, 0xe7, 0xff, 
	0xff, 0xc4, 0xe7, 0xff, 0xff, 0xc4, 0xe7, 0xff, 
	0xff, 0xc1, 0xe7, 0xff, 0xff, 0xc1, 0xe7, 0xff, 
	0xff, 0xbf, 0xe7, 0xff, 0xff, 0xc1, 0xe7, 0xff, 
	0xff, 0xc1, 0xe7, 0xff, 0xff, 0xc1, 0xe7, 0xff, 
	0xff, 0xc3, 0xe7, 0xff, 0xff, 0xc3, 0xe7, 0xff, 
	0xff, 0xc5, 0xe7, 0xff, 0xff, 0xc5, 0xe7, 0xff, 
	0xff, 0xc5, 0xe7, 0xff, 0xff, 0xc5, 0xe7, 0xff, 
	0xff, 0xc3, 0xe7, 0xff, 0xff, 0xc3, 0xe7, 0xff, 
	0xff, 0xc3, 0xe7, 0xff, 0xff, 0xc3, 0xe7, 0xff, 
	0xff, 0xbf, 0xe7, 0xff, 0xff, 0xc1, 0xe7, 0xff, 
	0xff, 0xc1, 0xe7, 0xff, 0xff, 0xc1, 0xe7, 0xff, 
	0xff, 0xc1, 0xe7, 0xff, 0xff, 0xc1, 0xe7, 0xff, 
	0xff, 0xbf, 0xe7, 0xff, 0xff, 0xc1, 0xe7, 0xff, 
	0xff, 0xc4, 0xe7, 0xff, 0xff, 0xc4, 0xe7, 0xff, 
	0xff, 0xc4, 0xe7, 0xff, 0xff, 0xc1, 0xe7, 0xff, 
	0xff, 0xbd, 0xe7, 0xff, 0xff, 0xc0, 0xe7, 0xff, 
	0xff, 0xc0, 0xe7, 0xff, 0xff, 0xbd, 0xe7, 0xff, 
	0xff, 0xba, 0xe4, 0xff, 0xff, 0xba, 0xe4, 0xff, 
	0xff, 0xba, 0xe4, 0xff, 0xff, 0xba, 0xe4, 0xff, 
	0xff, 0xba, 0xe4, 0xff, 0xff, 0xba, 0xe4, 0xff, 
	0xff, 0xbe, 0xe7, 0xff, 0xff, 0xbe, 0xe7, 0xff, 
	0xff, 0xc0, 0xe6, 0xff, 0xff, 0xc0, 0xe6, 0xff, 
	0xff, 0xc0, 0xe6, 0xff, 0xff, 0xc0, 0xe6, 0xff, 
	0xff, 0xc1, 0xe7, 0xff, 0xff, 0xc1, 0xe7, 0xff, 
	0xff, 0xc4, 0xe7, 0xff, 0xff, 0xc4, 0xe7, 0xff, 
	0xff, 0xc1, 0xe7, 0xff, 0xff, 0xc1, 0xe7, 0xff, 
	0xff, 0xc4, 0xe7, 0xff, 0xff, 0xc4, 0xe7, 0xff, 
	0xff, 0xc1, 0xe7, 0xff, 0xff, 0xc1, 0xe7, 0xff, 
	0xff, 0xc1, 0xe7, 0xff, 0xff, 0xc1, 0xe7, 0xff, 
	0xff, 0xbf, 0xe6, 0xff, 0xff, 0xbf, 0xe6, 0xff, 
	0xff, 0xbf, 0xe6, 0xff, 0xff, 0xbf, 0xe6, 0xff, 
	0xff, 0xc0, 0xe7, 0xff, 0xff, 0xc0, 0xe7, 0xff, 
	0xff, 0xc3, 0xe7, 0xff, 0xff, 0xc3, 0xe7, 0xff, 
	0xff, 0xc1, 0xe7, 0xff, 0xff, 0xbf, 0xe7, 0xff, 
	0xff, 0xbe, 0xe7, 0xff, 0xff, 0xbe, 0xe7, 0xff, 
	0xff, 0xbc, 0xe4, 0xff, 0xff, 0xbc, 0xe4, 0xff, 
	0xff, 0xbc, 0xe4, 0xff, 0xff, 0xbc, 0xe4, 0xff, 
	0xff, 0xbc, 0xe4, 0xff, 0xff, 0xbc, 0xe4, 0xff, 
	0xff, 0xbc, 0xe4, 0xff, 0xff, 0xbc, 0xe4, 0xff, 
	0xff, 0xbf, 0xe7, 0xff, 0xff, 0xc1, 0xe7, 0xff, 
	0xff, 0xbf, 0xe7, 0xff, 0xff, 0xc1, 0xe7, 0xff, 
	0xff, 0xc0, 0xe7, 0xff, 0xff, 0xc0, 0xe7, 0xff, 
	0xff, 0xc0, 0xe7, 0xff, 0xff, 0xbd, 0xe7, 0xff, 
	0xff, 0xbb, 0xe7, 0xff, 0xff, 0xbb, 0xe7, 0xff, 
	0xff, 0xbe, 0xe7, 0xff, 0xff, 0xbe, 0xe7, 0xff, 
	0xff, 0xbe, 0xe7, 0xff, 0xff, 0xbe, 0xe7, 0xff, 
	0xff, 0xbe, 0xe7, 0xff, 0xff, 0xbe, 0xe7, 0xff, 
	0xff, 0xc0, 0xe7, 0xff, 0xff, 0xc0, 0xe7, 0xff, 
	0xff, 0xc0, 0xe7, 0xff, 0xff, 0xc0, 0xe7, 0xff, 
	0xff, 0xc0, 0xe7, 0xff, 0xff, 0xbd, 0xe7, 0xff, 
	0xff, 0xc0, 0xe7, 0xff, 0xff, 0xc0, 0xe7, 0xff, 
	0xff, 0xc3, 0xe7, 0xff, 0xff, 0xc3, 0xe7, 0xff, 
	0xff, 0xc3, 0xe7, 0xff, 0xff, 0xc3, 0xe7, 0xff, 
	0xff, 0xc3, 0xe7, 0xff, 0xff, 0xc0, 0xe7, 0xff, 
	0xff, 0xbd, 0xe7, 0xff, 0xff, 0xc0, 0xe7, 0xff, 
	0xff, 0xbd, 0xe4, 0xff, 0xff, 0xbd, 0xe4, 0xff, 
	0xff, 0xbd, 0xe4, 0xff, 0xff, 0xbd, 0xe4, 0xff, 
	0xff, 0xbf, 0xe7, 0xff, 0xff, 0xc1, 0xe7, 0xff, 
	0xff, 0xc1, 0xe7, 0xff, 0xff, 0xc1, 0xe7, 0xff, 
	0xff, 0xc1, 0xe6, 0xff, 0xff, 0xc1, 0xe6, 0xff, 
	0xff, 0xc1, 0xe6, 0xff, 0xff, 0xc1, 0xe6, 0xff, 
	0xff, 0xc1, 0xe7, 0xff, 0xff, 0xc1, 0xe7, 0xff, 
	0xff, 0xc3, 0xe7, 0xff, 0xff, 0xc3, 0xe7, 0xff, 
	0xff, 0xc4, 0xe7, 0xff, 0xff, 0xc1, 0xe7, 0xff, 
	0xff, 0xc1, 0xe7, 0xff, 0xff, 0xc4, 0xe7, 0xff, 
	0xff, 0xc1, 0xe7, 0xff, 0xff, 0xbf, 0xe7, 0xff, 
	0xff, 0xc1, 0xe7, 0xff, 0xff, 0xc1, 0xe7, 0xff, 
	0xff, 0xc1, 0xe7, 0xff, 0xff, 0xc1, 0xe7, 0xff, 
	0xff, 0xc3, 0xe7, 0xff, 0xff, 0xc3, 0xe7, 0xff, 
	0xff, 0xc4, 0xe7, 0xff, 0xff, 0xc3, 0xe7, 0xff, 
	0xff, 0xc5, 0xe7, 0xff, 0xff, 0xc5, 0xe7, 0xff, 
	0xff, 0xc3, 0xe7, 0xff, 0xff, 0xc3, 0xe7, 0xff, 
	0xff, 0xc3, 0xe7, 0xff, 0xff, 0xc3, 0xe7, 0xff, 
	0xff, 0xbe, 0xe7, 0xff, 0xff, 0xbf, 0xe7, 0xff, 
	0xff, 0xbf, 0xe7, 0xff, 0xff, 0xbf, 0xe7, 0xff, 
	0xff, 0xbf, 0xe7, 0xff, 0xff, 0xbf, 0xe7, 0xff, 
	0xff, 0xc1, 0xe7, 0xff, 0xff, 0xc1, 0xe7, 0xff, 
	0xff, 0xc1, 0xe7, 0xff, 0xff, 0xc1, 0xe7, 0xff, 
	0xff, 0xc1, 0xe7, 0xff, 0xff, 0xbf, 0xe7, 0xff, 
	0xff, 0xbe, 0xe7, 0xff, 0xff, 0xbf, 0xe7, 0xff, 
	0xff, 0xbe, 0xe7, 0xff, 0xff, 0xbe, 0xe7, 0xff, 
	0xff, 0xbc, 0xe4, 0xff, 0xff, 0xbc, 0xe4, 0xff, 
	0xff, 0xbc, 0xe4, 0xff, 0xff, 0xbc, 0xe4, 0xff, 
	0xff, 0xba, 0xe4, 0xff, 0xff, 0xb6, 0xe1, 0xff, 
	0xff, 0xba, 0xe4, 0xff, 0xff, 0xbe, 0xe7, 0xff, 
	0xff, 0xbe, 0xe7, 0xff, 0xff, 0xc1, 0xe7, 0xff, 
	0xff, 0xc1, 0xe7, 0xff, 0xff, 0xc4, 0xe7, 0xff, 
	0xff, 0xc1, 0xe7, 0xff, 0xff, 0xc1, 0xe7, 0xff, 
	0xff, 0xc1, 0xe7, 0xff, 0xff, 0xbe, 0xe7, 0xff, 
	0xff, 0xc1, 0xe6, 0xff, 0xff, 0xc1, 0xe6, 0xff, 
	0xff, 0xc1, 0xe6, 0xff, 0xff, 0xc1, 0xe6, 0xff, 
	0xff, 0xc0, 0xe6, 0xff, 0xff, 0xc0, 0xe6, 0xff, 
	0xff, 0xc0, 0xe6, 0xff, 0xff, 0xc0, 0xe6, 0xff, 
	0xff, 0xc1, 0xe7, 0xff, 0xff, 0xbf, 0xe7, 0xff, 
	0xff, 0xc1, 0xe7, 0xff, 0xff, 0xc1, 0xe7, 0xff, 
	0xff, 0xbe, 0xe4, 0xff, 0xff, 0xbe, 0xe4, 0xff, 
	0xff, 0xbe, 0xe4, 0xff, 0xff, 0xbe, 0xe4, 0xff, 
	0xff, 0xbf, 0xe6, 0xff, 0xff, 0xbf, 0xe6, 0xff, 
	0xff, 0xbf, 0xe6, 0xff, 0xff, 0xbf, 0xe6, 0xff, 
	0xff, 0xbd, 0xe7, 0xff, 0xff, 0xba, 0xe7, 0xff, 
	0xff, 0xc0, 0xe7, 0xff, 0xff, 0xc0, 0xe7, 0xff, 
	0xff, 0xbe, 0xe7, 0xff, 0xff, 0xbe, 0xe7, 0xff, 
	0xff, 0xc1, 0xe7, 0xff, 0xff, 0xc1, 0xe7, 0xff, 
	0xff, 0xc3, 0xe7, 0xff, 0xff, 0xc3, 0xe7, 0xff, 
	0xff, 0xc3, 0xe7, 0xff, 0xff, 0xc3, 0xe7, 0xff, 
	0xff, 0xbf, 0xe7, 0xff, 0xff, 0xbf, 0xe7, 0xff, 
	0xff, 0xbf, 0xe7, 0xff, 0xff, 0xc1, 0xe7, 0xff, 
	0xff, 0xc0, 0xe7, 0xff, 0xff, 0xbd, 0xe7, 0xff, 
	0xff, 0xc0, 0xe7, 0xff, 0xff, 0xc0, 0xe7, 0xff, 
	0xff, 0xc0, 0xe7, 0xff, 0xff, 0xc0, 0xe7, 0xff, 
	0xff, 0xba, 0xe7, 0xff, 0xff, 0xc0, 0xe7, 0xff, 
	0xff, 0xc3, 0xe7, 0xff, 0xff, 0xc0, 0xe7, 0xff, 
	0xff, 0xc0, 0xe7, 0xff, 0xff, 0xc0, 0xe7, 0xff, 
	0xff, 0xbf, 0xe7, 0xff, 0xff, 0xbf, 0xe7, 0xff, 
	0xff, 0xbf, 0xe7, 0xff, 0xff, 0xbf, 0xe7, 0xff, 
	0xff, 0xc1, 0xe7, 0xff, 0xff, 0xc1, 0xe7, 0xff, 
	0xff, 0xc1, 0xe7, 0xff, 0xff, 0xc3, 0xe7, 0xff, 
	0xff, 0xbe, 0xe7, 0xff, 0xff, 0xbe, 0xe7, 0xff, 
	0xff, 0xc1, 0xe7, 0xff, 0xff, 0xc1, 0xe7, 0xff, 
	0xff, 0xbd, 0xe7, 0xff, 0xff, 0xbd, 0xe7, 0xff, 
	0xff, 0xbd, 0xe7, 0xff, 0xff, 0xc0, 0xe7, 0xff, 
	0xff, 0xc1, 0xe7, 0xff, 0xff, 0xc1, 0xe7, 0xff, 
	0xff, 0xc4, 0xe7, 0xff, 0xff, 0xc4, 0xe7, 0xff, 
	0xff, 0xc2, 0xe7, 0xff, 0xff, 0xc2, 0xe7, 0xff, 
	0xff, 0xc2, 0xe7, 0xff, 0xff, 0xc2, 0xe7, 0xff, 
	0xff, 0xc3, 0xe7, 0xff, 0xff, 0xc3, 0xe7, 0xff, 
	0xff, 0xc3, 0xe7, 0xff, 0xff, 0xc3, 0xe7, 0xff, 
	0xff, 0xc5, 0xe7, 0xff, 0xff, 0xc3, 0xe7, 0xff, 
	0xff, 0xc4, 0xe7, 0xff, 0xff, 0xc3, 0xe7, 0xff, 
	0xff, 0xbf, 0xe7, 0xff, 0xff, 0xbf, 0xe7, 0xff, 
	0xff, 0xc1, 0xe7, 0xff, 0xff, 0xc1, 0xe7, 0xff, 
	0xff, 0xc3, 0xe7, 0xff, 0xff, 0xc0, 0xe7, 0xff, 
	0xff, 0xbd, 0xe7, 0xff, 0xff, 0xbd, 0xe7, 0xff, 
	0xff, 0xc1, 0xe7, 0xff, 0xff, 0xc1, 0xe7, 0xff, 
	0xff, 0xc4, 0xe7, 0xff, 0xff, 0xc4, 0xe7, 0xff, 
	0xff, 0xc3, 0xe7, 0xff, 0xff, 0xc1, 0xe7, 0xff, 
	0xff, 0xc1, 0xe7, 0xff, 0xff, 0xbf, 0xe7, 0xff, 
	0xff, 0xbe, 0xe7, 0xff, 0xff, 0xc1, 0xe7, 0xff, 
	0xff, 0xc1, 0xe7, 0xff, 0xff, 0xc1, 0xe7, 0xff, 
	0xff, 0xbf, 0xe7, 0xff, 0xff, 0xbf, 0xe7, 0xff, 
	0xff, 0xbf, 0xe7, 0xff, 0xff, 0xbf, 0xe7, 0xff, 
	0xff, 0xbf, 0xe7, 0xff, 0xff, 0xc1, 0xe7, 0xff, 
	0xff, 0xbf, 0xe7, 0xff, 0xff, 0xbf, 0xe7, 0xff, 
	0xff, 0xbe, 0xe7, 0xff, 0xff, 0xbf, 0xe7, 0xff, 
	0xff, 0xbe, 0xe7, 0xff, 0xff, 0xbe, 0xe7, 0xff, 
	0xff, 0xbc, 0xe4, 0xff, 0xff, 0xbc, 0xe4, 0xff, 
	0xff, 0xbc, 0xe4, 0xff, 0xff, 0xbc, 0xe4, 0xff, 
	0xff, 0xba, 0xe4, 0xff, 0xff, 0xba, 0xe4, 0xff, 
	0xff, 0xba, 0xe4, 0xff, 0xff, 0xbe, 0xe7, 0xff, 
	0xff, 0xc1, 0xe7, 0xff, 0xff, 0xbe, 0xe7, 0xff, 
	0xff, 0xc1, 0xe7, 0xff, 0xff, 0xc1, 0xe7, 0xff, 
	0xff, 0xc1, 0xe7, 0xff, 0xff, 0xc1, 0xe7, 0xff, 
	0xff, 0xc1, 0xe7, 0xff, 0xff, 0xc1, 0xe7, 0xff, 
	0xff, 0xc1, 0xe6, 0xff, 0xff, 0xc1, 0xe6, 0xff, 
	0xff, 0xc1, 0xe6, 0xff, 0xff, 0xc1, 0xe6, 0xff, 
	0xff, 0xc0, 0xe6, 0xff, 0xff, 0xc0, 0xe6, 0xff, 
	0xff, 0xc0, 0xe6, 0xff, 0xff, 0xc0, 0xe6, 0xff, 
	0xff, 0xc1, 0xe7, 0xff, 0xff, 0xc1, 0xe7, 0xff, 
	0xff, 0xc1, 0xe7, 0xff, 0xff, 0xc1, 0xe7, 0xff, 
	0xff, 0xbe, 0xe4, 0xff, 0xff, 0xbe, 0xe4, 0xff, 
	0xff, 0xbe, 0xe4, 0xff, 0xff, 0xbe, 0xe4, 0xff, 
	0xff, 0xbf, 0xe6, 0xff, 0xff, 0xbf, 0xe6, 0xff, 
	0xff, 0xbf, 0xe6, 0xff, 0xff, 0xbf, 0xe6, 0xff, 
	0xff, 0xbd, 0xe7, 0xff, 0xff, 0xc0, 0xe7, 0xff, 
	0xff, 0xc0, 0xe7, 0xff, 0xff, 0xc3, 0xe7, 0xff, 
	0xff, 0xc1, 0xe7, 0xff, 0xff, 0xc1, 0xe7, 0xff, 
	0xff, 0xc1, 0xe7, 0xff, 0xff, 0xc1, 0xe7, 0xff, 
	0xff, 0xc3, 0xe7, 0xff, 0xff, 0xc3, 0xe7, 0xff, 
	0xff, 0xc3, 0xe7, 0xff, 0xff, 0xc3, 0xe7, 0xff, 
	0xff, 0xbf, 0xe7, 0xff, 0xff, 0xbe, 0xe7, 0xff, 
	0xff, 0xbf, 0xe7, 0xff, 0xff, 0xbf, 0xe7, 0xff, 
	0xff, 0xc0, 0xe7, 0xff, 0xff, 0xc0, 0xe7, 0xff, 
	0xff, 0xbd, 0xe7, 0xff, 0xff, 0xbd, 0xe7, 0xff, 
	0xff, 0xc0, 0xe7, 0xff, 0xff, 0xbd, 0xe7, 0xff, 
	0xff, 0xc0, 0xe7, 0xff, 0xff, 0xc0, 0xe7, 0xff, 
	0xff, 0xc0, 0xe7, 0xff, 0xff, 0xc0, 0xe7, 0xff, 
	0xff, 0xc0, 0xe7, 0xff, 0xff, 0xc0, 0xe7, 0xff, 
	0xff, 0xbf, 0xe7, 0xff, 0xff, 0xc1, 0xe7, 0xff, 
	0xff, 0xc1, 0xe7, 0xff, 0xff, 0xc1, 0xe7, 0xff, 
	0xff, 0xbf, 0xe7, 0xff, 0xff, 0xbf, 0xe7, 0xff, 
	0xff, 0xc1, 0xe7, 0xff, 0xff, 0xc1, 0xe7, 0xff, 
	0xff, 0xc1, 0xe7, 0xff, 0xff, 0xc1, 0xe7, 0xff, 
	0xff, 0xc1, 0xe7, 0xff, 0xff, 0xc1, 0xe7, 0xff, 
	0xff, 0xc0, 0xe7, 0xff, 0xff, 0xc0, 0xe7, 0xff, 
	0xff, 0xbd, 0xe7, 0xff, 0xff, 0xc3, 0xe7, 0xff, 
	0xff, 0xc4, 0xe7, 0xff, 0xff, 0xc4, 0xe7, 0xff, 
	0xff, 0xc1, 0xe7, 0xff, 0xff, 0xc1, 0xe7, 0xff, 
	0xff, 0xc2, 0xe7, 0xff, 0xff, 0xc2, 0xe7, 0xff, 
	0xff, 0xc2, 0xe7, 0xff, 0xff, 0xc2, 0xe7, 0xff, 
	0xff, 0xc4, 0xe7, 0xff, 0xff, 0xc4, 0xe7, 0xff, 
	0xff, 0xc3, 0xe7, 0xff, 0xff, 0xc3, 0xe7, 0xff, 
	0xff, 0xc4, 0xe7, 0xff, 0xff, 0xc3, 0xe7, 0xff, 
	0xff, 0xc3, 0xe7, 0xff, 0xff, 0xc3, 0xe7, 0xff, 
	0xff, 0xbf, 0xe7, 0xff, 0xff, 0xc1, 0xe7, 0xff, 
	0xff, 0xc1, 0xe7, 0xff, 0xff, 0xc1, 0xe7, 0xff, 
	0xff, 0xc0, 0xe7, 0xff, 0xff, 0xbd, 0xe7, 0xff, 
	0xff, 0xbd, 0xe7, 0xff, 0xff, 0xbd, 0xe7, 0xff, 
	0xff, 0xbe, 0xe7, 0xff, 0xff, 0xc1, 0xe7, 0xff, 
	0xff, 0xc1, 0xe7, 0xff, 0xff, 0xc1, 0xe7, 0xff, 
	0xff, 0xc1, 0xe7, 0xff, 0xff, 0xc1, 0xe7, 0xff, 
	0xff, 0xc1, 0xe7, 0xff, 0xff, 0xc1, 0xe7, 0xff, 
	0xff, 0xc1, 0xe7, 0xff, 0xff, 0xc1, 0xe7, 0xff, 
	0xff, 0xc1, 0xe7, 0xff, 0xff, 0xc1, 0xe7, 0xff, 
	0xff, 0xbe, 0xe7, 0xff, 0xff, 0xbf, 0xe7, 0xff, 
	0xff, 0xbf, 0xe7, 0xff, 0xff, 0xbf, 0xe7, 0xff, 
	0xff, 0xbe, 0xe7, 0xff, 0xff, 0xbe, 0xe7, 0xff, 
	0xff, 0xbf, 0xe7, 0xff, 0xff, 0xc1, 0xe7, 0xff, 
	0xff, 0xc1, 0xe7, 0xff, 0xff, 0xbf, 0xe7, 0xff, 
	0xff, 0xbf, 0xe7, 0xff, 0xff, 0xbe, 0xe7, 0xff, 
	0xff, 0xbc, 0xe4, 0xff, 0xff, 0xbc, 0xe4, 0xff, 
	0xff, 0xbc, 0xe4, 0xff, 0xff, 0xbc, 0xe4, 0xff, 
	0xff, 0xba, 0xe4, 0xff, 0xff, 0xba, 0xe4, 0xff, 
	0xff, 0xba, 0xe4, 0xff, 0xff, 0xbe, 0xe7, 0xff, 
	0xff, 0xc1, 0xe7, 0xff, 0xff, 0xc1, 0xe7, 0xff, 
	0xff, 0xc1, 0xe7, 0xff, 0xff, 0xc1, 0xe7, 0xff, 
	0xff, 0xc1, 0xe7, 0xff, 0xff, 0xc1, 0xe7, 0xff, 
	0xff, 0xc1, 0xe7, 0xff, 0xff, 0xc4, 0xe7, 0xff, 
	0xff, 0xc1, 0xe6, 0xff, 0xff, 0xc1, 0xe6, 0xff, 
	0xff, 0xc1, 0xe6, 0xff, 0xff, 0xc1, 0xe6, 0xff, 
	0xff, 0xc0, 0xe6, 0xff, 0xff, 0xc0, 0xe6, 0xff, 
	0xff, 0xc0, 0xe6, 0xff, 0xff, 0xc0, 0xe6, 0xff, 
	0xff, 0xc3, 0xe7, 0xff, 0xff, 0xc3, 0xe7, 0xff, 
	0xff, 0xc1, 0xe7, 0xff, 0xff, 0xbf, 0xe7, 0xff, 
	0xff, 0xbe, 0xe4, 0xff, 0xff, 0xbe, 0xe4, 0xff, 
	0xff, 0xbe, 0xe4, 0xff, 0xff, 0xbe, 0xe4, 0xff, 
	0xff, 0xbf, 0xe6, 0xff, 0xff, 0xbf, 0xe6, 0xff, 
	0xff, 0xbf, 0xe6, 0xff, 0xff, 0xbf, 0xe6, 0xff, 
	0xff, 0xbd, 0xe7, 0xff, 0xff, 0xc0, 0xe7, 0xff, 
	0xff, 0xc0, 0xe7, 0xff, 0xff, 0xc3, 0xe7, 0xff, 
	0xff, 0xc4, 0xe7, 0xff, 0xff, 0xc4, 0xe7, 0xff, 
	0xff, 0xc1, 0xe7, 0xff, 0xff, 0xc1, 0xe7, 0xff, 
	0xff, 0xc3, 0xe7, 0xff, 0xff, 0xc4, 0xe7, 0xff, 
	0xff, 0xc4, 0xe7, 0xff, 0xff, 0xc3, 0xe7, 0xff, 
	0xff, 0xc1, 0xe7, 0xff, 0xff, 0xc1, 0xe7, 0xff, 
	0xff, 0xbf, 0xe7, 0xff, 0xff, 0xbf, 0xe7, 0xff, 
	0xff, 0xc3, 0xe7, 0xff, 0xff, 0xc0, 0xe7, 0xff, 
	0xff, 0xbd, 0xe7, 0xff, 0xff, 0xba, 0xe7, 0xff, 
	0xff, 0xc0, 0xe7, 0xff, 0xff, 0xc0, 0xe7, 0xff, 
	0xff, 0xc0, 0xe7, 0xff, 0xff, 0xc0, 0xe7, 0xff, 
	0xff, 0xc0, 0xe7, 0xff, 0xff, 0xbd, 0xe7, 0xff, 
	0xff, 0xba, 0xe7, 0xff, 0xff, 0xc0, 0xe7, 0xff, 
	0xff, 0xc1, 0xe7, 0xff, 0xff, 0xbf, 0xe7, 0xff, 
	0xff, 0xc1, 0xe7, 0xff, 0xff, 0xc1, 0xe7, 0xff, 
	0xff, 0xbf, 0xe7, 0xff, 0xff, 0xbf, 0xe7, 0xff, 
	0xff, 0xbf, 0xe7, 0xff, 0xff, 0xc1, 0xe7, 0xff, 
	0xff, 0xc4, 0xe7, 0xff, 0xff, 0xc4, 0xe7, 0xff, 
	0xff, 0xc1, 0xe7, 0xff, 0xff, 0xc1, 0xe7, 0xff, 
	0xff, 0xc0, 0xe7, 0xff, 0xff, 0xc0, 0xe7, 0xff, 
	0xff, 0xc0, 0xe7, 0xff, 0xff, 0xc3, 0xe7, 0xff, 
	0xff, 0xc4, 0xe7, 0xff, 0xff, 0xc4, 0xe7, 0xff, 
	0xff, 0xc1, 0xe7, 0xff, 0xff, 0xbe, 0xe7, 0xff, 
	0xff, 0xc2, 0xe7, 0xff, 0xff, 0xc2, 0xe7, 0xff, 
	0xff, 0xc2, 0xe7, 0xff, 0xff, 0xc2, 0xe7, 0xff, 
	0xff, 0xc4, 0xe7, 0xff, 0xff, 0xc5, 0xe7, 0xff, 
	0xff, 0xc4, 0xe7, 0xff, 0xff, 0xc3, 0xe7, 0xff, 
	0xff, 0xc4, 0xe7, 0xff, 0xff, 0xc4, 0xe7, 0xff, 
	0xff, 0xc3, 0xe7, 0xff, 0xff, 0xc3, 0xe7, 0xff, 
	0xff, 0xbf, 0xe7, 0xff, 0xff, 0xbf, 0xe7, 0xff, 
	0xff, 0xbf, 0xe7, 0xff, 0xff, 0xbe, 0xe7, 0xff, 
	0xff, 0xbd, 0xe7, 0xff, 0xff, 0xbd, 0xe7, 0xff, 
	0xff, 0xc0, 0xe7, 0xff, 0xff, 0xc0, 0xe7, 0xff, 
	0xff, 0xbe, 0xe7, 0xff, 0xff, 0xc1, 0xe7, 0xff, 
	0xff, 0xc1, 0xe7, 0xff, 0xff, 0xbe, 0xe7, 0xff, 
	0xff, 0xc1, 0xe7, 0xff, 0xff, 0xc1, 0xe7, 0xff, 
	0xff, 0xc3, 0xe7, 0xff, 0xff, 0xc1, 0xe7, 0xff, 
	0xff, 0xc1, 0xe7, 0xff, 0xff, 0xc1, 0xe7, 0xff, 
	0xff, 0xc1, 0xe7, 0xff, 0xff, 0xc4, 0xe7, 0xff, 
	0xff, 0xbe, 0xe7, 0xff, 0xff, 0xbe, 0xe7, 0xff, 
	0xff, 0xc1, 0xe7, 0xff, 0xff, 0xc1, 0xe7, 0xff, 
	0xff, 0xc1, 0xe7, 0xff, 0xff, 0xc1, 0xe7, 0xff, 
	0xff, 0xc1, 0xe7, 0xff, 0xff, 0xbf, 0xe7, 0xff, 
	0xff, 0xc1, 0xe7, 0xff, 0xff, 0xbf, 0xe7, 0xff, 
	0xff, 0xbe, 0xe7, 0xff, 0xff, 0xbf, 0xe7, 0xff, 
	0xff, 0xbc, 0xe4, 0xff, 0xff, 0xbc, 0xe4, 0xff, 
	0xff, 0xbc, 0xe4, 0xff, 0xff, 0xbc, 0xe4, 0xff, 
	0xff, 0xba, 0xe4, 0xff, 0xff, 0xbe, 0xe7, 0xff, 
	0xff, 0xbe, 0xe7, 0xff, 0xff, 0xbe, 0xe7, 0xff, 
	0xff, 0xbe, 0xe7, 0xff, 0xff, 0xc1, 0xe7, 0xff, 
	0xff, 0xc4, 0xe7, 0xff, 0xff, 0xc7, 0xe7, 0xff, 
	0xff, 0xc7, 0xe7, 0xff, 0xff, 0xc4, 0xe7, 0xff, 
	0xff, 0xc1, 0xe7, 0xff, 0xff, 0xc4, 0xe7, 0xff, 
	0xff, 0xc1, 0xe6, 0xff, 0xff, 0xc1, 0xe6, 0xff, 
	0xff, 0xc1, 0xe6, 0xff, 0xff, 0xc1, 0xe6, 0xff, 
	0xff, 0xc0, 0xe6, 0xff, 0xff, 0xc0, 0xe6, 0xff, 
	0xff, 0xc0, 0xe6, 0xff, 0xff, 0xc0, 0xe6, 0xff, 
	0xff, 0xc1, 0xe7, 0xff, 0xff, 0xc1, 0xe7, 0xff, 
	0xff, 0xbf, 0xe7, 0xff, 0xff, 0xbf, 0xe7, 0xff, 
	0xff, 0xbe, 0xe4, 0xff, 0xff, 0xbe, 0xe4, 0xff, 
	0xff, 0xbe, 0xe4, 0xff, 0xff, 0xbe, 0xe4, 0xff, 
	0xff, 0xbf, 0xe6, 0xff, 0xff, 0xbf, 0xe6, 0xff, 
	0xff, 0xbf, 0xe6, 0xff, 0xff, 0xbf, 0xe6, 0xff, 
	0xff, 0xc0, 0xe7, 0xff, 0xff, 0xc0, 0xe7, 0xff, 
	0xff, 0xc3, 0xe7, 0xff, 0xff, 0xc3, 0xe7, 0xff, 
	0xff, 0xc4, 0xe7, 0xff, 0xff, 0xc4, 0xe7, 0xff, 
	0xff, 0xc4, 0xe7, 0xff, 0xff, 0xc4, 0xe7, 0xff, 
	0xff, 0xc3, 0xe7, 0xff, 0xff, 0xc5, 0xe7, 0xff, 
	0xff, 0xc7, 0xe7, 0xff, 0xff, 0xc5, 0xe7, 0xff, 
	0xff, 0xc3, 0xe7, 0xff, 0xff, 0xc3, 0xe7, 0xff, 
	0xff, 0xc1, 0xe7, 0xff, 0xff, 0xc1, 0xe7, 0xff, 
	0xff, 0xc0, 0xe7, 0xff, 0xff, 0xc3, 0xe7, 0xff, 
	0xff, 0xc0, 0xe7, 0xff, 0xff, 0xc0, 0xe7, 0xff, 
	0xff, 0xc0, 0xe7, 0xff, 0xff, 0xc0, 0xe7, 0xff, 
	0xff, 0xc3, 0xe7, 0xff, 0xff, 0xc0, 0xe7, 0xff, 
	0xff, 0xc0, 0xe7, 0xff, 0xff, 0xba, 0xe7, 0xff, 
	0xff, 0xbd, 0xe7, 0xff, 0xff, 0xc0, 0xe7, 0xff, 
	0xff, 0xbf, 0xe7, 0xff, 0xff, 0xbf, 0xe7, 0xff, 
	0xff, 0xc1, 0xe7, 0xff, 0xff, 0xc1, 0xe7, 0xff, 
	0xff, 0xbf, 0xe7, 0xff, 0xff, 0xbf, 0xe7, 0xff, 
	0xff, 0xc1, 0xe7, 0xff, 0xff, 0xc1, 0xe7, 0xff, 
	0xff, 0xc4, 0xe7, 0xff, 0xff, 0xc4, 0xe7, 0xff, 
	0xff, 0xc4, 0xe7, 0xff, 0xff, 0xc4, 0xe7, 0xff, 
	0xff, 0xc3, 0xe7, 0xff, 0xff, 0xc0, 0xe7, 0xff, 
	0xff, 0xc0, 0xe7, 0xff, 0xff, 0xc3, 0xe7, 0xff, 
	0xff, 0xc1, 0xe7, 0xff, 0xff, 0xc1, 0xe7, 0xff, 
	0xff, 0xc1, 0xe7, 0xff, 0xff, 0xc1, 0xe7, 0xff, 
	0xff, 0xc2, 0xe7, 0xff, 0xff, 0xc2, 0xe7, 0xff, 
	0xff, 0xc2, 0xe7, 0xff, 0xff, 0xc2, 0xe7, 0xff, 
	0xff, 0xc3, 0xe7, 0xff, 0xff, 0xc3, 0xe7, 0xff, 
	0xff, 0xc4, 0xe7, 0xff, 0xff, 0xc5, 0xe7, 0xff, 
	0xff, 0xc3, 0xe7, 0xff, 0xff, 0xc5, 0xe7, 0xff, 
	0xff, 0xc5, 0xe7, 0xff, 0xff, 0xc3, 0xe7, 0xff, 
	0xff, 0xc1, 0xe7, 0xff, 0xff, 0xc1, 0xe7, 0xff, 
	0xff, 0xc1, 0xe7, 0xff, 0xff, 0xbf, 0xe7, 0xff, 
	0xff, 0xc0, 0xe7, 0xff, 0xff, 0xbd, 0xe7, 0xff, 
	0xff, 0xbd, 0xe7, 0xff, 0xff, 0xc0, 0xe7, 0xff, 
	0xff, 0xc1, 0xe7, 0xff, 0xff, 0xc1, 0xe7, 0xff, 
	0xff, 0xbe, 0xe7, 0xff, 0xff, 0xbe, 0xe7, 0xff, 
	0xff, 0xc3, 0xe7, 0xff, 0xff, 0xc1, 0xe7, 0xff, 
	0xff, 0xc1, 0xe7, 0xff, 0xff, 0xc1, 0xe7, 0xff, 
	0xff, 0xc4, 0xe7, 0xff, 0xff, 0xc4, 0xe7, 0xff, 
	0xff, 0xc4, 0xe7, 0xff, 0xff, 0xc1, 0xe7, 0xff, 
	0xff, 0xbf, 0xe7, 0xff, 0xff, 0xbf, 0xe7, 0xff, 
	0xff, 0xc1, 0xe7, 0xff, 0xff, 0xc1, 0xe7, 0xff, 
	0xff, 0xc3, 0xe7, 0xff, 0xff, 0xc3, 0xe7, 0xff, 
	0xff, 0xc3, 0xe7, 0xff, 0xff, 0xc3, 0xe7, 0xff, 
	0xff, 0xc1, 0xe6, 0xff, 0xff, 0xc1, 0xe6, 0xff, 
	0xff, 0xc1, 0xe6, 0xff, 0xff, 0xc1, 0xe6, 0xff, 
	0xff, 0xc0, 0xe6, 0xff, 0xff, 0xc0, 0xe6, 0xff, 
	0xff, 0xc0, 0xe6, 0xff, 0xff, 0xc0, 0xe6, 0xff, 
	0xff, 0xbe, 0xe7, 0xff, 0xff, 0xbf, 0xe7, 0xff, 
	0xff, 0xbe, 0xe7, 0xff, 0xff, 0xc1, 0xe7, 0xff, 
	0xff, 0xc3, 0xe7, 0xff, 0xff, 0xc4, 0xe7, 0xff, 
	0xff, 0xc4, 0xe7, 0xff, 0xff, 0xc5, 0xe7, 0xff, 
	0xff, 0xc3, 0xe7, 0xff, 0xff, 0xc5, 0xe7, 0xff, 
	0xff, 0xc5, 0xe7, 0xff, 0xff, 0xc5, 0xe7, 0xff, 
	0xff, 0xc1, 0xe7, 0xff, 0xff, 0xc1, 0xe7, 0xff, 
	0xff, 0xc1, 0xe7, 0xff, 0xff, 0xc1, 0xe7, 0xff, 
	0xff, 0xc1, 0xe7, 0xff, 0xff, 0xc1, 0xe7, 0xff, 
	0xff, 0xc1, 0xe7, 0xff, 0xff, 0xc1, 0xe7, 0xff, 
	0xff, 0xc3, 0xe7, 0xff, 0xff, 0xc3, 0xe7, 0xff, 
	0xff, 0xc3, 0xe7, 0xff, 0xff, 0xc3, 0xe7, 0xff, 
	0xff, 0xc3, 0xe7, 0xff, 0xff, 0xc3, 0xe7, 0xff, 
	0xff, 0xc3, 0xe7, 0xff, 0xff, 0xc3, 0xe7, 0xff, 
	0xff, 0xbf, 0xe7, 0xff, 0xff, 0xbf, 0xe7, 0xff, 
	0xff, 0xbf, 0xe7, 0xff, 0xff, 0xc1, 0xe7, 0xff, 
	0xff, 0xc3, 0xe7, 0xff, 0xff, 0xc4, 0xe7, 0xff, 
	0xff, 0xc4, 0xe7, 0xff, 0xff, 0xc5, 0xe7, 0xff, 
	0xff, 0xc8, 0xe7, 0xff, 0xff, 0xc5, 0xe7, 0xff, 
	0xff, 0xc5, 0xe7, 0xff, 0xff, 0xc3, 0xe7, 0xff, 
	0xff, 0xc3, 0xe7, 0xff, 0xff, 0xc8, 0xe7, 0xff, 
	0xff, 0xc5, 0xe7, 0xff, 0xff, 0xc5, 0xe7, 0xff, 
	0xff, 0xc4, 0xe7, 0xff, 0xff, 0xc3, 0xe7, 0xff, 
	0xff, 0xc3, 0xe7, 0xff, 0xff, 0xc3, 0xe7, 0xff, 
	0xff, 0xc4, 0xe7, 0xff, 0xff, 0xc3, 0xe7, 0xff, 
	0xff, 0xc3, 0xe7, 0xff, 0xff, 0xc3, 0xe7, 0xff, 
	0xff, 0xc4, 0xe7, 0xff, 0xff, 0xc3, 0xe7, 0xff, 
	0xff, 0xc3, 0xe7, 0xff, 0xff, 0xc3, 0xe7, 0xff, 
	0xff, 0xbe, 0xe7, 0xff, 0xff, 0xbe, 0xe7, 0xff, 
	0xff, 0xbe, 0xe7, 0xff, 0xff, 0xbe, 0xe7, 0xff, 
	0xff, 0xc1, 0xe7, 0xff, 0xff, 0xc1, 0xe7, 0xff, 
	0xff, 0xc1, 0xe7, 0xff, 0xff, 0xc1, 0xe7, 0xff, 
	0xff, 0xc3, 0xe7, 0xff, 0xff, 0xc4, 0xe7, 0xff, 
	0xff, 0xc4, 0xe7, 0xff, 0xff, 0xc5, 0xe7, 0xff, 
	0xff, 0xc3, 0xe7, 0xff, 0xff, 0xc3, 0xe7, 0xff, 
	0xff, 0xc5, 0xe7, 0xff, 0xff, 0xc3, 0xe7, 0xff, 
	0xff, 0xc4, 0xe7, 0xff, 0xff, 0xc3, 0xe7, 0xff, 
	0xff, 0xc3, 0xe7, 0xff, 0xff, 0xc3, 0xe7, 0xff, 
	0xff, 0xc1, 0xe7, 0xff, 0xff, 0xc1, 0xe7, 0xff, 
	0xff, 0xc1, 0xe7, 0xff, 0xff, 0xc1, 0xe7, 0xff, 
	0xff, 0xc1, 0xe7, 0xff, 0xff, 0xc1, 0xe7, 0xff, 
	0xff, 0xc3, 0xe7, 0xff, 0xff, 0xc1, 0xe7, 0xff, 
	0xff, 0xc1, 0xe7, 0xff, 0xff, 0xc1, 0xe7, 0xff, 
	0xff, 0xc3, 0xe7, 0xff, 0xff, 0xc1, 0xe7, 0xff, 
	0xff, 0xc3, 0xe7, 0xff, 0xff, 0xc5, 0xe7, 0xff, 
	0xff, 0xc5, 0xe7, 0xff, 0xff, 0xc4, 0xe7, 0xff, 
	0xff, 0xc3, 0xe7, 0xff, 0xff, 0xc1, 0xe7, 0xff, 
	0xff, 0xc1, 0xe7, 0xff, 0xff, 0xbf, 0xe7, 0xff, 
	0xff, 0xc0, 0xe6, 0xff, 0xff, 0xc0, 0xe6, 0xff, 
	0xff, 0xc0, 0xe6, 0xff, 0xff, 0xc0, 0xe6, 0xff, 
	0xff, 0xc0, 0xe7, 0xff, 0xff, 0xbd, 0xe7, 0xff, 
	0xff, 0xbd, 0xe7, 0xff, 0xff, 0xbd, 0xe7, 0xff, 
	0xff, 0xc1, 0xe7, 0xff, 0xff, 0xc1, 0xe7, 0xff, 
	0xff, 0xc1, 0xe7, 0xff, 0xff, 0xc1, 0xe7, 0xff, 
	0xff, 0xc3, 0xe7, 0xff, 0xff, 0xc4, 0xe7, 0xff, 
	0xff, 0xc4, 0xe7, 0xff, 0xff, 0xc4, 0xe7, 0xff, 
	0xff, 0xbe, 0xe7, 0xff, 0xff, 0xbf, 0xe7, 0xff, 
	0xff, 0xc1, 0xe7, 0xff, 0xff, 0xbf, 0xe7, 0xff, 
	0xff, 0xc3, 0xe7, 0xff, 0xff, 0xc3, 0xe7, 0xff, 
	0xff, 0xc4, 0xe7, 0xff, 0xff, 0xc3, 0xe7, 0xff, 
	0xff, 0xc1, 0xe6, 0xff, 0xff, 0xc1, 0xe6, 0xff, 
	0xff, 0xc1, 0xe6, 0xff, 0xff, 0xc1, 0xe6, 0xff, 
	0xff, 0xc0, 0xe6, 0xff, 0xff, 0xc0, 0xe6, 0xff, 
	0xff, 0xc0, 0xe6, 0xff, 0xff, 0xc0, 0xe6, 0xff, 
	0xff, 0xbe, 0xe7, 0xff, 0xff, 0xbf, 0xe7, 0xff, 
	0xff, 0xbe, 0xe7, 0xff, 0xff, 0xc1, 0xe7, 0xff, 
	0xff, 0xc3, 0xe7, 0xff, 0xff, 0xc3, 0xe7, 0xff, 
	0xff, 0xc4, 0xe7, 0xff, 0xff, 0xc5, 0xe7, 0xff, 
	0xff, 0xc5, 0xe7, 0xff, 0xff, 0xc5, 0xe7, 0xff, 
	0xff, 0xc5, 0xe7, 0xff, 0xff, 0xc3, 0xe7, 0xff, 
	0xff, 0xc4, 0xe7, 0xff, 0xff, 0xc1, 0xe7, 0xff, 
	0xff, 0xc1, 0xe7, 0xff, 0xff, 0xc1, 0xe7, 0xff, 
	0xff, 0xc4, 0xe7, 0xff, 0xff, 0xc1, 0xe7, 0xff, 
	0xff, 0xc1, 0xe7, 0xff, 0xff, 0xc1, 0xe7, 0xff, 
	0xff, 0xc3, 0xe7, 0xff, 0xff, 0xc3, 0xe7, 0xff, 
	0xff, 0xc3, 0xe7, 0xff, 0xff, 0xc4, 0xe7, 0xff, 
	0xff, 0xc5, 0xe7, 0xff, 0xff, 0xc3, 0xe7, 0xff, 
	0xff, 0xc3, 0xe7, 0xff, 0xff, 0xc3, 0xe7, 0xff, 
	0xff, 0xc1, 0xe7, 0xff, 0xff, 0xbf, 0xe7, 0xff, 
	0xff, 0xbe, 0xe7, 0xff, 0xff, 0xc1, 0xe7, 0xff, 
	0xff, 0xc3, 0xe7, 0xff, 0xff, 0xc4, 0xe7, 0xff, 
	0xff, 0xc4, 0xe7, 0xff, 0xff, 0xc5, 0xe7, 0xff, 
	0xff, 0xc5, 0xe7, 0xff, 0xff, 0xc8, 0xe7, 0xff, 
	0xff, 0xc8, 0xe7, 0xff, 0xff, 0xc8, 0xe7, 0xff, 
	0xff, 0xc5, 0xe7, 0xff, 0xff, 0xc5, 0xe7, 0xff, 
	0xff, 0xc5, 0xe7, 0xff, 0xff, 0xc5, 0xe7, 0xff, 
	0xff, 0xc3, 0xe7, 0xff, 0xff, 0xc4, 0xe7, 0xff, 
	0xff, 0xc4, 0xe7, 0xff, 0xff, 0xc5, 0xe7, 0xff, 
	0xff, 0xc3, 0xe7, 0xff, 0xff, 0xc3, 0xe7, 0xff, 
	0xff, 0xc3, 0xe7, 0xff, 0xff, 0xc3, 0xe7, 0xff, 
	0xff, 0xc5, 0xe7, 0xff, 0xff, 0xc4, 0xe7, 0xff, 
	0xff, 0xc3, 0xe7, 0xff, 0xff, 0xc3, 0xe7, 0xff, 
	0xff, 0xbf, 0xe7, 0xff, 0xff, 0xbe, 0xe7, 0xff, 
	0xff, 0xbf, 0xe7, 0xff, 0xff, 0xbe, 0xe7, 0xff, 
	0xff, 0xc1, 0xe7, 0xff, 0xff, 0xbe, 0xe7, 0xff, 
	0xff, 0xc1, 0xe7, 0xff, 0xff, 0xc1, 0xe7, 0xff, 
	0xff, 0xc4, 0xe7, 0xff, 0xff, 0xc5, 0xe7, 0xff, 
	0xff, 0xc5, 0xe7, 0xff, 0xff, 0xc5, 0xe7, 0xff, 
	0xff, 0xc8, 0xe7, 0xff, 0xff, 0xc3, 0xe7, 0xff, 
	0xff, 0xc5, 0xe7, 0xff, 0xff, 0xc5, 0xe7, 0xff, 
	0xff, 0xc4, 0xe7, 0xff, 0xff, 0xc3, 0xe7, 0xff, 
	0xff, 0xc3, 0xe7, 0xff, 0xff, 0xc3, 0xe7, 0xff, 
	0xff, 0xc1, 0xe7, 0xff, 0xff, 0xc1, 0xe7, 0xff, 
	0xff, 0xc1, 0xe7, 0xff, 0xff, 0xc1, 0xe7, 0xff, 
	0xff, 0xc1, 0xe7, 0xff, 0xff, 0xc1, 0xe7, 0xff, 
	0xff, 0xc1, 0xe7, 0xff, 0xff, 0xbf, 0xe7, 0xff, 
	0xff, 0xc1, 0xe7, 0xff, 0xff, 0xbf, 0xe7, 0xff, 
	0xff, 0xc1, 0xe7, 0xff, 0xff, 0xbf, 0xe7, 0xff, 
	0xff, 0xc3, 0xe7, 0xff, 0xff, 0xc7, 0xe7, 0xff, 
	0xff, 0xc7, 0xe7, 0xff, 0xff, 0xc5, 0xe7, 0xff, 
	0xff, 0xc1, 0xe7, 0xff, 0xff, 0xc1, 0xe7, 0xff, 
	0xff, 0xc1, 0xe7, 0xff, 0xff, 0xc1, 0xe7, 0xff, 
	0xff, 0xc0, 0xe6, 0xff, 0xff, 0xc0, 0xe6, 0xff, 
	0xff, 0xc0, 0xe6, 0xff, 0xff, 0xc0, 0xe6, 0xff, 
	0xff, 0xc0, 0xe7, 0xff, 0xff, 0xbd, 0xe7, 0xff, 
	0xff, 0xbd, 0xe7, 0xff, 0xff, 0xbd, 0xe7, 0xff, 
	0xff, 0xbf, 0xe7, 0xff, 0xff, 0xbf, 0xe7, 0xff, 
	0xff, 0xbf, 0xe7, 0xff, 0xff, 0xc1, 0xe7, 0xff, 
	0xff, 0xc3, 0xe7, 0xff, 0xff, 0xc3, 0xe7, 0xff, 
	0xff, 0xc3, 0xe7, 0xff, 0xff, 0xc3, 0xe7, 0xff, 
	0xff, 0xc1, 0xe7, 0xff, 0xff, 0xbf, 0xe7, 0xff, 
	0xff, 0xc3, 0xe7, 0xff, 0xff, 0xc1, 0xe7, 0xff, 
	0xff, 0xc3, 0xe7, 0xff, 0xff, 0xc4, 0xe7, 0xff, 
	0xff, 0xc4, 0xe7, 0xff, 0xff, 0xc3, 0xe7, 0xff, 
	0xff, 0xc1, 0xe6, 0xff, 0xff, 0xc1, 0xe6, 0xff, 
	0xff, 0xc1, 0xe6, 0xff, 0xff, 0xc1, 0xe6, 0xff, 
	0xff, 0xc0, 0xe6, 0xff, 0xff, 0xc0, 0xe6, 0xff, 
	0xff, 0xc0, 0xe6, 0xff, 0xff, 0xc0, 0xe6, 0xff, 
	0xff, 0xbf, 0xe7, 0xff, 0xff, 0xc1, 0xe7, 0xff, 
	0xff, 0xbf, 0xe7, 0xff, 0xff, 0xc1, 0xe7, 0xff, 
	0xff, 0xc4, 0xe7, 0xff, 0xff, 0xc4, 0xe7, 0xff, 
	0xff, 0xc5, 0xe7, 0xff, 0xff, 0xc5, 0xe7, 0xff, 
	0xff, 0xc5, 0xe7, 0xff, 0xff, 0xc5, 0xe7, 0xff, 
	0xff, 0xc5, 0xe7, 0xff, 0xff, 0xc3, 0xe7, 0xff, 
	0xff, 0xc1, 0xe7, 0xff, 0xff, 0xc1, 0xe7, 0xff, 
	0xff, 0xc1, 0xe7, 0xff, 0xff, 0xc1, 0xe7, 0xff, 
	0xff, 0xc1, 0xe7, 0xff, 0xff, 0xc1, 0xe7, 0xff, 
	0xff, 0xc1, 0xe7, 0xff, 0xff, 0xc1, 0xe7, 0xff, 
	0xff, 0xc3, 0xe7, 0xff, 0xff, 0xc3, 0xe7, 0xff, 
	0xff, 0xc4, 0xe7, 0xff, 0xff, 0xc4, 0xe7, 0xff, 
	0xff, 0xc4, 0xe7, 0xff, 0xff, 0xc3, 0xe7, 0xff, 
	0xff, 0xc4, 0xe7, 0xff, 0xff, 0xc4, 0xe7, 0xff, 
	0xff, 0xc1, 0xe7, 0xff, 0xff, 0xbf, 0xe7, 0xff, 
	0xff, 0xc1, 0xe7, 0xff, 0xff, 0xc1, 0xe7, 0xff, 
	0xff, 0xc3, 0xe7, 0xff, 0xff, 0xc4, 0xe7, 0xff, 
	0xff, 0xc4, 0xe7, 0xff, 0xff, 0xc4, 0xe7, 0xff, 
	0xff, 0xc5, 0xe7, 0xff, 0xff, 0xc5, 0xe7, 0xff, 
	0xff, 0xc8, 0xe7, 0xff, 0xff, 0xc8, 0xe7, 0xff, 
	0xff, 0xc8, 0xe7, 0xff, 0xff, 0xc8, 0xe7, 0xff, 
	0xff, 0xc8, 0xe7, 0xff, 0xff, 0xc8, 0xe7, 0xff, 
	0xff, 0xc7, 0xe7, 0xff, 0xff, 0xc5, 0xe7, 0xff, 
	0xff, 0xc5, 0xe7, 0xff, 0xff, 0xc5, 0xe7, 0xff, 
	0xff, 0xc4, 0xe7, 0xff, 0xff, 0xc4, 0xe7, 0xff, 
	0xff, 0xc3, 0xe7, 0xff, 0xff, 0xc3, 0xe7, 0xff, 
	0xff, 0xc3, 0xe7, 0xff, 0xff, 0xc3, 0xe7, 0xff, 
	0xff, 0xc5, 0xe7, 0xff, 0xff, 0xc3, 0xe7, 0xff, 
	0xff, 0xc1, 0xe7, 0xff, 0xff, 0xbf, 0xe7, 0xff, 
	0xff, 0xbf, 0xe7, 0xff, 0xff, 0xbf, 0xe7, 0xff, 
	0xff, 0xc1, 0xe7, 0xff, 0xff, 0xc1, 0xe7, 0xff, 
	0xff, 0xc4, 0xe7, 0xff, 0xff, 0xc4, 0xe7, 0xff, 
	0xff, 0xc3, 0xe7, 0xff, 0xff, 0xc3, 0xe7, 0xff, 
	0xff, 0xc5, 0xe7, 0xff, 0xff, 0xc4, 0xe7, 0xff, 
	0xff, 0xc8, 0xe7, 0xff, 0xff, 0xc8, 0xe7, 0xff, 
	0xff, 0xc5, 0xe7, 0xff, 0xff, 0xc5, 0xe7, 0xff, 
	0xff, 0xc4, 0xe7, 0xff, 0xff, 0xc4, 0xe7, 0xff, 
	0xff, 0xc4, 0xe7, 0xff, 0xff, 0xc3, 0xe7, 0xff, 
	0xff, 0xbf, 0xe7, 0xff, 0xff, 0xc1, 0xe7, 0xff, 
	0xff, 0xc3, 0xe7, 0xff, 0xff, 0xc1, 0xe7, 0xff, 
	0xff, 0xc1, 0xe7, 0xff, 0xff, 0xc1, 0xe7, 0xff, 
	0xff, 0xc1, 0xe7, 0xff, 0xff, 0xbf, 0xe7, 0xff, 
	0xff, 0xbf, 0xe7, 0xff, 0xff, 0xc1, 0xe7, 0xff, 
	0xff, 0xc1, 0xe7, 0xff, 0xff, 0xc1, 0xe7, 0xff, 
	0xff, 0xc3, 0xe7, 0xff, 0xff, 0xc3, 0xe7, 0xff, 
	0xff, 0xc4, 0xe7, 0xff, 0xff, 0xc5, 0xe7, 0xff, 
	0xff, 0xc1, 0xe7, 0xff, 0xff, 0xc1, 0xe7, 0xff, 
	0xff, 0xc3, 0xe7, 0xff, 0xff, 0xc1, 0xe7, 0xff, 
	0xff, 0xc0, 0xe6, 0xff, 0xff, 0xc0, 0xe6, 0xff, 
	0xff, 0xc0, 0xe6, 0xff, 0xff, 0xc0, 0xe6, 0xff, 
	0xff, 0xbd, 0xe7, 0xff, 0xff, 0xbd, 0xe7, 0xff, 
	0xff, 0xc0, 0xe7, 0xff, 0xff, 0xc0, 0xe7, 0xff, 
	0xff, 0xc1, 0xe7, 0xff, 0xff, 0xc1, 0xe7, 0xff, 
	0xff, 0xc1, 0xe7, 0xff, 0xff, 0xc1, 0xe7, 0xff, 
	0xff, 0xc3, 0xe7, 0xff, 0xff, 0xc3, 0xe7, 0xff, 
	0xff, 0xc3, 0xe7, 0xff, 0xff, 0xc4, 0xe7, 0xff, 
	0xff, 0xc1, 0xe7, 0xff, 0xff, 0xc1, 0xe7, 0xff, 
	0xff, 0xc3, 0xe7, 0xff, 0xff, 0xbf, 0xe7, 0xff, 
	0xff, 0xc4, 0xe7, 0xff, 0xff, 0xc4, 0xe7, 0xff, 
	0xff, 0xc4, 0xe7, 0xff, 0xff, 0xc4, 0xe7, 0xff, 
	0xff, 0xc1, 0xe6, 0xff, 0xff, 0xc1, 0xe6, 0xff, 
	0xff, 0xc1, 0xe6, 0xff, 0xff, 0xc1, 0xe6, 0xff, 
	0xff, 0xc0, 0xe6, 0xff, 0xff, 0xc0, 0xe6, 0xff, 
	0xff, 0xc0, 0xe6, 0xff, 0xff, 0xc0, 0xe6, 0xff, 
	0xff, 0xc1, 0xe7, 0xff, 0xff, 0xbf, 0xe7, 0xff, 
	0xff, 0xc1, 0xe7, 0xff, 0xff, 0xc1, 0xe7, 0xff, 
	0xff, 0xc5, 0xe7, 0xff, 0xff, 0xc5, 0xe7, 0xff, 
	0xff, 0xc4, 0xe7, 0xff, 0xff, 0xc5, 0xe7, 0xff, 
	0xff, 0xc5, 0xe7, 0xff, 0xff, 0xc5, 0xe7, 0xff, 
	0xff, 0xc3, 0xe7, 0xff, 0xff, 0xc3, 0xe7, 0xff, 
	0xff, 0xc1, 0xe7, 0xff, 0xff, 0xc4, 0xe7, 0xff, 
	0xff, 0xc1, 0xe7, 0xff, 0xff, 0xc4, 0xe7, 0xff, 
	0xff, 0xc4, 0xe7, 0xff, 0xff, 0xc4, 0xe7, 0xff, 
	0xff, 0xc1, 0xe7, 0xff, 0xff, 0xc1, 0xe7, 0xff, 
	0xff, 0xc3, 0xe7, 0xff, 0xff, 0xc3, 0xe7, 0xff, 
	0xff, 0xc4, 0xe7, 0xff, 0xff, 0xc4, 0xe7, 0xff, 
	0xff, 0xc3, 0xe7, 0xff, 0xff, 0xc3, 0xe7, 0xff, 
	0xff, 0xc3, 0xe7, 0xff, 0xff, 0xc3, 0xe7, 0xff, 
	0xff, 0xc1, 0xe7, 0xff, 0xff, 0xc1, 0xe7, 0xff, 
	0xff, 0xc1, 0xe7, 0xff, 0xff, 0xc3, 0xe7, 0xff, 
	0xff, 0xc4, 0xe7, 0xff, 0xff, 0xc4, 0xe7, 0xff, 
	0xff, 0xc4, 0xe7, 0xff, 0xff, 0xc4, 0xe7, 0xff, 
	0xff, 0xc3, 0xe7, 0xff, 0xff, 0xc5, 0xe7, 0xff, 
	0xff, 0xc8, 0xe7, 0xff, 0xff, 0xc8, 0xe7, 0xff, 
	0xff, 0xc8, 0xe7, 0xff, 0xff, 0xc8, 0xe7, 0xff, 
	0xff, 0xc5, 0xe7, 0xff, 0xff, 0xc8, 0xe7, 0xff, 
	0xff, 0xc5, 0xe7, 0xff, 0xff, 0xc5, 0xe7, 0xff, 
	0xff, 0xc5, 0xe7, 0xff, 0xff, 0xc5, 0xe7, 0xff, 
	0xff, 0xc7, 0xe7, 0xff, 0xff, 0xc5, 0xe7, 0xff, 
	0xff, 0xc5, 0xe7, 0xff, 0xff, 0xc4, 0xe7, 0xff, 
	0xff, 0xc4, 0xe7, 0xff, 0xff, 0xc5, 0xe7, 0xff, 
	0xff, 0xc3, 0xe7, 0xff, 0xff, 0xc3, 0xe7, 0xff, 
	0xff, 0xc1, 0xe7, 0xff, 0xff, 0xbf, 0xe7, 0xff, 
	0xff, 0xbf, 0xe7, 0xff, 0xff, 0xc1, 0xe7, 0xff, 
	0xff, 0xc1, 0xe7, 0xff, 0xff, 0xc1, 0xe7, 0xff, 
	0xff, 0xc1, 0xe7, 0xff, 0xff, 0xc1, 0xe7, 0xff, 
	0xff, 0xc4, 0xe7, 0xff, 0xff, 0xc3, 0xe7, 0xff, 
	0xff, 0xc4, 0xe7, 0xff, 0xff, 0xc5, 0xe7, 0xff, 
	0xff, 0xc8, 0xe7, 0xff, 0xff, 0xc8, 0xe7, 0xff, 
	0xff, 0xc5, 0xe7, 0xff, 0xff, 0xc5, 0xe7, 0xff, 
	0xff, 0xc4, 0xe7, 0xff, 0xff, 0xc4, 0xe7, 0xff, 
	0xff, 0xc4, 0xe7, 0xff, 0xff, 0xc3, 0xe7, 0xff, 
	0xff, 0xc1, 0xe7, 0xff, 0xff, 0xc3, 0xe7, 0xff, 
	0xff, 0xc1, 0xe7, 0xff, 0xff, 0xbf, 0xe7, 0xff, 
	0xff, 0xc1, 0xe7, 0xff, 0xff, 0xc1, 0xe7, 0xff, 
	0xff, 0xc1, 0xe7, 0xff, 0xff, 0xc1, 0xe7, 0xff, 
	0xff, 0xc1, 0xe7, 0xff, 0xff, 0xc3, 0xe7, 0xff, 
	0xff, 0xc1, 0xe7, 0xff, 0xff, 0xc1, 0xe7, 0xff, 
	0xff, 0xc3, 0xe7, 0xff, 0xff, 0xc3, 0xe7, 0xff, 
	0xff, 0xc3, 0xe7, 0xff, 0xff, 0xc3, 0xe7, 0xff, 
	0xff, 0xc3, 0xe7, 0xff, 0xff, 0xc1, 0xe7, 0xff, 
	0xff, 0xc1, 0xe7, 0xff, 0xff, 0xc1, 0xe7, 0xff, 
	0xff, 0xc0, 0xe6, 0xff, 0xff, 0xc0, 0xe6, 0xff, 
	0xff, 0xc0, 0xe6, 0xff, 0xff, 0xc0, 0xe6, 0xff, 
	0xff, 0xbd, 0xe7, 0xff, 0xff, 0xc0, 0xe7, 0xff, 
	0xff, 0xc0, 0xe7, 0xff, 0xff, 0xc0, 0xe7, 0xff, 
	0xff, 0xc1, 0xe7, 0xff, 0xff, 0xc1, 0xe7, 0xff, 
	0xff, 0xc3, 0xe7, 0xff, 0xff, 0xc3, 0xe7, 0xff, 
	0xff, 0xc4, 0xe7, 0xff, 0xff, 0xc3, 0xe7, 0xff, 
	0xff, 0xc5, 0xe7, 0xff, 0xff, 0xc5, 0xe7, 0xff, 
	
};

Vtx r64soap_soap_mesh_layer_1_vtx_cull[8] = {
	{{{-188, -127, -120}, 0, {0, 0}, {0x00, 0x00, 0x00, 0x00}}},
	{{{-188, -127, -2}, 0, {0, 0}, {0x00, 0x00, 0x00, 0x00}}},
	{{{-188, 129, -2}, 0, {0, 0}, {0x00, 0x00, 0x00, 0x00}}},
	{{{-188, 129, -120}, 0, {0, 0}, {0x00, 0x00, 0x00, 0x00}}},
	{{{184, -127, -120}, 0, {0, 0}, {0x00, 0x00, 0x00, 0x00}}},
	{{{184, -127, -2}, 0, {0, 0}, {0x00, 0x00, 0x00, 0x00}}},
	{{{184, 129, -2}, 0, {0, 0}, {0x00, 0x00, 0x00, 0x00}}},
	{{{184, 129, -120}, 0, {0, 0}, {0x00, 0x00, 0x00, 0x00}}},
};

Vtx r64soap_soap_mesh_layer_1_vtx_0[321] = {
	{{{146, -114, -106}, 0, {3453, 2556}, {0x14, 0xA0, 0xB0, 0xFF}}},
	{{{169, -114, -76}, 0, {3817, 2460}, {0x52, 0x9F, 0x06, 0xFF}}},
	{{{135, -127, -75}, 0, {3428, 2358}, {0x15, 0x84, 0xF1, 0xFF}}},
	{{{152, -85, -120}, 0, {3463, 2740}, {0x18, 0xE5, 0x86, 0xFF}}},
	{{{172, -109, -101}, 0, {3683, 2600}, {0x4B, 0xAA, 0xC8, 0xFF}}},
	{{{146, -114, -106}, 0, {3453, 2556}, {0x14, 0xA0, 0xB0, 0xFF}}},
	{{{-140, -127, -75}, 0, {629, 2358}, {0xEB, 0x84, 0xF1, 0xFF}}},
	{{{146, -114, -106}, 0, {3453, 2556}, {0x14, 0xA0, 0xB0, 0xFF}}},
	{{{135, -127, -75}, 0, {3428, 2358}, {0x15, 0x84, 0xF1, 0xFF}}},
	{{{146, -114, -106}, 0, {3453, 2556}, {0x14, 0xA0, 0xB0, 0xFF}}},
	{{{-156, -85, -120}, 0, {607, 2749}, {0xE9, 0xE5, 0x86, 0xFF}}},
	{{{152, -85, -120}, 0, {3463, 2740}, {0x17, 0xE5, 0x86, 0xFF}}},
	{{{146, -114, -106}, 0, {3453, 2556}, {0x14, 0xA0, 0xAF, 0xFF}}},
	{{{172, -109, -101}, 0, {3683, 2600}, {0x4B, 0xAB, 0xC7, 0xFF}}},
	{{{169, -114, -76}, 0, {3817, 2460}, {0x52, 0x9F, 0x05, 0xFF}}},
	{{{-140, -127, -75}, 0, {629, 2358}, {0xEB, 0x84, 0xF1, 0xFF}}},
	{{{-151, -114, -106}, 0, {613, 2564}, {0xEC, 0xA0, 0xB0, 0xFF}}},
	{{{146, -114, -106}, 0, {3453, 2556}, {0x14, 0xA0, 0xB0, 0xFF}}},
	{{{146, -114, -106}, 0, {3453, 2556}, {0x14, 0xA0, 0xB0, 0xFF}}},
	{{{-151, -114, -106}, 0, {613, 2564}, {0xEC, 0xA0, 0xB0, 0xFF}}},
	{{{-156, -85, -120}, 0, {607, 2749}, {0xE9, 0xE5, 0x86, 0xFF}}},
	{{{184, -85, -77}, 0, {4080, 2668}, {0x7B, 0xE5, 0x0E, 0xFF}}},
	{{{169, -114, -76}, 0, {3817, 2460}, {0x52, 0x9F, 0x05, 0xFF}}},
	{{{172, -109, -101}, 0, {3683, 2600}, {0x4B, 0xAB, 0xC7, 0xFF}}},
	{{{184, -85, -77}, 0, {4080, 2668}, {0x7B, 0xE5, 0x0E, 0xFF}}},
	{{{172, -109, -101}, 0, {3683, 2600}, {0x4B, 0xAB, 0xC7, 0xFF}}},
	{{{181, -85, -108}, 0, {3747, 2736}, {0x63, 0xE7, 0xB5, 0xFF}}},
	{{{152, -85, -120}, 0, {3463, 2740}, {0x18, 0xE5, 0x86, 0xFF}}},
	{{{181, -85, -108}, 0, {3747, 2736}, {0x64, 0xE6, 0xB6, 0xFF}}},
	{{{172, -109, -101}, 0, {3683, 2600}, {0x4C, 0xAB, 0xC8, 0xFF}}},
	{{{152, 87, -120}, 0, {3463, 3682}, {0x18, 0x1A, 0x86, 0xFF}}},
	{{{181, -85, -108}, 0, {3747, 2736}, {0x64, 0xE7, 0xB6, 0xFF}}},
	{{{152, -85, -120}, 0, {3463, 2740}, {0x18, 0xE6, 0x86, 0xFF}}},
	{{{-156, -85, -120}, 0, {607, 2749}, {0xE9, 0xE6, 0x86, 0xFF}}},
	{{{152, 87, -120}, 0, {3463, 3682}, {0x17, 0x1A, 0x86, 0xFF}}},
	{{{152, -85, -120}, 0, {3463, 2740}, {0x17, 0xE6, 0x86, 0xFF}}},
	{{{-156, -85, -120}, 0, {607, 2749}, {0xE8, 0xE5, 0x86, 0xFF}}},
	{{{-176, -109, -101}, 0, {380, 2610}, {0xB4, 0xAB, 0xC8, 0xFF}}},
	{{{-185, -85, -108}, 0, {320, 2748}, {0x9C, 0xE6, 0xB6, 0xFF}}},
	{{{-185, -85, -108}, 0, {320, 2748}, {0x9C, 0xE7, 0xB6, 0xFF}}},
	{{{-156, 87, -120}, 0, {615, 3693}, {0xE8, 0x1A, 0x86, 0xFF}}},
	{{{-156, -85, -120}, 0, {607, 2749}, {0xE8, 0xE6, 0x86, 0xFF}}},
	{{{-156, -85, -120}, 0, {607, 2749}, {0xE8, 0xE5, 0x86, 0xFF}}},
	{{{-151, -114, -106}, 0, {613, 2564}, {0xEC, 0xA0, 0xB0, 0xFF}}},
	{{{-176, -109, -101}, 0, {380, 2610}, {0xB5, 0xAA, 0xC8, 0xFF}}},
	{{{-156, 87, -120}, 0, {615, 3693}, {0xE9, 0x1A, 0x86, 0xFF}}},
	{{{152, 87, -120}, 0, {3463, 3682}, {0x17, 0x1A, 0x86, 0xFF}}},
	{{{-173, -114, -76}, 0, {240, 2470}, {0xAE, 0x9F, 0x06, 0xFF}}},
	{{{-151, -114, -106}, 0, {613, 2564}, {0xEC, 0xA0, 0xB0, 0xFF}}},
	{{{-140, -127, -75}, 0, {629, 2358}, {0xEB, 0x84, 0xF1, 0xFF}}},
	{{{-173, -114, -76}, 0, {240, 2470}, {0xAE, 0x9F, 0x05, 0xFF}}},
	{{{-176, -109, -101}, 0, {380, 2610}, {0xB5, 0xAB, 0xC7, 0xFF}}},
	{{{-151, -114, -106}, 0, {613, 2564}, {0xEC, 0xA0, 0xAF, 0xFF}}},
	{{{-188, -85, -77}, 0, {-16, 2682}, {0x85, 0xE5, 0x0E, 0xFF}}},
	{{{-176, -109, -101}, 0, {380, 2610}, {0xB5, 0xAB, 0xC7, 0xFF}}},
	{{{-173, -114, -76}, 0, {240, 2470}, {0xAE, 0x9F, 0x05, 0xFF}}},
	{{{-188, -85, -77}, 0, {-16, 2682}, {0x85, 0xE5, 0x0E, 0xFF}}},
	{{{-185, -85, -108}, 0, {320, 2748}, {0x9D, 0xE7, 0xB5, 0xFF}}},
	{{{-176, -109, -101}, 0, {380, 2610}, {0xB5, 0xAB, 0xC7, 0xFF}}},
	{{{-188, -85, -77}, 0, {-16, 2682}, {0x85, 0xE5, 0x0E, 0xFF}}},
	{{{-185, 87, -108}, 0, {328, 3700}, {0x9D, 0x19, 0xB5, 0xFF}}},
	{{{-185, -85, -108}, 0, {320, 2748}, {0x9D, 0xE7, 0xB5, 0xFF}}},
	{{{-185, -85, -108}, 0, {320, 2748}, {0x9C, 0xE7, 0xB6, 0xFF}}},
	{{{-185, 87, -108}, 0, {328, 3700}, {0x9C, 0x19, 0xB6, 0xFF}}},
	{{{-156, 87, -120}, 0, {615, 3693}, {0xE8, 0x1A, 0x86, 0xFF}}},
	{{{-156, 87, -120}, 0, {615, 3693}, {0xE8, 0x1B, 0x86, 0xFF}}},
	{{{-176, 111, -101}, 0, {397, 3833}, {0xB5, 0x56, 0xC8, 0xFF}}},
	{{{-151, 117, -106}, 0, {625, 3875}, {0xEC, 0x60, 0xB0, 0xFF}}},
	{{{146, 117, -106}, 0, {3454, 3866}, {0x14, 0x60, 0xB0, 0xFF}}},
	{{{-156, 87, -120}, 0, {615, 3693}, {0xE9, 0x1B, 0x86, 0xFF}}},
	{{{-151, 117, -106}, 0, {625, 3875}, {0xEC, 0x60, 0xB0, 0xFF}}},
	{{{-156, 87, -120}, 0, {615, 3693}, {0xE8, 0x1B, 0x86, 0xFF}}},
	{{{-185, 87, -108}, 0, {328, 3700}, {0x9C, 0x1A, 0xB6, 0xFF}}},
	{{{-176, 111, -101}, 0, {397, 3833}, {0xB4, 0x55, 0xC8, 0xFF}}},
	{{{146, 117, -106}, 0, {3454, 3866}, {0x14, 0x60, 0xB0, 0xFF}}},
	{{{152, 87, -120}, 0, {3463, 3682}, {0x17, 0x1B, 0x86, 0xFF}}},
	{{{-156, 87, -120}, 0, {615, 3693}, {0xE9, 0x1B, 0x86, 0xFF}}},
	{{{152, 87, -120}, 0, {3463, 3682}, {0x18, 0x1B, 0x86, 0xFF}}},
	{{{172, 111, -101}, 0, {3685, 3822}, {0x4C, 0x55, 0xC8, 0xFF}}},
	{{{181, 87, -108}, 0, {3751, 3687}, {0x64, 0x1A, 0xB6, 0xFF}}},
	{{{152, 87, -120}, 0, {3463, 3682}, {0x18, 0x1B, 0x86, 0xFF}}},
	{{{146, 117, -106}, 0, {3454, 3866}, {0x14, 0x60, 0xB0, 0xFF}}},
	{{{172, 111, -101}, 0, {3685, 3822}, {0x4B, 0x56, 0xC8, 0xFF}}},
	{{{152, 87, -120}, 0, {3463, 3682}, {0x18, 0x1A, 0x86, 0xFF}}},
	{{{181, 87, -108}, 0, {3751, 3687}, {0x64, 0x19, 0xB6, 0xFF}}},
	{{{181, -85, -108}, 0, {3747, 2736}, {0x64, 0xE7, 0xB6, 0xFF}}},
	{{{181, 87, -108}, 0, {3751, 3687}, {0x63, 0x19, 0xB5, 0xFF}}},
	{{{184, -85, -77}, 0, {4080, 2668}, {0x7B, 0xE5, 0x0E, 0xFF}}},
	{{{181, -85, -108}, 0, {3747, 2736}, {0x63, 0xE7, 0xB5, 0xFF}}},
	{{{181, 87, -108}, 0, {3751, 3687}, {0x63, 0x19, 0xB5, 0xFF}}},
	{{{184, 87, -77}, 0, {4064, 3754}, {0x7B, 0x1B, 0x0E, 0xFF}}},
	{{{184, -85, -77}, 0, {4080, 2668}, {0x7B, 0xE5, 0x0E, 0xFF}}},
	{{{184, 87, -77}, 0, {4064, 3754}, {0x7B, 0x1B, 0x0E, 0xFF}}},
	{{{181, 87, -108}, 0, {3751, 3687}, {0x63, 0x19, 0xB5, 0xFF}}},
	{{{172, 111, -101}, 0, {3685, 3822}, {0x4B, 0x55, 0xC7, 0xFF}}},
	{{{184, 87, -77}, 0, {4064, 3754}, {0x7B, 0x1B, 0x0E, 0xFF}}},
	{{{172, 111, -101}, 0, {3685, 3822}, {0x4B, 0x55, 0xC7, 0xFF}}},
	{{{169, 117, -76}, 0, {3820, 3959}, {0x52, 0x61, 0x05, 0xFF}}},
	{{{169, 117, -76}, 0, {3820, 3959}, {0x52, 0x61, 0x05, 0xFF}}},
	{{{172, 111, -101}, 0, {3685, 3822}, {0x4B, 0x55, 0xC7, 0xFF}}},
	{{{146, 117, -106}, 0, {3454, 3866}, {0x14, 0x60, 0xAF, 0xFF}}},
	{{{169, 117, -76}, 0, {3820, 3959}, {0x52, 0x61, 0x06, 0xFF}}},
	{{{146, 117, -106}, 0, {3454, 3866}, {0x14, 0x60, 0xB0, 0xFF}}},
	{{{135, 129, -75}, 0, {3438, 4070}, {0x15, 0x7C, 0xF1, 0xFF}}},
	{{{135, 129, -75}, 0, {3438, 4070}, {0x15, 0x7C, 0xF1, 0xFF}}},
	{{{146, 117, -106}, 0, {3454, 3866}, {0x14, 0x60, 0xB0, 0xFF}}},
	{{{-151, 117, -106}, 0, {625, 3875}, {0xEC, 0x60, 0xB0, 0xFF}}},
	{{{-151, 117, -106}, 0, {625, 3875}, {0xEC, 0x60, 0xB0, 0xFF}}},
	{{{-173, 117, -76}, 0, {269, 3969}, {0xAE, 0x61, 0x06, 0xFF}}},
	{{{-140, 129, -75}, 0, {650, 4071}, {0xEB, 0x7C, 0xF1, 0xFF}}},
	{{{135, 129, -75}, 0, {3438, 4070}, {0x15, 0x7C, 0xF1, 0xFF}}},
	{{{-151, 117, -106}, 0, {625, 3875}, {0xEC, 0x60, 0xB0, 0xFF}}},
	{{{-140, 129, -75}, 0, {650, 4071}, {0xEB, 0x7C, 0xF1, 0xFF}}},
	{{{-151, 117, -106}, 0, {625, 3875}, {0xEC, 0x60, 0xAF, 0xFF}}},
	{{{-176, 111, -101}, 0, {397, 3833}, {0xB5, 0x55, 0xC7, 0xFF}}},
	{{{-173, 117, -76}, 0, {269, 3969}, {0xAE, 0x61, 0x05, 0xFF}}},
	{{{-188, 87, -77}, 0, {18, 3769}, {0x85, 0x1B, 0x0E, 0xFF}}},
	{{{-176, 111, -101}, 0, {397, 3833}, {0xB5, 0x55, 0xC7, 0xFF}}},
	{{{-185, 87, -108}, 0, {328, 3700}, {0x9D, 0x19, 0xB5, 0xFF}}},
	{{{-188, 87, -77}, 0, {18, 3769}, {0x85, 0x1B, 0x0E, 0xFF}}},
	{{{-173, 117, -76}, 0, {269, 3969}, {0xAE, 0x61, 0x05, 0xFF}}},
	{{{-176, 111, -101}, 0, {397, 3833}, {0xB5, 0x55, 0xC7, 0xFF}}},
	{{{-188, -85, -77}, 0, {-16, 2682}, {0x85, 0xE5, 0x0E, 0xFF}}},
	{{{-188, 87, -77}, 0, {18, 3769}, {0x85, 0x1B, 0x0E, 0xFF}}},
	{{{-185, 87, -108}, 0, {328, 3700}, {0x9D, 0x19, 0xB5, 0xFF}}},
	{{{184, -85, -77}, 0, {-20, 557}, {0x7B, 0xE5, 0x0D, 0xFF}}},
	{{{174, 87, -45}, 0, {136, 2228}, {0x70, 0x19, 0x36, 0xFF}}},
	{{{174, -85, -45}, 0, {141, 551}, {0x70, 0xE7, 0x36, 0xFF}}},
	{{{174, -85, -45}, 0, {141, 551}, {0x70, 0xE7, 0x36, 0xFF}}},
	{{{169, -114, -76}, 0, {218, 225}, {0x52, 0x9F, 0x04, 0xFF}}},
	{{{184, -85, -77}, 0, {-20, 557}, {0x7B, 0xE5, 0x0D, 0xFF}}},
	{{{184, -85, -77}, 0, {-20, 557}, {0x7B, 0xE5, 0x0D, 0xFF}}},
	{{{184, 87, -77}, 0, {-15, 2220}, {0x7B, 0x1B, 0x0D, 0xFF}}},
	{{{174, 87, -45}, 0, {136, 2228}, {0x70, 0x19, 0x36, 0xFF}}},
	{{{174, 87, -45}, 0, {136, 2228}, {0x70, 0x19, 0x36, 0xFF}}},
	{{{146, 111, -20}, 0, {412, 2484}, {0x3C, 0x4C, 0x53, 0xFF}}},
	{{{151, 87, -14}, 0, {358, 2241}, {0x4A, 0x14, 0x65, 0xFF}}},
	{{{169, 117, -76}, 0, {216, 2556}, {0x52, 0x61, 0x04, 0xFF}}},
	{{{174, 87, -45}, 0, {136, 2228}, {0x70, 0x19, 0x36, 0xFF}}},
	{{{184, 87, -77}, 0, {-15, 2220}, {0x7B, 0x1B, 0x0D, 0xFF}}},
	{{{174, 87, -45}, 0, {136, 2228}, {0x70, 0x19, 0x36, 0xFF}}},
	{{{151, -85, -14}, 0, {353, 537}, {0x4A, 0xEC, 0x65, 0xFF}}},
	{{{174, -85, -45}, 0, {141, 551}, {0x70, 0xE7, 0x36, 0xFF}}},
	{{{174, 87, -45}, 0, {136, 2228}, {0x70, 0x19, 0x36, 0xFF}}},
	{{{159, 117, -46}, 0, {349, 2515}, {0x4E, 0x5C, 0x28, 0xFF}}},
	{{{146, 111, -20}, 0, {412, 2484}, {0x3C, 0x4C, 0x53, 0xFF}}},
	{{{169, 117, -76}, 0, {216, 2556}, {0x52, 0x61, 0x04, 0xFF}}},
	{{{159, 117, -46}, 0, {349, 2515}, {0x4E, 0x5C, 0x28, 0xFF}}},
	{{{174, 87, -45}, 0, {136, 2228}, {0x70, 0x19, 0x36, 0xFF}}},
	{{{174, 87, -45}, 0, {136, 2228}, {0x70, 0x19, 0x36, 0xFF}}},
	{{{151, 87, -14}, 0, {358, 2241}, {0x4A, 0x14, 0x65, 0xFF}}},
	{{{151, -85, -14}, 0, {353, 537}, {0x4A, 0xEC, 0x65, 0xFF}}},
	{{{174, -85, -45}, 0, {141, 551}, {0x70, 0xE7, 0x36, 0xFF}}},
	{{{146, -109, -20}, 0, {409, 295}, {0x3C, 0xB4, 0x53, 0xFF}}},
	{{{159, -114, -46}, 0, {348, 266}, {0x4E, 0xA4, 0x28, 0xFF}}},
	{{{174, -85, -45}, 0, {141, 551}, {0x70, 0xE7, 0x36, 0xFF}}},
	{{{151, -85, -14}, 0, {353, 537}, {0x4A, 0xEC, 0x65, 0xFF}}},
	{{{146, -109, -20}, 0, {409, 295}, {0x3C, 0xB4, 0x53, 0xFF}}},
	{{{174, -85, -45}, 0, {141, 551}, {0x70, 0xE7, 0x36, 0xFF}}},
	{{{159, -114, -46}, 0, {348, 266}, {0x4E, 0xA4, 0x28, 0xFF}}},
	{{{169, -114, -76}, 0, {218, 225}, {0x52, 0x9F, 0x04, 0xFF}}},
	{{{159, -114, -46}, 0, {348, 266}, {0x4E, 0xA4, 0x29, 0xFF}}},
	{{{135, -127, -75}, 0, {642, 14}, {0x15, 0x84, 0xF0, 0xFF}}},
	{{{169, -114, -76}, 0, {218, 225}, {0x52, 0x9F, 0x05, 0xFF}}},
	{{{126, -127, -47}, 0, {701, 100}, {0x13, 0x85, 0x1A, 0xFF}}},
	{{{159, -114, -46}, 0, {348, 266}, {0x4E, 0xA4, 0x28, 0xFF}}},
	{{{146, -109, -20}, 0, {409, 295}, {0x3B, 0xB4, 0x53, 0xFF}}},
	{{{159, -114, -46}, 0, {348, 266}, {0x4E, 0xA4, 0x29, 0xFF}}},
	{{{126, -127, -47}, 0, {701, 100}, {0x13, 0x85, 0x1B, 0xFF}}},
	{{{135, -127, -75}, 0, {642, 14}, {0x15, 0x84, 0xF0, 0xFF}}},
	{{{114, -85, -2}, 0, {772, 560}, {0x13, 0xE6, 0x7B, 0xFF}}},
	{{{146, -109, -20}, 0, {409, 295}, {0x3C, 0xB4, 0x53, 0xFF}}},
	{{{151, -85, -14}, 0, {353, 537}, {0x4A, 0xEB, 0x65, 0xFF}}},
	{{{126, -127, -47}, 0, {701, 100}, {0x13, 0x85, 0x1A, 0xFF}}},
	{{{146, -109, -20}, 0, {409, 295}, {0x3B, 0xB4, 0x53, 0xFF}}},
	{{{118, -114, -15}, 0, {724, 249}, {0x0F, 0xA5, 0x57, 0xFF}}},
	{{{114, -85, -2}, 0, {772, 560}, {0x13, 0xE6, 0x7B, 0xFF}}},
	{{{118, -114, -15}, 0, {724, 249}, {0x0F, 0xA5, 0x57, 0xFF}}},
	{{{146, -109, -20}, 0, {409, 295}, {0x3C, 0xB4, 0x53, 0xFF}}},
	{{{151, 87, -14}, 0, {358, 2241}, {0x4A, 0x14, 0x66, 0xFF}}},
	{{{114, -85, -2}, 0, {772, 560}, {0x13, 0xE7, 0x7B, 0xFF}}},
	{{{151, -85, -14}, 0, {353, 537}, {0x4A, 0xEC, 0x66, 0xFF}}},
	{{{114, 87, -2}, 0, {778, 2221}, {0x13, 0x1A, 0x7B, 0xFF}}},
	{{{151, 87, -14}, 0, {358, 2241}, {0x4A, 0x15, 0x65, 0xFF}}},
	{{{146, 111, -20}, 0, {412, 2484}, {0x3C, 0x4C, 0x53, 0xFF}}},
	{{{151, 87, -14}, 0, {358, 2241}, {0x4A, 0x14, 0x66, 0xFF}}},
	{{{114, 87, -2}, 0, {778, 2221}, {0x13, 0x19, 0x7B, 0xFF}}},
	{{{114, -85, -2}, 0, {772, 560}, {0x13, 0xE7, 0x7B, 0xFF}}},
	{{{-119, -85, -2}, 0, {3279, 559}, {0xEE, 0xE6, 0x7B, 0xFF}}},
	{{{118, -114, -15}, 0, {724, 249}, {0x0F, 0xA5, 0x57, 0xFF}}},
	{{{114, -85, -2}, 0, {772, 560}, {0x12, 0xE6, 0x7B, 0xFF}}},
	{{{118, -114, -15}, 0, {724, 249}, {0x0F, 0xA5, 0x57, 0xFF}}},
	{{{-131, -127, -47}, 0, {3344, 94}, {0xED, 0x85, 0x1A, 0xFF}}},
	{{{126, -127, -47}, 0, {701, 100}, {0x13, 0x85, 0x1A, 0xFF}}},
	{{{-119, -85, -2}, 0, {3279, 559}, {0xEE, 0xE6, 0x7B, 0xFF}}},
	{{{-122, -114, -15}, 0, {3327, 249}, {0xF1, 0xA5, 0x57, 0xFF}}},
	{{{118, -114, -15}, 0, {724, 249}, {0x0F, 0xA5, 0x57, 0xFF}}},
	{{{118, -114, -15}, 0, {724, 249}, {0x0F, 0xA5, 0x57, 0xFF}}},
	{{{-122, -114, -15}, 0, {3327, 249}, {0xF1, 0xA5, 0x57, 0xFF}}},
	{{{-131, -127, -47}, 0, {3344, 94}, {0xED, 0x85, 0x1A, 0xFF}}},
	{{{126, -127, -47}, 0, {701, 100}, {0x13, 0x85, 0x1B, 0xFF}}},
	{{{-140, -127, -75}, 0, {3406, -2}, {0xEB, 0x84, 0xF0, 0xFF}}},
	{{{135, -127, -75}, 0, {642, 14}, {0x15, 0x84, 0xF0, 0xFF}}},
	{{{126, -127, -47}, 0, {701, 100}, {0x13, 0x85, 0x1B, 0xFF}}},
	{{{-131, -127, -47}, 0, {3344, 94}, {0xED, 0x85, 0x1B, 0xFF}}},
	{{{-140, -127, -75}, 0, {3406, -2}, {0xEB, 0x84, 0xF0, 0xFF}}},
	{{{-131, -127, -47}, 0, {3344, 94}, {0xED, 0x85, 0x1A, 0xFF}}},
	{{{-151, -109, -20}, 0, {3644, 292}, {0xC5, 0xB4, 0x53, 0xFF}}},
	{{{-164, -114, -46}, 0, {3707, 259}, {0xB2, 0xA4, 0x28, 0xFF}}},
	{{{-131, -127, -47}, 0, {3344, 94}, {0xED, 0x85, 0x1A, 0xFF}}},
	{{{-122, -114, -15}, 0, {3327, 249}, {0xF1, 0xA5, 0x57, 0xFF}}},
	{{{-151, -109, -20}, 0, {3644, 292}, {0xC5, 0xB4, 0x53, 0xFF}}},
	{{{-140, -127, -75}, 0, {3406, -2}, {0xEB, 0x84, 0xF0, 0xFF}}},
	{{{-131, -127, -47}, 0, {3344, 94}, {0xED, 0x85, 0x1B, 0xFF}}},
	{{{-164, -114, -46}, 0, {3707, 259}, {0xB2, 0xA4, 0x29, 0xFF}}},
	{{{-119, -85, -2}, 0, {3279, 559}, {0xED, 0xE6, 0x7B, 0xFF}}},
	{{{-151, -109, -20}, 0, {3644, 292}, {0xC4, 0xB4, 0x53, 0xFF}}},
	{{{-122, -114, -15}, 0, {3327, 249}, {0xF1, 0xA5, 0x57, 0xFF}}},
	{{{-119, -85, -2}, 0, {3279, 559}, {0xED, 0xE7, 0x7B, 0xFF}}},
	{{{-155, 87, -14}, 0, {3698, 2239}, {0xB6, 0x14, 0x66, 0xFF}}},
	{{{-155, -85, -14}, 0, {3699, 535}, {0xB6, 0xEC, 0x66, 0xFF}}},
	{{{-119, -85, -2}, 0, {3279, 559}, {0xED, 0xE6, 0x7B, 0xFF}}},
	{{{-155, -85, -14}, 0, {3699, 535}, {0xB6, 0xEB, 0x65, 0xFF}}},
	{{{-151, -109, -20}, 0, {3644, 292}, {0xC4, 0xB4, 0x53, 0xFF}}},
	{{{-119, -85, -2}, 0, {3279, 559}, {0xED, 0xE7, 0x7B, 0xFF}}},
	{{{-119, 87, -2}, 0, {3278, 2216}, {0xED, 0x19, 0x7B, 0xFF}}},
	{{{-155, 87, -14}, 0, {3698, 2239}, {0xB6, 0x14, 0x66, 0xFF}}},
	{{{-119, 87, -2}, 0, {3278, 2216}, {0xED, 0x1A, 0x7B, 0xFF}}},
	{{{-151, 111, -20}, 0, {3641, 2482}, {0xC4, 0x4C, 0x53, 0xFF}}},
	{{{-155, 87, -14}, 0, {3698, 2239}, {0xB6, 0x15, 0x65, 0xFF}}},
	{{{114, 87, -2}, 0, {778, 2221}, {0x12, 0x1A, 0x7B, 0xFF}}},
	{{{-122, 117, -15}, 0, {3325, 2525}, {0xF1, 0x5B, 0x57, 0xFF}}},
	{{{-119, 87, -2}, 0, {3278, 2216}, {0xEE, 0x1A, 0x7B, 0xFF}}},
	{{{-119, 87, -2}, 0, {3278, 2216}, {0xED, 0x1A, 0x7B, 0xFF}}},
	{{{-122, 117, -15}, 0, {3325, 2525}, {0xF1, 0x5B, 0x57, 0xFF}}},
	{{{-151, 111, -20}, 0, {3641, 2482}, {0xC4, 0x4C, 0x53, 0xFF}}},
	{{{114, 87, -2}, 0, {778, 2221}, {0x13, 0x1A, 0x7B, 0xFF}}},
	{{{146, 111, -20}, 0, {412, 2484}, {0x3C, 0x4C, 0x53, 0xFF}}},
	{{{118, 117, -15}, 0, {727, 2531}, {0x0F, 0x5B, 0x57, 0xFF}}},
	{{{114, 87, -2}, 0, {778, 2221}, {0x12, 0x1A, 0x7B, 0xFF}}},
	{{{118, 117, -15}, 0, {727, 2531}, {0x0F, 0x5B, 0x57, 0xFF}}},
	{{{-122, 117, -15}, 0, {3325, 2525}, {0xF1, 0x5B, 0x57, 0xFF}}},
	{{{-131, 129, -47}, 0, {3344, 2680}, {0xED, 0x7B, 0x1A, 0xFF}}},
	{{{-151, 111, -20}, 0, {3641, 2482}, {0xC5, 0x4C, 0x53, 0xFF}}},
	{{{-122, 117, -15}, 0, {3325, 2525}, {0xF1, 0x5B, 0x57, 0xFF}}},
	{{{118, 117, -15}, 0, {727, 2531}, {0x0F, 0x5B, 0x57, 0xFF}}},
	{{{-131, 129, -47}, 0, {3344, 2680}, {0xED, 0x7B, 0x1A, 0xFF}}},
	{{{-122, 117, -15}, 0, {3325, 2525}, {0xF1, 0x5B, 0x57, 0xFF}}},
	{{{-178, 87, -45}, 0, {3912, 2228}, {0x90, 0x19, 0x36, 0xFF}}},
	{{{-151, 111, -20}, 0, {3641, 2482}, {0xC4, 0x4C, 0x53, 0xFF}}},
	{{{-164, 117, -46}, 0, {3701, 2514}, {0xB2, 0x5C, 0x28, 0xFF}}},
	{{{-131, 129, -47}, 0, {3344, 2680}, {0xED, 0x7B, 0x1A, 0xFF}}},
	{{{-164, 117, -46}, 0, {3701, 2514}, {0xB2, 0x5C, 0x28, 0xFF}}},
	{{{-151, 111, -20}, 0, {3641, 2482}, {0xC5, 0x4C, 0x53, 0xFF}}},
	{{{-178, 87, -45}, 0, {3912, 2228}, {0x90, 0x19, 0x36, 0xFF}}},
	{{{-155, 87, -14}, 0, {3698, 2239}, {0xB6, 0x14, 0x65, 0xFF}}},
	{{{-151, 111, -20}, 0, {3641, 2482}, {0xC4, 0x4C, 0x53, 0xFF}}},
	{{{-155, 87, -14}, 0, {3698, 2239}, {0xB6, 0x14, 0x65, 0xFF}}},
	{{{-178, -85, -45}, 0, {3922, 547}, {0x90, 0xE7, 0x36, 0xFF}}},
	{{{-155, -85, -14}, 0, {3699, 535}, {0xB6, 0xEC, 0x65, 0xFF}}},
	{{{-155, 87, -14}, 0, {3698, 2239}, {0xB6, 0x14, 0x65, 0xFF}}},
	{{{-178, 87, -45}, 0, {3912, 2228}, {0x90, 0x19, 0x36, 0xFF}}},
	{{{-178, -85, -45}, 0, {3922, 547}, {0x90, 0xE7, 0x36, 0xFF}}},
	{{{-178, -85, -45}, 0, {3922, 547}, {0x90, 0xE7, 0x36, 0xFF}}},
	{{{-151, -109, -20}, 0, {3644, 292}, {0xC4, 0xB4, 0x53, 0xFF}}},
	{{{-155, -85, -14}, 0, {3699, 535}, {0xB6, 0xEC, 0x65, 0xFF}}},
	{{{-178, -85, -45}, 0, {3922, 547}, {0x90, 0xE7, 0x36, 0xFF}}},
	{{{-164, -114, -46}, 0, {3707, 259}, {0xB2, 0xA4, 0x28, 0xFF}}},
	{{{-151, -109, -20}, 0, {3644, 292}, {0xC4, 0xB4, 0x53, 0xFF}}},
	{{{-140, -127, -75}, 0, {3406, -2}, {0xEB, 0x84, 0xF0, 0xFF}}},
	{{{-164, -114, -46}, 0, {3707, 259}, {0xB2, 0xA4, 0x29, 0xFF}}},
	{{{-173, -114, -76}, 0, {3841, 215}, {0xAE, 0x9F, 0x05, 0xFF}}},
	{{{-173, -114, -76}, 0, {3841, 215}, {0xAE, 0x9F, 0x04, 0xFF}}},
	{{{-164, -114, -46}, 0, {3707, 259}, {0xB2, 0xA4, 0x28, 0xFF}}},
	{{{-178, -85, -45}, 0, {3922, 547}, {0x90, 0xE7, 0x36, 0xFF}}},
	{{{-178, -85, -45}, 0, {3922, 547}, {0x90, 0xE7, 0x36, 0xFF}}},
	{{{-188, 87, -77}, 0, {4075, 2223}, {0x85, 0x1B, 0x0D, 0xFF}}},
	{{{-188, -85, -77}, 0, {4075, 554}, {0x85, 0xE5, 0x0D, 0xFF}}},
	{{{-173, -114, -76}, 0, {3841, 215}, {0xAE, 0x9F, 0x04, 0xFF}}},
	{{{-178, -85, -45}, 0, {3922, 547}, {0x90, 0xE7, 0x36, 0xFF}}},
	{{{-188, -85, -77}, 0, {4075, 554}, {0x85, 0xE5, 0x0D, 0xFF}}},
	{{{-178, -85, -45}, 0, {3922, 547}, {0x90, 0xE7, 0x36, 0xFF}}},
	{{{-178, 87, -45}, 0, {3912, 2228}, {0x90, 0x19, 0x36, 0xFF}}},
	{{{-188, 87, -77}, 0, {4075, 2223}, {0x85, 0x1B, 0x0D, 0xFF}}},
	{{{-178, 87, -45}, 0, {3912, 2228}, {0x90, 0x19, 0x36, 0xFF}}},
	{{{-173, 117, -76}, 0, {3834, 2557}, {0xAE, 0x61, 0x04, 0xFF}}},
	{{{-188, 87, -77}, 0, {4075, 2223}, {0x85, 0x1B, 0x0D, 0xFF}}},
	{{{-178, 87, -45}, 0, {3912, 2228}, {0x90, 0x19, 0x36, 0xFF}}},
	{{{-164, 117, -46}, 0, {3701, 2514}, {0xB2, 0x5C, 0x28, 0xFF}}},
	{{{-173, 117, -76}, 0, {3834, 2557}, {0xAE, 0x61, 0x04, 0xFF}}},
	{{{-164, 117, -46}, 0, {3701, 2514}, {0xB2, 0x5C, 0x29, 0xFF}}},
	{{{-140, 129, -75}, 0, {3405, 2768}, {0xEB, 0x7C, 0xF0, 0xFF}}},
	{{{-173, 117, -76}, 0, {3834, 2557}, {0xAE, 0x61, 0x05, 0xFF}}},
	{{{-164, 117, -46}, 0, {3701, 2514}, {0xB2, 0x5C, 0x29, 0xFF}}},
	{{{-131, 129, -47}, 0, {3344, 2680}, {0xED, 0x7B, 0x1B, 0xFF}}},
	{{{-140, 129, -75}, 0, {3405, 2768}, {0xEB, 0x7C, 0xF0, 0xFF}}},
	{{{-131, 129, -47}, 0, {3344, 2680}, {0xED, 0x7B, 0x1B, 0xFF}}},
	{{{135, 129, -75}, 0, {645, 2773}, {0x15, 0x7C, 0xF0, 0xFF}}},
	{{{-140, 129, -75}, 0, {3405, 2768}, {0xEB, 0x7C, 0xF0, 0xFF}}},
	{{{-131, 129, -47}, 0, {3344, 2680}, {0xED, 0x7B, 0x1B, 0xFF}}},
	{{{126, 129, -47}, 0, {705, 2679}, {0x13, 0x7B, 0x1B, 0xFF}}},
	{{{135, 129, -75}, 0, {645, 2773}, {0x15, 0x7C, 0xF0, 0xFF}}},
	{{{118, 117, -15}, 0, {727, 2531}, {0x0F, 0x5B, 0x57, 0xFF}}},
	{{{126, 129, -47}, 0, {705, 2679}, {0x13, 0x7B, 0x1A, 0xFF}}},
	{{{-131, 129, -47}, 0, {3344, 2680}, {0xED, 0x7B, 0x1A, 0xFF}}},
	{{{126, 129, -47}, 0, {705, 2679}, {0x13, 0x7B, 0x1A, 0xFF}}},
	{{{118, 117, -15}, 0, {727, 2531}, {0x0F, 0x5B, 0x57, 0xFF}}},
	{{{146, 111, -20}, 0, {412, 2484}, {0x3B, 0x4C, 0x53, 0xFF}}},
	{{{126, 129, -47}, 0, {705, 2679}, {0x13, 0x7B, 0x1A, 0xFF}}},
	{{{146, 111, -20}, 0, {412, 2484}, {0x3B, 0x4C, 0x53, 0xFF}}},
	{{{159, 117, -46}, 0, {349, 2515}, {0x4E, 0x5C, 0x28, 0xFF}}},
	{{{135, 129, -75}, 0, {645, 2773}, {0x15, 0x7C, 0xF0, 0xFF}}},
	{{{126, 129, -47}, 0, {705, 2679}, {0x13, 0x7B, 0x1B, 0xFF}}},
	{{{159, 117, -46}, 0, {349, 2515}, {0x4E, 0x5C, 0x29, 0xFF}}},
	{{{135, 129, -75}, 0, {645, 2773}, {0x15, 0x7C, 0xF0, 0xFF}}},
	{{{159, 117, -46}, 0, {349, 2515}, {0x4E, 0x5C, 0x29, 0xFF}}},
	{{{169, 117, -76}, 0, {216, 2556}, {0x52, 0x61, 0x05, 0xFF}}},
	{{{114, -85, -2}, 0, {772, 560}, {0x12, 0xE7, 0x7B, 0xFF}}},
	{{{-119, 87, -2}, 0, {3278, 2216}, {0xEE, 0x19, 0x7B, 0xFF}}},
	{{{-119, -85, -2}, 0, {3279, 559}, {0xEE, 0xE7, 0x7B, 0xFF}}},
	{{{114, 87, -2}, 0, {778, 2221}, {0x12, 0x19, 0x7B, 0xFF}}},
};

Gfx r64soap_soap_mesh_layer_1_tri_0[] = {
	gsSPVertex(r64soap_soap_mesh_layer_1_vtx_0 + 0, 62, 0),
	gsSP2Triangles(0, 1, 2, 0, 3, 4, 5, 0),
	gsSP2Triangles(6, 7, 8, 0, 9, 10, 11, 0),
	gsSP2Triangles(12, 13, 14, 0, 15, 16, 17, 0),
	gsSP2Triangles(18, 19, 20, 0, 21, 22, 23, 0),
	gsSP2Triangles(24, 25, 26, 0, 27, 28, 29, 0),
	gsSP2Triangles(30, 31, 32, 0, 33, 34, 35, 0),
	gsSP2Triangles(36, 37, 38, 0, 39, 40, 41, 0),
	gsSP2Triangles(42, 43, 44, 0, 33, 45, 46, 0),
	gsSP2Triangles(47, 48, 49, 0, 50, 51, 52, 0),
	gsSP2Triangles(53, 54, 55, 0, 56, 57, 58, 0),
	gsSP1Triangle(59, 60, 61, 0),
	gsSPVertex(r64soap_soap_mesh_layer_1_vtx_0 + 62, 63, 0),
	gsSP2Triangles(0, 1, 2, 0, 3, 4, 5, 0),
	gsSP2Triangles(6, 7, 8, 0, 9, 10, 11, 0),
	gsSP2Triangles(12, 13, 14, 0, 15, 16, 17, 0),
	gsSP2Triangles(18, 19, 20, 0, 21, 22, 23, 0),
	gsSP2Triangles(24, 25, 26, 0, 27, 28, 29, 0),
	gsSP2Triangles(30, 31, 32, 0, 33, 34, 35, 0),
	gsSP2Triangles(36, 37, 38, 0, 39, 40, 41, 0),
	gsSP2Triangles(42, 43, 44, 0, 45, 46, 47, 0),
	gsSP2Triangles(48, 49, 50, 0, 51, 52, 53, 0),
	gsSP2Triangles(54, 55, 56, 0, 57, 58, 59, 0),
	gsSP1Triangle(60, 61, 62, 0),
	gsSPVertex(r64soap_soap_mesh_layer_1_vtx_0 + 125, 63, 0),
	gsSP2Triangles(0, 1, 2, 0, 3, 4, 5, 0),
	gsSP2Triangles(6, 7, 8, 0, 9, 10, 11, 0),
	gsSP2Triangles(12, 13, 14, 0, 15, 16, 17, 0),
	gsSP2Triangles(18, 19, 20, 0, 21, 22, 23, 0),
	gsSP2Triangles(24, 25, 26, 0, 27, 28, 29, 0),
	gsSP2Triangles(30, 31, 32, 0, 33, 34, 35, 0),
	gsSP2Triangles(36, 37, 38, 0, 39, 40, 41, 0),
	gsSP2Triangles(42, 43, 44, 0, 45, 46, 47, 0),
	gsSP2Triangles(48, 49, 50, 0, 51, 52, 53, 0),
	gsSP2Triangles(54, 55, 56, 0, 57, 58, 59, 0),
	gsSP1Triangle(60, 61, 62, 0),
	gsSPVertex(r64soap_soap_mesh_layer_1_vtx_0 + 188, 63, 0),
	gsSP2Triangles(0, 1, 2, 0, 3, 4, 5, 0),
	gsSP2Triangles(6, 7, 8, 0, 9, 10, 11, 0),
	gsSP2Triangles(12, 13, 14, 0, 15, 16, 17, 0),
	gsSP2Triangles(18, 19, 20, 0, 21, 22, 23, 0),
	gsSP2Triangles(24, 25, 26, 0, 27, 28, 29, 0),
	gsSP2Triangles(30, 31, 32, 0, 33, 34, 35, 0),
	gsSP2Triangles(36, 37, 38, 0, 39, 40, 41, 0),
	gsSP2Triangles(42, 43, 44, 0, 45, 46, 47, 0),
	gsSP2Triangles(48, 49, 50, 0, 51, 52, 53, 0),
	gsSP2Triangles(54, 55, 56, 0, 57, 58, 59, 0),
	gsSP1Triangle(60, 61, 62, 0),
	gsSPVertex(r64soap_soap_mesh_layer_1_vtx_0 + 251, 63, 0),
	gsSP2Triangles(0, 1, 2, 0, 3, 4, 5, 0),
	gsSP2Triangles(6, 7, 8, 0, 9, 10, 11, 0),
	gsSP2Triangles(12, 13, 14, 0, 15, 16, 17, 0),
	gsSP2Triangles(18, 19, 20, 0, 21, 22, 23, 0),
	gsSP2Triangles(24, 25, 26, 0, 27, 28, 29, 0),
	gsSP2Triangles(30, 31, 32, 0, 33, 34, 35, 0),
	gsSP2Triangles(36, 37, 38, 0, 39, 40, 41, 0),
	gsSP2Triangles(42, 43, 44, 0, 45, 46, 47, 0),
	gsSP2Triangles(48, 49, 50, 0, 51, 52, 53, 0),
	gsSP2Triangles(54, 55, 56, 0, 57, 58, 59, 0),
	gsSP1Triangle(60, 61, 62, 0),
	gsSPVertex(r64soap_soap_mesh_layer_1_vtx_0 + 314, 7, 0),
	gsSP2Triangles(0, 1, 2, 0, 3, 4, 5, 0),
	gsSP1Triangle(3, 6, 4, 0),
	gsSPEndDisplayList(),
};


Gfx mat_r64soap_Soap1Mtl_f3d[] = {
	gsSPSetLights1(r64soap_Soap1Mtl_f3d_lights),
	gsDPPipeSync(),
	gsDPSetCombineLERP(TEXEL0, 0, SHADE, 0, 0, 0, 0, ENVIRONMENT, TEXEL0, 0, SHADE, 0, 0, 0, 0, ENVIRONMENT),
	gsDPSetAlphaDither(G_AD_NOISE),
	gsSPTexture(65535, 65535, 0, 0, 1),
	gsDPSetTextureImage(G_IM_FMT_RGBA, G_IM_SIZ_32b_LOAD_BLOCK, 1, r64soap_Soap1_diff_rgba32),
	gsDPSetTile(G_IM_FMT_RGBA, G_IM_SIZ_32b_LOAD_BLOCK, 0, 0, 7, 0, G_TX_WRAP | G_TX_NOMIRROR, 0, 0, G_TX_WRAP | G_TX_NOMIRROR, 0, 0),
	gsDPLoadBlock(7, 0, 0, 16383, 32),
	gsDPSetTile(G_IM_FMT_RGBA, G_IM_SIZ_32b, 32, 0, 0, 0, G_TX_WRAP | G_TX_NOMIRROR, 7, 0, G_TX_WRAP | G_TX_NOMIRROR, 7, 0),
	gsDPSetTileSize(0, 0, 0, 508, 508),
	gsSPEndDisplayList(),
};

Gfx mat_revert_r64soap_Soap1Mtl_f3d[] = {
	gsDPPipeSync(),
	gsDPSetAlphaDither(G_AD_DISABLE),
	gsSPEndDisplayList(),
};

Gfx r64soap_soap_mesh_layer_1[] = {
	gsSPClearGeometryMode(G_LIGHTING),
	gsSPVertex(r64soap_soap_mesh_layer_1_vtx_cull + 0, 8, 0),
	gsSPSetGeometryMode(G_LIGHTING),
	gsSPCullDisplayList(0, 7),
	gsSPDisplayList(mat_r64soap_Soap1Mtl_f3d),
	gsSPDisplayList(r64soap_soap_mesh_layer_1_tri_0),
	gsSPDisplayList(mat_revert_r64soap_Soap1Mtl_f3d),
	gsDPPipeSync(),
	gsSPSetGeometryMode(G_LIGHTING),
	gsSPClearGeometryMode(G_TEXTURE_GEN),
	gsDPSetCombineLERP(0, 0, 0, SHADE, 0, 0, 0, ENVIRONMENT, 0, 0, 0, SHADE, 0, 0, 0, ENVIRONMENT),
	gsSPTexture(65535, 65535, 0, 0, 0),
	gsDPSetEnvColor(255, 255, 255, 255),
	gsDPSetAlphaCompare(G_AC_NONE),
	gsSPEndDisplayList(),
};

