Lights1 r64breakable_Breakable2Mtl_f3d_lights = gdSPDefLights1(
	0x7F, 0x7F, 0x7F,
	0xFF, 0xFF, 0xFF, 0x28, 0x28, 0x28);

Texture r64breakable_Breakable2_diff_rgba32[] = {
	0xe9, 0xb3, 0x75, 0xff, 0xe7, 0xb2, 0x73, 0xff, 
	0xec, 0xb4, 0x78, 0xff, 0xe9, 0xb3, 0x75, 0xff, 
	0xe4, 0xae, 0x70, 0xff, 0xde, 0xa6, 0x6b, 0xff, 
	0xe4, 0xae, 0x70, 0xff, 0xe7, 0xb2, 0x73, 0xff, 
	0xe7, 0xae, 0x73, 0xff, 0xe7, 0xae, 0x73, 0xff, 
	0xec, 0xb6, 0x78, 0xff, 0xec, 0xb6, 0x78, 0xff, 
	0xe4, 0xaf, 0x70, 0xff, 0xe1, 0xac, 0x6d, 0xff, 
	0xe1, 0xac, 0x6d, 0xff, 0xe1, 0xac, 0x6d, 0xff, 
	0xde, 0xaa, 0x6b, 0xff, 0xde, 0xaa, 0x6b, 0xff, 
	0xe4, 0xaf, 0x70, 0xff, 0xe4, 0xaf, 0x70, 0xff, 
	0xde, 0xaa, 0x6b, 0xff, 0xe1, 0xac, 0x6d, 0xff, 
	0xe1, 0xac, 0x6d, 0xff, 0xde, 0xaa, 0x6b, 0xff, 
	0xde, 0xaa, 0x6b, 0xff, 0xd6, 0xa2, 0x63, 0xff, 
	0xdb, 0xa7, 0x68, 0xff, 0xde, 0xaa, 0x6b, 0xff, 
	0xde, 0xaa, 0x6b, 0xff, 0xde, 0xaa, 0x6b, 0xff, 
	0xe4, 0xaf, 0x70, 0xff, 0xe4, 0xaf, 0x70, 0xff, 
	0xdb, 0xa7, 0x68, 0xff, 0xdb, 0xa7, 0x68, 0xff, 
	0xe1, 0xac, 0x6d, 0xff, 0xe1, 0xac, 0x6d, 0xff, 
	0xe1, 0xac, 0x6d, 0xff, 0xe7, 0xb2, 0x73, 0xff, 
	0xe7, 0xb2, 0x73, 0xff, 0xe7, 0xb2, 0x73, 0xff, 
	0xe4, 0xaf, 0x70, 0xff, 0xe1, 0xac, 0x6d, 0xff, 
	0xe4, 0xaf, 0x70, 0xff, 0xe4, 0xaf, 0x70, 0xff, 
	0xe1, 0xaa, 0x6d, 0xff, 0xe4, 0xae, 0x70, 0xff, 
	0xe7, 0xb2, 0x73, 0xff, 0xe7, 0xb2, 0x73, 0xff, 
	0xe4, 0xaf, 0x70, 0xff, 0xe4, 0xaf, 0x70, 0xff, 
	0xe7, 0xb2, 0x73, 0xff, 0xe7, 0xb2, 0x73, 0xff, 
	0xe4, 0xaf, 0x70, 0xff, 0xe4, 0xaf, 0x70, 0xff, 
	0xe7, 0xb2, 0x73, 0xff, 0xe4, 0xaf, 0x70, 0xff, 
	0xe1, 0xaa, 0x6d, 0xff, 0xe1, 0xaa, 0x6d, 0xff, 
	0xe4, 0xae, 0x70, 0xff, 0xe4, 0xae, 0x70, 0xff, 
	0xe3, 0xae, 0x70, 0xff, 0xe3, 0xae, 0x70, 0xff, 
	0xe9, 0xb2, 0x75, 0xff, 0xef, 0xb6, 0x7b, 0xff, 
	0xe9, 0xb3, 0x75, 0xff, 0xe7, 0xb2, 0x73, 0xff, 
	0xe9, 0xb3, 0x75, 0xff, 0xe9, 0xb3, 0x75, 0xff, 
	0xe4, 0xae, 0x70, 0xff, 0xde, 0xa6, 0x6b, 0xff, 
	0xe1, 0xaa, 0x6d, 0xff, 0xe7, 0xb2, 0x73, 0xff, 
	0xe7, 0xae, 0x73, 0xff, 0xe7, 0xae, 0x73, 0xff, 
	0xec, 0xb6, 0x78, 0xff, 0xe9, 0xb2, 0x75, 0xff, 
	0xe1, 0xac, 0x6d, 0xff, 0xe1, 0xac, 0x6d, 0xff, 
	0xe1, 0xac, 0x6d, 0xff, 0xe1, 0xac, 0x6d, 0xff, 
	0xe1, 0xac, 0x6d, 0xff, 0xe1, 0xac, 0x6d, 0xff, 
	0xe7, 0xb2, 0x73, 0xff, 0xe7, 0xb2, 0x73, 0xff, 
	0xe1, 0xac, 0x6d, 0xff, 0xe1, 0xac, 0x6d, 0xff, 
	0xe4, 0xaf, 0x70, 0xff, 0xe1, 0xac, 0x6d, 0xff, 
	0xde, 0xaa, 0x6b, 0xff, 0xdb, 0xa7, 0x68, 0xff, 
	0xdb, 0xa7, 0x68, 0xff, 0xde, 0xaa, 0x6b, 0xff, 
	0xde, 0xaa, 0x6b, 0xff, 0xde, 0xaa, 0x6b, 0xff, 
	0xe4, 0xaf, 0x70, 0xff, 0xe4, 0xaf, 0x70, 0xff, 
	0xdb, 0xa7, 0x68, 0xff, 0xdb, 0xa7, 0x68, 0xff, 
	0xe1, 0xac, 0x6d, 0xff, 0xdb, 0xa7, 0x68, 0xff, 
	0xdb, 0xa7, 0x68, 0xff, 0xe1, 0xac, 0x6d, 0xff, 
	0xe7, 0xb2, 0x73, 0xff, 0xe7, 0xb2, 0x73, 0xff, 
	0xe1, 0xac, 0x6d, 0xff, 0xde, 0xaa, 0x6b, 0xff, 
	0xe4, 0xaf, 0x70, 0xff, 0xe4, 0xaf, 0x70, 0xff, 
	0xe1, 0xaa, 0x6d, 0xff, 0xe4, 0xae, 0x70, 0xff, 
	0xe7, 0xb2, 0x73, 0xff, 0xe4, 0xae, 0x70, 0xff, 
	0xe4, 0xaf, 0x70, 0xff, 0xe1, 0xac, 0x6d, 0xff, 
	0xe7, 0xb2, 0x73, 0xff, 0xe7, 0xb2, 0x73, 0xff, 
	0xe4, 0xaf, 0x70, 0xff, 0xe4, 0xaf, 0x70, 0xff, 
	0xe7, 0xb2, 0x73, 0xff, 0xe4, 0xaf, 0x70, 0xff, 
	0xe1, 0xaa, 0x6d, 0xff, 0xe1, 0xaa, 0x6d, 0xff, 
	0xe4, 0xae, 0x70, 0xff, 0xe1, 0xaa, 0x6d, 0xff, 
	0xe3, 0xae, 0x70, 0xff, 0xe3, 0xae, 0x70, 0xff, 
	0xe9, 0xb2, 0x75, 0xff, 0xe9, 0xb2, 0x75, 0xff, 
	0xec, 0xb4, 0x78, 0xff, 0xec, 0xb4, 0x78, 0xff, 
	0xe9, 0xb3, 0x75, 0xff, 0xe9, 0xb3, 0x75, 0xff, 
	0xe4, 0xae, 0x70, 0xff, 0xe1, 0xaa, 0x6d, 0xff, 
	0xe1, 0xaa, 0x6d, 0xff, 0xe1, 0xaa, 0x6d, 0xff, 
	0xe7, 0xae, 0x73, 0xff, 0xe7, 0xae, 0x73, 0xff, 
	0xe9, 0xb2, 0x75, 0xff, 0xe7, 0xae, 0x73, 0xff, 
	0xe4, 0xaf, 0x70, 0xff, 0xe4, 0xaf, 0x70, 0xff, 
	0xe1, 0xac, 0x6d, 0xff, 0xde, 0xaa, 0x6b, 0xff, 
	0xe1, 0xac, 0x6d, 0xff, 0xe7, 0xb2, 0x73, 0xff, 
	0xe4, 0xaf, 0x70, 0xff, 0xe1, 0xac, 0x6d, 0xff, 
	0xe1, 0xac, 0x6d, 0xff, 0xe1, 0xac, 0x6d, 0xff, 
	0xe1, 0xac, 0x6d, 0xff, 0xe4, 0xaf, 0x70, 0xff, 
	0xde, 0xaa, 0x6b, 0xff, 0xde, 0xaa, 0x6b, 0xff, 
	0xdb, 0xa7, 0x68, 0xff, 0xdb, 0xa7, 0x68, 0xff, 
	0xde, 0xaa, 0x6b, 0xff, 0xe1, 0xac, 0x6d, 0xff, 
	0xe4, 0xaf, 0x70, 0xff, 0xe1, 0xac, 0x6d, 0xff, 
	0xe1, 0xac, 0x6d, 0xff, 0xe1, 0xac, 0x6d, 0xff, 
	0xdb, 0xa7, 0x68, 0xff, 0xdb, 0xa7, 0x68, 0xff, 
	0xdb, 0xa7, 0x68, 0xff, 0xdb, 0xa7, 0x68, 0xff, 
	0xdb, 0xa7, 0x68, 0xff, 0xdb, 0xa7, 0x68, 0xff, 
	0xe1, 0xac, 0x6d, 0xff, 0xde, 0xaa, 0x6b, 0xff, 
	0xde, 0xaa, 0x6b, 0xff, 0xe1, 0xac, 0x6d, 0xff, 
	0xe4, 0xae, 0x70, 0xff, 0xe4, 0xae, 0x70, 0xff, 
	0xe1, 0xaa, 0x6d, 0xff, 0xe1, 0xaa, 0x6d, 0xff, 
	0xe1, 0xac, 0x6d, 0xff, 0xe1, 0xac, 0x6d, 0xff, 
	0xe4, 0xaf, 0x70, 0xff, 0xe7, 0xb2, 0x73, 0xff, 
	0xe7, 0xb2, 0x73, 0xff, 0xe7, 0xb2, 0x73, 0xff, 
	0xe7, 0xb2, 0x73, 0xff, 0xe4, 0xaf, 0x70, 0xff, 
	0xe4, 0xae, 0x70, 0xff, 0xe4, 0xae, 0x70, 0xff, 
	0xe1, 0xaa, 0x6d, 0xff, 0xe1, 0xaa, 0x6d, 0xff, 
	0xe3, 0xae, 0x70, 0xff, 0xe3, 0xae, 0x70, 0xff, 
	0xe3, 0xae, 0x70, 0xff, 0xe9, 0xb2, 0x75, 0xff, 
	0xef, 0xb6, 0x7b, 0xff, 0xec, 0xb4, 0x78, 0xff, 
	0xe9, 0xb3, 0x75, 0xff, 0xe7, 0xb2, 0x73, 0xff, 
	0xe7, 0xb2, 0x73, 0xff, 0xe4, 0xae, 0x70, 0xff, 
	0xe1, 0xaa, 0x6d, 0xff, 0xe1, 0xaa, 0x6d, 0xff, 
	0xe7, 0xae, 0x73, 0xff, 0xe7, 0xae, 0x73, 0xff, 
	0xe7, 0xae, 0x73, 0xff, 0xe7, 0xae, 0x73, 0xff, 
	0xe4, 0xaf, 0x70, 0xff, 0xe4, 0xaf, 0x70, 0xff, 
	0xe1, 0xac, 0x6d, 0xff, 0xde, 0xaa, 0x6b, 0xff, 
	0xe4, 0xaf, 0x70, 0xff, 0xe7, 0xb2, 0x73, 0xff, 
	0xe4, 0xaf, 0x70, 0xff, 0xe1, 0xac, 0x6d, 0xff, 
	0xe1, 0xac, 0x6d, 0xff, 0xe1, 0xac, 0x6d, 0xff, 
	0xe1, 0xac, 0x6d, 0xff, 0xde, 0xaa, 0x6b, 0xff, 
	0xde, 0xaa, 0x6b, 0xff, 0xde, 0xaa, 0x6b, 0xff, 
	0xd8, 0xa4, 0x65, 0xff, 0xd8, 0xa4, 0x65, 0xff, 
	0xde, 0xaa, 0x6b, 0xff, 0xe1, 0xac, 0x6d, 0xff, 
	0xe4, 0xaf, 0x70, 0xff, 0xe1, 0xac, 0x6d, 0xff, 
	0xe1, 0xac, 0x6d, 0xff, 0xdb, 0xa7, 0x68, 0xff, 
	0xdb, 0xa7, 0x68, 0xff, 0xdb, 0xa7, 0x68, 0xff, 
	0xdb, 0xa7, 0x68, 0xff, 0xdb, 0xa7, 0x68, 0xff, 
	0xd6, 0xa2, 0x63, 0xff, 0xdb, 0xa7, 0x68, 0xff, 
	0xe1, 0xac, 0x6d, 0xff, 0xe1, 0xac, 0x6d, 0xff, 
	0xde, 0xaa, 0x6b, 0xff, 0xde, 0xaa, 0x6b, 0xff, 
	0xe4, 0xae, 0x70, 0xff, 0xe4, 0xae, 0x70, 0xff, 
	0xde, 0xa6, 0x6b, 0xff, 0xde, 0xa6, 0x6b, 0xff, 
	0xde, 0xaa, 0x6b, 0xff, 0xe1, 0xac, 0x6d, 0xff, 
	0xe1, 0xac, 0x6d, 0xff, 0xe1, 0xac, 0x6d, 0xff, 
	0xe7, 0xb2, 0x73, 0xff, 0xe7, 0xb2, 0x73, 0xff, 
	0xe4, 0xaf, 0x70, 0xff, 0xe4, 0xaf, 0x70, 0xff, 
	0xe4, 0xae, 0x70, 0xff, 0xe1, 0xaa, 0x6d, 0xff, 
	0xe1, 0xaa, 0x6d, 0xff, 0xe1, 0xaa, 0x6d, 0xff, 
	0xe3, 0xae, 0x70, 0xff, 0xe3, 0xae, 0x70, 0xff, 
	0xe3, 0xae, 0x70, 0xff, 0xe3, 0xae, 0x70, 0xff, 
	0xde, 0xaa, 0x6b, 0xff, 0xe1, 0xac, 0x6d, 0xff, 
	0xe7, 0xb2, 0x73, 0xff, 0xe7, 0xb2, 0x73, 0xff, 
	0xe7, 0xb2, 0x73, 0xff, 0xe4, 0xae, 0x70, 0xff, 
	0xe1, 0xaa, 0x6d, 0xff, 0xe1, 0xaa, 0x6d, 0xff, 
	0xe4, 0xae, 0x70, 0xff, 0xe4, 0xae, 0x70, 0xff, 
	0xe1, 0xaa, 0x6d, 0xff, 0xe4, 0xae, 0x70, 0xff, 
	0xe1, 0xaa, 0x6d, 0xff, 0xe4, 0xae, 0x70, 0xff, 
	0xe4, 0xae, 0x70, 0xff, 0xe4, 0xae, 0x70, 0xff, 
	0xe4, 0xaf, 0x70, 0xff, 0xe1, 0xac, 0x6d, 0xff, 
	0xe1, 0xac, 0x6d, 0xff, 0xe1, 0xac, 0x6d, 0xff, 
	0xdb, 0xa7, 0x68, 0xff, 0xde, 0xaa, 0x6b, 0xff, 
	0xde, 0xaa, 0x6b, 0xff, 0xde, 0xaa, 0x6b, 0xff, 
	0xdb, 0xa8, 0x68, 0xff, 0xdb, 0xa8, 0x68, 0xff, 
	0xd8, 0xa7, 0x65, 0xff, 0xdb, 0xa8, 0x68, 0xff, 
	0xdb, 0xaa, 0x68, 0xff, 0xdb, 0xaa, 0x68, 0xff, 
	0xe7, 0xb2, 0x73, 0xff, 0xe1, 0xae, 0x6d, 0xff, 
	0xde, 0xae, 0x6b, 0xff, 0xdb, 0xaa, 0x68, 0xff, 
	0xdb, 0xaa, 0x68, 0xff, 0xdb, 0xaa, 0x68, 0xff, 
	0xd8, 0xa6, 0x65, 0xff, 0xd8, 0xa6, 0x65, 0xff, 
	0xdb, 0xaa, 0x68, 0xff, 0xdb, 0xaa, 0x68, 0xff, 
	0xdb, 0xa8, 0x68, 0xff, 0xdb, 0xa8, 0x68, 0xff, 
	0xde, 0xaa, 0x6b, 0xff, 0xde, 0xaa, 0x6b, 0xff, 
	0xde, 0xaa, 0x6b, 0xff, 0xde, 0xaa, 0x6b, 0xff, 
	0xde, 0xaa, 0x6b, 0xff, 0xde, 0xaa, 0x6b, 0xff, 
	0xdb, 0xa7, 0x68, 0xff, 0xdb, 0xa7, 0x68, 0xff, 
	0xe1, 0xac, 0x6d, 0xff, 0xe1, 0xac, 0x6d, 0xff, 
	0xe4, 0xaf, 0x70, 0xff, 0xe7, 0xb2, 0x73, 0xff, 
	0xe4, 0xaf, 0x70, 0xff, 0xe4, 0xaf, 0x70, 0xff, 
	0xe1, 0xac, 0x6d, 0xff, 0xe1, 0xac, 0x6d, 0xff, 
	0xe1, 0xac, 0x6d, 0xff, 0xe4, 0xaf, 0x70, 0xff, 
	0xe4, 0xaf, 0x70, 0xff, 0xe4, 0xaf, 0x70, 0xff, 
	0xe7, 0xb2, 0x73, 0xff, 0xe7, 0xb2, 0x73, 0xff, 
	0xe1, 0xac, 0x6d, 0xff, 0xe4, 0xaf, 0x70, 0xff, 
	0xe7, 0xb2, 0x73, 0xff, 0xe7, 0xb2, 0x73, 0xff, 
	0xe4, 0xae, 0x70, 0xff, 0xe4, 0xae, 0x70, 0xff, 
	0xe4, 0xae, 0x70, 0xff, 0xe7, 0xb2, 0x73, 0xff, 
	0xe1, 0xaa, 0x6d, 0xff, 0xe1, 0xaa, 0x6d, 0xff, 
	0xe4, 0xae, 0x70, 0xff, 0xe4, 0xae, 0x70, 0xff, 
	0xe4, 0xae, 0x70, 0xff, 0xe4, 0xae, 0x70, 0xff, 
	0xe7, 0xb2, 0x73, 0xff, 0xe7, 0xb2, 0x73, 0xff, 
	0xe1, 0xac, 0x6d, 0xff, 0xe1, 0xac, 0x6d, 0xff, 
	0xe1, 0xac, 0x6d, 0xff, 0xe1, 0xac, 0x6d, 0xff, 
	0xdb, 0xa7, 0x68, 0xff, 0xdb, 0xa7, 0x68, 0xff, 
	0xde, 0xaa, 0x6b, 0xff, 0xde, 0xaa, 0x6b, 0xff, 
	0xdb, 0xa8, 0x68, 0xff, 0xd8, 0xa7, 0x65, 0xff, 
	0xdb, 0xa8, 0x68, 0xff, 0xdb, 0xa8, 0x68, 0xff, 
	0xd6, 0xa6, 0x63, 0xff, 0xd6, 0xa6, 0x63, 0xff, 
	0xe1, 0xae, 0x6d, 0xff, 0xdb, 0xaa, 0x68, 0xff, 
	0xdb, 0xaa, 0x68, 0xff, 0xdb, 0xaa, 0x68, 0xff, 
	0xdb, 0xaa, 0x68, 0xff, 0xdb, 0xaa, 0x68, 0xff, 
	0xd8, 0xa6, 0x65, 0xff, 0xdb, 0xaa, 0x68, 0xff, 
	0xde, 0xae, 0x6b, 0xff, 0xde, 0xae, 0x6b, 0xff, 
	0xdb, 0xa8, 0x68, 0xff, 0xd8, 0xa7, 0x65, 0xff, 
	0xdb, 0xa8, 0x68, 0xff, 0xde, 0xaa, 0x6b, 0xff, 
	0xd8, 0xa7, 0x65, 0xff, 0xde, 0xaa, 0x6b, 0xff, 
	0xde, 0xaa, 0x6b, 0xff, 0xde, 0xaa, 0x6b, 0xff, 
	0xdb, 0xa7, 0x68, 0xff, 0xdb, 0xa7, 0x68, 0xff, 
	0xe1, 0xac, 0x6d, 0xff, 0xe1, 0xac, 0x6d, 0xff, 
	0xe1, 0xac, 0x6d, 0xff, 0xe4, 0xaf, 0x70, 0xff, 
	0xe4, 0xaf, 0x70, 0xff, 0xe4, 0xaf, 0x70, 0xff, 
	0xe4, 0xaf, 0x70, 0xff, 0xe1, 0xac, 0x6d, 0xff, 
	0xe4, 0xaf, 0x70, 0xff, 0xe7, 0xb2, 0x73, 0xff, 
	0xe4, 0xaf, 0x70, 0xff, 0xe4, 0xaf, 0x70, 0xff, 
	0xe7, 0xb2, 0x73, 0xff, 0xe7, 0xb2, 0x73, 0xff, 
	0xe4, 0xaf, 0x70, 0xff, 0xe4, 0xaf, 0x70, 0xff, 
	0xe4, 0xaf, 0x70, 0xff, 0xe4, 0xaf, 0x70, 0xff, 
	0xe7, 0xb2, 0x73, 0xff, 0xe7, 0xb2, 0x73, 0xff, 
	0xe1, 0xaa, 0x6d, 0xff, 0xe4, 0xae, 0x70, 0xff, 
	0xe4, 0xae, 0x70, 0xff, 0xe4, 0xae, 0x70, 0xff, 
	0xe1, 0xaa, 0x6d, 0xff, 0xe1, 0xaa, 0x6d, 0xff, 
	0xe4, 0xae, 0x70, 0xff, 0xe7, 0xb2, 0x73, 0xff, 
	0xe4, 0xae, 0x70, 0xff, 0xe4, 0xae, 0x70, 0xff, 
	0xe4, 0xaf, 0x70, 0xff, 0xe4, 0xaf, 0x70, 0xff, 
	0xe1, 0xac, 0x6d, 0xff, 0xde, 0xaa, 0x6b, 0xff, 
	0xde, 0xaa, 0x6b, 0xff, 0xde, 0xaa, 0x6b, 0xff, 
	0xdb, 0xa7, 0x68, 0xff, 0xdb, 0xa7, 0x68, 0xff, 
	0xdb, 0xa8, 0x68, 0xff, 0xdb, 0xa8, 0x68, 0xff, 
	0xd8, 0xa7, 0x65, 0xff, 0xdb, 0xa8, 0x68, 0xff, 
	0xdb, 0xaa, 0x68, 0xff, 0xdb, 0xaa, 0x68, 0xff, 
	0xdb, 0xaa, 0x68, 0xff, 0xdb, 0xaa, 0x68, 0xff, 
	0xdb, 0xaa, 0x68, 0xff, 0xdb, 0xaa, 0x68, 0xff, 
	0xd8, 0xa6, 0x65, 0xff, 0xdb, 0xaa, 0x68, 0xff, 
	0xde, 0xae, 0x6b, 0xff, 0xde, 0xae, 0x6b, 0xff, 
	0xdb, 0xaa, 0x68, 0xff, 0xde, 0xae, 0x6b, 0xff, 
	0xde, 0xaa, 0x6b, 0xff, 0xde, 0xaa, 0x6b, 0xff, 
	0xd8, 0xa7, 0x65, 0xff, 0xd8, 0xa7, 0x65, 0xff, 
	0xdb, 0xa8, 0x68, 0xff, 0xde, 0xaa, 0x6b, 0xff, 
	0xde, 0xaa, 0x6b, 0xff, 0xd8, 0xa7, 0x65, 0xff, 
	0xdb, 0xa7, 0x68, 0xff, 0xdb, 0xa7, 0x68, 0xff, 
	0xdb, 0xa7, 0x68, 0xff, 0xe1, 0xac, 0x6d, 0xff, 
	0xe1, 0xac, 0x6d, 0xff, 0xde, 0xaa, 0x6b, 0xff, 
	0xe4, 0xaf, 0x70, 0xff, 0xe4, 0xaf, 0x70, 0xff, 
	0xe7, 0xb2, 0x73, 0xff, 0xe7, 0xb2, 0x73, 0xff, 
	0xe4, 0xaf, 0x70, 0xff, 0xe4, 0xaf, 0x70, 0xff, 
	0xe7, 0xb2, 0x73, 0xff, 0xe4, 0xaf, 0x70, 0xff, 
	0xe4, 0xaf, 0x70, 0xff, 0xe4, 0xaf, 0x70, 0xff, 
	0xe4, 0xaf, 0x70, 0xff, 0xe4, 0xaf, 0x70, 0xff, 
	0xe1, 0xac, 0x6d, 0xff, 0xe4, 0xaf, 0x70, 0xff, 
	0xe7, 0xb2, 0x73, 0xff, 0xe4, 0xae, 0x70, 0xff, 
	0xe1, 0xaa, 0x6d, 0xff, 0xe1, 0xaa, 0x6d, 0xff, 
	0xe4, 0xae, 0x70, 0xff, 0xe4, 0xae, 0x70, 0xff, 
	0xde, 0xa6, 0x6b, 0xff, 0xde, 0xa6, 0x6b, 0xff, 
	0xe1, 0xaa, 0x6d, 0xff, 0xe7, 0xb2, 0x73, 0xff, 
	0xe4, 0xae, 0x70, 0xff, 0xe4, 0xae, 0x70, 0xff, 
	0xe4, 0xaf, 0x70, 0xff, 0xe4, 0xaf, 0x70, 0xff, 
	0xe1, 0xac, 0x6d, 0xff, 0xde, 0xaa, 0x6b, 0xff, 
	0xde, 0xaa, 0x6b, 0xff, 0xde, 0xaa, 0x6b, 0xff, 
	0xdb, 0xa7, 0x68, 0xff, 0xd8, 0xa4, 0x65, 0xff, 
	0xdb, 0xa8, 0x68, 0xff, 0xdb, 0xa8, 0x68, 0xff, 
	0xd8, 0xa7, 0x65, 0xff, 0xd8, 0xa7, 0x65, 0xff, 
	0xdb, 0xaa, 0x68, 0xff, 0xdb, 0xaa, 0x68, 0xff, 
	0xd6, 0xa6, 0x63, 0xff, 0xd6, 0xa6, 0x63, 0xff, 
	0xde, 0xae, 0x6b, 0xff, 0xdb, 0xaa, 0x68, 0xff, 
	0xdb, 0xaa, 0x68, 0xff, 0xdb, 0xaa, 0x68, 0xff, 
	0xde, 0xae, 0x6b, 0xff, 0xde, 0xae, 0x6b, 0xff, 
	0xdb, 0xaa, 0x68, 0xff, 0xdb, 0xaa, 0x68, 0xff, 
	0xde, 0xaa, 0x6b, 0xff, 0xde, 0xaa, 0x6b, 0xff, 
	0xd6, 0xa6, 0x63, 0xff, 0xd6, 0xa6, 0x63, 0xff, 
	0xdb, 0xa8, 0x68, 0xff, 0xde, 0xaa, 0x6b, 0xff, 
	0xde, 0xaa, 0x6b, 0xff, 0xdb, 0xa8, 0x68, 0xff, 
	0xdb, 0xa7, 0x68, 0xff, 0xdb, 0xa7, 0x68, 0xff, 
	0xdb, 0xa7, 0x68, 0xff, 0xdb, 0xa7, 0x68, 0xff, 
	0xe1, 0xac, 0x6d, 0xff, 0xde, 0xaa, 0x6b, 0xff, 
	0xde, 0xaa, 0x6b, 0xff, 0xe4, 0xaf, 0x70, 0xff, 
	0xe7, 0xb2, 0x73, 0xff, 0xe7, 0xb2, 0x73, 0xff, 
	0xe4, 0xaf, 0x70, 0xff, 0xe4, 0xaf, 0x70, 0xff, 
	0xe7, 0xb2, 0x73, 0xff, 0xe4, 0xaf, 0x70, 0xff, 
	0xe1, 0xac, 0x6d, 0xff, 0xe1, 0xac, 0x6d, 0xff, 
	0xe1, 0xac, 0x6d, 0xff, 0xe1, 0xac, 0x6d, 0xff, 
	0xe4, 0xaf, 0x70, 0xff, 0xe7, 0xb2, 0x73, 0xff, 
	0xe4, 0xaf, 0x70, 0xff, 0xe1, 0xac, 0x6d, 0xff, 
	0xde, 0xaa, 0x6b, 0xff, 0xe1, 0xac, 0x6d, 0xff, 
	0xdb, 0xa7, 0x68, 0xff, 0xdb, 0xa7, 0x68, 0xff, 
	0xdb, 0xa7, 0x68, 0xff, 0xdb, 0xa7, 0x68, 0xff, 
	0xdb, 0xaa, 0x68, 0xff, 0xde, 0xae, 0x6b, 0xff, 
	0xde, 0xae, 0x6b, 0xff, 0xde, 0xae, 0x6b, 0xff, 
	0xde, 0xae, 0x6b, 0xff, 0xde, 0xae, 0x6b, 0xff, 
	0xde, 0xae, 0x6b, 0xff, 0xde, 0xae, 0x6b, 0xff, 
	0xdb, 0xa8, 0x65, 0xff, 0xdb, 0xa8, 0x65, 0xff, 
	0xdb, 0xa8, 0x65, 0xff, 0xdb, 0xa8, 0x65, 0xff, 
	0xdb, 0xa8, 0x63, 0xff, 0xdb, 0xa8, 0x63, 0xff, 
	0xdb, 0xa8, 0x63, 0xff, 0xdb, 0xa8, 0x63, 0xff, 
	0xd8, 0xa7, 0x63, 0xff, 0xd6, 0xa6, 0x63, 0xff, 
	0xdb, 0xa8, 0x63, 0xff, 0xdb, 0xa8, 0x63, 0xff, 
	0xdb, 0xac, 0x68, 0xff, 0xdb, 0xac, 0x68, 0xff, 
	0xdb, 0xac, 0x68, 0xff, 0xdb, 0xac, 0x68, 0xff, 
	0xdb, 0xab, 0x68, 0xff, 0xdb, 0xab, 0x68, 0xff, 
	0xde, 0xae, 0x6b, 0xff, 0xde, 0xae, 0x6b, 0xff, 
	0xdb, 0xab, 0x68, 0xff, 0xd8, 0xa8, 0x65, 0xff, 
	0xd6, 0xa6, 0x63, 0xff, 0xd6, 0xa6, 0x63, 0xff, 
	0xd8, 0xa7, 0x65, 0xff, 0xdb, 0xa8, 0x68, 0xff, 
	0xde, 0xaa, 0x6b, 0xff, 0xde, 0xaa, 0x6b, 0xff, 
	0xdb, 0xa8, 0x68, 0xff, 0xdb, 0xa8, 0x68, 0xff, 
	0xdb, 0xa8, 0x68, 0xff, 0xdb, 0xa8, 0x68, 0xff, 
	0xd8, 0xa7, 0x65, 0xff, 0xd8, 0xa7, 0x65, 0xff, 
	0xdb, 0xa8, 0x68, 0xff, 0xde, 0xaa, 0x6b, 0xff, 
	0xe1, 0xac, 0x6d, 0xff, 0xe7, 0xb2, 0x73, 0xff, 
	0xe7, 0xb2, 0x73, 0xff, 0xe7, 0xb2, 0x73, 0xff, 
	0xe1, 0xac, 0x6d, 0xff, 0xde, 0xaa, 0x6b, 0xff, 
	0xe1, 0xac, 0x6d, 0xff, 0xe4, 0xaf, 0x70, 0xff, 
	0xe1, 0xac, 0x6d, 0xff, 0xe1, 0xac, 0x6d, 0xff, 
	0xe7, 0xb2, 0x73, 0xff, 0xe7, 0xb2, 0x73, 0xff, 
	0xe1, 0xac, 0x6d, 0xff, 0xde, 0xaa, 0x6b, 0xff, 
	0xde, 0xaa, 0x6b, 0xff, 0xde, 0xaa, 0x6b, 0xff, 
	0xdb, 0xa7, 0x68, 0xff, 0xd8, 0xa4, 0x65, 0xff, 
	0xde, 0xaa, 0x6b, 0xff, 0xde, 0xaa, 0x6b, 0xff, 
	0xdb, 0xaa, 0x68, 0xff, 0xdb, 0xaa, 0x68, 0xff, 
	0xde, 0xae, 0x6b, 0xff, 0xde, 0xae, 0x6b, 0xff, 
	0xde, 0xae, 0x6b, 0xff, 0xdb, 0xaa, 0x68, 0xff, 
	0xde, 0xae, 0x6b, 0xff, 0xdb, 0xaa, 0x68, 0xff, 
	0xd6, 0xa6, 0x63, 0xff, 0xd6, 0xa6, 0x63, 0xff, 
	0xdb, 0xa8, 0x65, 0xff, 0xdb, 0xa8, 0x65, 0xff, 
	0xd8, 0xa7, 0x63, 0xff, 0xd8, 0xa7, 0x63, 0xff, 
	0xde, 0xaa, 0x63, 0xff, 0xdb, 0xa8, 0x63, 0xff, 
	0xd6, 0xa6, 0x63, 0xff, 0xd8, 0xa7, 0x63, 0xff, 
	0xdb, 0xa8, 0x63, 0xff, 0xdb, 0xa8, 0x63, 0xff, 
	0xd8, 0xab, 0x65, 0xff, 0xdb, 0xac, 0x68, 0xff, 
	0xdb, 0xac, 0x68, 0xff, 0xdb, 0xac, 0x68, 0xff, 
	0xd8, 0xa8, 0x65, 0xff, 0xdb, 0xab, 0x68, 0xff, 
	0xdb, 0xab, 0x68, 0xff, 0xdb, 0xab, 0x68, 0xff, 
	0xd8, 0xa8, 0x65, 0xff, 0xd6, 0xa6, 0x63, 0xff, 
	0xd8, 0xa8, 0x65, 0xff, 0xd8, 0xa8, 0x65, 0xff, 
	0xd6, 0xa6, 0x63, 0xff, 0xd8, 0xa7, 0x65, 0xff, 
	0xdb, 0xa8, 0x68, 0xff, 0xde, 0xaa, 0x6b, 0xff, 
	0xd8, 0xa7, 0x65, 0xff, 0xdb, 0xa8, 0x68, 0xff, 
	0xde, 0xaa, 0x6b, 0xff, 0xdb, 0xa8, 0x68, 0xff, 
	0xd8, 0xa7, 0x65, 0xff, 0xd6, 0xa6, 0x63, 0xff, 
	0xdb, 0xa8, 0x68, 0xff, 0xde, 0xaa, 0x6b, 0xff, 
	0xe4, 0xaf, 0x70, 0xff, 0xe4, 0xaf, 0x70, 0xff, 
	0xe7, 0xb2, 0x73, 0xff, 0xe7, 0xb2, 0x73, 0xff, 
	0xe4, 0xaf, 0x70, 0xff, 0xe1, 0xac, 0x6d, 0xff, 
	0xe4, 0xaf, 0x70, 0xff, 0xe4, 0xaf, 0x70, 0xff, 
	0xe7, 0xb2, 0x73, 0xff, 0xe4, 0xaf, 0x70, 0xff, 
	0xe4, 0xaf, 0x70, 0xff, 0xe4, 0xaf, 0x70, 0xff, 
	0xe4, 0xaf, 0x70, 0xff, 0xe1, 0xac, 0x6d, 0xff, 
	0xde, 0xaa, 0x6b, 0xff, 0xde, 0xaa, 0x6b, 0xff, 
	0xdb, 0xa7, 0x68, 0xff, 0xdb, 0xa7, 0x68, 0xff, 
	0xdb, 0xa7, 0x68, 0xff, 0xdb, 0xa7, 0x68, 0xff, 
	0xde, 0xae, 0x6b, 0xff, 0xde, 0xae, 0x6b, 0xff, 
	0xdb, 0xaa, 0x68, 0xff, 0xd8, 0xa6, 0x65, 0xff, 
	0xdb, 0xaa, 0x68, 0xff, 0xdb, 0xaa, 0x68, 0xff, 
	0xdb, 0xaa, 0x68, 0xff, 0xd8, 0xa6, 0x65, 0xff, 
	0xdb, 0xa8, 0x65, 0xff, 0xd6, 0xa6, 0x63, 0xff, 
	0xd6, 0xa6, 0x63, 0xff, 0xd6, 0xa6, 0x63, 0xff, 
	0xd8, 0xa7, 0x63, 0xff, 0xd8, 0xa7, 0x63, 0xff, 
	0xd6, 0xa6, 0x63, 0xff, 0xd6, 0xa6, 0x63, 0xff, 
	0xd8, 0xa7, 0x63, 0xff, 0xd8, 0xa7, 0x63, 0xff, 
	0xd6, 0xa6, 0x63, 0xff, 0xd6, 0xa6, 0x63, 0xff, 
	0xd6, 0xaa, 0x63, 0xff, 0xdb, 0xac, 0x68, 0xff, 
	0xd8, 0xab, 0x65, 0xff, 0xd8, 0xab, 0x65, 0xff, 
	0xdb, 0xab, 0x68, 0xff, 0xdb, 0xab, 0x68, 0xff, 
	0xd8, 0xa8, 0x65, 0xff, 0xd6, 0xa6, 0x63, 0xff, 
	0xd8, 0xa8, 0x65, 0xff, 0xd8, 0xa8, 0x65, 0xff, 
	0xd6, 0xa6, 0x63, 0xff, 0xd6, 0xa6, 0x63, 0xff, 
	0xd8, 0xa7, 0x65, 0xff, 0xd8, 0xa7, 0x65, 0xff, 
	0xd8, 0xa7, 0x65, 0xff, 0xdb, 0xa8, 0x68, 0xff, 
	0xdb, 0xa8, 0x68, 0xff, 0xdb, 0xa8, 0x68, 0xff, 
	0xdb, 0xa8, 0x68, 0xff, 0xdb, 0xa8, 0x68, 0xff, 
	0xdb, 0xa8, 0x68, 0xff, 0xd8, 0xa7, 0x65, 0xff, 
	0xd8, 0xa7, 0x65, 0xff, 0xdb, 0xa8, 0x68, 0xff, 
	0xe1, 0xac, 0x6d, 0xff, 0xe4, 0xaf, 0x70, 0xff, 
	0xe4, 0xaf, 0x70, 0xff, 0xe4, 0xaf, 0x70, 0xff, 
	0xe7, 0xb2, 0x73, 0xff, 0xe4, 0xaf, 0x70, 0xff, 
	0xde, 0xaa, 0x6b, 0xff, 0xe1, 0xac, 0x6d, 0xff, 
	0xe4, 0xaf, 0x70, 0xff, 0xe4, 0xaf, 0x70, 0xff, 
	0xe4, 0xaf, 0x70, 0xff, 0xe1, 0xac, 0x6d, 0xff, 
	0xe4, 0xaf, 0x70, 0xff, 0xe4, 0xaf, 0x70, 0xff, 
	0xde, 0xaa, 0x6b, 0xff, 0xde, 0xaa, 0x6b, 0xff, 
	0xde, 0xaa, 0x6b, 0xff, 0xde, 0xaa, 0x6b, 0xff, 
	0xdb, 0xa7, 0x68, 0xff, 0xdb, 0xa7, 0x68, 0xff, 
	0xde, 0xae, 0x6b, 0xff, 0xde, 0xae, 0x6b, 0xff, 
	0xdb, 0xaa, 0x68, 0xff, 0xd8, 0xa6, 0x65, 0xff, 
	0xdb, 0xaa, 0x68, 0xff, 0xdb, 0xaa, 0x68, 0xff, 
	0xd8, 0xa6, 0x65, 0xff, 0xd6, 0xa2, 0x63, 0xff, 
	0xd6, 0xa6, 0x63, 0xff, 0xd6, 0xa6, 0x63, 0xff, 
	0xd6, 0xa6, 0x63, 0xff, 0xd6, 0xa6, 0x63, 0xff, 
	0xd8, 0xa7, 0x63, 0xff, 0xd8, 0xa7, 0x63, 0xff, 
	0xd6, 0xa6, 0x63, 0xff, 0xd8, 0xa7, 0x63, 0xff, 
	0xdb, 0xa8, 0x63, 0xff, 0xd8, 0xa7, 0x63, 0xff, 
	0xd6, 0xa6, 0x63, 0xff, 0xd6, 0xa6, 0x63, 0xff, 
	0xd6, 0xaa, 0x63, 0xff, 0xd8, 0xab, 0x65, 0xff, 
	0xd6, 0xaa, 0x63, 0xff, 0xd6, 0xaa, 0x63, 0xff, 
	0xd8, 0xa8, 0x65, 0xff, 0xd8, 0xa8, 0x65, 0xff, 
	0xd8, 0xa8, 0x65, 0xff, 0xd6, 0xa6, 0x63, 0xff, 
	0xd8, 0xa8, 0x65, 0xff, 0xd6, 0xa6, 0x63, 0xff, 
	0xd6, 0xa6, 0x63, 0xff, 0xd6, 0xa6, 0x63, 0xff, 
	0xd8, 0xa7, 0x65, 0xff, 0xdb, 0xa8, 0x68, 0xff, 
	0xd6, 0xa6, 0x63, 0xff, 0xd8, 0xa7, 0x65, 0xff, 
	0xde, 0xaa, 0x6b, 0xff, 0xdb, 0xa8, 0x68, 0xff, 
	0xdb, 0xa8, 0x68, 0xff, 0xdb, 0xa8, 0x68, 0xff, 
	0xdb, 0xa8, 0x68, 0xff, 0xdb, 0xa8, 0x68, 0xff, 
	0xd8, 0xa7, 0x65, 0xff, 0xdb, 0xa8, 0x68, 0xff, 
	0xe4, 0xaf, 0x70, 0xff, 0xe4, 0xaf, 0x70, 0xff, 
	0xe1, 0xac, 0x6d, 0xff, 0xe4, 0xaf, 0x70, 0xff, 
	0xe7, 0xb2, 0x73, 0xff, 0xe4, 0xaf, 0x70, 0xff, 
	0xde, 0xaa, 0x6b, 0xff, 0xde, 0xaa, 0x6b, 0xff, 
	0xe4, 0xaf, 0x70, 0xff, 0xe4, 0xaf, 0x70, 0xff, 
	0xe4, 0xaf, 0x70, 0xff, 0xe4, 0xaf, 0x70, 0xff, 
	0xe1, 0xac, 0x6d, 0xff, 0xe1, 0xac, 0x6d, 0xff, 
	0xe1, 0xac, 0x6d, 0xff, 0xe1, 0xac, 0x6d, 0xff, 
	0xdb, 0xa7, 0x68, 0xff, 0xdb, 0xa7, 0x68, 0xff, 
	0xe1, 0xac, 0x6d, 0xff, 0xe1, 0xac, 0x6d, 0xff, 
	0xde, 0xaa, 0x6b, 0xff, 0xde, 0xaa, 0x6b, 0xff, 
	0xd8, 0xa6, 0x65, 0xff, 0xd8, 0xa6, 0x65, 0xff, 
	0xd6, 0xa6, 0x63, 0xff, 0xd6, 0xa6, 0x63, 0xff, 
	0xd6, 0xa6, 0x63, 0xff, 0xd6, 0xa6, 0x63, 0xff, 
	0xd3, 0xa3, 0x5d, 0xff, 0xd3, 0xa3, 0x5d, 0xff, 
	0xd3, 0xa3, 0x5d, 0xff, 0xd8, 0xa8, 0x60, 0xff, 
	0xd0, 0xa4, 0x5d, 0xff, 0xd3, 0xa7, 0x60, 0xff, 
	0xd6, 0xaa, 0x63, 0xff, 0xd6, 0xaa, 0x63, 0xff, 
	0xd6, 0xaa, 0x63, 0xff, 0xd3, 0xa7, 0x60, 0xff, 
	0xd6, 0xaa, 0x63, 0xff, 0xd3, 0xa7, 0x60, 0xff, 
	0xd0, 0xa4, 0x5d, 0xff, 0xd0, 0xa4, 0x5d, 0xff, 
	0xd3, 0xa7, 0x60, 0xff, 0xd3, 0xa7, 0x60, 0xff, 
	0xd3, 0xa7, 0x60, 0xff, 0xd3, 0xa7, 0x60, 0xff, 
	0xd6, 0xaa, 0x63, 0xff, 0xd3, 0xa7, 0x60, 0xff, 
	0xd6, 0xa6, 0x63, 0xff, 0xd6, 0xa6, 0x63, 0xff, 
	0xd6, 0xa6, 0x63, 0xff, 0xd6, 0xa6, 0x63, 0xff, 
	0xd8, 0xa7, 0x65, 0xff, 0xd8, 0xa7, 0x65, 0xff, 
	0xd8, 0xa7, 0x65, 0xff, 0xd8, 0xa7, 0x65, 0xff, 
	0xd8, 0xa7, 0x65, 0xff, 0xdb, 0xa8, 0x68, 0xff, 
	0xde, 0xaa, 0x6b, 0xff, 0xde, 0xaa, 0x6b, 0xff, 
	0xdb, 0xa8, 0x68, 0xff, 0xdb, 0xa8, 0x68, 0xff, 
	0xdb, 0xa8, 0x68, 0xff, 0xdb, 0xa8, 0x68, 0xff, 
	0xe1, 0xac, 0x6d, 0xff, 0xe4, 0xaf, 0x70, 0xff, 
	0xe7, 0xb2, 0x73, 0xff, 0xe7, 0xb2, 0x73, 0xff, 
	0xe4, 0xaf, 0x70, 0xff, 0xe1, 0xac, 0x6d, 0xff, 
	0xe1, 0xac, 0x6d, 0xff, 0xe1, 0xac, 0x6d, 0xff, 
	0xde, 0xaa, 0x6b, 0xff, 0xe1, 0xac, 0x6d, 0xff, 
	0xe1, 0xac, 0x6d, 0xff, 0xe4, 0xaf, 0x70, 0xff, 
	0xe1, 0xac, 0x6d, 0xff, 0xde, 0xaa, 0x6b, 0xff, 
	0xe1, 0xac, 0x6d, 0xff, 0xe4, 0xaf, 0x70, 0xff, 
	0xe1, 0xac, 0x6d, 0xff, 0xdb, 0xa7, 0x68, 0xff, 
	0xe1, 0xac, 0x6d, 0xff, 0xe1, 0xac, 0x6d, 0xff, 
	0xde, 0xaa, 0x6b, 0xff, 0xd8, 0xa6, 0x65, 0xff, 
	0xd8, 0xa6, 0x65, 0xff, 0xd8, 0xa6, 0x65, 0xff, 
	0xd6, 0xa6, 0x63, 0xff, 0xd3, 0xa3, 0x60, 0xff, 
	0xd6, 0xa6, 0x63, 0xff, 0xd3, 0xa3, 0x60, 0xff, 
	0xd3, 0xa3, 0x5d, 0xff, 0xd3, 0xa3, 0x5d, 0xff, 
	0xd3, 0xa3, 0x5d, 0xff, 0xd3, 0xa3, 0x5d, 0xff, 
	0xce, 0xa2, 0x5a, 0xff, 0xce, 0xa2, 0x5a, 0xff, 
	0xd3, 0xa7, 0x60, 0xff, 0xd6, 0xaa, 0x63, 0xff, 
	0xd6, 0xaa, 0x63, 0xff, 0xd6, 0xaa, 0x63, 0xff, 
	0xd3, 0xa7, 0x60, 0xff, 0xd3, 0xa7, 0x60, 0xff, 
	0xce, 0xa2, 0x5a, 0xff, 0xce, 0xa2, 0x5a, 0xff, 
	0xd0, 0xa4, 0x5d, 0xff, 0xd0, 0xa4, 0x5d, 0xff, 
	0xce, 0xa2, 0x5a, 0xff, 0xd3, 0xa7, 0x60, 0xff, 
	0xd3, 0xa7, 0x60, 0xff, 0xd6, 0xaa, 0x63, 0xff, 
	0xd6, 0xa6, 0x63, 0xff, 0xd3, 0xa4, 0x60, 0xff, 
	0xd6, 0xa6, 0x63, 0xff, 0xd6, 0xa6, 0x63, 0xff, 
	0xd3, 0xa4, 0x5f, 0xff, 0xd3, 0xa4, 0x5f, 0xff, 
	0xd8, 0xa7, 0x65, 0xff, 0xd8, 0xa7, 0x65, 0xff, 
	0xd6, 0xa6, 0x63, 0xff, 0xd8, 0xa7, 0x65, 0xff, 
	0xdb, 0xa8, 0x68, 0xff, 0xde, 0xaa, 0x6b, 0xff, 
	0xdb, 0xa8, 0x68, 0xff, 0xdb, 0xa8, 0x68, 0xff, 
	0xdb, 0xa8, 0x68, 0xff, 0xdb, 0xa8, 0x68, 0xff, 
	0xde, 0xaa, 0x6b, 0xff, 0xe1, 0xac, 0x6d, 0xff, 
	0xe4, 0xaf, 0x70, 0xff, 0xe7, 0xb2, 0x73, 0xff, 
	0xe1, 0xac, 0x6d, 0xff, 0xde, 0xaa, 0x6b, 0xff, 
	0xe1, 0xac, 0x6d, 0xff, 0xe1, 0xac, 0x6d, 0xff, 
	0xe1, 0xac, 0x6d, 0xff, 0xde, 0xaa, 0x6b, 0xff, 
	0xde, 0xaa, 0x6b, 0xff, 0xde, 0xaa, 0x6b, 0xff, 
	0xe1, 0xac, 0x6d, 0xff, 0xe1, 0xac, 0x6d, 0xff, 
	0xe1, 0xac, 0x6d, 0xff, 0xe1, 0xac, 0x6d, 0xff, 
	0xe1, 0xac, 0x6d, 0xff, 0xe1, 0xac, 0x6d, 0xff, 
	0xdb, 0xa7, 0x68, 0xff, 0xdb, 0xa7, 0x68, 0xff, 
	0xd8, 0xa6, 0x65, 0xff, 0xd8, 0xa6, 0x65, 0xff, 
	0xd3, 0xa2, 0x5f, 0xff, 0xd3, 0xa2, 0x5f, 0xff, 
	0xd3, 0xa3, 0x60, 0xff, 0xd3, 0xa3, 0x60, 0xff, 
	0xd3, 0xa3, 0x60, 0xff, 0xd0, 0xa0, 0x5d, 0xff, 
	0xd3, 0xa3, 0x5d, 0xff, 0xd3, 0xa3, 0x5d, 0xff, 
	0xce, 0x9e, 0x5a, 0xff, 0xce, 0x9e, 0x5a, 0xff, 
	0xce, 0xa2, 0x5a, 0xff, 0xce, 0xa2, 0x5a, 0xff, 
	0xd0, 0xa4, 0x5d, 0xff, 0xd0, 0xa4, 0x5d, 0xff, 
	0xd3, 0xa7, 0x60, 0xff, 0xd3, 0xa7, 0x60, 0xff, 
	0xd0, 0xa4, 0x5d, 0xff, 0xd0, 0xa4, 0x5d, 0xff, 
	0xd0, 0xa4, 0x5d, 0xff, 0xce, 0xa2, 0x5a, 0xff, 
	0xce, 0xa2, 0x5a, 0xff, 0xce, 0xa2, 0x5a, 0xff, 
	0xce, 0xa2, 0x5a, 0xff, 0xd0, 0xa4, 0x5d, 0xff, 
	0xd0, 0xa4, 0x5d, 0xff, 0xd0, 0xa4, 0x5d, 0xff, 
	0xd6, 0xa6, 0x63, 0xff, 0xd6, 0xa6, 0x63, 0xff, 
	0xd3, 0xa4, 0x60, 0xff, 0xd3, 0xa4, 0x60, 0xff, 
	0xd3, 0xa4, 0x5f, 0xff, 0xd3, 0xa4, 0x5f, 0xff, 
	0xd3, 0xa4, 0x5f, 0xff, 0xd3, 0xa4, 0x5f, 0xff, 
	0xd6, 0xa6, 0x63, 0xff, 0xd8, 0xa7, 0x65, 0xff, 
	0xd8, 0xa7, 0x65, 0xff, 0xdb, 0xa8, 0x68, 0xff, 
	0xde, 0xaa, 0x6b, 0xff, 0xdb, 0xa8, 0x68, 0xff, 
	0xd8, 0xa7, 0x65, 0xff, 0xdb, 0xa8, 0x68, 0xff, 
	0xde, 0xaa, 0x6b, 0xff, 0xe1, 0xac, 0x6d, 0xff, 
	0xe1, 0xac, 0x6d, 0xff, 0xe4, 0xaf, 0x70, 0xff, 
	0xe4, 0xaf, 0x70, 0xff, 0xe4, 0xaf, 0x70, 0xff, 
	0xde, 0xaa, 0x6b, 0xff, 0xde, 0xaa, 0x6b, 0xff, 
	0xe1, 0xac, 0x6d, 0xff, 0xe1, 0xac, 0x6d, 0xff, 
	0xde, 0xaa, 0x6b, 0xff, 0xde, 0xaa, 0x6b, 0xff, 
	0xde, 0xaa, 0x6b, 0xff, 0xde, 0xaa, 0x6b, 0xff, 
	0xde, 0xaa, 0x6b, 0xff, 0xde, 0xaa, 0x6b, 0xff, 
	0xe1, 0xac, 0x6d, 0xff, 0xe1, 0xac, 0x6d, 0xff, 
	0xdb, 0xa7, 0x68, 0xff, 0xd6, 0xa2, 0x63, 0xff, 
	0xd8, 0xa6, 0x65, 0xff, 0xd8, 0xa6, 0x65, 0xff, 
	0xd3, 0xa2, 0x5f, 0xff, 0xd3, 0xa2, 0x5f, 0xff, 
	0xd3, 0xa3, 0x60, 0xff, 0xd3, 0xa3, 0x60, 0xff, 
	0xd0, 0xa0, 0x5d, 0xff, 0xce, 0x9e, 0x5a, 0xff, 
	0xd3, 0xa3, 0x5d, 0xff, 0xd3, 0xa3, 0x5d, 0xff, 
	0xce, 0x9e, 0x5a, 0xff, 0xce, 0x9e, 0x5a, 0xff, 
	0xce, 0xa2, 0x5a, 0xff, 0xce, 0xa2, 0x5a, 0xff, 
	0xce, 0xa2, 0x5a, 0xff, 0xce, 0xa2, 0x5a, 0xff, 
	0xce, 0xa2, 0x5a, 0xff, 0xce, 0xa2, 0x5a, 0xff, 
	0xce, 0xa2, 0x5a, 0xff, 0xce, 0xa2, 0x5a, 0xff, 
	0xd0, 0xa4, 0x5d, 0xff, 0xce, 0xa2, 0x5a, 0xff, 
	0xce, 0xa2, 0x5a, 0xff, 0xce, 0xa2, 0x5a, 0xff, 
	0xce, 0xa2, 0x5a, 0xff, 0xce, 0xa2, 0x5a, 0xff, 
	0xce, 0xa2, 0x5a, 0xff, 0xce, 0xa2, 0x5a, 0xff, 
	0xd3, 0xa4, 0x60, 0xff, 0xd6, 0xa6, 0x63, 0xff, 
	0xd0, 0xa3, 0x5d, 0xff, 0xd0, 0xa3, 0x5d, 0xff, 
	0xd3, 0xa4, 0x5f, 0xff, 0xd3, 0xa4, 0x5f, 0xff, 
	0xd3, 0xa4, 0x5f, 0xff, 0xd3, 0xa4, 0x5f, 0xff, 
	0xd8, 0xa7, 0x65, 0xff, 0xd8, 0xa7, 0x65, 0xff, 
	0xd6, 0xa6, 0x63, 0xff, 0xdb, 0xa8, 0x68, 0xff, 
	0xde, 0xaa, 0x6b, 0xff, 0xdb, 0xa8, 0x68, 0xff, 
	0xdb, 0xa8, 0x68, 0xff, 0xd8, 0xa7, 0x65, 0xff, 
	0xe1, 0xac, 0x6d, 0xff, 0xe1, 0xac, 0x6d, 0xff, 
	0xde, 0xaa, 0x6b, 0xff, 0xe4, 0xaf, 0x70, 0xff, 
	0xe4, 0xaf, 0x70, 0xff, 0xe4, 0xaf, 0x70, 0xff, 
	0xe1, 0xac, 0x6d, 0xff, 0xe1, 0xac, 0x6d, 0xff, 
	0xde, 0xaa, 0x6b, 0xff, 0xde, 0xaa, 0x6b, 0xff, 
	0xde, 0xaa, 0x6b, 0xff, 0xe1, 0xac, 0x6d, 0xff, 
	0xdb, 0xa7, 0x68, 0xff, 0xdb, 0xa7, 0x68, 0xff, 
	0xdb, 0xa7, 0x68, 0xff, 0xde, 0xaa, 0x6b, 0xff, 
	0xde, 0xaa, 0x6b, 0xff, 0xde, 0xaa, 0x6b, 0xff, 
	0xd8, 0xa7, 0x65, 0xff, 0xd8, 0xa7, 0x65, 0xff, 
	0xd6, 0xa6, 0x63, 0xff, 0xd6, 0xa6, 0x63, 0xff, 
	0xd6, 0xa6, 0x63, 0xff, 0xd8, 0xa8, 0x63, 0xff, 
	0xd3, 0xa4, 0x60, 0xff, 0xce, 0xa2, 0x5a, 0xff, 
	0xd0, 0xa3, 0x5d, 0xff, 0xd0, 0xa3, 0x5d, 0xff, 
	0xd0, 0xa3, 0x57, 0xff, 0xd0, 0xa3, 0x57, 0xff, 
	0xd0, 0xa3, 0x57, 0xff, 0xd0, 0xa3, 0x57, 0xff, 
	0xcd, 0xa1, 0x57, 0xff, 0xcd, 0xa1, 0x57, 0xff, 
	0xcd, 0xa1, 0x57, 0xff, 0xcd, 0xa1, 0x57, 0xff, 
	0xd0, 0xa3, 0x57, 0xff, 0xcb, 0xa0, 0x54, 0xff, 
	0xd0, 0xa3, 0x57, 0xff, 0xd0, 0xa3, 0x57, 0xff, 
	0xd0, 0xa3, 0x57, 0xff, 0xd0, 0xa3, 0x57, 0xff, 
	0xd0, 0xa3, 0x57, 0xff, 0xd0, 0xa3, 0x57, 0xff, 
	0xce, 0xa2, 0x5a, 0xff, 0xcb, 0x9f, 0x54, 0xff, 
	0xce, 0xa2, 0x5a, 0xff, 0xce, 0xa2, 0x5a, 0xff, 
	0xd0, 0xa3, 0x5a, 0xff, 0xd0, 0xa3, 0x5a, 0xff, 
	0xd3, 0xa4, 0x5a, 0xff, 0xd3, 0xa4, 0x5a, 0xff, 
	0xd0, 0xa4, 0x5d, 0xff, 0xd0, 0xa4, 0x5d, 0xff, 
	0xd6, 0xaa, 0x63, 0xff, 0xd3, 0xa7, 0x60, 0xff, 
	0xd6, 0xa6, 0x63, 0xff, 0xd6, 0xa6, 0x63, 0xff, 
	0xd8, 0xa8, 0x65, 0xff, 0xdb, 0xab, 0x68, 0xff, 
	0xdb, 0xa8, 0x68, 0xff, 0xdb, 0xa8, 0x68, 0xff, 
	0xdb, 0xa8, 0x68, 0xff, 0xdb, 0xa8, 0x68, 0xff, 
	0xde, 0xaa, 0x6b, 0xff, 0xde, 0xaa, 0x6b, 0xff, 
	0xe4, 0xaf, 0x70, 0xff, 0xe1, 0xac, 0x6d, 0xff, 
	0xe1, 0xac, 0x6d, 0xff, 0xe1, 0xac, 0x6d, 0xff, 
	0xe4, 0xaf, 0x70, 0xff, 0xe4, 0xaf, 0x70, 0xff, 
	0xde, 0xaa, 0x6b, 0xff, 0xde, 0xaa, 0x6b, 0xff, 
	0xe4, 0xaf, 0x70, 0xff, 0xe4, 0xaf, 0x70, 0xff, 
	0xde, 0xaa, 0x6b, 0xff, 0xdb, 0xa7, 0x68, 0xff, 
	0xde, 0xaa, 0x6b, 0xff, 0xde, 0xaa, 0x6b, 0xff, 
	0xdb, 0xa8, 0x68, 0xff, 0xdb, 0xa8, 0x68, 0xff, 
	0xd6, 0xa6, 0x63, 0xff, 0xd8, 0xa7, 0x65, 0xff, 
	0xd6, 0xa6, 0x63, 0xff, 0xd6, 0xa6, 0x63, 0xff, 
	0xdb, 0xab, 0x63, 0xff, 0xd8, 0xa8, 0x63, 0xff, 
	0xd6, 0xa6, 0x63, 0xff, 0xd3, 0xa4, 0x60, 0xff, 
	0xd3, 0xa4, 0x60, 0xff, 0xd3, 0xa4, 0x60, 0xff, 
	0xd0, 0xa3, 0x57, 0xff, 0xd0, 0xa3, 0x57, 0xff, 
	0xd0, 0xa3, 0x57, 0xff, 0xcb, 0xa0, 0x54, 0xff, 
	0xcd, 0xa1, 0x57, 0xff, 0xcd, 0xa1, 0x57, 0xff, 
	0xcd, 0xa1, 0x57, 0xff, 0xcd, 0xa1, 0x57, 0xff, 
	0xcb, 0xa0, 0x54, 0xff, 0xcb, 0xa0, 0x54, 0xff, 
	0xd0, 0xa3, 0x57, 0xff, 0xd0, 0xa3, 0x57, 0xff, 
	0xd0, 0xa3, 0x57, 0xff, 0xd0, 0xa3, 0x57, 0xff, 
	0xd0, 0xa3, 0x57, 0xff, 0xcb, 0xa0, 0x54, 0xff, 
	0xcb, 0x9f, 0x54, 0xff, 0xcb, 0x9f, 0x54, 0xff, 
	0xcb, 0x9f, 0x54, 0xff, 0xce, 0xa2, 0x5a, 0xff, 
	0xd0, 0xa3, 0x5a, 0xff, 0xce, 0xa2, 0x5a, 0xff, 
	0xd3, 0xa4, 0x5a, 0xff, 0xd3, 0xa4, 0x5a, 0xff, 
	0xd0, 0xa4, 0x5d, 0xff, 0xd0, 0xa4, 0x5d, 0xff, 
	0xd6, 0xaa, 0x63, 0xff, 0xd6, 0xaa, 0x63, 0xff, 
	0xd6, 0xa6, 0x63, 0xff, 0xd6, 0xa6, 0x63, 0xff, 
	0xdb, 0xab, 0x68, 0xff, 0xd8, 0xa8, 0x65, 0xff, 
	0xd6, 0xa6, 0x63, 0xff, 0xdb, 0xa8, 0x68, 0xff, 
	0xdb, 0xa8, 0x68, 0xff, 0xdb, 0xa8, 0x68, 0xff, 
	0xde, 0xaa, 0x6b, 0xff, 0xde, 0xaa, 0x6b, 0xff, 
	0xe4, 0xaf, 0x70, 0xff, 0xe4, 0xaf, 0x70, 0xff, 
	0xe1, 0xac, 0x6d, 0xff, 0xe4, 0xaf, 0x70, 0xff, 
	0xe7, 0xb2, 0x73, 0xff, 0xe7, 0xb2, 0x73, 0xff, 
	0xe4, 0xaf, 0x70, 0xff, 0xe4, 0xaf, 0x70, 0xff, 
	0xe1, 0xac, 0x6d, 0xff, 0xe1, 0xac, 0x6d, 0xff, 
	0xde, 0xaa, 0x6b, 0xff, 0xde, 0xaa, 0x6b, 0xff, 
	0xd8, 0xa4, 0x65, 0xff, 0xdb, 0xa7, 0x68, 0xff, 
	0xdb, 0xa8, 0x68, 0xff, 0xdb, 0xa8, 0x68, 0xff, 
	0xd6, 0xa6, 0x63, 0xff, 0xd6, 0xa6, 0x63, 0xff, 
	0xd8, 0xa8, 0x63, 0xff, 0xd8, 0xa8, 0x63, 0xff, 
	0xdb, 0xab, 0x63, 0xff, 0xd8, 0xa8, 0x63, 0xff, 
	0xd6, 0xa6, 0x63, 0xff, 0xd3, 0xa4, 0x60, 0xff, 
	0xd0, 0xa3, 0x5d, 0xff, 0xd0, 0xa3, 0x5d, 0xff, 
	0xd6, 0xa6, 0x5a, 0xff, 0xd0, 0xa3, 0x57, 0xff, 
	0xd0, 0xa3, 0x57, 0xff, 0xcb, 0xa0, 0x54, 0xff, 
	0xcd, 0xa1, 0x57, 0xff, 0xcd, 0xa1, 0x57, 0xff, 
	0xcd, 0xa1, 0x57, 0xff, 0xcd, 0xa1, 0x57, 0xff, 
	0xd0, 0xa3, 0x57, 0xff, 0xcb, 0xa0, 0x54, 0xff, 
	0xcb, 0xa0, 0x54, 0xff, 0xcb, 0xa0, 0x54, 0xff, 
	0xd0, 0xa3, 0x57, 0xff, 0xcb, 0xa0, 0x54, 0xff, 
	0xcb, 0xa0, 0x54, 0xff, 0xc6, 0x9e, 0x52, 0xff, 
	0xcb, 0x9f, 0x54, 0xff, 0xcb, 0x9f, 0x54, 0xff, 
	0xcb, 0x9f, 0x54, 0xff, 0xcb, 0x9f, 0x54, 0xff, 
	0xce, 0xa2, 0x5a, 0xff, 0xd0, 0xa3, 0x5a, 0xff, 
	0xce, 0xa2, 0x5a, 0xff, 0xce, 0xa2, 0x5a, 0xff, 
	0xce, 0xa2, 0x5a, 0xff, 0xd0, 0xa4, 0x5d, 0xff, 
	0xd3, 0xa7, 0x60, 0xff, 0xd6, 0xaa, 0x63, 0xff, 
	0xdb, 0xab, 0x68, 0xff, 0xdb, 0xab, 0x68, 0xff, 
	0xdb, 0xab, 0x68, 0xff, 0xdb, 0xab, 0x68, 0xff, 
	0xdb, 0xa8, 0x68, 0xff, 0xdb, 0xa8, 0x68, 0xff, 
	0xdb, 0xa8, 0x68, 0xff, 0xdb, 0xa8, 0x68, 0xff, 
	0xde, 0xaa, 0x6b, 0xff, 0xde, 0xaa, 0x6b, 0xff, 
	0xde, 0xaa, 0x6b, 0xff, 0xe4, 0xaf, 0x70, 0xff, 
	0xe7, 0xb2, 0x73, 0xff, 0xe7, 0xb2, 0x73, 0xff, 
	0xe4, 0xaf, 0x70, 0xff, 0xe7, 0xb2, 0x73, 0xff, 
	0xe4, 0xaf, 0x70, 0xff, 0xe4, 0xaf, 0x70, 0xff, 
	0xe1, 0xac, 0x6d, 0xff, 0xde, 0xaa, 0x6b, 0xff, 
	0xde, 0xaa, 0x6b, 0xff, 0xde, 0xaa, 0x6b, 0xff, 
	0xdb, 0xa7, 0x68, 0xff, 0xde, 0xaa, 0x6b, 0xff, 
	0xde, 0xaa, 0x6b, 0xff, 0xdb, 0xa8, 0x68, 0xff, 
	0xd6, 0xa6, 0x63, 0xff, 0xd6, 0xa6, 0x63, 0xff, 
	0xd8, 0xa8, 0x63, 0xff, 0xd8, 0xa8, 0x63, 0xff, 
	0xd6, 0xa6, 0x63, 0xff, 0xd6, 0xa6, 0x63, 0xff, 
	0xd3, 0xa4, 0x60, 0xff, 0xd3, 0xa4, 0x60, 0xff, 
	0xce, 0xa2, 0x5a, 0xff, 0xd0, 0xa3, 0x5d, 0xff, 
	0xd6, 0xa6, 0x5a, 0xff, 0xd0, 0xa3, 0x57, 0xff, 
	0xd0, 0xa3, 0x57, 0xff, 0xcb, 0xa0, 0x54, 0xff, 
	0xcd, 0xa1, 0x57, 0xff, 0xcd, 0xa1, 0x57, 0xff, 
	0xcd, 0xa1, 0x57, 0xff, 0xcd, 0xa1, 0x57, 0xff, 
	0xd0, 0xa3, 0x57, 0xff, 0xcb, 0xa0, 0x54, 0xff, 
	0xc6, 0x9e, 0x52, 0xff, 0xc6, 0x9e, 0x52, 0xff, 
	0xcb, 0xa0, 0x54, 0xff, 0xcb, 0xa0, 0x54, 0xff, 
	0xc6, 0x9e, 0x52, 0xff, 0xc6, 0x9e, 0x52, 0xff, 
	0xcb, 0x9f, 0x54, 0xff, 0xcb, 0x9f, 0x54, 0xff, 
	0xc8, 0x9c, 0x4f, 0xff, 0xcb, 0x9f, 0x54, 0xff, 
	0xce, 0xa2, 0x5a, 0xff, 0xd0, 0xa3, 0x5a, 0xff, 
	0xce, 0xa2, 0x5a, 0xff, 0xce, 0xa2, 0x5a, 0xff, 
	0xce, 0xa2, 0x5a, 0xff, 0xce, 0xa2, 0x5a, 0xff, 
	0xd0, 0xa4, 0x5d, 0xff, 0xd3, 0xa7, 0x60, 0xff, 
	0xd8, 0xa8, 0x65, 0xff, 0xdb, 0xab, 0x68, 0xff, 
	0xd8, 0xa8, 0x65, 0xff, 0xd6, 0xa6, 0x63, 0xff, 
	0xd8, 0xa7, 0x65, 0xff, 0xdb, 0xa8, 0x68, 0xff, 
	0xd8, 0xa7, 0x65, 0xff, 0xdb, 0xa8, 0x68, 0xff, 
	0xde, 0xaa, 0x6b, 0xff, 0xde, 0xaa, 0x6b, 0xff, 
	0xde, 0xaa, 0x6b, 0xff, 0xe1, 0xac, 0x6d, 0xff, 
	0xe7, 0xb2, 0x73, 0xff, 0xe7, 0xb2, 0x73, 0xff, 
	0xe4, 0xaf, 0x70, 0xff, 0xe4, 0xaf, 0x70, 0xff, 
	0xde, 0xaa, 0x6b, 0xff, 0xde, 0xaa, 0x6b, 0xff, 
	0xe1, 0xab, 0x6b, 0xff, 0xe1, 0xab, 0x6b, 0xff, 
	0xe1, 0xae, 0x6d, 0xff, 0xdb, 0xaa, 0x68, 0xff, 
	0xe1, 0xae, 0x6d, 0xff, 0xe1, 0xae, 0x6d, 0xff, 
	0xde, 0xaa, 0x6b, 0xff, 0xd8, 0xa7, 0x65, 0xff, 
	0xd8, 0xa7, 0x65, 0xff, 0xd8, 0xa7, 0x65, 0xff, 
	0xd6, 0xa6, 0x63, 0xff, 0xd3, 0xa4, 0x60, 0xff, 
	0xd3, 0xa4, 0x60, 0xff, 0xd3, 0xa4, 0x60, 0xff, 
	0xce, 0xa2, 0x5a, 0xff, 0xce, 0xa2, 0x5a, 0xff, 
	0xd6, 0xa6, 0x5a, 0xff, 0xd3, 0xa4, 0x5a, 0xff, 
	0xd0, 0xa3, 0x57, 0xff, 0xd0, 0xa3, 0x57, 0xff, 
	0xd0, 0xa3, 0x57, 0xff, 0xd0, 0xa3, 0x57, 0xff, 
	0xce, 0xa2, 0x52, 0xff, 0xc8, 0x9e, 0x4f, 0xff, 
	0xc8, 0x9e, 0x4f, 0xff, 0xc8, 0x9e, 0x4f, 0xff, 
	0xc2, 0x9b, 0x4c, 0xff, 0xc8, 0xa0, 0x4f, 0xff, 
	0xc8, 0xa0, 0x4f, 0xff, 0xc8, 0xa0, 0x4f, 0xff, 
	0xc8, 0x9e, 0x4f, 0xff, 0xc8, 0x9e, 0x4f, 0xff, 
	0xc8, 0x9e, 0x4f, 0xff, 0xc8, 0x9e, 0x4f, 0xff, 
	0xc6, 0x9c, 0x4f, 0xff, 0xc6, 0x9c, 0x4f, 0xff, 
	0xc6, 0x9e, 0x52, 0xff, 0xc6, 0x9e, 0x52, 0xff, 
	0xcb, 0xa0, 0x54, 0xff, 0xd0, 0xa3, 0x57, 0xff, 
	0xd0, 0xa3, 0x57, 0xff, 0xd0, 0xa3, 0x57, 0xff, 
	0xcb, 0xa0, 0x54, 0xff, 0xcb, 0xa0, 0x54, 0xff, 
	0xd0, 0xa3, 0x57, 0xff, 0xd6, 0xa6, 0x5a, 0xff, 
	0xd6, 0xa6, 0x63, 0xff, 0xd8, 0xa8, 0x63, 0xff, 
	0xd8, 0xa8, 0x63, 0xff, 0xd6, 0xa6, 0x63, 0xff, 
	0xd6, 0xa6, 0x63, 0xff, 0xd8, 0xa8, 0x65, 0xff, 
	0xdb, 0xab, 0x68, 0xff, 0xdb, 0xab, 0x68, 0xff, 
	0xdb, 0xa7, 0x68, 0xff, 0xdb, 0xa7, 0x68, 0xff, 
	0xe1, 0xac, 0x6d, 0xff, 0xe1, 0xac, 0x6d, 0xff, 
	0xde, 0xaa, 0x6b, 0xff, 0xe3, 0xae, 0x70, 0xff, 
	0xe3, 0xae, 0x70, 0xff, 0xe3, 0xae, 0x70, 0xff, 
	0xde, 0xaa, 0x6b, 0xff, 0xde, 0xaa, 0x6b, 0xff, 
	0xe1, 0xab, 0x6b, 0xff, 0xde, 0xaa, 0x6b, 0xff, 
	0xdb, 0xaa, 0x68, 0xff, 0xdb, 0xaa, 0x68, 0xff, 
	0xe1, 0xae, 0x6d, 0xff, 0xdb, 0xaa, 0x68, 0xff, 
	0xd8, 0xa7, 0x65, 0xff, 0xd8, 0xa7, 0x65, 0xff, 
	0xd8, 0xa7, 0x65, 0xff, 0xd6, 0xa6, 0x63, 0xff, 
	0xd3, 0xa4, 0x60, 0xff, 0xd0, 0xa3, 0x5d, 0xff, 
	0xd3, 0xa4, 0x60, 0xff, 0xd0, 0xa3, 0x5d, 0xff, 
	0xce, 0xa2, 0x5a, 0xff, 0xce, 0xa2, 0x5a, 0xff, 
	0xd0, 0xa3, 0x5a, 0xff, 0xd3, 0xa4, 0x5a, 0xff, 
	0xd0, 0xa3, 0x57, 0xff, 0xd0, 0xa3, 0x57, 0xff, 
	0xd0, 0xa3, 0x57, 0xff, 0xd0, 0xa3, 0x57, 0xff, 
	0xce, 0xa2, 0x52, 0xff, 0xc8, 0x9e, 0x4f, 0xff, 
	0xc8, 0x9e, 0x4f, 0xff, 0xc8, 0x9e, 0x4f, 0xff, 
	0xc2, 0x9b, 0x4c, 0xff, 0xc8, 0xa0, 0x4f, 0xff, 
	0xc8, 0xa0, 0x4f, 0xff, 0xc8, 0xa0, 0x4f, 0xff, 
	0xc8, 0x9e, 0x4f, 0xff, 0xc2, 0x9a, 0x4c, 0xff, 
	0xc8, 0x9e, 0x4f, 0xff, 0xc2, 0x9a, 0x4c, 0xff, 
	0xc6, 0x9b, 0x4c, 0xff, 0xc6, 0x9c, 0x4f, 0xff, 
	0xc6, 0x9e, 0x52, 0xff, 0xc6, 0x9e, 0x52, 0xff, 
	0xcb, 0xa0, 0x54, 0xff, 0xd0, 0xa3, 0x57, 0xff, 
	0xd0, 0xa3, 0x57, 0xff, 0xd0, 0xa3, 0x57, 0xff, 
	0xcb, 0xa0, 0x54, 0xff, 0xcb, 0xa0, 0x54, 0xff, 
	0xd0, 0xa3, 0x57, 0xff, 0xd6, 0xa6, 0x5a, 0xff, 
	0xd6, 0xa6, 0x63, 0xff, 0xd6, 0xa6, 0x63, 0xff, 
	0xd8, 0xa8, 0x63, 0xff, 0xd8, 0xa8, 0x63, 0xff, 
	0xd6, 0xa6, 0x63, 0xff, 0xd6, 0xa6, 0x63, 0xff, 
	0xdb, 0xab, 0x68, 0xff, 0xdb, 0xab, 0x68, 0xff, 
	0xdb, 0xa7, 0x68, 0xff, 0xdb, 0xa7, 0x68, 0xff, 
	0xe1, 0xac, 0x6d, 0xff, 0xe1, 0xac, 0x6d, 0xff, 
	0xde, 0xaa, 0x6b, 0xff, 0xde, 0xaa, 0x6b, 0xff, 
	0xe3, 0xae, 0x70, 0xff, 0xe3, 0xae, 0x70, 0xff, 
	0xe1, 0xab, 0x6b, 0xff, 0xe1, 0xab, 0x6b, 0xff, 
	0xde, 0xaa, 0x6b, 0xff, 0xde, 0xaa, 0x6b, 0xff, 
	0xe1, 0xae, 0x6d, 0xff, 0xe7, 0xb2, 0x73, 0xff, 
	0xe1, 0xae, 0x6d, 0xff, 0xdb, 0xaa, 0x68, 0xff, 
	0xdb, 0xa8, 0x68, 0xff, 0xdb, 0xa8, 0x68, 0xff, 
	0xd6, 0xa6, 0x63, 0xff, 0xd6, 0xa6, 0x63, 0xff, 
	0xd6, 0xa6, 0x63, 0xff, 0xd0, 0xa3, 0x5d, 0xff, 
	0xce, 0xa2, 0x5a, 0xff, 0xce, 0xa2, 0x5a, 0xff, 
	0xce, 0xa2, 0x5a, 0xff, 0xd0, 0xa3, 0x5a, 0xff, 
	0xd0, 0xa3, 0x5a, 0xff, 0xce, 0xa2, 0x5a, 0xff, 
	0xd0, 0xa3, 0x57, 0xff, 0xd0, 0xa3, 0x57, 0xff, 
	0xcb, 0xa0, 0x54, 0xff, 0xcb, 0xa0, 0x54, 0xff, 
	0xc8, 0x9e, 0x4f, 0xff, 0xc8, 0x9e, 0x4f, 0xff, 
	0xc2, 0x9a, 0x4c, 0xff, 0xc2, 0x9a, 0x4c, 0xff, 
	0xc2, 0x9b, 0x4c, 0xff, 0xc8, 0xa0, 0x4f, 0xff, 
	0xc8, 0xa0, 0x4f, 0xff, 0xc2, 0x9b, 0x4c, 0xff, 
	0xc8, 0x9e, 0x4f, 0xff, 0xc8, 0x9e, 0x4f, 0xff, 
	0xbd, 0x96, 0x4a, 0xff, 0xbd, 0x96, 0x4a, 0xff, 
	0xc6, 0x9b, 0x4c, 0xff, 0xc6, 0x9c, 0x4f, 0xff, 
	0xc6, 0x9c, 0x4f, 0xff, 0xc6, 0x9c, 0x4f, 0xff, 
	0xc6, 0x9e, 0x52, 0xff, 0xcb, 0xa0, 0x54, 0xff, 
	0xcb, 0xa0, 0x54, 0xff, 0xcb, 0xa0, 0x54, 0xff, 
	0xd0, 0xa3, 0x57, 0xff, 0xcb, 0xa0, 0x54, 0xff, 
	0xcb, 0xa0, 0x54, 0xff, 0xd0, 0xa3, 0x57, 0xff, 
	0xd8, 0xa8, 0x63, 0xff, 0xd8, 0xa8, 0x63, 0xff, 
	0xd6, 0xa6, 0x63, 0xff, 0xd6, 0xa6, 0x63, 0xff, 
	0xd6, 0xa6, 0x63, 0xff, 0xd6, 0xa6, 0x63, 0xff, 
	0xd8, 0xa8, 0x65, 0xff, 0xdb, 0xab, 0x68, 0xff, 
	0xdb, 0xa7, 0x68, 0xff, 0xe1, 0xac, 0x6d, 0xff, 
	0xe1, 0xac, 0x6d, 0xff, 0xdb, 0xa7, 0x68, 0xff, 
	0xde, 0xaa, 0x6b, 0xff, 0xde, 0xaa, 0x6b, 0xff, 
	0xde, 0xaa, 0x6b, 0xff, 0xde, 0xaa, 0x6b, 0xff, 
	0xe4, 0xac, 0x6b, 0xff, 0xde, 0xaa, 0x6b, 0xff, 
	0xde, 0xaa, 0x6b, 0xff, 0xde, 0xaa, 0x6b, 0xff, 
	0xe1, 0xae, 0x6d, 0xff, 0xe1, 0xae, 0x6d, 0xff, 
	0xdb, 0xaa, 0x68, 0xff, 0xd6, 0xa6, 0x63, 0xff, 
	0xd8, 0xa7, 0x65, 0xff, 0xd8, 0xa7, 0x65, 0xff, 
	0xd6, 0xa6, 0x63, 0xff, 0xd6, 0xa6, 0x63, 0xff, 
	0xd3, 0xa4, 0x60, 0xff, 0xd0, 0xa3, 0x5d, 0xff, 
	0xce, 0xa2, 0x5a, 0xff, 0xce, 0xa2, 0x5a, 0xff, 
	0xd3, 0xa4, 0x5a, 0xff, 0xd3, 0xa4, 0x5a, 0xff, 
	0xd0, 0xa3, 0x5a, 0xff, 0xce, 0xa2, 0x5a, 0xff, 
	0xd0, 0xa3, 0x57, 0xff, 0xd0, 0xa3, 0x57, 0xff, 
	0xcb, 0xa0, 0x54, 0xff, 0xc6, 0x9e, 0x52, 0xff, 
	0xc8, 0x9e, 0x4f, 0xff, 0xc2, 0x9a, 0x4c, 0xff, 
	0xc2, 0x9a, 0x4c, 0xff, 0xc2, 0x9a, 0x4c, 0xff, 
	0xc2, 0x9b, 0x4c, 0xff, 0xc2, 0x9b, 0x4c, 0xff, 
	0xc2, 0x9b, 0x4c, 0xff, 0xc2, 0x9b, 0x4c, 0xff, 
	0xc8, 0x9e, 0x4f, 0xff, 0xc2, 0x9a, 0x4c, 0xff, 
	0xc2, 0x9a, 0x4c, 0xff, 0xc2, 0x9a, 0x4c, 0xff, 
	0xc6, 0x9a, 0x4a, 0xff, 0xc6, 0x9c, 0x4f, 0xff, 
	0xc6, 0x9b, 0x4c, 0xff, 0xc6, 0x9c, 0x4f, 0xff, 
	0xcb, 0xa0, 0x54, 0xff, 0xd0, 0xa3, 0x57, 0xff, 
	0xcb, 0xa0, 0x54, 0xff, 0xcb, 0xa0, 0x54, 0xff, 
	0xcb, 0xa0, 0x54, 0xff, 0xcb, 0xa0, 0x54, 0xff, 
	0xcb, 0xa0, 0x54, 0xff, 0xd0, 0xa3, 0x57, 0xff, 
	0xd8, 0xa8, 0x63, 0xff, 0xd8, 0xa8, 0x63, 0xff, 
	0xd6, 0xa6, 0x63, 0xff, 0xd6, 0xa6, 0x63, 0xff, 
	0xd6, 0xa6, 0x63, 0xff, 0xd8, 0xa8, 0x65, 0xff, 
	0xd8, 0xa8, 0x65, 0xff, 0xdb, 0xab, 0x68, 0xff, 
	0xdb, 0xa7, 0x68, 0xff, 0xe1, 0xac, 0x6d, 0xff, 
	0xe1, 0xac, 0x6d, 0xff, 0xdb, 0xa7, 0x68, 0xff, 
	0xde, 0xaa, 0x6b, 0xff, 0xde, 0xaa, 0x6b, 0xff, 
	0xde, 0xaa, 0x6b, 0xff, 0xde, 0xaa, 0x6b, 0xff, 
	0xde, 0xaa, 0x6b, 0xff, 0xde, 0xaa, 0x6b, 0xff, 
	0xe1, 0xac, 0x6d, 0xff, 0xe1, 0xac, 0x6d, 0xff, 
	0xe1, 0xae, 0x6d, 0xff, 0xdb, 0xaa, 0x68, 0xff, 
	0xdb, 0xaa, 0x68, 0xff, 0xdb, 0xaa, 0x68, 0xff, 
	0xd3, 0xa4, 0x5f, 0xff, 0xd3, 0xa4, 0x5f, 0xff, 
	0xd3, 0xa4, 0x5f, 0xff, 0xd3, 0xa4, 0x5f, 0xff, 
	0xd0, 0xa3, 0x5d, 0xff, 0xce, 0xa2, 0x5a, 0xff, 
	0xd0, 0xa3, 0x5d, 0xff, 0xce, 0xa2, 0x5a, 0xff, 
	0xd0, 0xa3, 0x57, 0xff, 0xd0, 0xa3, 0x57, 0xff, 
	0xd0, 0xa3, 0x57, 0xff, 0xd0, 0xa3, 0x57, 0xff, 
	0xcb, 0xa2, 0x54, 0xff, 0xc8, 0x9e, 0x4f, 0xff, 
	0xc8, 0x9e, 0x4f, 0xff, 0xc6, 0x9a, 0x4a, 0xff, 
	0xc2, 0x9b, 0x4c, 0xff, 0xc2, 0x9b, 0x4c, 0xff, 
	0xc2, 0x9b, 0x4c, 0xff, 0xc2, 0x9b, 0x4c, 0xff, 
	0xc0, 0x98, 0x47, 0xff, 0xc0, 0x98, 0x47, 0xff, 
	0xc3, 0x9b, 0x4c, 0xff, 0xc3, 0x9b, 0x4c, 0xff, 
	0xc3, 0x9c, 0x4a, 0xff, 0xc0, 0x9b, 0x4a, 0xff, 
	0xc3, 0x9c, 0x4a, 0xff, 0xc0, 0x9b, 0x4a, 0xff, 
	0xc0, 0x97, 0x47, 0xff, 0xc0, 0x97, 0x47, 0xff, 
	0xc3, 0x9c, 0x4c, 0xff, 0xc6, 0xa2, 0x52, 0xff, 
	0xc6, 0x9e, 0x52, 0xff, 0xcb, 0xa2, 0x54, 0xff, 
	0xcb, 0xa2, 0x54, 0xff, 0xcb, 0xa2, 0x54, 0xff, 
	0xcb, 0xa0, 0x54, 0xff, 0xcb, 0xa0, 0x54, 0xff, 
	0xd0, 0xa3, 0x57, 0xff, 0xd6, 0xa6, 0x5a, 0xff, 
	0xd3, 0xa6, 0x5f, 0xff, 0xd8, 0xaa, 0x65, 0xff, 
	0xd8, 0xaa, 0x65, 0xff, 0xd8, 0xaa, 0x65, 0xff, 
	0xd8, 0xa8, 0x65, 0xff, 0xd8, 0xa8, 0x65, 0xff, 
	0xdb, 0xab, 0x68, 0xff, 0xdb, 0xab, 0x68, 0xff, 
	0xd8, 0xa7, 0x65, 0xff, 0xde, 0xaa, 0x6b, 0xff, 
	0xde, 0xaa, 0x6b, 0xff, 0xdb, 0xa8, 0x68, 0xff, 
	0xdb, 0xa8, 0x68, 0xff, 0xdb, 0xa8, 0x68, 0xff, 
	0xe1, 0xab, 0x6d, 0xff, 0xe1, 0xab, 0x6d, 0xff, 
	0xde, 0xaa, 0x6b, 0xff, 0xde, 0xaa, 0x6b, 0xff, 
	0xe4, 0xaf, 0x70, 0xff, 0xe4, 0xaf, 0x70, 0xff, 
	0xe1, 0xae, 0x6d, 0xff, 0xdb, 0xaa, 0x68, 0xff, 
	0xdb, 0xaa, 0x68, 0xff, 0xdb, 0xaa, 0x68, 0xff, 
	0xd8, 0xa7, 0x65, 0xff, 0xd3, 0xa4, 0x5f, 0xff, 
	0xd3, 0xa4, 0x5f, 0xff, 0xd3, 0xa4, 0x5f, 0xff, 
	0xd0, 0xa3, 0x5d, 0xff, 0xce, 0xa2, 0x5a, 0xff, 
	0xd0, 0xa3, 0x5d, 0xff, 0xd0, 0xa3, 0x5d, 0xff, 
	0xd0, 0xa3, 0x57, 0xff, 0xd0, 0xa3, 0x57, 0xff, 
	0xd0, 0xa3, 0x57, 0xff, 0xd0, 0xa3, 0x57, 0xff, 
	0xcb, 0xa2, 0x54, 0xff, 0xc8, 0x9e, 0x4f, 0xff, 
	0xc6, 0x9a, 0x4a, 0xff, 0xc6, 0x9a, 0x4a, 0xff, 
	0xc2, 0x9b, 0x4c, 0xff, 0xc2, 0x9b, 0x4c, 0xff, 
	0xc2, 0x9b, 0x4c, 0xff, 0xc2, 0x9b, 0x4c, 0xff, 
	0xc0, 0x98, 0x47, 0xff, 0xc0, 0x98, 0x47, 0xff, 
	0xc0, 0x98, 0x47, 0xff, 0xc3, 0x9b, 0x4c, 0xff, 
	0xc3, 0x9c, 0x4a, 0xff, 0xc0, 0x9b, 0x4a, 0xff, 
	0xc6, 0x9e, 0x4a, 0xff, 0xc0, 0x9b, 0x4a, 0xff, 
	0xbd, 0x92, 0x42, 0xff, 0xc0, 0x97, 0x47, 0xff, 
	0xc3, 0x9c, 0x4c, 0xff, 0xc6, 0xa2, 0x52, 0xff, 
	0xc6, 0x9e, 0x52, 0xff, 0xcb, 0xa2, 0x54, 0xff, 
	0xcb, 0xa2, 0x54, 0xff, 0xcb, 0xa2, 0x54, 0xff, 
	0xc6, 0x9e, 0x52, 0xff, 0xc6, 0x9e, 0x52, 0xff, 
	0xd0, 0xa3, 0x57, 0xff, 0xd0, 0xa3, 0x57, 0xff, 
	0xd3, 0xa6, 0x5f, 0xff, 0xd8, 0xaa, 0x65, 0xff, 
	0xd8, 0xaa, 0x65, 0xff, 0xd8, 0xaa, 0x65, 0xff, 
	0xd6, 0xa6, 0x63, 0xff, 0xd8, 0xa8, 0x65, 0xff, 
	0xdb, 0xab, 0x68, 0xff, 0xdb, 0xab, 0x68, 0xff, 
	0xd8, 0xa7, 0x65, 0xff, 0xd8, 0xa7, 0x65, 0xff, 
	0xdb, 0xa8, 0x68, 0xff, 0xdb, 0xa8, 0x68, 0xff, 
	0xdb, 0xa8, 0x68, 0xff, 0xdb, 0xa8, 0x68, 0xff, 
	0xe1, 0xab, 0x6d, 0xff, 0xe1, 0xab, 0x6d, 0xff, 
	0xde, 0xaa, 0x6b, 0xff, 0xe1, 0xac, 0x6d, 0xff, 
	0xde, 0xaa, 0x6b, 0xff, 0xe1, 0xac, 0x6d, 0xff, 
	0xe1, 0xae, 0x6d, 0xff, 0xe1, 0xae, 0x6d, 0xff, 
	0xdb, 0xaa, 0x68, 0xff, 0xdb, 0xaa, 0x68, 0xff, 
	0xd8, 0xa7, 0x65, 0xff, 0xd8, 0xa7, 0x65, 0xff, 
	0xd3, 0xa4, 0x5f, 0xff, 0xd3, 0xa4, 0x5f, 0xff, 
	0xd3, 0xa4, 0x60, 0xff, 0xd3, 0xa4, 0x60, 0xff, 
	0xce, 0xa2, 0x5a, 0xff, 0xce, 0xa2, 0x5a, 0xff, 
	0xd0, 0xa3, 0x57, 0xff, 0xd0, 0xa3, 0x57, 0xff, 
	0xd0, 0xa3, 0x57, 0xff, 0xcb, 0xa0, 0x54, 0xff, 
	0xcb, 0xa2, 0x54, 0xff, 0xcb, 0xa2, 0x54, 0xff, 
	0xc8, 0x9e, 0x4f, 0xff, 0xc8, 0x9e, 0x4f, 0xff, 
	0xc8, 0xa0, 0x4f, 0xff, 0xc2, 0x9b, 0x4c, 0xff, 
	0xc2, 0x9b, 0x4c, 0xff, 0xbd, 0x96, 0x4a, 0xff, 
	0xc0, 0x98, 0x47, 0xff, 0xc0, 0x98, 0x47, 0xff, 
	0xc0, 0x98, 0x47, 0xff, 0xc3, 0x9b, 0x4c, 0xff, 
	0xc6, 0x9e, 0x4a, 0xff, 0xc3, 0x9c, 0x4a, 0xff, 
	0xc3, 0x9c, 0x4a, 0xff, 0xc0, 0x9b, 0x4a, 0xff, 
	0xc3, 0x9c, 0x4c, 0xff, 0xc0, 0x97, 0x47, 0xff, 
	0xc0, 0x97, 0x47, 0xff, 0xc6, 0xa2, 0x52, 0xff, 
	0xd0, 0xa6, 0x57, 0xff, 0xd0, 0xa6, 0x57, 0xff, 
	0xcb, 0xa2, 0x54, 0xff, 0xc6, 0x9e, 0x52, 0xff, 
	0xd0, 0xa3, 0x57, 0xff, 0xcb, 0xa0, 0x54, 0xff, 
	0xc6, 0x9e, 0x52, 0xff, 0xcb, 0xa0, 0x54, 0xff, 
	0xd3, 0xa6, 0x5f, 0xff, 0xd3, 0xa6, 0x5f, 0xff, 
	0xd8, 0xaa, 0x65, 0xff, 0xd8, 0xaa, 0x65, 0xff, 
	0xd8, 0xa8, 0x65, 0xff, 0xd8, 0xa8, 0x65, 0xff, 
	0xd8, 0xa8, 0x65, 0xff, 0xdb, 0xab, 0x68, 0xff, 
	0xd8, 0xa7, 0x65, 0xff, 0xdb, 0xa8, 0x68, 0xff, 
	0xd8, 0xa7, 0x65, 0xff, 0xd8, 0xa7, 0x65, 0xff, 
	0xdb, 0xa8, 0x68, 0xff, 0xdb, 0xa8, 0x68, 0xff, 
	0xe1, 0xab, 0x6d, 0xff, 0xe1, 0xab, 0x6d, 0xff, 
	0xe1, 0xac, 0x6d, 0xff, 0xde, 0xaa, 0x6b, 0xff, 
	0xde, 0xaa, 0x6b, 0xff, 0xe1, 0xac, 0x6d, 0xff, 
	0xe1, 0xae, 0x6d, 0xff, 0xe1, 0xae, 0x6d, 0xff, 
	0xe1, 0xae, 0x6d, 0xff, 0xdb, 0xaa, 0x68, 0xff, 
	0xde, 0xaa, 0x6b, 0xff, 0xd8, 0xa7, 0x65, 0xff, 
	0xd8, 0xa7, 0x65, 0xff, 0xd3, 0xa4, 0x5f, 0xff, 
	0xd6, 0xa6, 0x63, 0xff, 0xd3, 0xa4, 0x60, 0xff, 
	0xd0, 0xa3, 0x5d, 0xff, 0xce, 0xa2, 0x5a, 0xff, 
	0xd0, 0xa3, 0x57, 0xff, 0xd0, 0xa3, 0x57, 0xff, 
	0xcb, 0xa0, 0x54, 0xff, 0xcb, 0xa0, 0x54, 0xff, 
	0xcb, 0xa2, 0x54, 0xff, 0xcb, 0xa2, 0x54, 0xff, 
	0xc8, 0x9e, 0x4f, 0xff, 0xc8, 0x9e, 0x4f, 0xff, 
	0xc8, 0xa0, 0x4f, 0xff, 0xc8, 0xa0, 0x4f, 0xff, 
	0xc2, 0x9b, 0x4c, 0xff, 0xc2, 0x9b, 0x4c, 0xff, 
	0xc0, 0x98, 0x47, 0xff, 0xc0, 0x98, 0x47, 0xff, 
	0xc0, 0x98, 0x47, 0xff, 0xc0, 0x98, 0x47, 0xff, 
	0xc6, 0x9e, 0x4a, 0xff, 0xc3, 0x9c, 0x4a, 0xff, 
	0xc3, 0x9c, 0x4a, 0xff, 0xc3, 0x9c, 0x4a, 0xff, 
	0xc3, 0x9c, 0x4c, 0xff, 0xc3, 0x9c, 0x4c, 0xff, 
	0xc3, 0x9c, 0x4c, 0xff, 0xc6, 0xa2, 0x52, 0xff, 
	0xd0, 0xa6, 0x57, 0xff, 0xd0, 0xa6, 0x57, 0xff, 
	0xcb, 0xa2, 0x54, 0xff, 0xc6, 0x9e, 0x52, 0xff, 
	0xcb, 0xa0, 0x54, 0xff, 0xcb, 0xa0, 0x54, 0xff, 
	0xc6, 0x9e, 0x52, 0xff, 0xcb, 0xa0, 0x54, 0xff, 
	0xce, 0xa2, 0x5a, 0xff, 0xce, 0xa2, 0x5a, 0xff, 
	0xd3, 0xa6, 0x5f, 0xff, 0xd3, 0xa6, 0x5f, 0xff, 
	0xd8, 0xa8, 0x65, 0xff, 0xd8, 0xa8, 0x65, 0xff, 
	0xd6, 0xa6, 0x63, 0xff, 0xd8, 0xa8, 0x65, 0xff, 
	0xd8, 0xa7, 0x65, 0xff, 0xd8, 0xa7, 0x65, 0xff, 
	0xd8, 0xa7, 0x65, 0xff, 0xd8, 0xa7, 0x65, 0xff, 
	0xe1, 0xab, 0x6d, 0xff, 0xe1, 0xab, 0x6d, 0xff, 
	0xe1, 0xab, 0x6d, 0xff, 0xe1, 0xab, 0x6d, 0xff, 
	0xdb, 0xa7, 0x68, 0xff, 0xd8, 0xa4, 0x65, 0xff, 
	0xde, 0xaa, 0x6b, 0xff, 0xde, 0xaa, 0x6b, 0xff, 
	0xe7, 0xb2, 0x73, 0xff, 0xe1, 0xae, 0x6d, 0xff, 
	0xe1, 0xae, 0x6d, 0xff, 0xdb, 0xaa, 0x68, 0xff, 
	0xd8, 0xa8, 0x65, 0xff, 0xd6, 0xa6, 0x63, 0xff, 
	0xd8, 0xa8, 0x65, 0xff, 0xdb, 0xab, 0x68, 0xff, 
	0xd3, 0xa7, 0x60, 0xff, 0xd3, 0xa7, 0x60, 0xff, 
	0xd0, 0xa4, 0x5d, 0xff, 0xd0, 0xa4, 0x5d, 0xff, 
	0xcb, 0xa2, 0x54, 0xff, 0xcb, 0xa2, 0x54, 0xff, 
	0xd0, 0xa6, 0x57, 0xff, 0xd0, 0xa6, 0x57, 0xff, 
	0xcb, 0xa2, 0x54, 0xff, 0xc8, 0x9e, 0x4f, 0xff, 
	0xcb, 0xa2, 0x54, 0xff, 0xc8, 0x9e, 0x4f, 0xff, 
	0xc3, 0x9e, 0x4c, 0xff, 0xc3, 0x9e, 0x4c, 0xff, 
	0xc3, 0x9e, 0x4c, 0xff, 0xc3, 0x9e, 0x4c, 0xff, 
	0xc0, 0x9a, 0x47, 0xff, 0xc0, 0x9a, 0x47, 0xff, 
	0xc0, 0x9a, 0x47, 0xff, 0xc0, 0x9a, 0x47, 0xff, 
	0xc2, 0x9e, 0x4c, 0xff, 0xc2, 0x9e, 0x4c, 0xff, 
	0xc8, 0xa2, 0x4f, 0xff, 0xc8, 0xa2, 0x4f, 0xff, 
	0xc2, 0x9e, 0x4c, 0xff, 0xc2, 0x9e, 0x4c, 0xff, 
	0xc8, 0xa2, 0x4f, 0xff, 0xce, 0xa6, 0x52, 0xff, 
	0xce, 0xa2, 0x52, 0xff, 0xce, 0xa2, 0x52, 0xff, 
	0xc8, 0x9e, 0x4f, 0xff, 0xc8, 0x9e, 0x4f, 0xff, 
	0xc8, 0x9c, 0x4f, 0xff, 0xc8, 0x9c, 0x4f, 0xff, 
	0xcb, 0x9f, 0x54, 0xff, 0xcb, 0x9f, 0x54, 0xff, 
	0xce, 0xa2, 0x5a, 0xff, 0xce, 0xa2, 0x5a, 0xff, 
	0xd0, 0xa3, 0x5a, 0xff, 0xce, 0xa2, 0x5a, 0xff, 
	0xd3, 0xa3, 0x5d, 0xff, 0xd3, 0xa3, 0x5d, 0xff, 
	0xd6, 0xa6, 0x63, 0xff, 0xd6, 0xa6, 0x63, 0xff, 
	0xd6, 0xa6, 0x63, 0xff, 0xd8, 0xa7, 0x65, 0xff, 
	0xdb, 0xa8, 0x68, 0xff, 0xdb, 0xa8, 0x68, 0xff, 
	0xde, 0xaa, 0x6b, 0xff, 0xde, 0xaa, 0x6b, 0xff, 
	0xe1, 0xac, 0x6d, 0xff, 0xe4, 0xaf, 0x70, 0xff, 
	0xdb, 0xa7, 0x68, 0xff, 0xdb, 0xa7, 0x68, 0xff, 
	0xde, 0xaa, 0x6b, 0xff, 0xde, 0xaa, 0x6b, 0xff, 
	0xe1, 0xae, 0x6d, 0xff, 0xe1, 0xae, 0x6d, 0xff, 
	0xe1, 0xae, 0x6d, 0xff, 0xdb, 0xaa, 0x68, 0xff, 
	0xd6, 0xa6, 0x63, 0xff, 0xd6, 0xa6, 0x63, 0xff, 
	0xd8, 0xa8, 0x65, 0xff, 0xd8, 0xa8, 0x65, 0xff, 
	0xd3, 0xa7, 0x60, 0xff, 0xd6, 0xaa, 0x63, 0xff, 
	0xd6, 0xaa, 0x63, 0xff, 0xd0, 0xa4, 0x5d, 0xff, 
	0xd0, 0xa6, 0x57, 0xff, 0xcb, 0xa2, 0x54, 0xff, 
	0xd0, 0xa6, 0x57, 0xff, 0xd0, 0xa6, 0x57, 0xff, 
	0xcb, 0xa2, 0x54, 0xff, 0xc8, 0x9e, 0x4f, 0xff, 
	0xcb, 0xa2, 0x54, 0xff, 0xcb, 0xa2, 0x54, 0xff, 
	0xc3, 0x9e, 0x4c, 0xff, 0xc3, 0x9e, 0x4c, 0xff, 
	0xc3, 0x9e, 0x4c, 0xff, 0xc3, 0x9e, 0x4c, 0xff, 
	0xc0, 0x9a, 0x47, 0xff, 0xc0, 0x9a, 0x47, 0xff, 
	0xc0, 0x9a, 0x47, 0xff, 0xc0, 0x9a, 0x47, 0xff, 
	0xc2, 0x9e, 0x4c, 0xff, 0xc2, 0x9e, 0x4c, 0xff, 
	0xc8, 0xa2, 0x4f, 0xff, 0xc8, 0xa2, 0x4f, 0xff, 
	0xc2, 0x9e, 0x4c, 0xff, 0xc2, 0x9e, 0x4c, 0xff, 
	0xc8, 0xa2, 0x4f, 0xff, 0xc8, 0xa2, 0x4f, 0xff, 
	0xc8, 0x9e, 0x4f, 0xff, 0xc8, 0x9e, 0x4f, 0xff, 
	0xc8, 0x9e, 0x4f, 0xff, 0xc2, 0x9a, 0x4c, 0xff, 
	0xc8, 0x9c, 0x4f, 0xff, 0xcb, 0x9f, 0x54, 0xff, 
	0xcb, 0x9f, 0x54, 0xff, 0xce, 0xa2, 0x5a, 0xff, 
	0xce, 0xa2, 0x5a, 0xff, 0xd0, 0xa3, 0x5a, 0xff, 
	0xd3, 0xa4, 0x5a, 0xff, 0xce, 0xa2, 0x5a, 0xff, 
	0xd3, 0xa3, 0x5d, 0xff, 0xd3, 0xa3, 0x5d, 0xff, 
	0xd6, 0xa6, 0x63, 0xff, 0xd6, 0xa6, 0x63, 0xff, 
	0xd6, 0xa6, 0x63, 0xff, 0xd8, 0xa7, 0x65, 0xff, 
	0xdb, 0xa8, 0x68, 0xff, 0xde, 0xaa, 0x6b, 0xff, 
	0xde, 0xaa, 0x6b, 0xff, 0xe1, 0xac, 0x6d, 0xff, 
	0xe4, 0xaf, 0x70, 0xff, 0xe7, 0xb2, 0x73, 0xff, 
	0xde, 0xaa, 0x6b, 0xff, 0xde, 0xaa, 0x6b, 0xff, 
	0xdb, 0xa7, 0x68, 0xff, 0xdb, 0xa7, 0x68, 0xff, 
	0xdb, 0xaa, 0x68, 0xff, 0xdb, 0xaa, 0x68, 0xff, 
	0xd6, 0xa6, 0x63, 0xff, 0xd6, 0xa6, 0x63, 0xff, 
	0xd8, 0xa8, 0x65, 0xff, 0xdb, 0xab, 0x68, 0xff, 
	0xd8, 0xa8, 0x65, 0xff, 0xd6, 0xa6, 0x63, 0xff, 
	0xd3, 0xa7, 0x60, 0xff, 0xd6, 0xaa, 0x63, 0xff, 
	0xd3, 0xa7, 0x60, 0xff, 0xd0, 0xa4, 0x5d, 0xff, 
	0xd0, 0xa6, 0x57, 0xff, 0xd0, 0xa6, 0x57, 0xff, 
	0xcb, 0xa2, 0x54, 0xff, 0xd0, 0xa6, 0x57, 0xff, 
	0xcb, 0xa2, 0x54, 0xff, 0xc8, 0x9e, 0x4f, 0xff, 
	0xc6, 0x9a, 0x4a, 0xff, 0xc6, 0x9a, 0x4a, 0xff, 
	0xc3, 0x9e, 0x4c, 0xff, 0xc3, 0x9e, 0x4c, 0xff, 
	0xc0, 0x9a, 0x47, 0xff, 0xc3, 0x9e, 0x4c, 0xff, 
	0xc6, 0x9e, 0x4a, 0xff, 0xc6, 0x9e, 0x4a, 0xff, 
	0xc0, 0x9a, 0x47, 0xff, 0xc0, 0x9a, 0x47, 0xff, 
	0xc2, 0x9e, 0x4c, 0xff, 0xc2, 0x9e, 0x4c, 0xff, 
	0xc2, 0x9e, 0x4c, 0xff, 0xc8, 0xa2, 0x4f, 0xff, 
	0xc8, 0xa2, 0x4f, 0xff, 0xc8, 0xa2, 0x4f, 0xff, 
	0xc2, 0x9e, 0x4c, 0xff, 0xc8, 0xa2, 0x4f, 0xff, 
	0xc8, 0x9e, 0x4f, 0xff, 0xc8, 0x9e, 0x4f, 0xff, 
	0xc2, 0x9a, 0x4c, 0xff, 0xc2, 0x9a, 0x4c, 0xff, 
	0xc8, 0x9c, 0x4f, 0xff, 0xcb, 0x9f, 0x54, 0xff, 
	0xcb, 0x9f, 0x54, 0xff, 0xce, 0xa2, 0x5a, 0xff, 
	0xd0, 0xa3, 0x5a, 0xff, 0xd0, 0xa3, 0x5a, 0xff, 
	0xce, 0xa2, 0x5a, 0xff, 0xd0, 0xa3, 0x5a, 0xff, 
	0xd3, 0xa3, 0x5d, 0xff, 0xd3, 0xa3, 0x5d, 0xff, 
	0xd3, 0xa3, 0x5d, 0xff, 0xd6, 0xa6, 0x63, 0xff, 
	0xd8, 0xa7, 0x65, 0xff, 0xdb, 0xa8, 0x68, 0xff, 
	0xdb, 0xa8, 0x68, 0xff, 0xde, 0xaa, 0x6b, 0xff, 
	0xe1, 0xac, 0x6d, 0xff, 0xe1, 0xac, 0x6d, 0xff, 
	0xe1, 0xac, 0x6d, 0xff, 0xe4, 0xaf, 0x70, 0xff, 
	0xde, 0xaa, 0x6b, 0xff, 0xde, 0xaa, 0x6b, 0xff, 
	0xdb, 0xa7, 0x68, 0xff, 0xdb, 0xa7, 0x68, 0xff, 
	0xdb, 0xaa, 0x68, 0xff, 0xd6, 0xa6, 0x63, 0xff, 
	0xd6, 0xa6, 0x63, 0xff, 0xd6, 0xa6, 0x63, 0xff, 
	0xd6, 0xa6, 0x63, 0xff, 0xd8, 0xa8, 0x65, 0xff, 
	0xd6, 0xa6, 0x63, 0xff, 0xd6, 0xa6, 0x63, 0xff, 
	0xd3, 0xa7, 0x60, 0xff, 0xd3, 0xa7, 0x60, 0xff, 
	0xd0, 0xa4, 0x5d, 0xff, 0xd0, 0xa4, 0x5d, 0xff, 
	0xd6, 0xaa, 0x5a, 0xff, 0xd6, 0xaa, 0x5a, 0xff, 
	0xd0, 0xa6, 0x57, 0xff, 0xd0, 0xa6, 0x57, 0xff, 
	0xce, 0xa6, 0x5a, 0xff, 0xc8, 0x9e, 0x4f, 0xff, 
	0xc8, 0x9e, 0x4f, 0xff, 0xc6, 0x9a, 0x4a, 0xff, 
	0xc0, 0x9a, 0x47, 0xff, 0xc3, 0x9e, 0x4c, 0xff, 
	0xc0, 0x9a, 0x47, 0xff, 0xc3, 0x9e, 0x4c, 0xff, 
	0xc0, 0x9a, 0x47, 0xff, 0xc6, 0x9e, 0x4a, 0xff, 
	0xc0, 0x9a, 0x47, 0xff, 0xba, 0x96, 0x44, 0xff, 
	0xc2, 0x9e, 0x4c, 0xff, 0xc2, 0x9e, 0x4c, 0xff, 
	0xc2, 0x9e, 0x4c, 0xff, 0xc2, 0x9e, 0x4c, 0xff, 
	0xc8, 0xa2, 0x4f, 0xff, 0xc2, 0x9e, 0x4c, 0xff, 
	0xc2, 0x9e, 0x4c, 0xff, 0xc2, 0x9e, 0x4c, 0xff, 
	0xc8, 0x9e, 0x4f, 0xff, 0xc2, 0x9a, 0x4c, 0xff, 
	0xc2, 0x9a, 0x4c, 0xff, 0xc2, 0x9a, 0x4c, 0xff, 
	0xc6, 0x9a, 0x4a, 0xff, 0xc8, 0x9c, 0x4f, 0xff, 
	0xcb, 0x9f, 0x54, 0xff, 0xce, 0xa2, 0x5a, 0xff, 
	0xd3, 0xa4, 0x5a, 0xff, 0xd3, 0xa4, 0x5a, 0xff, 
	0xce, 0xa2, 0x5a, 0xff, 0xd0, 0xa3, 0x5a, 0xff, 
	0xd3, 0xa3, 0x5d, 0xff, 0xd3, 0xa3, 0x5d, 0xff, 
	0xd3, 0xa3, 0x5d, 0xff, 0xd6, 0xa6, 0x63, 0xff, 
	0xd8, 0xa7, 0x65, 0xff, 0xdb, 0xa8, 0x68, 0xff, 
	0xd8, 0xa7, 0x65, 0xff, 0xdb, 0xa8, 0x68, 0xff, 
	0xe1, 0xac, 0x6d, 0xff, 0xe1, 0xac, 0x6d, 0xff, 
	0xe1, 0xac, 0x6d, 0xff, 0xe4, 0xaf, 0x70, 0xff, 
	0xe1, 0xab, 0x6d, 0xff, 0xe1, 0xab, 0x6d, 0xff, 
	0xe1, 0xab, 0x6d, 0xff, 0xe1, 0xab, 0x6d, 0xff, 
	0xdb, 0xa8, 0x68, 0xff, 0xd6, 0xa6, 0x63, 0xff, 
	0xd8, 0xa7, 0x65, 0xff, 0xd8, 0xa7, 0x65, 0xff, 
	0xd8, 0xaa, 0x65, 0xff, 0xd8, 0xaa, 0x65, 0xff, 
	0xd8, 0xaa, 0x65, 0xff, 0xd3, 0xa6, 0x5f, 0xff, 
	0xd3, 0xa4, 0x5a, 0xff, 0xce, 0xa2, 0x5a, 0xff, 
	0xd3, 0xa4, 0x5a, 0xff, 0xd3, 0xa4, 0x5a, 0xff, 
	0xd0, 0xa3, 0x57, 0xff, 0xd0, 0xa3, 0x57, 0xff, 
	0xd6, 0xa6, 0x5a, 0xff, 0xd0, 0xa3, 0x57, 0xff, 
	0xce, 0xa6, 0x5a, 0xff, 0xcb, 0xa2, 0x54, 0xff, 
	0xc8, 0x9e, 0x4f, 0xff, 0xc6, 0x9a, 0x4a, 0xff, 
	0xc0, 0x9a, 0x47, 0xff, 0xc0, 0x9a, 0x47, 0xff, 
	0xc0, 0x9a, 0x47, 0xff, 0xc0, 0x9a, 0x47, 0xff, 
	0xbd, 0x98, 0x47, 0xff, 0xbd, 0x9a, 0x4a, 0xff, 
	0xbd, 0x9a, 0x4a, 0xff, 0xbd, 0x98, 0x47, 0xff, 
	0xc0, 0x9a, 0x47, 0xff, 0xc0, 0x9a, 0x47, 0xff, 
	0xc6, 0x9e, 0x4a, 0xff, 0xc6, 0x9e, 0x4a, 0xff, 
	0xc3, 0x9e, 0x4c, 0xff, 0xc3, 0x9e, 0x4c, 0xff, 
	0xc3, 0x9e, 0x4c, 0xff, 0xc3, 0x9e, 0x4c, 0xff, 
	0xc2, 0x9a, 0x4c, 0xff, 0xc2, 0x9a, 0x4c, 0xff, 
	0xc2, 0x9a, 0x4c, 0xff, 0xc2, 0x9a, 0x4c, 0xff, 
	0xc6, 0x9a, 0x4a, 0xff, 0xc8, 0x9c, 0x4f, 0xff, 
	0xc8, 0x9c, 0x4f, 0xff, 0xce, 0xa2, 0x5a, 0xff, 
	0xce, 0xa2, 0x5a, 0xff, 0xce, 0xa2, 0x5a, 0xff, 
	0xce, 0xa2, 0x5a, 0xff, 0xce, 0xa2, 0x5a, 0xff, 
	0xd0, 0xa0, 0x5d, 0xff, 0xd0, 0xa0, 0x5d, 0xff, 
	0xd3, 0xa3, 0x60, 0xff, 0xd6, 0xa6, 0x63, 0xff, 
	0xd8, 0xa8, 0x65, 0xff, 0xdb, 0xab, 0x68, 0xff, 
	0xdb, 0xab, 0x68, 0xff, 0xdb, 0xab, 0x68, 0xff, 
	0xe1, 0xac, 0x6d, 0xff, 0xe1, 0xac, 0x6d, 0xff, 
	0xe4, 0xaf, 0x70, 0xff, 0xe4, 0xaf, 0x70, 0xff, 
	0xe1, 0xab, 0x6d, 0xff, 0xe1, 0xab, 0x6d, 0xff, 
	0xe1, 0xab, 0x6d, 0xff, 0xdb, 0xa8, 0x68, 0xff, 
	0xd8, 0xa7, 0x65, 0xff, 0xd6, 0xa6, 0x63, 0xff, 
	0xd6, 0xa6, 0x63, 0xff, 0xdb, 0xa8, 0x68, 0xff, 
	0xd8, 0xaa, 0x65, 0xff, 0xd8, 0xaa, 0x65, 0xff, 
	0xd8, 0xaa, 0x65, 0xff, 0xd3, 0xa6, 0x5f, 0xff, 
	0xd0, 0xa3, 0x5a, 0xff, 0xce, 0xa2, 0x5a, 0xff, 
	0xd3, 0xa4, 0x5a, 0xff, 0xd3, 0xa4, 0x5a, 0xff, 
	0xd0, 0xa3, 0x57, 0xff, 0xd0, 0xa3, 0x57, 0xff, 
	0xd0, 0xa3, 0x57, 0xff, 0xd0, 0xa3, 0x57, 0xff, 
	0xcb, 0xa2, 0x54, 0xff, 0xcb, 0xa2, 0x54, 0xff, 
	0xc8, 0x9e, 0x4f, 0xff, 0xc6, 0x9a, 0x4a, 0xff, 
	0xc3, 0x9e, 0x4c, 0xff, 0xbd, 0x96, 0x42, 0xff, 
	0xc0, 0x9a, 0x47, 0xff, 0xc0, 0x9a, 0x47, 0xff, 
	0xbd, 0x97, 0x44, 0xff, 0xbd, 0x98, 0x47, 0xff, 
	0xbd, 0x9a, 0x4a, 0xff, 0xbd, 0x97, 0x44, 0xff, 
	0xba, 0x96, 0x44, 0xff, 0xc0, 0x9a, 0x47, 0xff, 
	0xc0, 0x9a, 0x47, 0xff, 0xc6, 0x9e, 0x4a, 0xff, 
	0xc0, 0x9a, 0x47, 0xff, 0xc0, 0x9a, 0x47, 0xff, 
	0xc3, 0x9e, 0x4c, 0xff, 0xc3, 0x9e, 0x4c, 0xff, 
	0xc2, 0x9a, 0x4c, 0xff, 0xc2, 0x9a, 0x4c, 0xff, 
	0xc8, 0x9e, 0x4f, 0xff, 0xc2, 0x9a, 0x4c, 0xff, 
	0xc6, 0x9a, 0x4a, 0xff, 0xc8, 0x9c, 0x4f, 0xff, 
	0xc8, 0x9c, 0x4f, 0xff, 0xcb, 0x9f, 0x54, 0xff, 
	0xce, 0xa0, 0x57, 0xff, 0xce, 0xa2, 0x5a, 0xff, 
	0xce, 0xa2, 0x5a, 0xff, 0xce, 0xa2, 0x5a, 0xff, 
	0xd0, 0xa0, 0x5d, 0xff, 0xce, 0x9e, 0x5a, 0xff, 
	0xd3, 0xa3, 0x60, 0xff, 0xd6, 0xa6, 0x63, 0xff, 
	0xd8, 0xa8, 0x65, 0xff, 0xdb, 0xab, 0x68, 0xff, 
	0xde, 0xae, 0x6b, 0xff, 0xde, 0xae, 0x6b, 0xff, 
	0xde, 0xaa, 0x6b, 0xff, 0xde, 0xaa, 0x6b, 0xff, 
	0xe1, 0xac, 0x6d, 0xff, 0xe1, 0xac, 0x6d, 0xff, 
	0xe1, 0xab, 0x6d, 0xff, 0xe1, 0xab, 0x6d, 0xff, 
	0xdb, 0xa8, 0x68, 0xff, 0xdb, 0xa8, 0x68, 0xff, 
	0xd8, 0xa7, 0x65, 0xff, 0xdb, 0xa8, 0x68, 0xff, 
	0xd8, 0xa7, 0x65, 0xff, 0xd8, 0xa7, 0x65, 0xff, 
	0xd8, 0xaa, 0x65, 0xff, 0xde, 0xae, 0x6b, 0xff, 
	0xd8, 0xaa, 0x65, 0xff, 0xd3, 0xa6, 0x5f, 0xff, 
	0xd3, 0xa4, 0x5a, 0xff, 0xd0, 0xa3, 0x5a, 0xff, 
	0xd0, 0xa3, 0x5a, 0xff, 0xd0, 0xa3, 0x5a, 0xff, 
	0xd0, 0xa3, 0x57, 0xff, 0xd0, 0xa3, 0x57, 0xff, 
	0xcb, 0xa0, 0x54, 0xff, 0xc6, 0x9e, 0x52, 0xff, 
	0xcb, 0xa2, 0x54, 0xff, 0xcb, 0xa2, 0x54, 0xff, 
	0xc8, 0x9e, 0x4f, 0xff, 0xc8, 0x9e, 0x4f, 0xff, 
	0xc3, 0x9e, 0x4c, 0xff, 0xc0, 0x9a, 0x47, 0xff, 
	0xc0, 0x9a, 0x47, 0xff, 0xc0, 0x9a, 0x47, 0xff, 
	0xbd, 0x9a, 0x4a, 0xff, 0xbd, 0x98, 0x47, 0xff, 
	0xbd, 0x98, 0x47, 0xff, 0xbd, 0x97, 0x44, 0xff, 
	0xc0, 0x9a, 0x47, 0xff, 0xc6, 0x9e, 0x4a, 0xff, 
	0xc0, 0x9a, 0x47, 0xff, 0xc0, 0x9a, 0x47, 0xff, 
	0xc0, 0x9a, 0x47, 0xff, 0xc0, 0x9a, 0x47, 0xff, 
	0xc0, 0x9a, 0x47, 0xff, 0xc3, 0x9e, 0x4c, 0xff, 
	0xc8, 0x9e, 0x4f, 0xff, 0xc8, 0x9e, 0x4f, 0xff, 
	0xc8, 0x9e, 0x4f, 0xff, 0xc8, 0x9e, 0x4f, 0xff, 
	0xc8, 0x9c, 0x4f, 0xff, 0xc8, 0x9c, 0x4f, 0xff, 
	0xc8, 0x9c, 0x4f, 0xff, 0xc8, 0x9c, 0x4f, 0xff, 
	0xce, 0x9f, 0x54, 0xff, 0xce, 0xa0, 0x57, 0xff, 
	0xce, 0xa0, 0x57, 0xff, 0xce, 0xa0, 0x57, 0xff, 
	0xd0, 0xa0, 0x5d, 0xff, 0xd0, 0xa0, 0x5d, 0xff, 
	0xd0, 0xa0, 0x5d, 0xff, 0xd0, 0xa0, 0x5d, 0xff, 
	0xd8, 0xa8, 0x65, 0xff, 0xde, 0xae, 0x6b, 0xff, 
	0xdb, 0xab, 0x68, 0xff, 0xde, 0xae, 0x6b, 0xff, 
	0xe1, 0xac, 0x6d, 0xff, 0xde, 0xaa, 0x6b, 0xff, 
	0xde, 0xaa, 0x6b, 0xff, 0xde, 0xaa, 0x6b, 0xff, 
	0xe1, 0xab, 0x6d, 0xff, 0xe1, 0xab, 0x6d, 0xff, 
	0xdb, 0xa8, 0x68, 0xff, 0xd6, 0xa6, 0x63, 0xff, 
	0xd6, 0xa6, 0x63, 0xff, 0xdb, 0xa8, 0x68, 0xff, 
	0xd6, 0xa6, 0x63, 0xff, 0xd6, 0xa6, 0x63, 0xff, 
	0xd8, 0xaa, 0x65, 0xff, 0xde, 0xae, 0x6b, 0xff, 
	0xd8, 0xaa, 0x65, 0xff, 0xd3, 0xa6, 0x5f, 0xff, 
	0xd6, 0xa6, 0x5a, 0xff, 0xd3, 0xa4, 0x5a, 0xff, 
	0xd0, 0xa3, 0x5a, 0xff, 0xd0, 0xa3, 0x5a, 0xff, 
	0xcb, 0xa0, 0x54, 0xff, 0xcb, 0xa0, 0x54, 0xff, 
	0xc6, 0x9e, 0x52, 0xff, 0xc6, 0x9e, 0x52, 0xff, 
	0xc6, 0x9a, 0x4a, 0xff, 0xc8, 0x9e, 0x4f, 0xff, 
	0xc8, 0x9e, 0x4f, 0xff, 0xc8, 0x9e, 0x4f, 0xff, 
	0xc6, 0xa2, 0x52, 0xff, 0xc3, 0x9e, 0x4c, 0xff, 
	0xc0, 0x9a, 0x47, 0xff, 0xc0, 0x9a, 0x47, 0xff, 
	0xbd, 0x9a, 0x4a, 0xff, 0xbd, 0x98, 0x47, 0xff, 
	0xbd, 0x98, 0x47, 0xff, 0xbd, 0x9a, 0x4a, 0xff, 
	0xc6, 0x9e, 0x4a, 0xff, 0xc6, 0x9e, 0x4a, 0xff, 
	0xc0, 0x9a, 0x47, 0xff, 0xba, 0x96, 0x44, 0xff, 
	0xc0, 0x9a, 0x47, 0xff, 0xc0, 0x9a, 0x47, 0xff, 
	0xc0, 0x9a, 0x47, 0xff, 0xc3, 0x9e, 0x4c, 0xff, 
	0xc8, 0x9e, 0x4f, 0xff, 0xce, 0xa2, 0x52, 0xff, 
	0xce, 0xa2, 0x52, 0xff, 0xce, 0xa2, 0x52, 0xff, 
	0xcb, 0x9f, 0x54, 0xff, 0xcb, 0x9f, 0x54, 0xff, 
	0xc8, 0x9c, 0x4f, 0xff, 0xc8, 0x9c, 0x4f, 0xff, 
	0xce, 0x9f, 0x54, 0xff, 0xce, 0xa0, 0x57, 0xff, 
	0xce, 0xa0, 0x57, 0xff, 0xce, 0xa2, 0x5a, 0xff, 
	0xd0, 0xa0, 0x5d, 0xff, 0xd3, 0xa3, 0x60, 0xff, 
	0xd0, 0xa0, 0x5d, 0xff, 0xd3, 0xa3, 0x60, 0xff, 
	0xdb, 0xab, 0x68, 0xff, 0xde, 0xae, 0x6b, 0xff, 
	0xde, 0xae, 0x6b, 0xff, 0xde, 0xae, 0x6b, 0xff, 
	0xe1, 0xac, 0x6d, 0xff, 0xde, 0xaa, 0x6b, 0xff, 
	0xde, 0xaa, 0x6b, 0xff, 0xde, 0xaa, 0x6b, 0xff, 
	0xdb, 0xa7, 0x68, 0xff, 0xd6, 0xa2, 0x63, 0xff, 
	0xd6, 0xa2, 0x63, 0xff, 0xd6, 0xa2, 0x63, 0xff, 
	0xd6, 0xa2, 0x63, 0xff, 0xd6, 0xa2, 0x63, 0xff, 
	0xd8, 0xa6, 0x65, 0xff, 0xd8, 0xa6, 0x65, 0xff, 
	0xd8, 0xa8, 0x65, 0xff, 0xd8, 0xa8, 0x65, 0xff, 
	0xdb, 0xab, 0x68, 0xff, 0xd6, 0xa6, 0x63, 0xff, 
	0xd3, 0xa3, 0x5d, 0xff, 0xd3, 0xa3, 0x5d, 0xff, 
	0xd3, 0xa3, 0x5d, 0xff, 0xd0, 0xa0, 0x57, 0xff, 
	0xcb, 0x9f, 0x54, 0xff, 0xc8, 0x9c, 0x4f, 0xff, 
	0xc6, 0x9a, 0x4a, 0xff, 0xc6, 0x9a, 0x4a, 0xff, 
	0xc5, 0x9c, 0x4f, 0xff, 0xc5, 0x9c, 0x4f, 0xff, 
	0xc5, 0x9c, 0x4f, 0xff, 0xc5, 0x9c, 0x4f, 0xff, 
	0xc6, 0x9c, 0x4c, 0xff, 0xc6, 0x9f, 0x4f, 0xff, 
	0xc6, 0x9c, 0x4c, 0xff, 0xc6, 0x9a, 0x4a, 0xff, 
	0xbd, 0x9a, 0x4a, 0xff, 0xbd, 0x9a, 0x4a, 0xff, 
	0xc2, 0x9c, 0x4c, 0xff, 0xc2, 0x9c, 0x4c, 0xff, 
	0xc3, 0x9e, 0x4c, 0xff, 0xc3, 0x9e, 0x4c, 0xff, 
	0xc3, 0x9e, 0x4c, 0xff, 0xc0, 0x9a, 0x47, 0xff, 
	0xbd, 0x96, 0x42, 0xff, 0xbd, 0x96, 0x42, 0xff, 
	0xc3, 0x9b, 0x4c, 0xff, 0xc6, 0x9e, 0x52, 0xff, 
	0xc8, 0x9f, 0x52, 0xff, 0xc8, 0x9f, 0x52, 0xff, 
	0xce, 0xa2, 0x52, 0xff, 0xce, 0xa2, 0x52, 0xff, 
	0xce, 0xa3, 0x57, 0xff, 0xce, 0xa3, 0x57, 0xff, 
	0xce, 0x9e, 0x52, 0xff, 0xce, 0xa0, 0x54, 0xff, 
	0xcb, 0x9f, 0x57, 0xff, 0xcb, 0x9f, 0x57, 0xff, 
	0xd0, 0xa4, 0x5d, 0xff, 0xd0, 0xa4, 0x5d, 0xff, 
	0xd3, 0xa3, 0x5f, 0xff, 0xd3, 0xa3, 0x5f, 0xff, 
	0xd3, 0xa3, 0x5f, 0xff, 0xd8, 0xa8, 0x65, 0xff, 
	0xdb, 0xa8, 0x68, 0xff, 0xdb, 0xa8, 0x68, 0xff, 
	0xde, 0xaa, 0x6b, 0xff, 0xde, 0xaa, 0x6b, 0xff, 
	0xe1, 0xac, 0x6d, 0xff, 0xde, 0xaa, 0x6b, 0xff, 
	0xe1, 0xac, 0x6d, 0xff, 0xe4, 0xaf, 0x70, 0xff, 
	0xdb, 0xa7, 0x68, 0xff, 0xd6, 0xa2, 0x63, 0xff, 
	0xd6, 0xa2, 0x63, 0xff, 0xd6, 0xa2, 0x63, 0xff, 
	0xd6, 0xa2, 0x63, 0xff, 0xd8, 0xa6, 0x65, 0xff, 
	0xd6, 0xa2, 0x63, 0xff, 0xd8, 0xa6, 0x65, 0xff, 
	0xd6, 0xa6, 0x63, 0xff, 0xd6, 0xa6, 0x63, 0xff, 
	0xdb, 0xab, 0x68, 0xff, 0xd6, 0xa6, 0x63, 0xff, 
	0xd3, 0xa3, 0x5d, 0xff, 0xd0, 0xa0, 0x57, 0xff, 
	0xd0, 0xa0, 0x57, 0xff, 0xce, 0x9e, 0x52, 0xff, 
	0xcb, 0x9f, 0x54, 0xff, 0xc8, 0x9c, 0x4f, 0xff, 
	0xc8, 0x9c, 0x4f, 0xff, 0xc8, 0x9c, 0x4f, 0xff, 
	0xc5, 0x9c, 0x4f, 0xff, 0xc5, 0x9c, 0x4f, 0xff, 
	0xc5, 0x9c, 0x4f, 0xff, 0xc5, 0x9c, 0x4f, 0xff, 
	0xc6, 0x9f, 0x4f, 0xff, 0xc6, 0x9f, 0x4f, 0xff, 
	0xc6, 0x9f, 0x4f, 0xff, 0xc6, 0x9f, 0x4f, 0xff, 
	0xc2, 0x9c, 0x4c, 0xff, 0xc2, 0x9c, 0x4c, 0xff, 
	0xc2, 0x9c, 0x4c, 0xff, 0xc2, 0x9c, 0x4c, 0xff, 
	0xc3, 0x9e, 0x4c, 0xff, 0xc3, 0x9e, 0x4c, 0xff, 
	0xc3, 0x9e, 0x4c, 0xff, 0xc0, 0x9a, 0x47, 0xff, 
	0xbd, 0x96, 0x42, 0xff, 0xbd, 0x96, 0x42, 0xff, 
	0xc3, 0x9b, 0x4c, 0xff, 0xc6, 0x9e, 0x52, 0xff, 
	0xc6, 0x9e, 0x52, 0xff, 0xc8, 0x9f, 0x52, 0xff, 
	0xce, 0xa2, 0x52, 0xff, 0xce, 0xa2, 0x52, 0xff, 
	0xce, 0xa3, 0x57, 0xff, 0xce, 0xa3, 0x57, 0xff, 
	0xce, 0xa6, 0x5a, 0xff, 0xce, 0xa3, 0x57, 0xff, 
	0xcb, 0x9f, 0x57, 0xff, 0xcb, 0x9f, 0x57, 0xff, 
	0xd0, 0xa4, 0x5d, 0xff, 0xd0, 0xa4, 0x5d, 0xff, 
	0xd3, 0xa3, 0x5f, 0xff, 0xd3, 0xa3, 0x5f, 0xff, 
	0xd8, 0xa8, 0x65, 0xff, 0xd8, 0xa8, 0x65, 0xff, 
	0xd8, 0xa7, 0x65, 0xff, 0xde, 0xaa, 0x6b, 0xff, 
	0xde, 0xaa, 0x6b, 0xff, 0xde, 0xaa, 0x6b, 0xff, 
	0xe4, 0xaf, 0x70, 0xff, 0xe4, 0xaf, 0x70, 0xff, 
	0xe4, 0xaf, 0x70, 0xff, 0xe4, 0xaf, 0x70, 0xff, 
	0xe1, 0xac, 0x6d, 0xff, 0xdb, 0xa7, 0x68, 0xff, 
	0xd6, 0xa2, 0x63, 0xff, 0xd6, 0xa2, 0x63, 0xff, 
	0xd8, 0xa6, 0x65, 0xff, 0xd8, 0xa6, 0x65, 0xff, 
	0xd6, 0xa2, 0x63, 0xff, 0xd6, 0xa2, 0x63, 0xff, 
	0xd6, 0xa6, 0x63, 0xff, 0xd8, 0xa8, 0x65, 0xff, 
	0xd8, 0xa8, 0x65, 0xff, 0xd6, 0xa6, 0x63, 0xff, 
	0xd3, 0xa3, 0x5d, 0xff, 0xd3, 0xa3, 0x5d, 0xff, 
	0xd0, 0xa0, 0x57, 0xff, 0xce, 0x9e, 0x52, 0xff, 
	0xcb, 0x9f, 0x54, 0xff, 0xcb, 0x9f, 0x54, 0xff, 
	0xcb, 0x9f, 0x54, 0xff, 0xc8, 0x9c, 0x4f, 0xff, 
	0xcd, 0xa3, 0x54, 0xff, 0xc5, 0x9c, 0x4f, 0xff, 
	0xc5, 0x9c, 0x4f, 0xff, 0xc5, 0x9c, 0x4f, 0xff, 
	0xc6, 0x9f, 0x4f, 0xff, 0xc6, 0x9f, 0x4f, 0xff, 
	0xc6, 0x9f, 0x4f, 0xff, 0xc6, 0x9f, 0x4f, 0xff, 
	0xc8, 0x9f, 0x4f, 0xff, 0xc8, 0x9f, 0x4f, 0xff, 
	0xc2, 0x9c, 0x4c, 0xff, 0xc2, 0x9c, 0x4c, 0xff, 
	0xc3, 0x9e, 0x4c, 0xff, 0xc3, 0x9e, 0x4c, 0xff, 
	0xc0, 0x9a, 0x47, 0xff, 0xc0, 0x9a, 0x47, 0xff, 
	0xc0, 0x98, 0x47, 0xff, 0xc3, 0x9b, 0x4c, 0xff, 
	0xc3, 0x9b, 0x4c, 0xff, 0xc6, 0x9e, 0x52, 0xff, 
	0xc8, 0x9f, 0x52, 0xff, 0xcb, 0xa0, 0x52, 0xff, 
	0xc8, 0x9f, 0x52, 0xff, 0xc8, 0x9f, 0x52, 0xff, 
	0xce, 0xa3, 0x57, 0xff, 0xce, 0xa6, 0x5a, 0xff, 
	0xce, 0xa3, 0x57, 0xff, 0xce, 0xa6, 0x5a, 0xff, 
	0xd0, 0xa4, 0x5d, 0xff, 0xd0, 0xa4, 0x5d, 0xff, 
	0xd0, 0xa4, 0x5d, 0xff, 0xd0, 0xa4, 0x5d, 0xff, 
	0xd8, 0xa8, 0x65, 0xff, 0xd8, 0xa8, 0x65, 0xff, 
	0xd8, 0xa8, 0x65, 0xff, 0xd8, 0xa8, 0x65, 0xff, 
	0xdb, 0xa8, 0x68, 0xff, 0xde, 0xaa, 0x6b, 0xff, 
	0xdb, 0xa8, 0x68, 0xff, 0xde, 0xaa, 0x6b, 0xff, 
	0xe4, 0xaf, 0x70, 0xff, 0xe4, 0xaf, 0x70, 0xff, 
	0xe1, 0xac, 0x6d, 0xff, 0xe1, 0xac, 0x6d, 0xff, 
	0xe1, 0xac, 0x6d, 0xff, 0xe1, 0xac, 0x6d, 0xff, 
	0xdb, 0xa7, 0x68, 0xff, 0xdb, 0xa7, 0x68, 0xff, 
	0xdb, 0xaa, 0x68, 0xff, 0xd8, 0xa6, 0x65, 0xff, 
	0xd6, 0xa2, 0x63, 0xff, 0xd6, 0xa2, 0x63, 0xff, 
	0xd6, 0xa6, 0x63, 0xff, 0xd8, 0xa8, 0x65, 0xff, 
	0xd8, 0xa8, 0x65, 0xff, 0xd8, 0xa8, 0x65, 0xff, 
	0xd6, 0xa6, 0x63, 0xff, 0xd6, 0xa6, 0x63, 0xff, 
	0xd0, 0xa0, 0x57, 0xff, 0xd0, 0xa0, 0x57, 0xff, 
	0xcb, 0x9f, 0x54, 0xff, 0xce, 0xa2, 0x5a, 0xff, 
	0xce, 0xa2, 0x5a, 0xff, 0xce, 0xa2, 0x5a, 0xff, 
	0xcd, 0xa3, 0x54, 0xff, 0xcd, 0xa3, 0x54, 0xff, 
	0xc5, 0x9c, 0x4f, 0xff, 0xc5, 0x9c, 0x4f, 0xff, 
	0xc6, 0x9f, 0x4f, 0xff, 0xc6, 0x9f, 0x4f, 0xff, 
	0xc6, 0x9f, 0x4f, 0xff, 0xc6, 0x9f, 0x4f, 0xff, 
	0xc8, 0x9f, 0x4f, 0xff, 0xc2, 0x9c, 0x4c, 0xff, 
	0xc2, 0x9c, 0x4c, 0xff, 0xc2, 0x9c, 0x4c, 0xff, 
	0xc3, 0x9e, 0x4c, 0xff, 0xc3, 0x9e, 0x4c, 0xff, 
	0xc0, 0x9a, 0x47, 0xff, 0xc0, 0x9a, 0x47, 0xff, 
	0xc3, 0x9b, 0x4c, 0xff, 0xc6, 0x9e, 0x52, 0xff, 
	0xc6, 0x9e, 0x52, 0xff, 0xc6, 0x9e, 0x52, 0xff, 
	0xc8, 0x9f, 0x52, 0xff, 0xcb, 0xa0, 0x52, 0xff, 
	0xc8, 0x9f, 0x52, 0xff, 0xcb, 0xa0, 0x52, 0xff, 
	0xce, 0xa6, 0x5a, 0xff, 0xce, 0xa6, 0x5a, 0xff, 
	0xce, 0xa6, 0x5a, 0xff, 0xce, 0xa6, 0x5a, 0xff, 
	0xd0, 0xa4, 0x5d, 0xff, 0xd0, 0xa4, 0x5d, 0xff, 
	0xd0, 0xa4, 0x5d, 0xff, 0xd0, 0xa4, 0x5d, 0xff, 
	0xd8, 0xa8, 0x65, 0xff, 0xd8, 0xa8, 0x65, 0xff, 
	0xd8, 0xa8, 0x65, 0xff, 0xd8, 0xa8, 0x65, 0xff, 
	0xde, 0xaa, 0x6b, 0xff, 0xde, 0xaa, 0x6b, 0xff, 
	0xde, 0xaa, 0x6b, 0xff, 0xde, 0xaa, 0x6b, 0xff, 
	0xe4, 0xaf, 0x70, 0xff, 0xe4, 0xaf, 0x70, 0xff, 
	0xe4, 0xaf, 0x70, 0xff, 0xe4, 0xaf, 0x70, 0xff, 
	0xde, 0xaa, 0x6b, 0xff, 0xde, 0xaa, 0x6b, 0xff, 
	0xde, 0xaa, 0x6b, 0xff, 0xde, 0xaa, 0x6b, 0xff, 
	0xdb, 0xa8, 0x68, 0xff, 0xd6, 0xa6, 0x63, 0xff, 
	0xd8, 0xa7, 0x65, 0xff, 0xd6, 0xa6, 0x63, 0xff, 
	0xd6, 0xa6, 0x63, 0xff, 0xd6, 0xa6, 0x63, 0xff, 
	0xdb, 0xab, 0x68, 0xff, 0xdb, 0xab, 0x68, 0xff, 
	0xd3, 0xa4, 0x60, 0xff, 0xce, 0xa2, 0x5a, 0xff, 
	0xce, 0xa2, 0x5a, 0xff, 0xd3, 0xa4, 0x60, 0xff, 
	0xce, 0xa2, 0x5a, 0xff, 0xce, 0xa2, 0x5a, 0xff, 
	0xd0, 0xa4, 0x5d, 0xff, 0xd0, 0xa4, 0x5d, 0xff, 
	0xd0, 0xa3, 0x57, 0xff, 0xcb, 0xa0, 0x54, 0xff, 
	0xc6, 0x9e, 0x52, 0xff, 0xc6, 0x9e, 0x52, 0xff, 
	0xc8, 0x9e, 0x4f, 0xff, 0xc6, 0x9a, 0x4a, 0xff, 
	0xc8, 0x9e, 0x4f, 0xff, 0xc8, 0x9e, 0x4f, 0xff, 
	0xc2, 0x9c, 0x4c, 0xff, 0xc2, 0x9c, 0x4c, 0xff, 
	0xc8, 0x9f, 0x4f, 0xff, 0xc8, 0x9f, 0x4f, 0xff, 
	0xc2, 0x9c, 0x4c, 0xff, 0xc2, 0x9c, 0x4c, 0xff, 
	0xc2, 0x9c, 0x4c, 0xff, 0xc2, 0x9c, 0x4c, 0xff, 
	0xc6, 0x9e, 0x52, 0xff, 0xc6, 0x9e, 0x52, 0xff, 
	0xcb, 0xa0, 0x54, 0xff, 0xcb, 0xa0, 0x54, 0xff, 
	0xcb, 0xa0, 0x54, 0xff, 0xcb, 0xa0, 0x54, 0xff, 
	0xcb, 0xa0, 0x54, 0xff, 0xd0, 0xa3, 0x57, 0xff, 
	0xce, 0xa2, 0x5a, 0xff, 0xd3, 0xa6, 0x5d, 0xff, 
	0xd3, 0xa6, 0x5d, 0xff, 0xd3, 0xa6, 0x5d, 0xff, 
	0xd0, 0xa3, 0x5d, 0xff, 0xd0, 0xa3, 0x5d, 0xff, 
	0xd3, 0xa4, 0x60, 0xff, 0xd6, 0xa6, 0x63, 0xff, 
	0xd6, 0xa6, 0x63, 0xff, 0xd6, 0xa6, 0x63, 0xff, 
	0xdb, 0xa8, 0x68, 0xff, 0xde, 0xaa, 0x6b, 0xff, 
	0xde, 0xaa, 0x6b, 0xff, 0xde, 0xaa, 0x6b, 0xff, 
	0xe1, 0xac, 0x6d, 0xff, 0xe4, 0xaf, 0x70, 0xff, 
	0xe3, 0xaf, 0x70, 0xff, 0xe3, 0xaf, 0x70, 0xff, 
	0xe9, 0xb4, 0x75, 0xff, 0xe9, 0xb4, 0x75, 0xff, 
	0xdb, 0xa7, 0x68, 0xff, 0xdb, 0xa7, 0x68, 0xff, 
	0xde, 0xaa, 0x6b, 0xff, 0xde, 0xaa, 0x6b, 0xff, 
	0xdb, 0xa8, 0x68, 0xff, 0xd8, 0xa7, 0x65, 0xff, 
	0xdb, 0xa8, 0x68, 0xff, 0xdb, 0xa8, 0x68, 0xff, 
	0xd8, 0xa8, 0x65, 0xff, 0xd8, 0xa8, 0x65, 0xff, 
	0xdb, 0xab, 0x68, 0xff, 0xdb, 0xab, 0x68, 0xff, 
	0xd6, 0xa6, 0x63, 0xff, 0xd0, 0xa3, 0x5d, 0xff, 
	0xd3, 0xa4, 0x60, 0xff, 0xd6, 0xa6, 0x63, 0xff, 
	0xd3, 0xa7, 0x60, 0xff, 0xd0, 0xa4, 0x5d, 0xff, 
	0xd0, 0xa4, 0x5d, 0xff, 0xd0, 0xa4, 0x5d, 0xff, 
	0xd0, 0xa3, 0x57, 0xff, 0xcb, 0xa0, 0x54, 0xff, 
	0xcb, 0xa0, 0x54, 0xff, 0xc6, 0x9e, 0x52, 0xff, 
	0xc8, 0x9e, 0x4f, 0xff, 0xc8, 0x9e, 0x4f, 0xff, 
	0xc8, 0x9e, 0x4f, 0xff, 0xc8, 0x9e, 0x4f, 0xff, 
	0xc8, 0x9f, 0x4f, 0xff, 0xc2, 0x9c, 0x4c, 0xff, 
	0xc8, 0x9f, 0x4f, 0xff, 0xc2, 0x9c, 0x4c, 0xff, 
	0xc2, 0x9c, 0x4c, 0xff, 0xc2, 0x9c, 0x4c, 0xff, 
	0xc2, 0x9c, 0x4c, 0xff, 0xc2, 0x9c, 0x4c, 0xff, 
	0xc6, 0x9e, 0x52, 0xff, 0xcb, 0xa0, 0x54, 0xff, 
	0xd0, 0xa3, 0x57, 0xff, 0xcb, 0xa0, 0x54, 0xff, 
	0xcb, 0xa0, 0x54, 0xff, 0xd0, 0xa3, 0x57, 0xff, 
	0xd6, 0xa6, 0x5a, 0xff, 0xd0, 0xa3, 0x57, 0xff, 
	0xd3, 0xa6, 0x5d, 0xff, 0xd3, 0xa6, 0x5d, 0xff, 
	0xd3, 0xa6, 0x5d, 0xff, 0xd3, 0xa6, 0x5d, 0xff, 
	0xd0, 0xa3, 0x5d, 0xff, 0xd0, 0xa3, 0x5d, 0xff, 
	0xd3, 0xa4, 0x60, 0xff, 0xd6, 0xa6, 0x63, 0xff, 
	0xd6, 0xa6, 0x63, 0xff, 0xd6, 0xa6, 0x63, 0xff, 
	0xd8, 0xa7, 0x65, 0xff, 0xdb, 0xa8, 0x68, 0xff, 
	0xde, 0xaa, 0x6b, 0xff, 0xde, 0xaa, 0x6b, 0xff, 
	0xe1, 0xac, 0x6d, 0xff, 0xe4, 0xaf, 0x70, 0xff, 
	0xe3, 0xaf, 0x70, 0xff, 0xe3, 0xaf, 0x70, 0xff, 
	0xe9, 0xb4, 0x75, 0xff, 0xe9, 0xb4, 0x75, 0xff, 
	0xde, 0xaa, 0x6b, 0xff, 0xde, 0xaa, 0x6b, 0xff, 
	0xdb, 0xa7, 0x68, 0xff, 0xdb, 0xa7, 0x68, 0xff, 
	0xde, 0xaa, 0x6b, 0xff, 0xde, 0xaa, 0x6b, 0xff, 
	0xdb, 0xa8, 0x68, 0xff, 0xdb, 0xa8, 0x68, 0xff, 
	0xdb, 0xab, 0x68, 0xff, 0xdb, 0xab, 0x68, 0xff, 
	0xdb, 0xab, 0x68, 0xff, 0xd8, 0xa8, 0x65, 0xff, 
	0xd6, 0xa6, 0x63, 0xff, 0xd3, 0xa4, 0x60, 0xff, 
	0xd3, 0xa4, 0x60, 0xff, 0xd3, 0xa4, 0x60, 0xff, 
	0xd6, 0xaa, 0x63, 0xff, 0xd6, 0xaa, 0x63, 0xff, 
	0xd0, 0xa4, 0x5d, 0xff, 0xd0, 0xa4, 0x5d, 0xff, 
	0xd6, 0xa6, 0x5a, 0xff, 0xd0, 0xa3, 0x57, 0xff, 
	0xcb, 0xa0, 0x54, 0xff, 0xcb, 0xa0, 0x54, 0xff, 
	0xcb, 0xa2, 0x54, 0xff, 0xcb, 0xa2, 0x54, 0xff, 
	0xc8, 0x9e, 0x4f, 0xff, 0xc8, 0x9e, 0x4f, 0xff, 
	0xc8, 0x9f, 0x4f, 0xff, 0xc8, 0x9f, 0x4f, 0xff, 
	0xc8, 0x9f, 0x4f, 0xff, 0xc2, 0x9c, 0x4c, 0xff, 
	0xc8, 0x9f, 0x4f, 0xff, 0xc8, 0x9f, 0x4f, 0xff, 
	0xc2, 0x9c, 0x4c, 0xff, 0xc2, 0x9c, 0x4c, 0xff, 
	0xcb, 0xa0, 0x54, 0xff, 0xcb, 0xa0, 0x54, 0xff, 
	0xcb, 0xa0, 0x54, 0xff, 0xd0, 0xa3, 0x57, 0xff, 
	0xd6, 0xa6, 0x5a, 0xff, 0xd0, 0xa3, 0x57, 0xff, 
	0xd0, 0xa3, 0x57, 0xff, 0xd0, 0xa3, 0x57, 0xff, 
	0xd3, 0xa6, 0x5d, 0xff, 0xd3, 0xa6, 0x5d, 0xff, 
	0xce, 0xa2, 0x5a, 0xff, 0xce, 0xa2, 0x5a, 0xff, 
	0xd3, 0xa4, 0x60, 0xff, 0xd3, 0xa4, 0x60, 0xff, 
	0xd3, 0xa4, 0x60, 0xff, 0xd3, 0xa4, 0x60, 0xff, 
	0xd6, 0xa6, 0x63, 0xff, 0xd8, 0xa7, 0x65, 0xff, 
	0xd6, 0xa6, 0x63, 0xff, 0xd6, 0xa6, 0x63, 0xff, 
	0xde, 0xaa, 0x6b, 0xff, 0xe1, 0xac, 0x6d, 0xff, 
	0xe1, 0xac, 0x6d, 0xff, 0xe4, 0xaf, 0x70, 0xff, 
	0xe9, 0xb4, 0x75, 0xff, 0xe9, 0xb4, 0x75, 0xff, 
	0xe9, 0xb4, 0x75, 0xff, 0xe9, 0xb4, 0x75, 0xff, 
	0xdb, 0xa7, 0x68, 0xff, 0xdb, 0xa7, 0x68, 0xff, 
	0xdb, 0xa7, 0x68, 0xff, 0xde, 0xaa, 0x6b, 0xff, 
	0xde, 0xaa, 0x6b, 0xff, 0xde, 0xaa, 0x6b, 0xff, 
	0xde, 0xaa, 0x6b, 0xff, 0xdb, 0xa8, 0x68, 0xff, 
	0xdb, 0xab, 0x68, 0xff, 0xde, 0xae, 0x6b, 0xff, 
	0xdb, 0xab, 0x68, 0xff, 0xd6, 0xa6, 0x63, 0xff, 
	0xd6, 0xa6, 0x63, 0xff, 0xd6, 0xa6, 0x63, 0xff, 
	0xd6, 0xa6, 0x63, 0xff, 0xd6, 0xa6, 0x63, 0xff, 
	0xd6, 0xaa, 0x63, 0xff, 0xd6, 0xaa, 0x63, 0xff, 
	0xd3, 0xa7, 0x60, 0xff, 0xd0, 0xa4, 0x5d, 0xff, 
	0xd6, 0xa6, 0x5a, 0xff, 0xd0, 0xa3, 0x57, 0xff, 
	0xd0, 0xa3, 0x57, 0xff, 0xcb, 0xa0, 0x54, 0xff, 
	0xcb, 0xa2, 0x54, 0xff, 0xcb, 0xa2, 0x54, 0xff, 
	0xcb, 0xa2, 0x54, 0xff, 0xcb, 0xa2, 0x54, 0xff, 
	0xc8, 0x9f, 0x4f, 0xff, 0xc8, 0x9f, 0x4f, 0xff, 
	0xc8, 0x9f, 0x4f, 0xff, 0xc8, 0x9f, 0x4f, 0xff, 
	0xc8, 0x9f, 0x4f, 0xff, 0xc8, 0x9f, 0x4f, 0xff, 
	0xc2, 0x9c, 0x4c, 0xff, 0xc8, 0x9f, 0x4f, 0xff, 
	0xcb, 0xa0, 0x54, 0xff, 0xcb, 0xa0, 0x54, 0xff, 
	0xcb, 0xa0, 0x54, 0xff, 0xd0, 0xa3, 0x57, 0xff, 
	0xd0, 0xa3, 0x57, 0xff, 0xd0, 0xa3, 0x57, 0xff, 
	0xcb, 0xa0, 0x54, 0xff, 0xcb, 0xa0, 0x54, 0xff, 
	0xce, 0xa2, 0x5a, 0xff, 0xce, 0xa2, 0x5a, 0xff, 
	0xce, 0xa2, 0x5a, 0xff, 0xce, 0xa2, 0x5a, 0xff, 
	0xd3, 0xa4, 0x60, 0xff, 0xd3, 0xa4, 0x60, 0xff, 
	0xd3, 0xa4, 0x60, 0xff, 0xd6, 0xa6, 0x63, 0xff, 
	0xd8, 0xa7, 0x65, 0xff, 0xd6, 0xa6, 0x63, 0xff, 
	0xd6, 0xa6, 0x63, 0xff, 0xd8, 0xa7, 0x65, 0xff, 
	0xde, 0xaa, 0x6b, 0xff, 0xe4, 0xaf, 0x70, 0xff, 
	0xe4, 0xaf, 0x70, 0xff, 0xe7, 0xb2, 0x73, 0xff, 
	0xe9, 0xb4, 0x75, 0xff, 0xe9, 0xb4, 0x75, 0xff, 
	0xe9, 0xb4, 0x75, 0xff, 0xe9, 0xb4, 0x75, 0xff, 
	0xd6, 0xa6, 0x63, 0xff, 0xd6, 0xa6, 0x63, 0xff, 
	0xdb, 0xa8, 0x68, 0xff, 0xe1, 0xab, 0x6d, 0xff, 
	0xde, 0xaa, 0x6b, 0xff, 0xde, 0xaa, 0x6b, 0xff, 
	0xe1, 0xac, 0x6d, 0xff, 0xe1, 0xac, 0x6d, 0xff, 
	0xde, 0xae, 0x6b, 0xff, 0xd8, 0xa8, 0x65, 0xff, 
	0xdb, 0xab, 0x68, 0xff, 0xdb, 0xab, 0x68, 0xff, 
	0xd8, 0xab, 0x65, 0xff, 0xd8, 0xab, 0x65, 0xff, 
	0xd8, 0xab, 0x65, 0xff, 0xd8, 0xab, 0x65, 0xff, 
	0xd6, 0xaa, 0x63, 0xff, 0xd6, 0xa8, 0x60, 0xff, 
	0xd6, 0xa8, 0x60, 0xff, 0xd6, 0xa8, 0x60, 0xff, 
	0xd0, 0xa4, 0x5d, 0xff, 0xd0, 0xa4, 0x5d, 0xff, 
	0xd0, 0xa4, 0x5d, 0xff, 0xce, 0xa2, 0x5a, 0xff, 
	0xcb, 0xa0, 0x54, 0xff, 0xcb, 0xa0, 0x54, 0xff, 
	0xcb, 0xa0, 0x54, 0xff, 0xcb, 0xa0, 0x54, 0xff, 
	0xc6, 0x9e, 0x52, 0xff, 0xc6, 0x9e, 0x52, 0xff, 
	0xcb, 0xa0, 0x54, 0xff, 0xcb, 0xa0, 0x54, 0xff, 
	0xc6, 0x9e, 0x52, 0xff, 0xc6, 0x9e, 0x52, 0xff, 
	0xcb, 0xa0, 0x54, 0xff, 0xcb, 0xa0, 0x54, 0xff, 
	0xcb, 0xa0, 0x54, 0xff, 0xcb, 0xa0, 0x54, 0xff, 
	0xd0, 0xa3, 0x57, 0xff, 0xd0, 0xa3, 0x57, 0xff, 
	0xd0, 0xa2, 0x57, 0xff, 0xcb, 0x9e, 0x54, 0xff, 
	0xcb, 0x9e, 0x54, 0xff, 0xcb, 0x9e, 0x54, 0xff, 
	0xce, 0xa2, 0x5a, 0xff, 0xce, 0xa2, 0x5a, 0xff, 
	0xd0, 0xa4, 0x5d, 0xff, 0xd0, 0xa4, 0x5d, 0xff, 
	0xd6, 0xa2, 0x5a, 0xff, 0xd6, 0xa2, 0x5a, 0xff, 
	0xd8, 0xa6, 0x5f, 0xff, 0xdb, 0xaa, 0x65, 0xff, 
	0xd8, 0xa7, 0x65, 0xff, 0xd8, 0xa7, 0x65, 0xff, 
	0xdb, 0xa8, 0x68, 0xff, 0xdb, 0xa8, 0x68, 0xff, 
	0xdb, 0xa7, 0x68, 0xff, 0xe1, 0xac, 0x6d, 0xff, 
	0xe1, 0xac, 0x6d, 0xff, 0xe7, 0xb2, 0x73, 0xff, 
	0xe4, 0xaf, 0x70, 0xff, 0xe7, 0xb2, 0x73, 0xff, 
	0xe7, 0xb2, 0x73, 0xff, 0xe7, 0xb2, 0x73, 0xff, 
	0xdb, 0xa8, 0x68, 0xff, 0xdb, 0xa8, 0x68, 0xff, 
	0xe1, 0xab, 0x6d, 0xff, 0xe1, 0xab, 0x6d, 0xff, 
	0xde, 0xaa, 0x6b, 0xff, 0xe1, 0xac, 0x6d, 0xff, 
	0xe1, 0xac, 0x6d, 0xff, 0xde, 0xaa, 0x6b, 0xff, 
	0xdb, 0xab, 0x68, 0xff, 0xdb, 0xab, 0x68, 0xff, 
	0xde, 0xae, 0x6b, 0xff, 0xdb, 0xab, 0x68, 0xff, 
	0xdb, 0xac, 0x68, 0xff, 0xd8, 0xab, 0x65, 0xff, 
	0xd8, 0xab, 0x65, 0xff, 0xd8, 0xab, 0x65, 0xff, 
	0xd6, 0xaa, 0x63, 0xff, 0xd6, 0xa8, 0x60, 0xff, 
	0xd6, 0xa8, 0x60, 0xff, 0xd6, 0xa8, 0x60, 0xff, 
	0xd3, 0xa7, 0x60, 0xff, 0xd0, 0xa4, 0x5d, 0xff, 
	0xd3, 0xa7, 0x60, 0xff, 0xd3, 0xa7, 0x60, 0xff, 
	0xd0, 0xa3, 0x57, 0xff, 0xd0, 0xa3, 0x57, 0xff, 
	0xcb, 0xa0, 0x54, 0xff, 0xcb, 0xa0, 0x54, 0xff, 
	0xcb, 0xa0, 0x54, 0xff, 0xcb, 0xa0, 0x54, 0xff, 
	0xcb, 0xa0, 0x54, 0xff, 0xcb, 0xa0, 0x54, 0xff, 
	0xcb, 0xa0, 0x54, 0xff, 0xcb, 0xa0, 0x54, 0xff, 
	0xd0, 0xa3, 0x57, 0xff, 0xd0, 0xa3, 0x57, 0xff, 
	0xcb, 0xa0, 0x54, 0xff, 0xcb, 0xa0, 0x54, 0xff, 
	0xd0, 0xa3, 0x57, 0xff, 0xd0, 0xa3, 0x57, 0xff, 
	0xd0, 0xa2, 0x57, 0xff, 0xcb, 0x9e, 0x54, 0xff, 
	0xcb, 0x9e, 0x54, 0xff, 0xcb, 0x9e, 0x54, 0xff, 
	0xce, 0xa2, 0x5a, 0xff, 0xce, 0xa2, 0x5a, 0xff, 
	0xd3, 0xa7, 0x60, 0xff, 0xd3, 0xa7, 0x60, 0xff, 
	0xd8, 0xa6, 0x5f, 0xff, 0xd8, 0xa6, 0x5f, 0xff, 
	0xdb, 0xaa, 0x65, 0xff, 0xdb, 0xaa, 0x65, 0xff, 
	0xd8, 0xa7, 0x65, 0xff, 0xdb, 0xa8, 0x68, 0xff, 
	0xde, 0xaa, 0x6b, 0xff, 0xdb, 0xa8, 0x68, 0xff, 
	0xdb, 0xa7, 0x68, 0xff, 0xe1, 0xac, 0x6d, 0xff, 
	0xe1, 0xac, 0x6d, 0xff, 0xe1, 0xac, 0x6d, 0xff, 
	0xde, 0xaa, 0x6b, 0xff, 0xe4, 0xaf, 0x70, 0xff, 
	0xe7, 0xb2, 0x73, 0xff, 0xe7, 0xb2, 0x73, 0xff, 
	0xe1, 0xab, 0x6d, 0xff, 0xe1, 0xab, 0x6d, 0xff, 
	0xe1, 0xab, 0x6d, 0xff, 0xe1, 0xab, 0x6d, 0xff, 
	0xe1, 0xac, 0x6d, 0xff, 0xe4, 0xaf, 0x70, 0xff, 
	0xde, 0xaa, 0x6b, 0xff, 0xde, 0xaa, 0x6b, 0xff, 
	0xde, 0xae, 0x6b, 0xff, 0xde, 0xae, 0x6b, 0xff, 
	0xdb, 0xab, 0x68, 0xff, 0xdb, 0xab, 0x68, 0xff, 
	0xdb, 0xac, 0x68, 0xff, 0xdb, 0xac, 0x68, 0xff, 
	0xd8, 0xab, 0x65, 0xff, 0xd6, 0xaa, 0x63, 0xff, 
	0xd6, 0xaa, 0x63, 0xff, 0xd6, 0xaa, 0x63, 0xff, 
	0xd6, 0xa8, 0x60, 0xff, 0xd6, 0xa7, 0x5d, 0xff, 
	0xd3, 0xa7, 0x60, 0xff, 0xd3, 0xa7, 0x60, 0xff, 
	0xd0, 0xa4, 0x5d, 0xff, 0xce, 0xa2, 0x5a, 0xff, 
	0xd0, 0xa3, 0x57, 0xff, 0xd6, 0xa6, 0x5a, 0xff, 
	0xd0, 0xa3, 0x57, 0xff, 0xcb, 0xa0, 0x54, 0xff, 
	0xd0, 0xa3, 0x57, 0xff, 0xd0, 0xa3, 0x57, 0xff, 
	0xcb, 0xa0, 0x54, 0xff, 0xd0, 0xa3, 0x57, 0xff, 
	0xd6, 0xa6, 0x5a, 0xff, 0xd0, 0xa3, 0x57, 0xff, 
	0xd0, 0xa3, 0x57, 0xff, 0xd0, 0xa3, 0x57, 0xff, 
	0xd0, 0xa3, 0x57, 0xff, 0xd0, 0xa3, 0x57, 0xff, 
	0xd0, 0xa3, 0x57, 0xff, 0xd0, 0xa3, 0x57, 0xff, 
	0xd6, 0xa6, 0x5a, 0xff, 0xd0, 0xa2, 0x57, 0xff, 
	0xcb, 0x9e, 0x54, 0xff, 0xcb, 0x9e, 0x54, 0xff, 
	0xd0, 0xa4, 0x5d, 0xff, 0xd3, 0xa7, 0x60, 0xff, 
	0xd6, 0xaa, 0x63, 0xff, 0xd6, 0xaa, 0x63, 0xff, 
	0xdb, 0xaa, 0x65, 0xff, 0xdb, 0xaa, 0x65, 0xff, 
	0xdb, 0xaa, 0x65, 0xff, 0xdb, 0xaa, 0x65, 0xff, 
	0xde, 0xaa, 0x6b, 0xff, 0xdb, 0xa8, 0x68, 0xff, 
	0xdb, 0xa8, 0x68, 0xff, 0xdb, 0xa8, 0x68, 0xff, 
	0xe1, 0xac, 0x6d, 0xff, 0xe1, 0xac, 0x6d, 0xff, 
	0xdb, 0xa7, 0x68, 0xff, 0xdb, 0xa7, 0x68, 0xff, 
	0xe4, 0xaf, 0x70, 0xff, 0xe4, 0xaf, 0x70, 0xff, 
	0xe4, 0xaf, 0x70, 0xff, 0xe4, 0xaf, 0x70, 0xff, 
	0xe1, 0xab, 0x6d, 0xff, 0xe1, 0xab, 0x6d, 0xff, 
	0xe1, 0xab, 0x6d, 0xff, 0xe1, 0xab, 0x6d, 0xff, 
	0xe1, 0xac, 0x6d, 0xff, 0xe4, 0xaf, 0x70, 0xff, 
	0xde, 0xaa, 0x6b, 0xff, 0xde, 0xaa, 0x6b, 0xff, 
	0xde, 0xae, 0x6b, 0xff, 0xde, 0xae, 0x6b, 0xff, 
	0xdb, 0xab, 0x68, 0xff, 0xdb, 0xab, 0x68, 0xff, 
	0xdb, 0xac, 0x68, 0xff, 0xdb, 0xac, 0x68, 0xff, 
	0xd8, 0xab, 0x65, 0xff, 0xd6, 0xaa, 0x63, 0xff, 
	0xd6, 0xaa, 0x63, 0xff, 0xd6, 0xaa, 0x63, 0xff, 
	0xd6, 0xa8, 0x60, 0xff, 0xd6, 0xa7, 0x5d, 0xff, 
	0xd3, 0xa7, 0x60, 0xff, 0xd3, 0xa7, 0x60, 0xff, 
	0xd3, 0xa7, 0x60, 0xff, 0xd0, 0xa4, 0x5d, 0xff, 
	0xd6, 0xa6, 0x5a, 0xff, 0xd6, 0xa6, 0x5a, 0xff, 
	0xd0, 0xa3, 0x57, 0xff, 0xd0, 0xa3, 0x57, 0xff, 
	0xd0, 0xa3, 0x57, 0xff, 0xd0, 0xa3, 0x57, 0xff, 
	0xd0, 0xa3, 0x57, 0xff, 0xd0, 0xa3, 0x57, 0xff, 
	0xd6, 0xa6, 0x5a, 0xff, 0xd0, 0xa3, 0x57, 0xff, 
	0xd0, 0xa3, 0x57, 0xff, 0xd0, 0xa3, 0x57, 0xff, 
	0xd0, 0xa3, 0x57, 0xff, 0xd0, 0xa3, 0x57, 0xff, 
	0xd0, 0xa3, 0x57, 0xff, 0xd0, 0xa3, 0x57, 0xff, 
	0xd6, 0xa6, 0x5a, 0xff, 0xd6, 0xa6, 0x5a, 0xff, 
	0xd0, 0xa2, 0x57, 0xff, 0xd0, 0xa2, 0x57, 0xff, 
	0xd0, 0xa4, 0x5d, 0xff, 0xd6, 0xaa, 0x63, 0xff, 
	0xd6, 0xaa, 0x63, 0xff, 0xd6, 0xaa, 0x63, 0xff, 
	0xdb, 0xaa, 0x65, 0xff, 0xd8, 0xa6, 0x5f, 0xff, 
	0xd8, 0xa6, 0x5f, 0xff, 0xdb, 0xaa, 0x65, 0xff, 
	0xde, 0xaa, 0x6b, 0xff, 0xdb, 0xa8, 0x68, 0xff, 
	0xdb, 0xa8, 0x68, 0xff, 0xdb, 0xa8, 0x68, 0xff, 
	0xdb, 0xa7, 0x68, 0xff, 0xdb, 0xa7, 0x68, 0xff, 
	0xdb, 0xa7, 0x68, 0xff, 0xdb, 0xa7, 0x68, 0xff, 
	0xe4, 0xaf, 0x70, 0xff, 0xe4, 0xaf, 0x70, 0xff, 
	0xe4, 0xaf, 0x70, 0xff, 0xe4, 0xaf, 0x70, 0xff, 
	0xde, 0xa6, 0x6b, 0xff, 0xde, 0xa6, 0x6b, 0xff, 
	0xe1, 0xaa, 0x6d, 0xff, 0xe1, 0xaa, 0x6d, 0xff, 
	0xe1, 0xac, 0x6d, 0xff, 0xe1, 0xac, 0x6d, 0xff, 
	0xe1, 0xac, 0x6d, 0xff, 0xe1, 0xac, 0x6d, 0xff, 
	0xde, 0xaa, 0x6b, 0xff, 0xdb, 0xa8, 0x68, 0xff, 
	0xde, 0xaa, 0x6b, 0xff, 0xde, 0xaa, 0x6b, 0xff, 
	0xdb, 0xa8, 0x68, 0xff, 0xd8, 0xa7, 0x65, 0xff, 
	0xdb, 0xa8, 0x68, 0xff, 0xdb, 0xa8, 0x68, 0xff, 
	0xd8, 0xa8, 0x65, 0xff, 0xd8, 0xa8, 0x65, 0xff, 
	0xdb, 0xab, 0x68, 0xff, 0xdb, 0xab, 0x68, 0xff, 
	0xd6, 0xa7, 0x5f, 0xff, 0xce, 0xa2, 0x5a, 0xff, 
	0xd6, 0xa7, 0x5f, 0xff, 0xd6, 0xa7, 0x5f, 0xff, 
	0xd3, 0xa7, 0x60, 0xff, 0xd3, 0xa7, 0x60, 0xff, 
	0xd3, 0xa7, 0x60, 0xff, 0xd3, 0xa7, 0x60, 0xff, 
	0xd3, 0xa6, 0x5d, 0xff, 0xce, 0xa2, 0x5a, 0xff, 
	0xce, 0xa2, 0x5a, 0xff, 0xd3, 0xa6, 0x5d, 0xff, 
	0xce, 0xa2, 0x5a, 0xff, 0xce, 0xa2, 0x5a, 0xff, 
	0xd3, 0xa6, 0x5d, 0xff, 0xd3, 0xa6, 0x5d, 0xff, 
	0xce, 0xa2, 0x5a, 0xff, 0xce, 0xa2, 0x5a, 0xff, 
	0xd3, 0xa4, 0x60, 0xff, 0xd3, 0xa4, 0x60, 0xff, 
	0xd0, 0xa2, 0x5d, 0xff, 0xd0, 0xa2, 0x5d, 0xff, 
	0xd3, 0xa6, 0x60, 0xff, 0xd3, 0xa6, 0x60, 0xff, 
	0xd6, 0xa6, 0x63, 0xff, 0xd6, 0xa6, 0x63, 0xff, 
	0xdb, 0xab, 0x68, 0xff, 0xdb, 0xab, 0x68, 0xff, 
	0xd8, 0xa7, 0x65, 0xff, 0xd8, 0xa7, 0x65, 0xff, 
	0xd8, 0xa7, 0x65, 0xff, 0xdb, 0xa8, 0x68, 0xff, 
	0xdb, 0xaa, 0x68, 0xff, 0xdb, 0xaa, 0x68, 0xff, 
	0xdb, 0xaa, 0x68, 0xff, 0xdb, 0xaa, 0x68, 0xff, 
	0xdb, 0xa8, 0x68, 0xff, 0xdb, 0xa8, 0x68, 0xff, 
	0xe1, 0xab, 0x6d, 0xff, 0xe1, 0xab, 0x6d, 0xff, 
	0xe3, 0xaf, 0x70, 0xff, 0xe3, 0xaf, 0x70, 0xff, 
	0xe9, 0xb4, 0x75, 0xff, 0xef, 0xba, 0x7b, 0xff, 
	0xde, 0xa6, 0x6b, 0xff, 0xde, 0xa6, 0x6b, 0xff, 
	0xe1, 0xaa, 0x6d, 0xff, 0xe1, 0xaa, 0x6d, 0xff, 
	0xe1, 0xac, 0x6d, 0xff, 0xe1, 0xac, 0x6d, 0xff, 
	0xe1, 0xac, 0x6d, 0xff, 0xde, 0xaa, 0x6b, 0xff, 
	0xde, 0xaa, 0x6b, 0xff, 0xdb, 0xa8, 0x68, 0xff, 
	0xde, 0xaa, 0x6b, 0xff, 0xde, 0xaa, 0x6b, 0xff, 
	0xdb, 0xa8, 0x68, 0xff, 0xd8, 0xa7, 0x65, 0xff, 
	0xdb, 0xa8, 0x68, 0xff, 0xdb, 0xa8, 0x68, 0xff, 
	0xd8, 0xa8, 0x65, 0xff, 0xdb, 0xab, 0x68, 0xff, 
	0xdb, 0xab, 0x68, 0xff, 0xde, 0xae, 0x6b, 0xff, 
	0xd6, 0xa7, 0x5f, 0xff, 0xd6, 0xa7, 0x5f, 0xff, 
	0xd6, 0xa7, 0x5f, 0xff, 0xd6, 0xa7, 0x5f, 0xff, 
	0xd3, 0xa7, 0x60, 0xff, 0xd3, 0xa7, 0x60, 0xff, 
	0xd6, 0xaa, 0x63, 0xff, 0xd3, 0xa7, 0x60, 0xff, 
	0xd3, 0xa6, 0x5d, 0xff, 0xd3, 0xa6, 0x5d, 0xff, 
	0xd3, 0xa6, 0x5d, 0xff, 0xd3, 0xa6, 0x5d, 0xff, 
	0xce, 0xa2, 0x5a, 0xff, 0xce, 0xa2, 0x5a, 0xff, 
	0xd3, 0xa6, 0x5d, 0xff, 0xd3, 0xa6, 0x5d, 0xff, 
	0xd0, 0xa3, 0x5d, 0xff, 0xd0, 0xa3, 0x5d, 0xff, 
	0xd3, 0xa4, 0x60, 0xff, 0xd3, 0xa4, 0x60, 0xff, 
	0xd3, 0xa6, 0x60, 0xff, 0xd3, 0xa6, 0x60, 0xff, 
	0xd6, 0xaa, 0x63, 0xff, 0xd3, 0xa6, 0x60, 0xff, 
	0xd6, 0xa6, 0x63, 0xff, 0xd8, 0xa8, 0x65, 0xff, 
	0xde, 0xae, 0x6b, 0xff, 0xdb, 0xab, 0x68, 0xff, 
	0xd6, 0xa6, 0x63, 0xff, 0xd8, 0xa7, 0x65, 0xff, 
	0xdb, 0xa8, 0x68, 0xff, 0xdb, 0xa8, 0x68, 0xff, 
	0xdb, 0xaa, 0x68, 0xff, 0xe1, 0xae, 0x6d, 0xff, 
	0xe1, 0xae, 0x6d, 0xff, 0xdb, 0xaa, 0x68, 0xff, 
	0xdb, 0xa8, 0x68, 0xff, 0xdb, 0xa8, 0x68, 0xff, 
	0xe1, 0xab, 0x6d, 0xff, 0xe1, 0xab, 0x6d, 0xff, 
	0xe3, 0xaf, 0x70, 0xff, 0xe3, 0xaf, 0x70, 0xff, 
	0xe9, 0xb4, 0x75, 0xff, 0xe9, 0xb4, 0x75, 0xff, 
	0xe7, 0xb2, 0x73, 0xff, 0xe4, 0xae, 0x70, 0xff, 
	0xe1, 0xaa, 0x6d, 0xff, 0xe1, 0xaa, 0x6d, 0xff, 
	0xe4, 0xaf, 0x70, 0xff, 0xe4, 0xaf, 0x70, 0xff, 
	0xde, 0xaa, 0x6b, 0xff, 0xde, 0xaa, 0x6b, 0xff, 
	0xde, 0xaa, 0x6b, 0xff, 0xde, 0xaa, 0x6b, 0xff, 
	0xdb, 0xa8, 0x68, 0xff, 0xdb, 0xa8, 0x68, 0xff, 
	0xde, 0xaa, 0x6b, 0xff, 0xde, 0xaa, 0x6b, 0xff, 
	0xdb, 0xa8, 0x68, 0xff, 0xd8, 0xa7, 0x65, 0xff, 
	0xdb, 0xab, 0x68, 0xff, 0xde, 0xae, 0x6b, 0xff, 
	0xdb, 0xab, 0x68, 0xff, 0xdb, 0xab, 0x68, 0xff, 
	0xde, 0xac, 0x65, 0xff, 0xde, 0xac, 0x65, 0xff, 
	0xd6, 0xa7, 0x5f, 0xff, 0xd6, 0xa7, 0x5f, 0xff, 
	0xd6, 0xaa, 0x63, 0xff, 0xd6, 0xaa, 0x63, 0xff, 
	0xd3, 0xa7, 0x60, 0xff, 0xd3, 0xa7, 0x60, 0xff, 
	0xd3, 0xa6, 0x5d, 0xff, 0xd3, 0xa6, 0x5d, 0xff, 
	0xd3, 0xa6, 0x5d, 0xff, 0xce, 0xa2, 0x5a, 0xff, 
	0xd3, 0xa6, 0x5d, 0xff, 0xd3, 0xa6, 0x5d, 0xff, 
	0xce, 0xa2, 0x5a, 0xff, 0xce, 0xa2, 0x5a, 0xff, 
	0xd3, 0xa4, 0x60, 0xff, 0xd3, 0xa4, 0x60, 0xff, 
	0xd0, 0xa3, 0x5d, 0xff, 0xd3, 0xa4, 0x60, 0xff, 
	0xd6, 0xaa, 0x63, 0xff, 0xd6, 0xaa, 0x63, 0xff, 
	0xd3, 0xa6, 0x60, 0xff, 0xd3, 0xa6, 0x60, 0xff, 
	0xd8, 0xa8, 0x65, 0xff, 0xdb, 0xab, 0x68, 0xff, 
	0xdb, 0xab, 0x68, 0xff, 0xd8, 0xa8, 0x65, 0xff, 
	0xd8, 0xa7, 0x65, 0xff, 0xdb, 0xa8, 0x68, 0xff, 
	0xd8, 0xa7, 0x65, 0xff, 0xdb, 0xa8, 0x68, 0xff, 
	0xe1, 0xae, 0x6d, 0xff, 0xe1, 0xae, 0x6d, 0xff, 
	0xdb, 0xaa, 0x68, 0xff, 0xdb, 0xaa, 0x68, 0xff, 
	0xdb, 0xa8, 0x68, 0xff, 0xe1, 0xab, 0x6d, 0xff, 
	0xdb, 0xa8, 0x68, 0xff, 0xe1, 0xab, 0x6d, 0xff, 
	0xe9, 0xb4, 0x75, 0xff, 0xe9, 0xb4, 0x75, 0xff, 
	0xe3, 0xaf, 0x70, 0xff, 0xe3, 0xaf, 0x70, 0xff, 
	0xe7, 0xb2, 0x73, 0xff, 0xe4, 0xae, 0x70, 0xff, 
	0xe4, 0xae, 0x70, 0xff, 0xe4, 0xae, 0x70, 0xff, 
	0xe4, 0xaf, 0x70, 0xff, 0xe1, 0xac, 0x6d, 0xff, 
	0xde, 0xaa, 0x6b, 0xff, 0xde, 0xaa, 0x6b, 0xff, 
	0xde, 0xaa, 0x6b, 0xff, 0xdb, 0xa8, 0x68, 0xff, 
	0xdb, 0xa8, 0x68, 0xff, 0xdb, 0xa8, 0x68, 0xff, 
	0xde, 0xaa, 0x6b, 0xff, 0xde, 0xaa, 0x6b, 0xff, 
	0xde, 0xaa, 0x6b, 0xff, 0xdb, 0xa8, 0x68, 0xff, 
	0xdb, 0xab, 0x68, 0xff, 0xde, 0xae, 0x6b, 0xff, 
	0xdb, 0xab, 0x68, 0xff, 0xdb, 0xab, 0x68, 0xff, 
	0xde, 0xac, 0x65, 0xff, 0xe7, 0xb2, 0x6b, 0xff, 
	0xde, 0xac, 0x65, 0xff, 0xd6, 0xa7, 0x5f, 0xff, 
	0xd6, 0xaa, 0x63, 0xff, 0xd6, 0xaa, 0x63, 0xff, 
	0xd6, 0xaa, 0x63, 0xff, 0xd3, 0xa7, 0x60, 0xff, 
	0xd3, 0xa6, 0x5d, 0xff, 0xd3, 0xa6, 0x5d, 0xff, 
	0xd3, 0xa6, 0x5d, 0xff, 0xce, 0xa2, 0x5a, 0xff, 
	0xce, 0xa2, 0x5a, 0xff, 0xce, 0xa2, 0x5a, 0xff, 
	0xce, 0xa2, 0x5a, 0xff, 0xd3, 0xa6, 0x5d, 0xff, 
	0xd6, 0xa6, 0x63, 0xff, 0xd6, 0xa6, 0x63, 0xff, 
	0xd3, 0xa4, 0x60, 0xff, 0xd6, 0xa6, 0x63, 0xff, 
	0xd6, 0xaa, 0x63, 0xff, 0xd6, 0xaa, 0x63, 0xff, 
	0xd6, 0xaa, 0x63, 0xff, 0xd6, 0xaa, 0x63, 0xff, 
	0xd6, 0xa6, 0x63, 0xff, 0xd8, 0xa8, 0x65, 0xff, 
	0xdb, 0xab, 0x68, 0xff, 0xdb, 0xab, 0x68, 0xff, 
	0xde, 0xaa, 0x6b, 0xff, 0xdb, 0xa8, 0x68, 0xff, 
	0xd8, 0xa7, 0x65, 0xff, 0xde, 0xaa, 0x6b, 0xff, 
	0xe1, 0xae, 0x6d, 0xff, 0xe1, 0xae, 0x6d, 0xff, 
	0xe1, 0xae, 0x6d, 0xff, 0xdb, 0xaa, 0x68, 0xff, 
	0xe1, 0xab, 0x6d, 0xff, 0xe1, 0xab, 0x6d, 0xff, 
	0xe1, 0xab, 0x6d, 0xff, 0xe7, 0xae, 0x73, 0xff, 
	0xe9, 0xb4, 0x75, 0xff, 0xe3, 0xaf, 0x70, 0xff, 
	0xe3, 0xaf, 0x70, 0xff, 0xe3, 0xaf, 0x70, 0xff, 
	0xe9, 0xb2, 0x75, 0xff, 0xe9, 0xb2, 0x75, 0xff, 
	0xe9, 0xb2, 0x75, 0xff, 0xe3, 0xae, 0x70, 0xff, 
	0xe1, 0xaa, 0x6d, 0xff, 0xde, 0xa6, 0x6b, 0xff, 
	0xde, 0xa6, 0x6b, 0xff, 0xe1, 0xaa, 0x6d, 0xff, 
	0xd8, 0xa4, 0x65, 0xff, 0xd8, 0xa4, 0x65, 0xff, 
	0xdb, 0xa7, 0x68, 0xff, 0xde, 0xaa, 0x6b, 0xff, 
	0xdb, 0xa8, 0x68, 0xff, 0xdb, 0xa8, 0x68, 0xff, 
	0xde, 0xaa, 0x6b, 0xff, 0xde, 0xaa, 0x6b, 0xff, 
	0xdb, 0xa8, 0x68, 0xff, 0xd8, 0xa7, 0x65, 0xff, 
	0xde, 0xaa, 0x6b, 0xff, 0xde, 0xaa, 0x6b, 0xff, 
	0xdb, 0xab, 0x68, 0xff, 0xd8, 0xa8, 0x65, 0xff, 
	0xde, 0xae, 0x6b, 0xff, 0xd8, 0xa8, 0x65, 0xff, 
	0xd6, 0xa6, 0x63, 0xff, 0xd6, 0xa6, 0x63, 0xff, 
	0xd8, 0xa7, 0x63, 0xff, 0xd8, 0xa7, 0x63, 0xff, 
	0xd3, 0xa6, 0x5f, 0xff, 0xd3, 0xa6, 0x5f, 0xff, 
	0xd3, 0xa6, 0x5f, 0xff, 0xd3, 0xa6, 0x5f, 0xff, 
	0xce, 0x9e, 0x5a, 0xff, 0xce, 0x9e, 0x5a, 0xff, 
	0xd0, 0xa0, 0x5d, 0xff, 0xd6, 0xa6, 0x63, 0xff, 
	0xd6, 0xa6, 0x63, 0xff, 0xd6, 0xa6, 0x63, 0xff, 
	0xdb, 0xab, 0x68, 0xff, 0xdb, 0xab, 0x68, 0xff, 
	0xd6, 0xa6, 0x63, 0xff, 0xd6, 0xa6, 0x63, 0xff, 
	0xd8, 0xa8, 0x65, 0xff, 0xd8, 0xa8, 0x65, 0xff, 
	0xd6, 0xa6, 0x63, 0xff, 0xd6, 0xa6, 0x63, 0xff, 
	0xdb, 0xab, 0x68, 0xff, 0xde, 0xae, 0x6b, 0xff, 
	0xdb, 0xa8, 0x6b, 0xff, 0xdb, 0xa8, 0x6b, 0xff, 
	0xe1, 0xab, 0x6b, 0xff, 0xe1, 0xab, 0x6b, 0xff, 
	0xe1, 0xac, 0x6d, 0xff, 0xe1, 0xac, 0x6d, 0xff, 
	0xe7, 0xb2, 0x73, 0xff, 0xe4, 0xaf, 0x70, 0xff, 
	0xde, 0xaa, 0x6b, 0xff, 0xe1, 0xac, 0x6d, 0xff, 
	0xe7, 0xb2, 0x73, 0xff, 0xe7, 0xb2, 0x73, 0xff, 
	0xe4, 0xaf, 0x70, 0xff, 0xe1, 0xac, 0x6d, 0xff, 
	0xe4, 0xaf, 0x70, 0xff, 0xe7, 0xb2, 0x73, 0xff, 
	0xe9, 0xb2, 0x75, 0xff, 0xe9, 0xb2, 0x75, 0xff, 
	0xe9, 0xb2, 0x75, 0xff, 0xe3, 0xae, 0x70, 0xff, 
	0xe1, 0xaa, 0x6d, 0xff, 0xde, 0xa6, 0x6b, 0xff, 
	0xde, 0xa6, 0x6b, 0xff, 0xde, 0xa6, 0x6b, 0xff, 
	0xd8, 0xa4, 0x65, 0xff, 0xd8, 0xa4, 0x65, 0xff, 
	0xdb, 0xa7, 0x68, 0xff, 0xde, 0xaa, 0x6b, 0xff, 
	0xdb, 0xa8, 0x68, 0xff, 0xd8, 0xa7, 0x65, 0xff, 
	0xdb, 0xa8, 0x68, 0xff, 0xde, 0xaa, 0x6b, 0xff, 
	0xde, 0xaa, 0x6b, 0xff, 0xdb, 0xa8, 0x68, 0xff, 
	0xde, 0xaa, 0x6b, 0xff, 0xde, 0xaa, 0x6b, 0xff, 
	0xd8, 0xa8, 0x65, 0xff, 0xd8, 0xa8, 0x65, 0xff, 
	0xd8, 0xa8, 0x65, 0xff, 0xd8, 0xa8, 0x65, 0xff, 
	0xd8, 0xa7, 0x63, 0xff, 0xd8, 0xa7, 0x63, 0xff, 
	0xd8, 0xa7, 0x63, 0xff, 0xd8, 0xa7, 0x63, 0xff, 
	0xd3, 0xa6, 0x5f, 0xff, 0xd3, 0xa6, 0x5f, 0xff, 
	0xd3, 0xa6, 0x5f, 0xff, 0xd3, 0xa6, 0x5f, 0xff, 
	0xce, 0x9e, 0x5a, 0xff, 0xce, 0x9e, 0x5a, 0xff, 
	0xd0, 0xa0, 0x5d, 0xff, 0xd3, 0xa3, 0x60, 0xff, 
	0xd6, 0xa6, 0x63, 0xff, 0xd6, 0xa6, 0x63, 0xff, 
	0xdb, 0xab, 0x68, 0xff, 0xde, 0xae, 0x6b, 0xff, 
	0xdb, 0xab, 0x68, 0xff, 0xd8, 0xa8, 0x65, 0xff, 
	0xd8, 0xa8, 0x65, 0xff, 0xd8, 0xa8, 0x65, 0xff, 
	0xd6, 0xa6, 0x63, 0xff, 0xd6, 0xa6, 0x63, 0xff, 
	0xdb, 0xab, 0x68, 0xff, 0xde, 0xae, 0x6b, 0xff, 
	0xdb, 0xa8, 0x6b, 0xff, 0xdb, 0xa8, 0x6b, 0xff, 
	0xe1, 0xab, 0x6b, 0xff, 0xdb, 0xa8, 0x6b, 0xff, 
	0xe1, 0xac, 0x6d, 0xff, 0xe4, 0xaf, 0x70, 0xff, 
	0xe4, 0xaf, 0x70, 0xff, 0xe4, 0xaf, 0x70, 0xff, 
	0xe4, 0xaf, 0x70, 0xff, 0xe7, 0xb2, 0x73, 0xff, 
	0xe7, 0xb2, 0x73, 0xff, 0xe7, 0xb2, 0x73, 0xff, 
	0xe4, 0xaf, 0x70, 0xff, 0xe4, 0xaf, 0x70, 0xff, 
	0xe4, 0xaf, 0x70, 0xff, 0xe4, 0xaf, 0x70, 0xff, 
	0xe9, 0xb2, 0x75, 0xff, 0xe9, 0xb2, 0x75, 0xff, 
	0xe9, 0xb2, 0x75, 0xff, 0xe3, 0xae, 0x70, 0xff, 
	0xe4, 0xae, 0x70, 0xff, 0xe4, 0xae, 0x70, 0xff, 
	0xde, 0xa6, 0x6b, 0xff, 0xde, 0xa6, 0x6b, 0xff, 
	0xdb, 0xa7, 0x68, 0xff, 0xdb, 0xa7, 0x68, 0xff, 
	0xdb, 0xa7, 0x68, 0xff, 0xdb, 0xa7, 0x68, 0xff, 
	0xde, 0xaa, 0x6b, 0xff, 0xde, 0xaa, 0x6b, 0xff, 
	0xd8, 0xa7, 0x65, 0xff, 0xd8, 0xa7, 0x65, 0xff, 
	0xdb, 0xa8, 0x68, 0xff, 0xdb, 0xa8, 0x68, 0xff, 
	0xd8, 0xa7, 0x65, 0xff, 0xd8, 0xa7, 0x65, 0xff, 
	0xd8, 0xa8, 0x65, 0xff, 0xd8, 0xa8, 0x65, 0xff, 
	0xd6, 0xa6, 0x63, 0xff, 0xd6, 0xa6, 0x63, 0xff, 
	0xdb, 0xa8, 0x63, 0xff, 0xdb, 0xa8, 0x63, 0xff, 
	0xd6, 0xa6, 0x63, 0xff, 0xd6, 0xa6, 0x63, 0xff, 
	0xd8, 0xaa, 0x65, 0xff, 0xd8, 0xaa, 0x65, 0xff, 
	0xd3, 0xa6, 0x5f, 0xff, 0xd3, 0xa6, 0x5f, 0xff, 
	0xd3, 0xa3, 0x60, 0xff, 0xd0, 0xa0, 0x5d, 0xff, 
	0xd0, 0xa0, 0x5d, 0xff, 0xd0, 0xa0, 0x5d, 0xff, 
	0xd8, 0xa8, 0x65, 0xff, 0xdb, 0xab, 0x68, 0xff, 
	0xd8, 0xa8, 0x65, 0xff, 0xde, 0xae, 0x6b, 0xff, 
	0xde, 0xae, 0x6b, 0xff, 0xde, 0xae, 0x6b, 0xff, 
	0xd8, 0xa8, 0x65, 0xff, 0xd8, 0xa8, 0x65, 0xff, 
	0xd8, 0xa8, 0x65, 0xff, 0xdb, 0xab, 0x68, 0xff, 
	0xdb, 0xab, 0x68, 0xff, 0xde, 0xae, 0x6b, 0xff, 
	0xe1, 0xab, 0x6b, 0xff, 0xe1, 0xab, 0x6b, 0xff, 
	0xdb, 0xa8, 0x6b, 0xff, 0xdb, 0xa8, 0x6b, 0xff, 
	0xe1, 0xac, 0x6d, 0xff, 0xe4, 0xaf, 0x70, 0xff, 
	0xe4, 0xaf, 0x70, 0xff, 0xe4, 0xaf, 0x70, 0xff, 
	0xe7, 0xb2, 0x73, 0xff, 0xe7, 0xb2, 0x73, 0xff, 
	0xe4, 0xaf, 0x70, 0xff, 0xe4, 0xaf, 0x70, 0xff, 
	0xe4, 0xaf, 0x70, 0xff, 0xe7, 0xb2, 0x73, 0xff, 
	0xe4, 0xaf, 0x70, 0xff, 0xe7, 0xb2, 0x73, 0xff, 
	0xe3, 0xae, 0x70, 0xff, 0xe3, 0xae, 0x70, 0xff, 
	0xe3, 0xae, 0x70, 0xff, 0xe3, 0xae, 0x70, 0xff, 
	0xe7, 0xb2, 0x73, 0xff, 0xe4, 0xae, 0x70, 0xff, 
	0xde, 0xa6, 0x6b, 0xff, 0xde, 0xa6, 0x6b, 0xff, 
	0xdb, 0xa7, 0x68, 0xff, 0xdb, 0xa7, 0x68, 0xff, 
	0xdb, 0xa7, 0x68, 0xff, 0xde, 0xaa, 0x6b, 0xff, 
	0xde, 0xaa, 0x6b, 0xff, 0xde, 0xaa, 0x6b, 0xff, 
	0xd6, 0xa6, 0x63, 0xff, 0xd6, 0xa6, 0x63, 0xff, 
	0xd8, 0xa7, 0x65, 0xff, 0xdb, 0xa8, 0x68, 0xff, 
	0xd8, 0xa7, 0x65, 0xff, 0xd8, 0xa7, 0x65, 0xff, 
	0xd8, 0xa8, 0x65, 0xff, 0xd8, 0xa8, 0x65, 0xff, 
	0xd6, 0xa6, 0x63, 0xff, 0xd8, 0xa8, 0x65, 0xff, 
	0xd8, 0xa7, 0x63, 0xff, 0xd8, 0xa7, 0x63, 0xff, 
	0xd6, 0xa6, 0x63, 0xff, 0xd6, 0xa6, 0x63, 0xff, 
	0xd8, 0xaa, 0x65, 0xff, 0xd8, 0xaa, 0x65, 0xff, 
	0xd8, 0xaa, 0x65, 0xff, 0xd8, 0xaa, 0x65, 0xff, 
	0xd6, 0xa6, 0x63, 0xff, 0xd3, 0xa3, 0x60, 0xff, 
	0xd3, 0xa3, 0x60, 0xff, 0xd3, 0xa3, 0x60, 0xff, 
	0xd8, 0xa8, 0x65, 0xff, 0xdb, 0xab, 0x68, 0xff, 
	0xdb, 0xab, 0x68, 0xff, 0xdb, 0xab, 0x68, 0xff, 
	0xde, 0xae, 0x6b, 0xff, 0xde, 0xae, 0x6b, 0xff, 
	0xdb, 0xab, 0x68, 0xff, 0xd8, 0xa8, 0x65, 0xff, 
	0xdb, 0xab, 0x68, 0xff, 0xde, 0xae, 0x6b, 0xff, 
	0xde, 0xae, 0x6b, 0xff, 0xde, 0xae, 0x6b, 0xff, 
	0xe1, 0xab, 0x6b, 0xff, 0xe1, 0xab, 0x6b, 0xff, 
	0xe1, 0xab, 0x6b, 0xff, 0xe1, 0xab, 0x6b, 0xff, 
	0xe1, 0xac, 0x6d, 0xff, 0xe4, 0xaf, 0x70, 0xff, 
	0xe1, 0xac, 0x6d, 0xff, 0xe4, 0xaf, 0x70, 0xff, 
	0xe4, 0xaf, 0x70, 0xff, 0xe7, 0xb2, 0x73, 0xff, 
	0xe4, 0xaf, 0x70, 0xff, 0xe4, 0xaf, 0x70, 0xff, 
	0xe4, 0xaf, 0x70, 0xff, 0xe7, 0xb2, 0x73, 0xff, 
	0xe7, 0xb2, 0x73, 0xff, 0xe7, 0xb2, 0x73, 0xff, 
	0xde, 0xa6, 0x6b, 0xff, 0xe1, 0xaa, 0x6d, 0xff, 
	0xe1, 0xaa, 0x6d, 0xff, 0xe7, 0xb2, 0x73, 0xff, 
	0xe4, 0xac, 0x70, 0xff, 0xe4, 0xac, 0x70, 0xff, 
	0xe4, 0xac, 0x70, 0xff, 0xe1, 0xab, 0x6d, 0xff, 
	0xde, 0xa6, 0x6b, 0xff, 0xde, 0xa6, 0x6b, 0xff, 
	0xe1, 0xaa, 0x6d, 0xff, 0xe4, 0xae, 0x70, 0xff, 
	0xe1, 0xab, 0x6d, 0xff, 0xdb, 0xa8, 0x68, 0xff, 
	0xdb, 0xa8, 0x68, 0xff, 0xdb, 0xa8, 0x68, 0xff, 
	0xdb, 0xa7, 0x68, 0xff, 0xdb, 0xa7, 0x68, 0xff, 
	0xdb, 0xa7, 0x68, 0xff, 0xdb, 0xa7, 0x68, 0xff, 
	0xd6, 0xa2, 0x63, 0xff, 0xd6, 0xa2, 0x63, 0xff, 
	0xd6, 0xa2, 0x63, 0xff, 0xd6, 0xa2, 0x63, 0xff, 
	0xd6, 0xa6, 0x63, 0xff, 0xd6, 0xa6, 0x63, 0xff, 
	0xdb, 0xaa, 0x68, 0xff, 0xdb, 0xaa, 0x68, 0xff, 
	0xd8, 0xa8, 0x65, 0xff, 0xdb, 0xab, 0x68, 0xff, 
	0xde, 0xae, 0x6b, 0xff, 0xde, 0xae, 0x6b, 0xff, 
	0xd8, 0xa8, 0x65, 0xff, 0xd8, 0xa8, 0x65, 0xff, 
	0xdb, 0xab, 0x68, 0xff, 0xd8, 0xa8, 0x65, 0xff, 
	0xd6, 0xa6, 0x63, 0xff, 0xd6, 0xa6, 0x63, 0xff, 
	0xdb, 0xa8, 0x68, 0xff, 0xde, 0xaa, 0x6b, 0xff, 
	0xdb, 0xaa, 0x68, 0xff, 0xdb, 0xaa, 0x68, 0xff, 
	0xde, 0xae, 0x6b, 0xff, 0xdb, 0xaa, 0x68, 0xff, 
	0xdb, 0xa8, 0x68, 0xff, 0xdb, 0xa8, 0x68, 0xff, 
	0xde, 0xaa, 0x6b, 0xff, 0xde, 0xaa, 0x6b, 0xff, 
	0xde, 0xaa, 0x6b, 0xff, 0xde, 0xaa, 0x6b, 0xff, 
	0xe4, 0xaf, 0x70, 0xff, 0xe4, 0xaf, 0x70, 0xff, 
	0xe1, 0xab, 0x6d, 0xff, 0xde, 0xaa, 0x6b, 0xff, 
	0xe4, 0xac, 0x70, 0xff, 0xe4, 0xac, 0x70, 0xff, 
	0xe4, 0xae, 0x70, 0xff, 0xe4, 0xae, 0x70, 0xff, 
	0xe4, 0xae, 0x70, 0xff, 0xe4, 0xae, 0x70, 0xff, 
	0xe3, 0xae, 0x70, 0xff, 0xe3, 0xae, 0x70, 0xff, 
	0xe9, 0xb2, 0x75, 0xff, 0xef, 0xb6, 0x7b, 0xff, 
	0xde, 0xa6, 0x6b, 0xff, 0xe1, 0xaa, 0x6d, 0xff, 
	0xe1, 0xaa, 0x6d, 0xff, 0xe4, 0xae, 0x70, 0xff, 
	0xe4, 0xac, 0x70, 0xff, 0xe4, 0xac, 0x70, 0xff, 
	0xe4, 0xac, 0x70, 0xff, 0xe4, 0xac, 0x70, 0xff, 
	0xe1, 0xaa, 0x6d, 0xff, 0xe1, 0xaa, 0x6d, 0xff, 
	0xe4, 0xae, 0x70, 0xff, 0xe4, 0xae, 0x70, 0xff, 
	0xe1, 0xab, 0x6d, 0xff, 0xe1, 0xab, 0x6d, 0xff, 
	0xe1, 0xab, 0x6d, 0xff, 0xdb, 0xa8, 0x68, 0xff, 
	0xdb, 0xa7, 0x68, 0xff, 0xdb, 0xa7, 0x68, 0xff, 
	0xe1, 0xac, 0x6d, 0xff, 0xdb, 0xa7, 0x68, 0xff, 
	0xdb, 0xa7, 0x68, 0xff, 0xd6, 0xa2, 0x63, 0xff, 
	0xdb, 0xa7, 0x68, 0xff, 0xdb, 0xa7, 0x68, 0xff, 
	0xdb, 0xaa, 0x68, 0xff, 0xdb, 0xaa, 0x68, 0xff, 
	0xdb, 0xaa, 0x68, 0xff, 0xdb, 0xaa, 0x68, 0xff, 
	0xdb, 0xab, 0x68, 0xff, 0xdb, 0xab, 0x68, 0xff, 
	0xde, 0xae, 0x6b, 0xff, 0xde, 0xae, 0x6b, 0xff, 
	0xdb, 0xab, 0x68, 0xff, 0xde, 0xae, 0x6b, 0xff, 
	0xde, 0xae, 0x6b, 0xff, 0xdb, 0xab, 0x68, 0xff, 
	0xd8, 0xa7, 0x65, 0xff, 0xd6, 0xa6, 0x63, 0xff, 
	0xd8, 0xa7, 0x65, 0xff, 0xd8, 0xa7, 0x65, 0xff, 
	0xdb, 0xaa, 0x68, 0xff, 0xdb, 0xaa, 0x68, 0xff, 
	0xdb, 0xaa, 0x68, 0xff, 0xdb, 0xaa, 0x68, 0xff, 
	0xd8, 0xa7, 0x65, 0xff, 0xde, 0xaa, 0x6b, 0xff, 
	0xde, 0xaa, 0x6b, 0xff, 0xde, 0xaa, 0x6b, 0xff, 
	0xde, 0xaa, 0x6b, 0xff, 0xe1, 0xac, 0x6d, 0xff, 
	0xe4, 0xaf, 0x70, 0xff, 0xe1, 0xac, 0x6d, 0xff, 
	0xe4, 0xac, 0x70, 0xff, 0xde, 0xaa, 0x6b, 0xff, 
	0xe1, 0xab, 0x6d, 0xff, 0xe1, 0xab, 0x6d, 0xff, 
	0xe4, 0xae, 0x70, 0xff, 0xe4, 0xae, 0x70, 0xff, 
	0xe4, 0xae, 0x70, 0xff, 0xe4, 0xae, 0x70, 0xff, 
	0xe3, 0xae, 0x70, 0xff, 0xe3, 0xae, 0x70, 0xff, 
	0xe9, 0xb2, 0x75, 0xff, 0xe9, 0xb2, 0x75, 0xff, 
	0xe1, 0xaa, 0x6d, 0xff, 0xe1, 0xaa, 0x6d, 0xff, 
	0xe1, 0xaa, 0x6d, 0xff, 0xe1, 0xaa, 0x6d, 0xff, 
	0xe4, 0xac, 0x70, 0xff, 0xe7, 0xae, 0x73, 0xff, 
	0xe4, 0xac, 0x70, 0xff, 0xe1, 0xab, 0x6d, 0xff, 
	0xe4, 0xae, 0x70, 0xff, 0xe4, 0xae, 0x70, 0xff, 
	0xe4, 0xae, 0x70, 0xff, 0xe4, 0xae, 0x70, 0xff, 
	0xe7, 0xae, 0x73, 0xff, 0xe7, 0xae, 0x73, 0xff, 
	0xe1, 0xab, 0x6d, 0xff, 0xdb, 0xa8, 0x68, 0xff, 
	0xe1, 0xac, 0x6d, 0xff, 0xe1, 0xac, 0x6d, 0xff, 
	0xe1, 0xac, 0x6d, 0xff, 0xe1, 0xac, 0x6d, 0xff, 
	0xe1, 0xac, 0x6d, 0xff, 0xdb, 0xa7, 0x68, 0xff, 
	0xdb, 0xa7, 0x68, 0xff, 0xe1, 0xac, 0x6d, 0xff, 
	0xe1, 0xae, 0x6d, 0xff, 0xe1, 0xae, 0x6d, 0xff, 
	0xdb, 0xaa, 0x68, 0xff, 0xdb, 0xaa, 0x68, 0xff, 
	0xde, 0xae, 0x6b, 0xff, 0xde, 0xae, 0x6b, 0xff, 
	0xdb, 0xab, 0x68, 0xff, 0xdb, 0xab, 0x68, 0xff, 
	0xde, 0xae, 0x6b, 0xff, 0xde, 0xae, 0x6b, 0xff, 
	0xdb, 0xab, 0x68, 0xff, 0xd8, 0xa8, 0x65, 0xff, 
	0xde, 0xaa, 0x6b, 0xff, 0xdb, 0xa8, 0x68, 0xff, 
	0xd6, 0xa6, 0x63, 0xff, 0xd8, 0xa7, 0x65, 0xff, 
	0xdb, 0xaa, 0x68, 0xff, 0xde, 0xae, 0x6b, 0xff, 
	0xdb, 0xaa, 0x68, 0xff, 0xdb, 0xaa, 0x68, 0xff, 
	0xdb, 0xa8, 0x68, 0xff, 0xde, 0xaa, 0x6b, 0xff, 
	0xdb, 0xa8, 0x68, 0xff, 0xde, 0xaa, 0x6b, 0xff, 
	0xe1, 0xac, 0x6d, 0xff, 0xe4, 0xaf, 0x70, 0xff, 
	0xe4, 0xaf, 0x70, 0xff, 0xe4, 0xaf, 0x70, 0xff, 
	0xe4, 0xac, 0x70, 0xff, 0xe4, 0xac, 0x70, 0xff, 
	0xe1, 0xab, 0x6d, 0xff, 0xe1, 0xab, 0x6d, 0xff, 
	0xe4, 0xae, 0x70, 0xff, 0xe4, 0xae, 0x70, 0xff, 
	0xe4, 0xae, 0x70, 0xff, 0xe4, 0xae, 0x70, 0xff, 
	0xe3, 0xae, 0x70, 0xff, 0xe9, 0xb2, 0x75, 0xff, 
	0xe9, 0xb2, 0x75, 0xff, 0xe9, 0xb2, 0x75, 0xff, 
	0xe4, 0xae, 0x70, 0xff, 0xe4, 0xae, 0x70, 0xff, 
	0xe1, 0xaa, 0x6d, 0xff, 0xe1, 0xaa, 0x6d, 0xff, 
	0xe4, 0xac, 0x70, 0xff, 0xe7, 0xae, 0x73, 0xff, 
	0xe4, 0xac, 0x70, 0xff, 0xe4, 0xac, 0x70, 0xff, 
	0xe4, 0xae, 0x70, 0xff, 0xe4, 0xae, 0x70, 0xff, 
	0xe4, 0xae, 0x70, 0xff, 0xe4, 0xae, 0x70, 0xff, 
	0xe7, 0xae, 0x73, 0xff, 0xe1, 0xab, 0x6d, 0xff, 
	0xe1, 0xab, 0x6d, 0xff, 0xe1, 0xab, 0x6d, 0xff, 
	0xe1, 0xac, 0x6d, 0xff, 0xe7, 0xb2, 0x73, 0xff, 
	0xe7, 0xb2, 0x73, 0xff, 0xe7, 0xb2, 0x73, 0xff, 
	0xe1, 0xac, 0x6d, 0xff, 0xe1, 0xac, 0x6d, 0xff, 
	0xe1, 0xac, 0x6d, 0xff, 0xe1, 0xac, 0x6d, 0xff, 
	0xe1, 0xae, 0x6d, 0xff, 0xdb, 0xaa, 0x68, 0xff, 
	0xdb, 0xaa, 0x68, 0xff, 0xdb, 0xaa, 0x68, 0xff, 
	0xde, 0xae, 0x6b, 0xff, 0xde, 0xae, 0x6b, 0xff, 
	0xdb, 0xab, 0x68, 0xff, 0xde, 0xae, 0x6b, 0xff, 
	0xde, 0xae, 0x6b, 0xff, 0xde, 0xae, 0x6b, 0xff, 
	0xdb, 0xab, 0x68, 0xff, 0xdb, 0xab, 0x68, 0xff, 
	0xde, 0xaa, 0x6b, 0xff, 0xdb, 0xa8, 0x68, 0xff, 
	0xdb, 0xa8, 0x68, 0xff, 0xde, 0xaa, 0x6b, 0xff, 
	0xde, 0xae, 0x6b, 0xff, 0xde, 0xae, 0x6b, 0xff, 
	0xde, 0xae, 0x6b, 0xff, 0xde, 0xae, 0x6b, 0xff, 
	0xde, 0xaa, 0x6b, 0xff, 0xde, 0xaa, 0x6b, 0xff, 
	0xde, 0xaa, 0x6b, 0xff, 0xde, 0xaa, 0x6b, 0xff, 
	0xe4, 0xaf, 0x70, 0xff, 0xe4, 0xaf, 0x70, 0xff, 
	0xe4, 0xaf, 0x70, 0xff, 0xe7, 0xb2, 0x73, 0xff, 
	0xe4, 0xac, 0x70, 0xff, 0xe1, 0xab, 0x6d, 0xff, 
	0xe4, 0xac, 0x70, 0xff, 0xe4, 0xac, 0x70, 0xff, 
	0xe4, 0xae, 0x70, 0xff, 0xe4, 0xae, 0x70, 0xff, 
	0xe4, 0xae, 0x70, 0xff, 0xe4, 0xae, 0x70, 0xff, 
	0xe3, 0xae, 0x70, 0xff, 0xe3, 0xae, 0x70, 0xff, 
	0xe9, 0xb2, 0x75, 0xff, 0xe9, 0xb2, 0x75, 0xff, 
	0xe1, 0xab, 0x6d, 0xff, 0xe1, 0xab, 0x6d, 0xff, 
	0xe4, 0xac, 0x70, 0xff, 0xe4, 0xac, 0x70, 0xff, 
	0xe3, 0xae, 0x70, 0xff, 0xe3, 0xae, 0x70, 0xff, 
	0xe3, 0xae, 0x70, 0xff, 0xe3, 0xae, 0x70, 0xff, 
	0xe4, 0xae, 0x70, 0xff, 0xe1, 0xaa, 0x6d, 0xff, 
	0xe7, 0xb2, 0x73, 0xff, 0xe7, 0xb2, 0x73, 0xff, 
	0xe4, 0xaf, 0x70, 0xff, 0xe1, 0xac, 0x6d, 0xff, 
	0xe1, 0xac, 0x6d, 0xff, 0xe1, 0xac, 0x6d, 0xff, 
	0xde, 0xaa, 0x6b, 0xff, 0xe1, 0xac, 0x6d, 0xff, 
	0xe7, 0xb2, 0x73, 0xff, 0xe7, 0xb2, 0x73, 0xff, 
	0xe4, 0xaf, 0x70, 0xff, 0xe1, 0xac, 0x6d, 0xff, 
	0xe1, 0xac, 0x6d, 0xff, 0xe1, 0xac, 0x6d, 0xff, 
	0xe1, 0xac, 0x6d, 0xff, 0xde, 0xaa, 0x6b, 0xff, 
	0xe1, 0xac, 0x6d, 0xff, 0xde, 0xaa, 0x6b, 0xff, 
	0xdb, 0xa8, 0x6b, 0xff, 0xdb, 0xa8, 0x6b, 0xff, 
	0xe1, 0xab, 0x6b, 0xff, 0xe1, 0xab, 0x6b, 0xff, 
	0xe1, 0xac, 0x6d, 0xff, 0xde, 0xaa, 0x6b, 0xff, 
	0xe1, 0xac, 0x6d, 0xff, 0xe4, 0xaf, 0x70, 0xff, 
	0xdb, 0xa7, 0x68, 0xff, 0xdb, 0xa7, 0x68, 0xff, 
	0xe1, 0xac, 0x6d, 0xff, 0xe1, 0xac, 0x6d, 0xff, 
	0xe1, 0xac, 0x6d, 0xff, 0xe4, 0xaf, 0x70, 0xff, 
	0xe4, 0xaf, 0x70, 0xff, 0xe1, 0xac, 0x6d, 0xff, 
	0xde, 0xaa, 0x6b, 0xff, 0xde, 0xaa, 0x6b, 0xff, 
	0xe1, 0xab, 0x6d, 0xff, 0xe4, 0xac, 0x70, 0xff, 
	0xe4, 0xae, 0x70, 0xff, 0xe1, 0xaa, 0x6d, 0xff, 
	0xe7, 0xb2, 0x73, 0xff, 0xe7, 0xb2, 0x73, 0xff, 
	0xe3, 0xae, 0x70, 0xff, 0xe3, 0xae, 0x70, 0xff, 
	0xe9, 0xb2, 0x75, 0xff, 0xe3, 0xae, 0x70, 0xff, 
	0xe1, 0xab, 0x6d, 0xff, 0xe1, 0xab, 0x6d, 0xff, 
	0xe4, 0xac, 0x70, 0xff, 0xe1, 0xab, 0x6d, 0xff, 
	0xe1, 0xac, 0x6d, 0xff, 0xe4, 0xaf, 0x70, 0xff, 
	0xe7, 0xb2, 0x73, 0xff, 0xe7, 0xb2, 0x73, 0xff, 
	0xe4, 0xac, 0x70, 0xff, 0xe4, 0xac, 0x70, 0xff, 
	0xe7, 0xae, 0x73, 0xff, 0xe4, 0xac, 0x70, 0xff, 
	0xe9, 0xb2, 0x75, 0xff, 0xe3, 0xae, 0x70, 0xff, 
	0xe3, 0xae, 0x70, 0xff, 0xe3, 0xae, 0x70, 0xff, 
	0xe4, 0xae, 0x70, 0xff, 0xe1, 0xaa, 0x6d, 0xff, 
	0xe4, 0xae, 0x70, 0xff, 0xe4, 0xae, 0x70, 0xff, 
	0xe1, 0xac, 0x6d, 0xff, 0xe1, 0xac, 0x6d, 0xff, 
	0xe1, 0xac, 0x6d, 0xff, 0xe1, 0xac, 0x6d, 0xff, 
	0xe1, 0xac, 0x6d, 0xff, 0xe4, 0xaf, 0x70, 0xff, 
	0xe7, 0xb2, 0x73, 0xff, 0xe7, 0xb2, 0x73, 0xff, 
	0xe1, 0xac, 0x6d, 0xff, 0xe1, 0xac, 0x6d, 0xff, 
	0xe1, 0xac, 0x6d, 0xff, 0xe1, 0xac, 0x6d, 0xff, 
	0xe1, 0xac, 0x6d, 0xff, 0xde, 0xaa, 0x6b, 0xff, 
	0xde, 0xaa, 0x6b, 0xff, 0xde, 0xaa, 0x6b, 0xff, 
	0xdb, 0xa8, 0x6b, 0xff, 0xdb, 0xa8, 0x6b, 0xff, 
	0xe1, 0xab, 0x6b, 0xff, 0xe1, 0xab, 0x6b, 0xff, 
	0xe4, 0xaf, 0x70, 0xff, 0xe4, 0xaf, 0x70, 0xff, 
	0xe4, 0xaf, 0x70, 0xff, 0xe4, 0xaf, 0x70, 0xff, 
	0xe1, 0xac, 0x6d, 0xff, 0xe1, 0xac, 0x6d, 0xff, 
	0xe1, 0xac, 0x6d, 0xff, 0xdb, 0xa7, 0x68, 0xff, 
	0xe1, 0xac, 0x6d, 0xff, 0xe4, 0xaf, 0x70, 0xff, 
	0xe7, 0xb2, 0x73, 0xff, 0xe4, 0xaf, 0x70, 0xff, 
	0xe1, 0xab, 0x6d, 0xff, 0xe1, 0xab, 0x6d, 0xff, 
	0xe4, 0xac, 0x70, 0xff, 0xe4, 0xac, 0x70, 0xff, 
	0xe4, 0xae, 0x70, 0xff, 0xe4, 0xae, 0x70, 0xff, 
	0xe7, 0xb2, 0x73, 0xff, 0xe7, 0xb2, 0x73, 0xff, 
	0xe9, 0xb2, 0x75, 0xff, 0xe9, 0xb2, 0x75, 0xff, 
	0xe9, 0xb2, 0x75, 0xff, 0xe3, 0xae, 0x70, 0xff, 
	0xe4, 0xac, 0x70, 0xff, 0xe4, 0xac, 0x70, 0xff, 
	0xe4, 0xac, 0x70, 0xff, 0xe1, 0xab, 0x6d, 0xff, 
	0xe1, 0xac, 0x6d, 0xff, 0xe1, 0xac, 0x6d, 0xff, 
	0xe4, 0xaf, 0x70, 0xff, 0xe4, 0xaf, 0x70, 0xff, 
	0xe7, 0xae, 0x73, 0xff, 0xe7, 0xae, 0x73, 0xff, 
	0xe4, 0xac, 0x70, 0xff, 0xe4, 0xac, 0x70, 0xff, 
	0xe9, 0xb2, 0x75, 0xff, 0xe9, 0xb2, 0x75, 0xff, 
	0xe3, 0xae, 0x70, 0xff, 0xde, 0xaa, 0x6b, 0xff, 
	0xe1, 0xaa, 0x6d, 0xff, 0xe7, 0xb2, 0x73, 0xff, 
	0xe1, 0xaa, 0x6d, 0xff, 0xe1, 0xaa, 0x6d, 0xff, 
	0xe4, 0xaf, 0x70, 0xff, 0xe4, 0xaf, 0x70, 0xff, 
	0xe1, 0xac, 0x6d, 0xff, 0xde, 0xaa, 0x6b, 0xff, 
	0xe4, 0xaf, 0x70, 0xff, 0xe4, 0xaf, 0x70, 0xff, 
	0xe4, 0xaf, 0x70, 0xff, 0xe4, 0xaf, 0x70, 0xff, 
	0xe4, 0xaf, 0x70, 0xff, 0xe4, 0xaf, 0x70, 0xff, 
	0xe1, 0xac, 0x6d, 0xff, 0xde, 0xaa, 0x6b, 0xff, 
	0xe1, 0xac, 0x6d, 0xff, 0xe1, 0xac, 0x6d, 0xff, 
	0xde, 0xaa, 0x6b, 0xff, 0xde, 0xaa, 0x6b, 0xff, 
	0xe1, 0xab, 0x6b, 0xff, 0xdb, 0xa8, 0x6b, 0xff, 
	0xdb, 0xa8, 0x6b, 0xff, 0xdb, 0xa8, 0x6b, 0xff, 
	0xe4, 0xaf, 0x70, 0xff, 0xe7, 0xb2, 0x73, 0xff, 
	0xe4, 0xaf, 0x70, 0xff, 0xe4, 0xaf, 0x70, 0xff, 
	0xe7, 0xb2, 0x73, 0xff, 0xe7, 0xb2, 0x73, 0xff, 
	0xe1, 0xac, 0x6d, 0xff, 0xdb, 0xa7, 0x68, 0xff, 
	0xe1, 0xac, 0x6d, 0xff, 0xe4, 0xaf, 0x70, 0xff, 
	0xe4, 0xaf, 0x70, 0xff, 0xe4, 0xaf, 0x70, 0xff, 
	0xe4, 0xac, 0x70, 0xff, 0xe4, 0xac, 0x70, 0xff, 
	0xe4, 0xac, 0x70, 0xff, 0xe4, 0xac, 0x70, 0xff, 
	0xe7, 0xb2, 0x73, 0xff, 0xe7, 0xb2, 0x73, 0xff, 
	0xe4, 0xae, 0x70, 0xff, 0xe4, 0xae, 0x70, 0xff, 
	0xe9, 0xb2, 0x75, 0xff, 0xe9, 0xb2, 0x75, 0xff, 
	0xe3, 0xae, 0x70, 0xff, 0xe3, 0xae, 0x70, 0xff, 
	0xe4, 0xac, 0x70, 0xff, 0xe4, 0xac, 0x70, 0xff, 
	0xe1, 0xab, 0x6d, 0xff, 0xe1, 0xab, 0x6d, 0xff, 
	0xe4, 0xaf, 0x70, 0xff, 0xe4, 0xaf, 0x70, 0xff, 
	0xe1, 0xac, 0x6d, 0xff, 0xe4, 0xaf, 0x70, 0xff, 
	0xe7, 0xae, 0x73, 0xff, 0xe7, 0xae, 0x73, 0xff, 
	0xe7, 0xae, 0x73, 0xff, 0xe7, 0xae, 0x73, 0xff, 
	0xe9, 0xb2, 0x75, 0xff, 0xe9, 0xb2, 0x75, 0xff, 
	0xe3, 0xae, 0x70, 0xff, 0xde, 0xaa, 0x6b, 0xff, 
	0xe1, 0xaa, 0x6d, 0xff, 0xe7, 0xb2, 0x73, 0xff, 
	0xe4, 0xae, 0x70, 0xff, 0xe1, 0xaa, 0x6d, 0xff, 
	0xe4, 0xaf, 0x70, 0xff, 0xe4, 0xaf, 0x70, 0xff, 
	0xe1, 0xac, 0x6d, 0xff, 0xde, 0xaa, 0x6b, 0xff, 
	0xe4, 0xaf, 0x70, 0xff, 0xe4, 0xaf, 0x70, 0xff, 
	0xe1, 0xac, 0x6d, 0xff, 0xe4, 0xaf, 0x70, 0xff, 
	0xe4, 0xaf, 0x70, 0xff, 0xe4, 0xaf, 0x70, 0xff, 
	0xe1, 0xac, 0x6d, 0xff, 0xde, 0xaa, 0x6b, 0xff, 
	0xe1, 0xac, 0x6d, 0xff, 0xe1, 0xac, 0x6d, 0xff, 
	0xde, 0xaa, 0x6b, 0xff, 0xde, 0xaa, 0x6b, 0xff, 
	0xe1, 0xab, 0x6b, 0xff, 0xe1, 0xab, 0x6b, 0xff, 
	0xdb, 0xa8, 0x6b, 0xff, 0xdb, 0xa8, 0x6b, 0xff, 
	0xe1, 0xac, 0x6d, 0xff, 0xe7, 0xb2, 0x73, 0xff, 
	0xe4, 0xaf, 0x70, 0xff, 0xe4, 0xaf, 0x70, 0xff, 
	0xe7, 0xb2, 0x73, 0xff, 0xe7, 0xb2, 0x73, 0xff, 
	0xdb, 0xa7, 0x68, 0xff, 0xdb, 0xa7, 0x68, 0xff, 
	0xde, 0xaa, 0x6b, 0xff, 0xde, 0xaa, 0x6b, 0xff, 
	0xe1, 0xac, 0x6d, 0xff, 0xde, 0xaa, 0x6b, 0xff, 
	0xe4, 0xac, 0x70, 0xff, 0xe1, 0xab, 0x6d, 0xff, 
	0xe1, 0xab, 0x6d, 0xff, 0xe4, 0xac, 0x70, 0xff, 
	0xe7, 0xb2, 0x73, 0xff, 0xe7, 0xb2, 0x73, 0xff, 
	0xe4, 0xae, 0x70, 0xff, 0xe4, 0xae, 0x70, 0xff, 
	0xef, 0xb6, 0x7b, 0xff, 0xef, 0xb6, 0x7b, 0xff, 
	0xe3, 0xae, 0x70, 0xff, 0xe3, 0xae, 0x70, 0xff, 
	0xe7, 0xae, 0x73, 0xff, 0xe7, 0xae, 0x73, 0xff, 
	0xe1, 0xab, 0x6d, 0xff, 0xe1, 0xab, 0x6d, 0xff, 
	0xe4, 0xaf, 0x70, 0xff, 0xe4, 0xaf, 0x70, 0xff, 
	0xe1, 0xac, 0x6d, 0xff, 0xe4, 0xaf, 0x70, 0xff, 
	
};

Vtx r64breakable_breakable_mesh_layer_1_vtx_cull[8] = {
	{{{-101, -102, 1}, 0, {0, 0}, {0x00, 0x00, 0x00, 0x00}}},
	{{{-101, 101, 1}, 0, {0, 0}, {0x00, 0x00, 0x00, 0x00}}},
	{{{-101, 101, -202}, 0, {0, 0}, {0x00, 0x00, 0x00, 0x00}}},
	{{{-101, -102, -202}, 0, {0, 0}, {0x00, 0x00, 0x00, 0x00}}},
	{{{102, -102, 1}, 0, {0, 0}, {0x00, 0x00, 0x00, 0x00}}},
	{{{102, 101, 1}, 0, {0, 0}, {0x00, 0x00, 0x00, 0x00}}},
	{{{102, 101, -202}, 0, {0, 0}, {0x00, 0x00, 0x00, 0x00}}},
	{{{102, -102, -202}, 0, {0, 0}, {0x00, 0x00, 0x00, 0x00}}},
};

Vtx r64breakable_breakable_mesh_layer_1_vtx_0[34] = {
	{{{102, 101, 1}, 0, {2032, -16}, {0x00, 0x00, 0x7F, 0xFF}}},
	{{{-101, 101, 1}, 0, {-16, -16}, {0x00, 0x00, 0x7F, 0xFF}}},
	{{{102, -102, 1}, 0, {2032, 2032}, {0x00, 0x00, 0x7F, 0xFF}}},
	{{{102, -102, 1}, 0, {2032, 2032}, {0x00, 0x00, 0x7F, 0xFF}}},
	{{{-101, 101, 1}, 0, {-16, -16}, {0x00, 0x00, 0x7F, 0xFF}}},
	{{{-101, -102, 1}, 0, {-16, 2032}, {0x00, 0x00, 0x7F, 0xFF}}},
	{{{102, 101, -202}, 0, {2032, -16}, {0x00, 0x7F, 0x00, 0xFF}}},
	{{{-101, 101, -202}, 0, {-16, -16}, {0x00, 0x7F, 0x00, 0xFF}}},
	{{{102, 101, 1}, 0, {2032, 2032}, {0x00, 0x7F, 0x00, 0xFF}}},
	{{{102, 101, 1}, 0, {2032, 2032}, {0x00, 0x7F, 0x00, 0xFF}}},
	{{{-101, 101, -202}, 0, {-16, -16}, {0x00, 0x7F, 0x00, 0xFF}}},
	{{{-101, 101, 1}, 0, {-16, 2032}, {0x00, 0x7F, 0x00, 0xFF}}},
	{{{-101, 101, -202}, 0, {2032, -16}, {0x00, 0x00, 0x81, 0xFF}}},
	{{{102, 101, -202}, 0, {-16, -16}, {0x00, 0x00, 0x81, 0xFF}}},
	{{{-101, -102, -202}, 0, {2032, 2032}, {0x00, 0x00, 0x81, 0xFF}}},
	{{{-101, -102, -202}, 0, {2032, 2032}, {0x00, 0x00, 0x81, 0xFF}}},
	{{{102, 101, -202}, 0, {-16, -16}, {0x00, 0x00, 0x81, 0xFF}}},
	{{{102, -102, -202}, 0, {-16, 2032}, {0x00, 0x00, 0x81, 0xFF}}},
	{{{-101, -102, -202}, 0, {2032, -16}, {0x00, 0x81, 0x00, 0xFF}}},
	{{{102, -102, -202}, 0, {-16, -16}, {0x00, 0x81, 0x00, 0xFF}}},
	{{{-101, -102, 1}, 0, {2032, 2032}, {0x00, 0x81, 0x00, 0xFF}}},
	{{{-101, -102, 1}, 0, {2032, 2032}, {0x00, 0x81, 0x00, 0xFF}}},
	{{{102, -102, -202}, 0, {-16, -16}, {0x00, 0x81, 0x00, 0xFF}}},
	{{{102, -102, 1}, 0, {-16, 2032}, {0x00, 0x81, 0x00, 0xFF}}},
	{{{-101, 101, -202}, 0, {2032, -16}, {0x81, 0x00, 0x00, 0xFF}}},
	{{{-101, -102, -202}, 0, {-16, -16}, {0x81, 0x00, 0x00, 0xFF}}},
	{{{-101, 101, 1}, 0, {2032, 2032}, {0x81, 0x00, 0x00, 0xFF}}},
	{{{-101, 101, 1}, 0, {2032, 2032}, {0x81, 0x00, 0x00, 0xFF}}},
	{{{-101, -102, -202}, 0, {-16, -16}, {0x81, 0x00, 0x00, 0xFF}}},
	{{{-101, -102, 1}, 0, {-16, 2032}, {0x81, 0x00, 0x00, 0xFF}}},
	{{{102, -102, -202}, 0, {2032, -16}, {0x7F, 0x00, 0x00, 0xFF}}},
	{{{102, 101, -202}, 0, {-16, -16}, {0x7F, 0x00, 0x00, 0xFF}}},
	{{{102, -102, 1}, 0, {2032, 2032}, {0x7F, 0x00, 0x00, 0xFF}}},
	{{{102, 101, 1}, 0, {-16, 2032}, {0x7F, 0x00, 0x00, 0xFF}}},
};

Gfx r64breakable_breakable_mesh_layer_1_tri_0[] = {
	gsSPVertex(r64breakable_breakable_mesh_layer_1_vtx_0 + 0, 34, 0),
	gsSP2Triangles(0, 1, 2, 0, 3, 4, 5, 0),
	gsSP2Triangles(6, 7, 8, 0, 9, 10, 11, 0),
	gsSP2Triangles(12, 13, 14, 0, 15, 16, 17, 0),
	gsSP2Triangles(18, 19, 20, 0, 21, 22, 23, 0),
	gsSP2Triangles(24, 25, 26, 0, 27, 28, 29, 0),
	gsSP2Triangles(30, 31, 32, 0, 32, 31, 33, 0),
	gsSPEndDisplayList(),
};


Gfx mat_r64breakable_Breakable2Mtl_f3d[] = {
	gsSPSetLights1(r64breakable_Breakable2Mtl_f3d_lights),
	gsDPPipeSync(),
	gsDPSetCombineLERP(TEXEL0, 0, SHADE, 0, 0, 0, 0, ENVIRONMENT, TEXEL0, 0, SHADE, 0, 0, 0, 0, ENVIRONMENT),
	gsDPSetAlphaDither(G_AD_NOISE),
	gsSPTexture(65535, 65535, 0, 0, 1),
	gsDPSetTextureImage(G_IM_FMT_RGBA, G_IM_SIZ_32b_LOAD_BLOCK, 1, r64breakable_Breakable2_diff_rgba32),
	gsDPSetTile(G_IM_FMT_RGBA, G_IM_SIZ_32b_LOAD_BLOCK, 0, 0, 7, 0, G_TX_WRAP | G_TX_NOMIRROR, 0, 0, G_TX_WRAP | G_TX_NOMIRROR, 0, 0),
	gsDPLoadBlock(7, 0, 0, 4095, 64),
	gsDPSetTile(G_IM_FMT_RGBA, G_IM_SIZ_32b, 16, 0, 0, 0, G_TX_WRAP | G_TX_NOMIRROR, 6, 0, G_TX_WRAP | G_TX_NOMIRROR, 6, 0),
	gsDPSetTileSize(0, 0, 0, 252, 252),
	gsSPEndDisplayList(),
};

Gfx mat_revert_r64breakable_Breakable2Mtl_f3d[] = {
	gsDPPipeSync(),
	gsDPSetAlphaDither(G_AD_DISABLE),
	gsSPEndDisplayList(),
};

Gfx r64breakable_breakable_mesh_layer_1[] = {
	gsSPClearGeometryMode(G_LIGHTING),
	gsSPVertex(r64breakable_breakable_mesh_layer_1_vtx_cull + 0, 8, 0),
	gsSPSetGeometryMode(G_LIGHTING),
	gsSPCullDisplayList(0, 7),
	gsSPDisplayList(mat_r64breakable_Breakable2Mtl_f3d),
	gsSPDisplayList(r64breakable_breakable_mesh_layer_1_tri_0),
	gsSPDisplayList(mat_revert_r64breakable_Breakable2Mtl_f3d),
	gsDPPipeSync(),
	gsSPSetGeometryMode(G_LIGHTING),
	gsSPClearGeometryMode(G_TEXTURE_GEN),
	gsDPSetCombineLERP(0, 0, 0, SHADE, 0, 0, 0, ENVIRONMENT, 0, 0, 0, SHADE, 0, 0, 0, ENVIRONMENT),
	gsSPTexture(65535, 65535, 0, 0, 0),
	gsDPSetEnvColor(255, 255, 255, 255),
	gsDPSetAlphaCompare(G_AC_NONE),
	gsSPEndDisplayList(),
};

